ticker,date,close,chg_today_pct,gtgd20_ty,rel_vol,rsi14,macd_hist,bb_pctb,atr_pct,above_sma50,above_sma200,golden_cross,pct_from_52w_high,near_52w_high,pct_above_52w_low,ret_1m,ret_3m,ret_6m,ret_12m,structure,dist_swing_low_pct,source_generated_at,exchange,industry,foreign_room_pct,pe,pb,roe,free_float_est,margin_status,latest_price_date,reference_market_date,days_stale,instrument_type,listing_exchange,listing_source,listing_snapshot_hash,live_universe_status,live_universe_reason,is_live,rs_rating,canonical_observation_status,canonical_price_basis,canonical_field_availability
A32,2026-09-15,30,0.0,,,,,,,,,,,,,,,,,BELOW_MA20_MOMENTUM_NEGATIVE,,2026-09-15T16:50:03.746178+07:00,UPCOM,corporate,,,,,,,2026-09-15,2026-09-15,0,EXCHANGE_STOCK_LIST_CANDIDATE_NOT_COMMON_EQUITY_PROVEN,UPCOM,hnx_official_equity_universe/v1,,OFFICIAL_CURRENT_STOCK_LIST_CANDIDATE,,true,,EXACT_SESSION_RETAINED,CURRENT_DESCRIPTIVE_DNSE_REST_ADJUSTED_RETROSPECTIVE_RAW_AS_TRADED_NOT_PROMOTED,DIRECT_CANONICAL_MAPPING
AAA,2026-09-15,7.44,0.006765899864682012,,,,,,,,,,,,,,,,,ABOVE_MA20_MOMENTUM_NEGATIVE,,2026-09-15T16:50:03.746178+07:00,HSX,corporate,,,,,,,2026-09-15,2026-09-15,0,OFFICIAL_STOCK_MASTER_SECURITY_TYPE_NOT_COMMON_EQUITY_PROVEN,HOSE,hose_public_stock_master/v1,,OFFICIAL_CURRENT_EXCHANGE_SECURITY,,true,,EXACT_SESSION_RETAINED,CURRENT_DESCRIPTIVE_DNSE_REST_ADJUSTED_RETROSPECTIVE_RAW_AS_TRADED_NOT_PROMOTED,DIRECT_CANONICAL_MAPPING
AAH,2026-09-15,1.7,0.0,,,,,,,,,,,,,,,,,BELOW_MA20_MOMENTUM_NEGATIVE,,2026-09-15T16:50:03.746178+07:00,UPCOM,corporate,,,,,,,2026-09-15,2026-09-15,0,EXCHANGE_STOCK_LIST_CANDIDATE_NOT_COMMON_EQUITY_PROVEN,UPCOM,hnx_official_equity_universe/v1,,OFFICIAL_CURRENT_STOCK_LIST_CANDIDATE,,true,,EXACT_SESSION_RETAINED,CURRENT_DESCRIPTIVE_DNSE_REST_ADJUSTED_RETROSPECTIVE_RAW_AS_TRADED_NOT_PROMOTED,DIRECT_CANONICAL_MAPPING
AAM,2026-09-15,7.79,0.041443850267379734,,,,,,,,,,,,,,,,,ABOVE_MA20_MOMENTUM_POSITIVE,,2026-09-15T16:50:03.746178+07:00,HSX,corporate,,,,,,,2026-09-15,2026-09-15,0,OFFICIAL_STOCK_MASTER_SECURITY_TYPE_NOT_COMMON_EQUITY_PROVEN,HOSE,hose_public_stock_master/v1,,OFFICIAL_CURRENT_EXCHANGE_SECURITY,,true,,EXACT_SESSION_RETAINED,CURRENT_DESCRIPTIVE_NOT_PROMOTED_RAW_AS_TRADED,DIRECT_CANONICAL_MAPPING
AAN,2026-09-15,16.05,0.0031250000000000444,,,,,,,,,,,,,,,,,ABOVE_MA20_MOMENTUM_POSITIVE,,2026-09-15T16:50:03.746178+07:00,HSX,corporate,,,,,,,2026-09-15,2026-09-15,0,OFFICIAL_STOCK_MASTER_SECURITY_TYPE_NOT_COMMON_EQUITY_PROVEN,HOSE,hose_public_stock_master/v1,,OFFICIAL_CURRENT_EXCHANGE_SECURITY,,true,,EXACT_SESSION_RETAINED,CURRENT_DESCRIPTIVE_DNSE_REST_ADJUSTED_RETROSPECTIVE_RAW_AS_TRADED_NOT_PROMOTED,DIRECT_CANONICAL_MAPPING
AAS,2026-09-15,8.7,0.011627906976744207,,,,,,,,,,,,,,,,,BELOW_MA20_MOMENTUM_NEGATIVE,,2026-09-15T16:50:03.746178+07:00,UPCOM,securities,,,,,,,2026-09-15,2026-09-15,0,EXCHANGE_STOCK_LIST_CANDIDATE_NOT_COMMON_EQUITY_PROVEN,UPCOM,hnx_official_equity_universe/v1,,OFFICIAL_CURRENT_STOCK_LIST_CANDIDATE,,true,,EXACT_SESSION_RETAINED,CURRENT_DESCRIPTIVE_DNSE_REST_ADJUSTED_RETROSPECTIVE_RAW_AS_TRADED_NOT_PROMOTED,DIRECT_CANONICAL_MAPPING
AAT,2026-09-15,2.09,0.009661835748792313,,,,,,,,,,,,,,,,,BELOW_MA20_MOMENTUM_NEGATIVE,,2026-09-15T16:50:03.746178+07:00,HSX,corporate,,,,,,,2026-09-15,2026-09-15,0,OFFICIAL_STOCK_MASTER_SECURITY_TYPE_NOT_COMMON_EQUITY_PROVEN,HOSE,hose_public_stock_master/v1,,OFFICIAL_CURRENT_EXCHANGE_SECURITY,,true,,EXACT_SESSION_RETAINED,CURRENT_DESCRIPTIVE_DNSE_REST_ADJUSTED_RETROSPECTIVE_RAW_AS_TRADED_NOT_PROMOTED,DIRECT_CANONICAL_MAPPING
AAV,2026-09-15,6.0,-0.016393442622950727,,,,,,,,,,,,,,,,,BELOW_MA20_MOMENTUM_POSITIVE,,2026-09-15T16:50:03.746178+07:00,UPCOM,corporate,,,,,,,2026-09-15,2026-09-15,0,EXCHANGE_STOCK_LIST_CANDIDATE_NOT_COMMON_EQUITY_PROVEN,UPCOM,hnx_official_equity_universe/v1,,OFFICIAL_CURRENT_STOCK_LIST_CANDIDATE,,true,,EXACT_SESSION_RETAINED,CURRENT_DESCRIPTIVE_NOT_PROMOTED_RAW_AS_TRADED,DIRECT_CANONICAL_MAPPING
ABB,2026-09-15,17.4,0.005780346820809079,,,,,,,,,,,,,,,,,ABOVE_MA20_MOMENTUM_POSITIVE,,2026-09-15T16:50:03.746178+07:00,UPCOM,bank,,,,,,,2026-09-15,2026-09-15,0,EXCHANGE_STOCK_LIST_CANDIDATE_NOT_COMMON_EQUITY_PROVEN,UPCOM,hnx_official_equity_universe/v1,,OFFICIAL_CURRENT_STOCK_LIST_CANDIDATE,,true,,EXACT_SESSION_RETAINED,CURRENT_DESCRIPTIVE_DNSE_REST_ADJUSTED_RETROSPECTIVE_RAW_AS_TRADED_NOT_PROMOTED,DIRECT_CANONICAL_MAPPING
ABC,2026-09-15,10.1,0.02020202020202011,,,,,,,,,,,,,,,,,BELOW_MA20_MOMENTUM_NEGATIVE,,2026-09-15T16:50:03.746178+07:00,UPCOM,corporate,,,,,,,2026-09-15,2026-09-15,0,EXCHANGE_STOCK_LIST_CANDIDATE_NOT_COMMON_EQUITY_PROVEN,UPCOM,hnx_official_equity_universe/v1,,OFFICIAL_CURRENT_STOCK_LIST_CANDIDATE,,true,,EXACT_SESSION_RETAINED,CURRENT_DESCRIPTIVE_DNSE_REST_ADJUSTED_RETROSPECTIVE_RAW_AS_TRADED_NOT_PROMOTED,DIRECT_CANONICAL_MAPPING
ABI,2026-09-15,19.0,0.010638297872340496,,,,,,,,,,,,,,,,,BELOW_MA20_MOMENTUM_NEGATIVE,,2026-09-15T16:50:03.746178+07:00,UPCOM,insurance,,,,,,,2026-09-15,2026-09-15,0,EXCHANGE_STOCK_LIST_CANDIDATE_NOT_COMMON_EQUITY_PROVEN,UPCOM,hnx_official_equity_universe/v1,,OFFICIAL_CURRENT_STOCK_LIST_CANDIDATE,,true,,EXACT_SESSION_RETAINED,CURRENT_DESCRIPTIVE_NOT_PROMOTED_RAW_AS_TRADED,DIRECT_CANONICAL_MAPPING
ABR,2026-09-15,10.5,0.02941176470588247,,,,,,,,,,,,,,,,,BELOW_MA20_MOMENTUM_NEGATIVE,,2026-09-15T16:50:03.746178+07:00,HSX,corporate,,,,,,,2026-09-15,2026-09-15,0,OFFICIAL_STOCK_MASTER_SECURITY_TYPE_NOT_COMMON_EQUITY_PROVEN,HOSE,hose_public_stock_master/v1,,OFFICIAL_CURRENT_EXCHANGE_SECURITY,,true,,EXACT_SESSION_RETAINED,CURRENT_DESCRIPTIVE_DNSE_REST_ADJUSTED_RETROSPECTIVE_RAW_AS_TRADED_NOT_PROMOTED,DIRECT_CANONICAL_MAPPING
ABS,2026-09-15,2.88,0.0,,,,,,,,,,,,,,,,,BELOW_MA20_MOMENTUM_NEGATIVE,,2026-09-15T16:50:03.746178+07:00,HSX,corporate,,,,,,,2026-09-15,2026-09-15,0,OFFICIAL_STOCK_MASTER_SECURITY_TYPE_NOT_COMMON_EQUITY_PROVEN,HOSE,hose_public_stock_master/v1,,OFFICIAL_CURRENT_EXCHANGE_SECURITY,,true,,EXACT_SESSION_RETAINED,CURRENT_DESCRIPTIVE_NOT_PROMOTED_RAW_AS_TRADED,DIRECT_CANONICAL_MAPPING
ABT,2026-09-15,50.3,0.0,,,,,,,,,,,,,,,,,BELOW_MA20_MOMENTUM_NEGATIVE,,2026-09-15T16:50:03.746178+07:00,HSX,corporate,,,,,,,2026-09-15,2026-09-15,0,OFFICIAL_STOCK_MASTER_SECURITY_TYPE_NOT_COMMON_EQUITY_PROVEN,HOSE,hose_public_stock_master/v1,,OFFICIAL_CURRENT_EXCHANGE_SECURITY,,true,,EXACT_SESSION_RETAINED,CURRENT_DESCRIPTIVE_DNSE_REST_ADJUSTED_RETROSPECTIVE_RAW_AS_TRADED_NOT_PROMOTED,DIRECT_CANONICAL_MAPPING
ABW,2026-09-15,14,0.007194244604316502,,,,,,,,,,,,,,,,,ABOVE_MA20_MOMENTUM_POSITIVE,,2026-09-15T16:50:03.746178+07:00,UPCOM,securities,,,,,,,2026-09-15,2026-09-15,0,EXCHANGE_STOCK_LIST_CANDIDATE_NOT_COMMON_EQUITY_PROVEN,UPCOM,hnx_official_equity_universe/v1,,OFFICIAL_CURRENT_STOCK_LIST_CANDIDATE,,true,,EXACT_SESSION_RETAINED,CURRENT_DESCRIPTIVE_DNSE_REST_ADJUSTED_RETROSPECTIVE_RAW_AS_TRADED_NOT_PROMOTED,DIRECT_CANONICAL_MAPPING
ACB,2026-09-15,22.1,0.0022675736961450532,,,,,,,,,,,,,,,,,ABOVE_MA20_MOMENTUM_NEGATIVE,,2026-09-15T16:50:03.746178+07:00,HSX,bank,,,,,,,2026-09-15,2026-09-15,0,OFFICIAL_STOCK_MASTER_SECURITY_TYPE_NOT_COMMON_EQUITY_PROVEN,HOSE,hose_public_stock_master/v1,,OFFICIAL_CURRENT_EXCHANGE_SECURITY,,true,,EXACT_SESSION_RETAINED,CURRENT_DESCRIPTIVE_DNSE_REST_ADJUSTED_RETROSPECTIVE_RAW_AS_TRADED_NOT_PROMOTED,DIRECT_CANONICAL_MAPPING
ACC,2026-09-15,4.3,0.002331002331002363,,,,,,,,,,,,,,,,,BELOW_MA20_MOMENTUM_NEGATIVE,,2026-09-15T16:50:03.746178+07:00,HSX,corporate,,,,,,,2026-09-15,2026-09-15,0,OFFICIAL_STOCK_MASTER_SECURITY_TYPE_NOT_COMMON_EQUITY_PROVEN,HOSE,hose_public_stock_master/v1,,OFFICIAL_CURRENT_EXCHANGE_SECURITY,,true,,EXACT_SESSION_RETAINED,CURRENT_DESCRIPTIVE_NOT_PROMOTED_RAW_AS_TRADED,DIRECT_CANONICAL_MAPPING
ACE,2026-09-15,32.5,-0.038461538461538436,,,,,,,,,,,,,,,,,BELOW_MA20_MOMENTUM_NEGATIVE,,2026-09-15T16:50:03.746178+07:00,UPCOM,corporate,,,,,,,2026-09-15,2026-09-15,0,EXCHANGE_STOCK_LIST_CANDIDATE_NOT_COMMON_EQUITY_PROVEN,UPCOM,hnx_official_equity_universe/v1,,OFFICIAL_CURRENT_STOCK_LIST_CANDIDATE,,true,,EXACT_SESSION_RETAINED,CURRENT_DESCRIPTIVE_DNSE_REST_ADJUSTED_RETROSPECTIVE_RAW_AS_TRADED_NOT_PROMOTED,DIRECT_CANONICAL_MAPPING
ACG,2026-09-15,32,0.0,,,,,,,,,,,,,,,,,BELOW_MA20_MOMENTUM_NEGATIVE,,2026-09-15T16:50:03.746178+07:00,HSX,corporate,,,,,,,2026-09-15,2026-09-15,0,OFFICIAL_STOCK_MASTER_SECURITY_TYPE_NOT_COMMON_EQUITY_PROVEN,HOSE,hose_public_stock_master/v1,,OFFICIAL_CURRENT_EXCHANGE_SECURITY,,true,,EXACT_SESSION_RETAINED,CURRENT_DESCRIPTIVE_DNSE_REST_ADJUSTED_RETROSPECTIVE_RAW_AS_TRADED_NOT_PROMOTED,DIRECT_CANONICAL_MAPPING
ACL,2026-09-15,10.55,-0.040909090909090895,,,,,,,,,,,,,,,,,BELOW_MA20_MOMENTUM_NEGATIVE,,2026-09-15T16:50:03.746178+07:00,HSX,corporate,,,,,,,2026-09-15,2026-09-15,0,OFFICIAL_STOCK_MASTER_SECURITY_TYPE_NOT_COMMON_EQUITY_PROVEN,HOSE,hose_public_stock_master/v1,,OFFICIAL_CURRENT_EXCHANGE_SECURITY,,true,,EXACT_SESSION_RETAINED,CURRENT_DESCRIPTIVE_DNSE_REST_ADJUSTED_RETROSPECTIVE_RAW_AS_TRADED_NOT_PROMOTED,DIRECT_CANONICAL_MAPPING
ACV,2026-09-15,39.4,0.01025641025641022,,,,,,,,,,,,,,,,,BELOW_MA20_MOMENTUM_NEGATIVE,,2026-09-15T16:50:03.746178+07:00,UPCOM,,,,,,,,2026-09-15,2026-09-15,0,EXCHANGE_STOCK_LIST_CANDIDATE_NOT_COMMON_EQUITY_PROVEN,UPCOM,hnx_official_equity_universe/v1,,OFFICIAL_CURRENT_STOCK_LIST_CANDIDATE,,true,,EXACT_SESSION_RETAINED,CURRENT_DESCRIPTIVE_DNSE_REST_ADJUSTED_RETROSPECTIVE_RAW_AS_TRADED_NOT_PROMOTED,DIRECT_CANONICAL_MAPPING
ADC,2026-09-15,17.9,-0.005555555555555647,,,,,,,,,,,,,,,,,NEAR_MA20_NEUTRAL,,2026-09-15T16:50:03.746178+07:00,DELISTED,,,,,,,,2026-09-15,2026-09-15,0,EXCHANGE_STOCK_LIST_CANDIDATE_NOT_COMMON_EQUITY_PROVEN,HNX_LISTED,hnx_official_equity_universe/v1,,OFFICIAL_CURRENT_STOCK_LIST_CANDIDATE,,true,,EXACT_SESSION_RETAINED,CURRENT_DESCRIPTIVE_DNSE_REST_ADJUSTED_RETROSPECTIVE_RAW_AS_TRADED_NOT_PROMOTED,DIRECT_CANONICAL_MAPPING
ADG,2026-09-15,8,0.0,,,,,,,,,,,,,,,,,BELOW_MA20_MOMENTUM_NEGATIVE,,2026-09-15T16:50:03.746178+07:00,HSX,,,,,,,,2026-09-15,2026-09-15,0,OFFICIAL_STOCK_MASTER_SECURITY_TYPE_NOT_COMMON_EQUITY_PROVEN,HOSE,hose_public_stock_master/v1,,OFFICIAL_CURRENT_EXCHANGE_SECURITY,,true,,EXACT_SESSION_RETAINED,CURRENT_DESCRIPTIVE_DNSE_REST_ADJUSTED_RETROSPECTIVE_RAW_AS_TRADED_NOT_PROMOTED,DIRECT_CANONICAL_MAPPING
ADP,2026-09-15,23.55,0.0021276595744681437,,,,,,,,,,,,,,,,,ABOVE_MA20_MOMENTUM_POSITIVE,,2026-09-15T16:50:03.746178+07:00,HSX,,,,,,,,2026-09-15,2026-09-15,0,OFFICIAL_STOCK_MASTER_SECURITY_TYPE_NOT_COMMON_EQUITY_PROVEN,HOSE,hose_public_stock_master/v1,,OFFICIAL_CURRENT_EXCHANGE_SECURITY,,true,,EXACT_SESSION_RETAINED,CURRENT_DESCRIPTIVE_DNSE_REST_ADJUSTED_RETROSPECTIVE_RAW_AS_TRADED_NOT_PROMOTED,DIRECT_CANONICAL_MAPPING
ADS,2026-09-15,7.98,-0.0024999999999999467,,,,,,,,,,,,,,,,,ABOVE_MA20_MOMENTUM_NEGATIVE,,2026-09-15T16:50:03.746178+07:00,HSX,,,,,,,,2026-09-15,2026-09-15,0,OFFICIAL_STOCK_MASTER_SECURITY_TYPE_NOT_COMMON_EQUITY_PROVEN,HOSE,hose_public_stock_master/v1,,OFFICIAL_CURRENT_EXCHANGE_SECURITY,,true,,EXACT_SESSION_RETAINED,CURRENT_DESCRIPTIVE_DNSE_REST_ADJUSTED_RETROSPECTIVE_RAW_AS_TRADED_NOT_PROMOTED,DIRECT_CANONICAL_MAPPING
AFX,2026-09-15,9.9,0.010204081632652962,,,,,,,,,,,,,,,,,BELOW_MA20_MOMENTUM_NEGATIVE,,2026-09-15T16:50:03.746178+07:00,HSX,,,,,,,,2026-09-15,2026-09-15,0,OFFICIAL_STOCK_MASTER_SECURITY_TYPE_NOT_COMMON_EQUITY_PROVEN,HOSE,hose_public_stock_master/v1,,OFFICIAL_CURRENT_EXCHANGE_SECURITY,,true,,EXACT_SESSION_RETAINED,CURRENT_DESCRIPTIVE_DNSE_REST_ADJUSTED_RETROSPECTIVE_RAW_AS_TRADED_NOT_PROMOTED,DIRECT_CANONICAL_MAPPING
AG1,2026-09-15,11.6,0.0,,,,,,,,,,,,,,,,,ABOVE_MA20_MOMENTUM_POSITIVE,,2026-09-15T16:50:03.746178+07:00,UPCOM,,,,,,,,2026-09-15,2026-09-15,0,EXCHANGE_STOCK_LIST_CANDIDATE_NOT_COMMON_EQUITY_PROVEN,UPCOM,hnx_official_equity_universe/v1,,OFFICIAL_CURRENT_STOCK_LIST_CANDIDATE,,true,,EXACT_SESSION_RETAINED,CURRENT_DESCRIPTIVE_DNSE_REST_ADJUSTED_RETROSPECTIVE_RAW_AS_TRADED_NOT_PROMOTED,DIRECT_CANONICAL_MAPPING
AGG,2026-09-15,10.05,-0.009852216748768461,,,,,,,,,,,,,,,,,BELOW_MA20_MOMENTUM_NEGATIVE,,2026-09-15T16:50:03.746178+07:00,HSX,,,,,,,,2026-09-15,2026-09-15,0,OFFICIAL_STOCK_MASTER_SECURITY_TYPE_NOT_COMMON_EQUITY_PROVEN,HOSE,hose_public_stock_master/v1,,OFFICIAL_CURRENT_EXCHANGE_SECURITY,,true,,EXACT_SESSION_RETAINED,CURRENT_DESCRIPTIVE_DNSE_REST_ADJUSTED_RETROSPECTIVE_RAW_AS_TRADED_NOT_PROMOTED,DIRECT_CANONICAL_MAPPING
AGP,2026-09-15,27.2,0.007407407407407307,,,,,,,,,,,,,,,,,BELOW_MA20_MOMENTUM_NEGATIVE,,2026-09-15T16:50:03.746178+07:00,UPCOM,,,,,,,,2026-09-15,2026-09-15,0,EXCHANGE_STOCK_LIST_CANDIDATE_NOT_COMMON_EQUITY_PROVEN,UPCOM,hnx_official_equity_universe/v1,,OFFICIAL_CURRENT_STOCK_LIST_CANDIDATE,,true,,EXACT_SESSION_RETAINED,CURRENT_DESCRIPTIVE_DNSE_REST_ADJUSTED_RETROSPECTIVE_RAW_AS_TRADED_NOT_PROMOTED,DIRECT_CANONICAL_MAPPING
AGR,2026-09-15,12.65,0.0,,,,,,,,,,,,,,,,,BELOW_MA20_MOMENTUM_NEGATIVE,,2026-09-15T16:50:03.746178+07:00,HSX,,,,,,,,2026-09-15,2026-09-15,0,OFFICIAL_STOCK_MASTER_SECURITY_TYPE_NOT_COMMON_EQUITY_PROVEN,HOSE,hose_public_stock_master/v1,,OFFICIAL_CURRENT_EXCHANGE_SECURITY,,true,,EXACT_SESSION_RETAINED,CURRENT_DESCRIPTIVE_DNSE_REST_ADJUSTED_RETROSPECTIVE_RAW_AS_TRADED_NOT_PROMOTED,DIRECT_CANONICAL_MAPPING
AGX,2026-09-15,145,0.013986013986013957,,,,,,,,,,,,,,,,,BELOW_MA20_MOMENTUM_NEGATIVE,,2026-09-15T16:50:03.746178+07:00,UPCOM,,,,,,,,2026-09-15,2026-09-15,0,EXCHANGE_STOCK_LIST_CANDIDATE_NOT_COMMON_EQUITY_PROVEN,UPCOM,hnx_official_equity_universe/v1,,OFFICIAL_CURRENT_STOCK_LIST_CANDIDATE,,true,,EXACT_SESSION_RETAINED,CURRENT_DESCRIPTIVE_DNSE_REST_ADJUSTED_RETROSPECTIVE_RAW_AS_TRADED_NOT_PROMOTED,DIRECT_CANONICAL_MAPPING
AIC,2026-09-15,8.5,0.0,,,,,,,,,,,,,,,,,BELOW_MA20_MOMENTUM_NEGATIVE,,2026-09-15T16:50:03.746178+07:00,UPCOM,,,,,,,,2026-09-15,2026-09-15,0,EXCHANGE_STOCK_LIST_CANDIDATE_NOT_COMMON_EQUITY_PROVEN,UPCOM,hnx_official_equity_universe/v1,,OFFICIAL_CURRENT_STOCK_LIST_CANDIDATE,,true,,EXACT_SESSION_RETAINED,CURRENT_DESCRIPTIVE_DNSE_REST_ADJUSTED_RETROSPECTIVE_RAW_AS_TRADED_NOT_PROMOTED,DIRECT_CANONICAL_MAPPING
AIG,2026-09-15,48.5,-0.010204081632653073,,,,,,,,,,,,,,,,,ABOVE_MA20_MOMENTUM_POSITIVE,,2026-09-15T16:50:03.746178+07:00,UPCOM,,,,,,,,2026-09-15,2026-09-15,0,EXCHANGE_STOCK_LIST_CANDIDATE_NOT_COMMON_EQUITY_PROVEN,UPCOM,hnx_official_equity_universe/v1,,OFFICIAL_CURRENT_STOCK_LIST_CANDIDATE,,true,,EXACT_SESSION_RETAINED,CURRENT_DESCRIPTIVE_DNSE_REST_ADJUSTED_RETROSPECTIVE_RAW_AS_TRADED_NOT_PROMOTED,DIRECT_CANONICAL_MAPPING
ALC,2026-09-15,20.6,0.004878048780487809,,,,,,,,,,,,,,,,,BELOW_MA20_MOMENTUM_NEGATIVE,,2026-09-15T16:50:03.746178+07:00,UPCOM,,,,,,,,2026-09-15,2026-09-15,0,EXCHANGE_STOCK_LIST_CANDIDATE_NOT_COMMON_EQUITY_PROVEN,UPCOM,hnx_official_equity_universe/v1,,OFFICIAL_CURRENT_STOCK_LIST_CANDIDATE,,true,,EXACT_SESSION_RETAINED,CURRENT_DESCRIPTIVE_DNSE_REST_ADJUSTED_RETROSPECTIVE_RAW_AS_TRADED_NOT_PROMOTED,DIRECT_CANONICAL_MAPPING
ALT,2026-09-15,13.2,0.09999999999999987,,,,,,,,,,,,,,,,,NEAR_MA20_NEUTRAL,,2026-09-15T16:50:03.746178+07:00,DELISTED,,,,,,,,2026-09-15,2026-09-15,0,EXCHANGE_STOCK_LIST_CANDIDATE_NOT_COMMON_EQUITY_PROVEN,HNX_LISTED,hnx_official_equity_universe/v1,,OFFICIAL_CURRENT_STOCK_LIST_CANDIDATE,,true,,EXACT_SESSION_RETAINED,CURRENT_DESCRIPTIVE_DNSE_REST_ADJUSTED_RETROSPECTIVE_RAW_AS_TRADED_NOT_PROMOTED,DIRECT_CANONICAL_MAPPING
ALV,2026-09-15,6.6,-0.014925373134328401,,,,,,,,,,,,,,,,,BELOW_MA20_MOMENTUM_NEGATIVE,,2026-09-15T16:50:03.746178+07:00,UPCOM,,,,,,,,2026-09-15,2026-09-15,0,EXCHANGE_STOCK_LIST_CANDIDATE_NOT_COMMON_EQUITY_PROVEN,UPCOM,hnx_official_equity_universe/v1,,OFFICIAL_CURRENT_STOCK_LIST_CANDIDATE,,true,,EXACT_SESSION_RETAINED,CURRENT_DESCRIPTIVE_DNSE_REST_ADJUSTED_RETROSPECTIVE_RAW_AS_TRADED_NOT_PROMOTED,DIRECT_CANONICAL_MAPPING
AMP,2026-09-15,13.1,0.007692307692307665,,,,,,,,,,,,,,,,,BELOW_MA20_MOMENTUM_POSITIVE,,2026-09-15T16:50:03.746178+07:00,UPCOM,,,,,,,,2026-09-15,2026-09-15,0,EXCHANGE_STOCK_LIST_CANDIDATE_NOT_COMMON_EQUITY_PROVEN,UPCOM,hnx_official_equity_universe/v1,,OFFICIAL_CURRENT_STOCK_LIST_CANDIDATE,,true,,EXACT_SESSION_RETAINED,CURRENT_DESCRIPTIVE_DNSE_REST_ADJUSTED_RETROSPECTIVE_RAW_AS_TRADED_NOT_PROMOTED,DIRECT_CANONICAL_MAPPING
AMS,2026-09-15,7.4,0.0,,,,,,,,,,,,,,,,,BELOW_MA20_MOMENTUM_NEGATIVE,,2026-09-15T16:50:03.746178+07:00,UPCOM,,,,,,,,2026-09-15,2026-09-15,0,EXCHANGE_STOCK_LIST_CANDIDATE_NOT_COMMON_EQUITY_PROVEN,UPCOM,hnx_official_equity_universe/v1,,OFFICIAL_CURRENT_STOCK_LIST_CANDIDATE,,true,,EXACT_SESSION_RETAINED,CURRENT_DESCRIPTIVE_DNSE_REST_ADJUSTED_RETROSPECTIVE_RAW_AS_TRADED_NOT_PROMOTED,DIRECT_CANONICAL_MAPPING
AMV,2026-09-15,1,0.0,,,,,,,,,,,,,,,,,BELOW_MA20_MOMENTUM_NEGATIVE,,2026-09-15T16:50:03.746178+07:00,DELISTED,,,,,,,,2026-09-15,2026-09-15,0,EXCHANGE_STOCK_LIST_CANDIDATE_NOT_COMMON_EQUITY_PROVEN,HNX_LISTED,hnx_official_equity_universe/v1,,OFFICIAL_CURRENT_STOCK_LIST_CANDIDATE,,true,,EXACT_SESSION_RETAINED,CURRENT_DESCRIPTIVE_DNSE_REST_ADJUSTED_RETROSPECTIVE_RAW_AS_TRADED_NOT_PROMOTED,DIRECT_CANONICAL_MAPPING
ANT,2026-09-15,18,0.0,,,,,,,,,,,,,,,,,BELOW_MA20_MOMENTUM_NEGATIVE,,2026-09-15T16:50:03.746178+07:00,HSX,,,,,,,,2026-09-15,2026-09-15,0,OFFICIAL_STOCK_MASTER_SECURITY_TYPE_NOT_COMMON_EQUITY_PROVEN,HOSE,hose_public_stock_master/v1,,OFFICIAL_CURRENT_EXCHANGE_SECURITY,,true,,EXACT_SESSION_RETAINED,CURRENT_DESCRIPTIVE_DNSE_REST_ADJUSTED_RETROSPECTIVE_RAW_AS_TRADED_NOT_PROMOTED,DIRECT_CANONICAL_MAPPING
ANV,2026-09-15,15.8,0.03267973856209161,,,,,,,,,,,,,,,,,BELOW_MA20_MOMENTUM_NEGATIVE,,2026-09-15T16:50:03.746178+07:00,HSX,,,,,,,,2026-09-15,2026-09-15,0,OFFICIAL_STOCK_MASTER_SECURITY_TYPE_NOT_COMMON_EQUITY_PROVEN,HOSE,hose_public_stock_master/v1,,OFFICIAL_CURRENT_EXCHANGE_SECURITY,,true,,EXACT_SESSION_RETAINED,CURRENT_DESCRIPTIVE_DNSE_REST_ADJUSTED_RETROSPECTIVE_RAW_AS_TRADED_NOT_PROMOTED,DIRECT_CANONICAL_MAPPING
APC,2026-09-15,5.3,0.0,,,,,,,,,,,,,,,,,BELOW_MA20_MOMENTUM_NEGATIVE,,2026-09-15T16:50:03.746178+07:00,UPCOM,,,,,,,,2026-09-15,2026-09-15,0,EXCHANGE_STOCK_LIST_CANDIDATE_NOT_COMMON_EQUITY_PROVEN,UPCOM,hnx_official_equity_universe/v1,,OFFICIAL_CURRENT_STOCK_LIST_CANDIDATE,,true,,EXACT_SESSION_RETAINED,CURRENT_DESCRIPTIVE_DNSE_REST_ADJUSTED_RETROSPECTIVE_RAW_AS_TRADED_NOT_PROMOTED,DIRECT_CANONICAL_MAPPING
APF,2026-09-15,44.1,-0.002262443438914019,,,,,,,,,,,,,,,,,ABOVE_MA20_MOMENTUM_POSITIVE,,2026-09-15T16:50:03.746178+07:00,UPCOM,,,,,,,,2026-09-15,2026-09-15,0,EXCHANGE_STOCK_LIST_CANDIDATE_NOT_COMMON_EQUITY_PROVEN,UPCOM,hnx_official_equity_universe/v1,,OFFICIAL_CURRENT_STOCK_LIST_CANDIDATE,,true,,EXACT_SESSION_RETAINED,CURRENT_DESCRIPTIVE_DNSE_REST_ADJUSTED_RETROSPECTIVE_RAW_AS_TRADED_NOT_PROMOTED,DIRECT_CANONICAL_MAPPING
APG,2026-09-15,4.55,0.0022026431718060735,,,,,,,,,,,,,,,,,BELOW_MA20_MOMENTUM_NEGATIVE,,2026-09-15T16:50:03.746178+07:00,HSX,,,,,,,,2026-09-15,2026-09-15,0,OFFICIAL_STOCK_MASTER_SECURITY_TYPE_NOT_COMMON_EQUITY_PROVEN,HOSE,hose_public_stock_master/v1,,OFFICIAL_CURRENT_EXCHANGE_SECURITY,,true,,EXACT_SESSION_RETAINED,CURRENT_DESCRIPTIVE_DNSE_REST_ADJUSTED_RETROSPECTIVE_RAW_AS_TRADED_NOT_PROMOTED,DIRECT_CANONICAL_MAPPING
APH,2026-09-15,6.97,0.040298507462686484,,,,,,,,,,,,,,,,,ABOVE_MA20_MOMENTUM_POSITIVE,,2026-09-15T16:50:03.746178+07:00,HSX,,,,,,,,2026-09-15,2026-09-15,0,OFFICIAL_STOCK_MASTER_SECURITY_TYPE_NOT_COMMON_EQUITY_PROVEN,HOSE,hose_public_stock_master/v1,,OFFICIAL_CURRENT_EXCHANGE_SECURITY,,true,,EXACT_SESSION_RETAINED,CURRENT_DESCRIPTIVE_DNSE_REST_ADJUSTED_RETROSPECTIVE_RAW_AS_TRADED_NOT_PROMOTED,DIRECT_CANONICAL_MAPPING
API,2026-09-15,5.4,-0.018181818181818077,,,,,,,,,,,,,,,,,BELOW_MA20_MOMENTUM_NEGATIVE,,2026-09-15T16:50:03.746178+07:00,DELISTED,,,,,,,,2026-09-15,2026-09-15,0,EXCHANGE_STOCK_LIST_CANDIDATE_NOT_COMMON_EQUITY_PROVEN,HNX_LISTED,hnx_official_equity_universe/v1,,OFFICIAL_CURRENT_STOCK_LIST_CANDIDATE,,true,,EXACT_SESSION_RETAINED,CURRENT_DESCRIPTIVE_DNSE_REST_ADJUSTED_RETROSPECTIVE_RAW_AS_TRADED_NOT_PROMOTED,DIRECT_CANONICAL_MAPPING
APP,2026-09-15,3.9,-0.025000000000000022,,,,,,,,,,,,,,,,,BELOW_MA20_MOMENTUM_NEGATIVE,,2026-09-15T16:50:03.746178+07:00,UPCOM,,,,,,,,2026-09-15,2026-09-15,0,EXCHANGE_STOCK_LIST_CANDIDATE_NOT_COMMON_EQUITY_PROVEN,UPCOM,hnx_official_equity_universe/v1,,OFFICIAL_CURRENT_STOCK_LIST_CANDIDATE,,true,,EXACT_SESSION_RETAINED,CURRENT_DESCRIPTIVE_DNSE_REST_ADJUSTED_RETROSPECTIVE_RAW_AS_TRADED_NOT_PROMOTED,DIRECT_CANONICAL_MAPPING
APS,2026-09-15,6,0.016949152542372836,,,,,,,,,,,,,,,,,BELOW_MA20_MOMENTUM_NEGATIVE,,2026-09-15T16:50:03.746178+07:00,DELISTED,,,,,,,,2026-09-15,2026-09-15,0,EXCHANGE_STOCK_LIST_CANDIDATE_NOT_COMMON_EQUITY_PROVEN,HNX_LISTED,hnx_official_equity_universe/v1,,OFFICIAL_CURRENT_STOCK_LIST_CANDIDATE,,true,,EXACT_SESSION_RETAINED,CURRENT_DESCRIPTIVE_DNSE_REST_ADJUSTED_RETROSPECTIVE_RAW_AS_TRADED_NOT_PROMOTED,DIRECT_CANONICAL_MAPPING
ASM,2026-09-15,5.13,0.007858546168958647,,,,,,,,,,,,,,,,,BELOW_MA20_MOMENTUM_NEGATIVE,,2026-09-15T16:50:03.746178+07:00,HSX,,,,,,,,2026-09-15,2026-09-15,0,OFFICIAL_STOCK_MASTER_SECURITY_TYPE_NOT_COMMON_EQUITY_PROVEN,HOSE,hose_public_stock_master/v1,,OFFICIAL_CURRENT_EXCHANGE_SECURITY,,true,,EXACT_SESSION_RETAINED,CURRENT_DESCRIPTIVE_DNSE_REST_ADJUSTED_RETROSPECTIVE_RAW_AS_TRADED_NOT_PROMOTED,DIRECT_CANONICAL_MAPPING
ASP,2026-09-15,15.5,0.019736842105263275,,,,,,,,,,,,,,,,,ABOVE_MA20_MOMENTUM_POSITIVE,,2026-09-15T16:50:03.746178+07:00,HSX,,,,,,,,2026-09-15,2026-09-15,0,OFFICIAL_STOCK_MASTER_SECURITY_TYPE_NOT_COMMON_EQUITY_PROVEN,HOSE,hose_public_stock_master/v1,,OFFICIAL_CURRENT_EXCHANGE_SECURITY,,true,,EXACT_SESSION_RETAINED,CURRENT_DESCRIPTIVE_DNSE_REST_ADJUSTED_RETROSPECTIVE_RAW_AS_TRADED_NOT_PROMOTED,DIRECT_CANONICAL_MAPPING
AST,2026-09-15,63.1,-0.009419152276295195,,,,,,,,,,,,,,,,,ABOVE_MA20_MOMENTUM_POSITIVE,,2026-09-15T16:50:03.746178+07:00,HSX,,,,,,,,2026-09-15,2026-09-15,0,OFFICIAL_STOCK_MASTER_SECURITY_TYPE_NOT_COMMON_EQUITY_PROVEN,HOSE,hose_public_stock_master/v1,,OFFICIAL_CURRENT_EXCHANGE_SECURITY,,true,,EXACT_SESSION_RETAINED,CURRENT_DESCRIPTIVE_DNSE_REST_ADJUSTED_RETROSPECTIVE_RAW_AS_TRADED_NOT_PROMOTED,DIRECT_CANONICAL_MAPPING
AVC,2026-09-15,39.7,-0.01975308641975304,,,,,,,,,,,,,,,,,BELOW_MA20_MOMENTUM_NEGATIVE,,2026-09-15T16:50:03.746178+07:00,UPCOM,,,,,,,,2026-09-15,2026-09-15,0,EXCHANGE_STOCK_LIST_CANDIDATE_NOT_COMMON_EQUITY_PROVEN,UPCOM,hnx_official_equity_universe/v1,,OFFICIAL_CURRENT_STOCK_LIST_CANDIDATE,,true,,EXACT_SESSION_RETAINED,CURRENT_DESCRIPTIVE_DNSE_REST_ADJUSTED_RETROSPECTIVE_RAW_AS_TRADED_NOT_PROMOTED,DIRECT_CANONICAL_MAPPING
AVG,2026-09-15,7.8,0.01298701298701288,,,,,,,,,,,,,,,,,BELOW_MA20_MOMENTUM_NEGATIVE,,2026-09-15T16:50:03.746178+07:00,UPCOM,,,,,,,,2026-09-15,2026-09-15,0,EXCHANGE_STOCK_LIST_CANDIDATE_NOT_COMMON_EQUITY_PROVEN,UPCOM,hnx_official_equity_universe/v1,,OFFICIAL_CURRENT_STOCK_LIST_CANDIDATE,,true,,EXACT_SESSION_RETAINED,CURRENT_DESCRIPTIVE_DNSE_REST_ADJUSTED_RETROSPECTIVE_RAW_AS_TRADED_NOT_PROMOTED,DIRECT_CANONICAL_MAPPING
BAB,2026-09-15,10.8,0.0,,,,,,,,,,,,,,,,,NEAR_MA20_NEUTRAL,,2026-09-15T16:50:03.746178+07:00,DELISTED,,,,,,,,2026-09-15,2026-09-15,0,EXCHANGE_STOCK_LIST_CANDIDATE_NOT_COMMON_EQUITY_PROVEN,HNX_LISTED,hnx_official_equity_universe/v1,,OFFICIAL_CURRENT_STOCK_LIST_CANDIDATE,,true,,EXACT_SESSION_RETAINED,CURRENT_DESCRIPTIVE_DNSE_REST_ADJUSTED_RETROSPECTIVE_RAW_AS_TRADED_NOT_PROMOTED,DIRECT_CANONICAL_MAPPING
BAF,2026-09-15,32.1,0.007849293563579218,,,,,,,,,,,,,,,,,ABOVE_MA20_MOMENTUM_POSITIVE,,2026-09-15T16:50:03.746178+07:00,HSX,,,,,,,,2026-09-15,2026-09-15,0,OFFICIAL_STOCK_MASTER_SECURITY_TYPE_NOT_COMMON_EQUITY_PROVEN,HOSE,hose_public_stock_master/v1,,OFFICIAL_CURRENT_EXCHANGE_SECURITY,,true,,EXACT_SESSION_RETAINED,CURRENT_DESCRIPTIVE_DNSE_REST_ADJUSTED_RETROSPECTIVE_RAW_AS_TRADED_NOT_PROMOTED,DIRECT_CANONICAL_MAPPING
BAX,2026-09-15,29.9,-0.0033333333333334103,,,,,,,,,,,,,,,,,BELOW_MA20_MOMENTUM_NEGATIVE,,2026-09-15T16:50:03.746178+07:00,DELISTED,,,,,,,,2026-09-15,2026-09-15,0,EXCHANGE_STOCK_LIST_CANDIDATE_NOT_COMMON_EQUITY_PROVEN,HNX_LISTED,hnx_official_equity_universe/v1,,OFFICIAL_CURRENT_STOCK_LIST_CANDIDATE,,true,,EXACT_SESSION_RETAINED,CURRENT_DESCRIPTIVE_DNSE_REST_ADJUSTED_RETROSPECTIVE_RAW_AS_TRADED_NOT_PROMOTED,DIRECT_CANONICAL_MAPPING
BBT,2026-09-15,12.5,-0.007936507936507908,,,,,,,,,,,,,,,,,ABOVE_MA20_MOMENTUM_NEGATIVE,,2026-09-15T16:50:03.746178+07:00,UPCOM,,,,,,,,2026-09-15,2026-09-15,0,EXCHANGE_STOCK_LIST_CANDIDATE_NOT_COMMON_EQUITY_PROVEN,UPCOM,hnx_official_equity_universe/v1,,OFFICIAL_CURRENT_STOCK_LIST_CANDIDATE,,true,,EXACT_SESSION_RETAINED,CURRENT_DESCRIPTIVE_DNSE_REST_ADJUSTED_RETROSPECTIVE_RAW_AS_TRADED_NOT_PROMOTED,DIRECT_CANONICAL_MAPPING
BCA,2026-09-15,19,0.08571428571428563,,,,,,,,,,,,,,,,,ABOVE_MA20_MOMENTUM_POSITIVE,,2026-09-15T16:50:03.746178+07:00,UPCOM,,,,,,,,2026-09-15,2026-09-15,0,EXCHANGE_STOCK_LIST_CANDIDATE_NOT_COMMON_EQUITY_PROVEN,UPCOM,hnx_official_equity_universe/v1,,OFFICIAL_CURRENT_STOCK_LIST_CANDIDATE,,true,,EXACT_SESSION_RETAINED,CURRENT_DESCRIPTIVE_DNSE_REST_ADJUSTED_RETROSPECTIVE_RAW_AS_TRADED_NOT_PROMOTED,DIRECT_CANONICAL_MAPPING
BCC,2026-09-15,5.7,0.0,,,,,,,,,,,,,,,,,BELOW_MA20_MOMENTUM_NEGATIVE,,2026-09-15T16:50:03.746178+07:00,DELISTED,,,,,,,,2026-09-15,2026-09-15,0,EXCHANGE_STOCK_LIST_CANDIDATE_NOT_COMMON_EQUITY_PROVEN,HNX_LISTED,hnx_official_equity_universe/v1,,OFFICIAL_CURRENT_STOCK_LIST_CANDIDATE,,true,,EXACT_SESSION_RETAINED,CURRENT_DESCRIPTIVE_DNSE_REST_ADJUSTED_RETROSPECTIVE_RAW_AS_TRADED_NOT_PROMOTED,DIRECT_CANONICAL_MAPPING
BCE,2026-09-15,5.45,-0.001831501831501825,,,,,,,,,,,,,,,,,BELOW_MA20_MOMENTUM_NEGATIVE,,2026-09-15T16:50:03.746178+07:00,HSX,,,,,,,,2026-09-15,2026-09-15,0,OFFICIAL_STOCK_MASTER_SECURITY_TYPE_NOT_COMMON_EQUITY_PROVEN,HOSE,hose_public_stock_master/v1,,OFFICIAL_CURRENT_EXCHANGE_SECURITY,,true,,EXACT_SESSION_RETAINED,CURRENT_DESCRIPTIVE_DNSE_REST_ADJUSTED_RETROSPECTIVE_RAW_AS_TRADED_NOT_PROMOTED,DIRECT_CANONICAL_MAPPING
BCF,2026-09-15,36.5,0.0,,,,,,,,,,,,,,,,,NEAR_MA20_NEUTRAL,,2026-09-15T16:50:03.746178+07:00,DELISTED,,,,,,,,2026-09-15,2026-09-15,0,EXCHANGE_STOCK_LIST_CANDIDATE_NOT_COMMON_EQUITY_PROVEN,HNX_LISTED,hnx_official_equity_universe/v1,,OFFICIAL_CURRENT_STOCK_LIST_CANDIDATE,,true,,EXACT_SESSION_RETAINED,CURRENT_DESCRIPTIVE_DNSE_REST_ADJUSTED_RETROSPECTIVE_RAW_AS_TRADED_NOT_PROMOTED,DIRECT_CANONICAL_MAPPING
BCM,2026-09-15,40,0.02564102564102555,,,,,,,,,,,,,,,,,BELOW_MA20_MOMENTUM_NEGATIVE,,2026-09-15T16:50:03.746178+07:00,HSX,,,,,,,,2026-09-15,2026-09-15,0,OFFICIAL_STOCK_MASTER_SECURITY_TYPE_NOT_COMMON_EQUITY_PROVEN,HOSE,hose_public_stock_master/v1,,OFFICIAL_CURRENT_EXCHANGE_SECURITY,,true,,EXACT_SESSION_RETAINED,CURRENT_DESCRIPTIVE_DNSE_REST_ADJUSTED_RETROSPECTIVE_RAW_AS_TRADED_NOT_PROMOTED,DIRECT_CANONICAL_MAPPING
BDG,2026-09-15,26.4,0.007633587786259444,,,,,,,,,,,,,,,,,BELOW_MA20_MOMENTUM_NEGATIVE,,2026-09-15T16:50:03.746178+07:00,UPCOM,,,,,,,,2026-09-15,2026-09-15,0,EXCHANGE_STOCK_LIST_CANDIDATE_NOT_COMMON_EQUITY_PROVEN,UPCOM,hnx_official_equity_universe/v1,,OFFICIAL_CURRENT_STOCK_LIST_CANDIDATE,,true,,EXACT_SESSION_RETAINED,CURRENT_DESCRIPTIVE_DNSE_REST_ADJUSTED_RETROSPECTIVE_RAW_AS_TRADED_NOT_PROMOTED,DIRECT_CANONICAL_MAPPING
BDW,2026-09-15,23,-0.0980392156862745,,,,,,,,,,,,,,,,,BELOW_MA20_MOMENTUM_NEGATIVE,,2026-09-15T16:50:03.746178+07:00,UPCOM,,,,,,,,2026-09-15,2026-09-15,0,EXCHANGE_STOCK_LIST_CANDIDATE_NOT_COMMON_EQUITY_PROVEN,UPCOM,hnx_official_equity_universe/v1,,OFFICIAL_CURRENT_STOCK_LIST_CANDIDATE,,true,,EXACT_SESSION_RETAINED,CURRENT_DESCRIPTIVE_DNSE_REST_ADJUSTED_RETROSPECTIVE_RAW_AS_TRADED_NOT_PROMOTED,DIRECT_CANONICAL_MAPPING
BEL,2026-09-15,23,0.09523809523809534,,,,,,,,,,,,,,,,,ABOVE_MA20_MOMENTUM_POSITIVE,,2026-09-15T16:50:03.746178+07:00,UPCOM,,,,,,,,2026-09-15,2026-09-15,0,EXCHANGE_STOCK_LIST_CANDIDATE_NOT_COMMON_EQUITY_PROVEN,UPCOM,hnx_official_equity_universe/v1,,OFFICIAL_CURRENT_STOCK_LIST_CANDIDATE,,true,,EXACT_SESSION_RETAINED,CURRENT_DESCRIPTIVE_DNSE_REST_ADJUSTED_RETROSPECTIVE_RAW_AS_TRADED_NOT_PROMOTED,DIRECT_CANONICAL_MAPPING
BFC,2026-09-15,46.2,0.0,,,,,,,,,,,,,,,,,BELOW_MA20_MOMENTUM_POSITIVE,,2026-09-15T16:50:03.746178+07:00,HSX,,,,,,,,2026-09-15,2026-09-15,0,OFFICIAL_STOCK_MASTER_SECURITY_TYPE_NOT_COMMON_EQUITY_PROVEN,HOSE,hose_public_stock_master/v1,,OFFICIAL_CURRENT_EXCHANGE_SECURITY,,true,,EXACT_SESSION_RETAINED,CURRENT_DESCRIPTIVE_DNSE_REST_ADJUSTED_RETROSPECTIVE_RAW_AS_TRADED_NOT_PROMOTED,DIRECT_CANONICAL_MAPPING
BHN,2026-09-15,28.65,0.030204962243797207,,,,,,,,,,,,,,,,,ABOVE_MA20_MOMENTUM_NEGATIVE,,2026-09-15T16:50:03.746178+07:00,HSX,,,,,,,,2026-09-15,2026-09-15,0,OFFICIAL_STOCK_MASTER_SECURITY_TYPE_NOT_COMMON_EQUITY_PROVEN,HOSE,hose_public_stock_master/v1,,OFFICIAL_CURRENT_EXCHANGE_SECURITY,,true,,EXACT_SESSION_RETAINED,CURRENT_DESCRIPTIVE_DNSE_REST_ADJUSTED_RETROSPECTIVE_RAW_AS_TRADED_NOT_PROMOTED,DIRECT_CANONICAL_MAPPING
BHP,2026-09-15,8.1,-0.04705882352941182,,,,,,,,,,,,,,,,,ABOVE_MA20_MOMENTUM_NEGATIVE,,2026-09-15T16:50:03.746178+07:00,UPCOM,,,,,,,,2026-09-15,2026-09-15,0,EXCHANGE_STOCK_LIST_CANDIDATE_NOT_COMMON_EQUITY_PROVEN,UPCOM,hnx_official_equity_universe/v1,,OFFICIAL_CURRENT_STOCK_LIST_CANDIDATE,,true,,EXACT_SESSION_RETAINED,CURRENT_DESCRIPTIVE_DNSE_REST_ADJUSTED_RETROSPECTIVE_RAW_AS_TRADED_NOT_PROMOTED,DIRECT_CANONICAL_MAPPING
BIC,2026-09-15,21.1,0.0,,,,,,,,,,,,,,,,,BELOW_MA20_MOMENTUM_NEGATIVE,,2026-09-15T16:50:03.746178+07:00,HSX,,,,,,,,2026-09-15,2026-09-15,0,OFFICIAL_STOCK_MASTER_SECURITY_TYPE_NOT_COMMON_EQUITY_PROVEN,HOSE,hose_public_stock_master/v1,,OFFICIAL_CURRENT_EXCHANGE_SECURITY,,true,,EXACT_SESSION_RETAINED,CURRENT_DESCRIPTIVE_DNSE_REST_ADJUSTED_RETROSPECTIVE_RAW_AS_TRADED_NOT_PROMOTED,DIRECT_CANONICAL_MAPPING
BID,2026-09-15,36.8,0.029370629370629286,,,,,,,,,,,,,,,,,BELOW_MA20_MOMENTUM_NEGATIVE,,2026-09-15T16:50:03.746178+07:00,HSX,bank,,,,,,,2026-09-15,2026-09-15,0,OFFICIAL_STOCK_MASTER_SECURITY_TYPE_NOT_COMMON_EQUITY_PROVEN,HOSE,hose_public_stock_master/v1,,OFFICIAL_CURRENT_EXCHANGE_SECURITY,,true,,EXACT_SESSION_RETAINED,CURRENT_DESCRIPTIVE_NOT_PROMOTED_RAW_AS_TRADED,DIRECT_CANONICAL_MAPPING
BIG,2026-09-15,5.1,0.0851063829787233,,,,,,,,,,,,,,,,,BELOW_MA20_MOMENTUM_POSITIVE,,2026-09-15T16:50:03.746178+07:00,UPCOM,,,,,,,,2026-09-15,2026-09-15,0,EXCHANGE_STOCK_LIST_CANDIDATE_NOT_COMMON_EQUITY_PROVEN,UPCOM,hnx_official_equity_universe/v1,,OFFICIAL_CURRENT_STOCK_LIST_CANDIDATE,,true,,EXACT_SESSION_RETAINED,CURRENT_DESCRIPTIVE_DNSE_REST_ADJUSTED_RETROSPECTIVE_RAW_AS_TRADED_NOT_PROMOTED,DIRECT_CANONICAL_MAPPING
BKC,2026-09-15,12.1,-0.024193548387096864,,,,,,,,,,,,,,,,,BELOW_MA20_MOMENTUM_NEGATIVE,,2026-09-15T16:50:03.746178+07:00,DELISTED,,,,,,,,2026-09-15,2026-09-15,0,EXCHANGE_STOCK_LIST_CANDIDATE_NOT_COMMON_EQUITY_PROVEN,HNX_LISTED,hnx_official_equity_universe/v1,,OFFICIAL_CURRENT_STOCK_LIST_CANDIDATE,,true,,EXACT_SESSION_RETAINED,CURRENT_DESCRIPTIVE_DNSE_REST_ADJUSTED_RETROSPECTIVE_RAW_AS_TRADED_NOT_PROMOTED,DIRECT_CANONICAL_MAPPING
BKG,2026-09-15,1.82,-0.016216216216216273,,,,,,,,,,,,,,,,,BELOW_MA20_MOMENTUM_NEGATIVE,,2026-09-15T16:50:03.746178+07:00,HSX,,,,,,,,2026-09-15,2026-09-15,0,OFFICIAL_STOCK_MASTER_SECURITY_TYPE_NOT_COMMON_EQUITY_PROVEN,HOSE,hose_public_stock_master/v1,,OFFICIAL_CURRENT_EXCHANGE_SECURITY,,true,,EXACT_SESSION_RETAINED,CURRENT_DESCRIPTIVE_DNSE_REST_ADJUSTED_RETROSPECTIVE_RAW_AS_TRADED_NOT_PROMOTED,DIRECT_CANONICAL_MAPPING
BLF,2026-09-15,2.7,0.0,,,,,,,,,,,,,,,,,ABOVE_MA20_MOMENTUM_POSITIVE,,2026-09-15T16:50:03.746178+07:00,UPCOM,,,,,,,,2026-09-15,2026-09-15,0,EXCHANGE_STOCK_LIST_CANDIDATE_NOT_COMMON_EQUITY_PROVEN,UPCOM,hnx_official_equity_universe/v1,,OFFICIAL_CURRENT_STOCK_LIST_CANDIDATE,,true,,EXACT_SESSION_RETAINED,CURRENT_DESCRIPTIVE_DNSE_REST_ADJUSTED_RETROSPECTIVE_RAW_AS_TRADED_NOT_PROMOTED,DIRECT_CANONICAL_MAPPING
BLI,2026-09-15,8,0.012658227848101111,,,,,,,,,,,,,,,,,BELOW_MA20_MOMENTUM_NEGATIVE,,2026-09-15T16:50:03.746178+07:00,UPCOM,,,,,,,,2026-09-15,2026-09-15,0,EXCHANGE_STOCK_LIST_CANDIDATE_NOT_COMMON_EQUITY_PROVEN,UPCOM,hnx_official_equity_universe/v1,,OFFICIAL_CURRENT_STOCK_LIST_CANDIDATE,,true,,EXACT_SESSION_RETAINED,CURRENT_DESCRIPTIVE_DNSE_REST_ADJUSTED_RETROSPECTIVE_RAW_AS_TRADED_NOT_PROMOTED,DIRECT_CANONICAL_MAPPING
BLT,2026-09-15,18,0.0,,,,,,,,,,,,,,,,,BELOW_MA20_MOMENTUM_NEGATIVE,,2026-09-15T16:50:03.746178+07:00,UPCOM,,,,,,,,2026-09-15,2026-09-15,0,EXCHANGE_STOCK_LIST_CANDIDATE_NOT_COMMON_EQUITY_PROVEN,UPCOM,hnx_official_equity_universe/v1,,OFFICIAL_CURRENT_STOCK_LIST_CANDIDATE,,true,,EXACT_SESSION_RETAINED,CURRENT_DESCRIPTIVE_DNSE_REST_ADJUSTED_RETROSPECTIVE_RAW_AS_TRADED_NOT_PROMOTED,DIRECT_CANONICAL_MAPPING
BMC,2026-09-15,10.95,0.009216589861751112,,,,,,,,,,,,,,,,,BELOW_MA20_MOMENTUM_NEGATIVE,,2026-09-15T16:50:03.746178+07:00,HSX,,,,,,,,2026-09-15,2026-09-15,0,OFFICIAL_STOCK_MASTER_SECURITY_TYPE_NOT_COMMON_EQUITY_PROVEN,HOSE,hose_public_stock_master/v1,,OFFICIAL_CURRENT_EXCHANGE_SECURITY,,true,,EXACT_SESSION_RETAINED,CURRENT_DESCRIPTIVE_DNSE_REST_ADJUSTED_RETROSPECTIVE_RAW_AS_TRADED_NOT_PROMOTED,DIRECT_CANONICAL_MAPPING
BMI,2026-09-15,13.45,0.0074906367041198685,,,,,,,,,,,,,,,,,BELOW_MA20_MOMENTUM_NEGATIVE,,2026-09-15T16:50:03.746178+07:00,HSX,,,,,,,,2026-09-15,2026-09-15,0,OFFICIAL_STOCK_MASTER_SECURITY_TYPE_NOT_COMMON_EQUITY_PROVEN,HOSE,hose_public_stock_master/v1,,OFFICIAL_CURRENT_EXCHANGE_SECURITY,,true,,EXACT_SESSION_RETAINED,CURRENT_DESCRIPTIVE_DNSE_REST_ADJUSTED_RETROSPECTIVE_RAW_AS_TRADED_NOT_PROMOTED,DIRECT_CANONICAL_MAPPING
BMK,2026-09-15,9.3,0.12048192771084332,,,,,,,,,,,,,,,,,BELOW_MA20_MOMENTUM_NEGATIVE,,2026-09-15T16:50:03.746178+07:00,UPCOM,,,,,,,,2026-09-15,2026-09-15,0,EXCHANGE_STOCK_LIST_CANDIDATE_NOT_COMMON_EQUITY_PROVEN,UPCOM,hnx_official_equity_universe/v1,,OFFICIAL_CURRENT_STOCK_LIST_CANDIDATE,,true,,EXACT_SESSION_RETAINED,CURRENT_DESCRIPTIVE_DNSE_REST_ADJUSTED_RETROSPECTIVE_RAW_AS_TRADED_NOT_PROMOTED,DIRECT_CANONICAL_MAPPING
BMP,2026-09-15,147.6,0.06801736613603482,,,,,,,,,,,,,,,,,NEAR_MA20_NEUTRAL,,2026-09-15T16:50:03.746178+07:00,HSX,,,,,,,,2026-09-15,2026-09-15,0,OFFICIAL_STOCK_MASTER_SECURITY_TYPE_NOT_COMMON_EQUITY_PROVEN,HOSE,hose_public_stock_master/v1,,OFFICIAL_CURRENT_EXCHANGE_SECURITY,,true,,EXACT_SESSION_RETAINED,CURRENT_DESCRIPTIVE_DNSE_REST_ADJUSTED_RETROSPECTIVE_RAW_AS_TRADED_NOT_PROMOTED,DIRECT_CANONICAL_MAPPING
BMS,2026-09-15,12.3,-0.023809523809523725,,,,,,,,,,,,,,,,,BELOW_MA20_MOMENTUM_NEGATIVE,,2026-09-15T16:50:03.746178+07:00,UPCOM,,,,,,,,2026-09-15,2026-09-15,0,EXCHANGE_STOCK_LIST_CANDIDATE_NOT_COMMON_EQUITY_PROVEN,UPCOM,hnx_official_equity_universe/v1,,OFFICIAL_CURRENT_STOCK_LIST_CANDIDATE,,true,,EXACT_SESSION_RETAINED,CURRENT_DESCRIPTIVE_DNSE_REST_ADJUSTED_RETROSPECTIVE_RAW_AS_TRADED_NOT_PROMOTED,DIRECT_CANONICAL_MAPPING
BNW,2026-09-15,17,0.0,,,,,,,,,,,,,,,,,BELOW_MA20_MOMENTUM_POSITIVE,,2026-09-15T16:50:03.746178+07:00,UPCOM,,,,,,,,2026-09-15,2026-09-15,0,EXCHANGE_STOCK_LIST_CANDIDATE_NOT_COMMON_EQUITY_PROVEN,UPCOM,hnx_official_equity_universe/v1,,OFFICIAL_CURRENT_STOCK_LIST_CANDIDATE,,true,,EXACT_SESSION_RETAINED,CURRENT_DESCRIPTIVE_DNSE_REST_ADJUSTED_RETROSPECTIVE_RAW_AS_TRADED_NOT_PROMOTED,DIRECT_CANONICAL_MAPPING
BQB,2026-09-15,3.9,0.11428571428571432,,,,,,,,,,,,,,,,,BELOW_MA20_MOMENTUM_NEGATIVE,,2026-09-15T16:50:03.746178+07:00,UPCOM,,,,,,,,2026-09-15,2026-09-15,0,EXCHANGE_STOCK_LIST_CANDIDATE_NOT_COMMON_EQUITY_PROVEN,UPCOM,hnx_official_equity_universe/v1,,OFFICIAL_CURRENT_STOCK_LIST_CANDIDATE,,true,,EXACT_SESSION_RETAINED,CURRENT_DESCRIPTIVE_DNSE_REST_ADJUSTED_RETROSPECTIVE_RAW_AS_TRADED_NOT_PROMOTED,DIRECT_CANONICAL_MAPPING
BQP,2026-09-15,15,0.0,,,,,,,,,,,,,,,,,BELOW_MA20_MOMENTUM_POSITIVE,,2026-09-15T16:50:03.746178+07:00,UPCOM,,,,,,,,2026-09-15,2026-09-15,0,EXCHANGE_STOCK_LIST_CANDIDATE_NOT_COMMON_EQUITY_PROVEN,UPCOM,hnx_official_equity_universe/v1,,OFFICIAL_CURRENT_STOCK_LIST_CANDIDATE,,true,,EXACT_SESSION_RETAINED,CURRENT_DESCRIPTIVE_DNSE_REST_ADJUSTED_RETROSPECTIVE_RAW_AS_TRADED_NOT_PROMOTED,DIRECT_CANONICAL_MAPPING
BRC,2026-09-15,11,0.004566210045662267,,,,,,,,,,,,,,,,,BELOW_MA20_MOMENTUM_NEGATIVE,,2026-09-15T16:50:03.746178+07:00,HSX,,,,,,,,2026-09-15,2026-09-15,0,OFFICIAL_STOCK_MASTER_SECURITY_TYPE_NOT_COMMON_EQUITY_PROVEN,HOSE,hose_public_stock_master/v1,,OFFICIAL_CURRENT_EXCHANGE_SECURITY,,true,,EXACT_SESSION_RETAINED,CURRENT_DESCRIPTIVE_DNSE_REST_ADJUSTED_RETROSPECTIVE_RAW_AS_TRADED_NOT_PROMOTED,DIRECT_CANONICAL_MAPPING
BRR,2026-09-15,17.8,0.02298850574712663,,,,,,,,,,,,,,,,,NEAR_MA20_NEUTRAL,,2026-09-15T16:50:03.746178+07:00,UPCOM,,,,,,,,2026-09-15,2026-09-15,0,EXCHANGE_STOCK_LIST_CANDIDATE_NOT_COMMON_EQUITY_PROVEN,UPCOM,hnx_official_equity_universe/v1,,OFFICIAL_CURRENT_STOCK_LIST_CANDIDATE,,true,,EXACT_SESSION_RETAINED,CURRENT_DESCRIPTIVE_DNSE_REST_ADJUSTED_RETROSPECTIVE_RAW_AS_TRADED_NOT_PROMOTED,DIRECT_CANONICAL_MAPPING
BSA,2026-09-15,20,-0.00990099009900991,,,,,,,,,,,,,,,,,BELOW_MA20_MOMENTUM_NEGATIVE,,2026-09-15T16:50:03.746178+07:00,UPCOM,,,,,,,,2026-09-15,2026-09-15,0,EXCHANGE_STOCK_LIST_CANDIDATE_NOT_COMMON_EQUITY_PROVEN,UPCOM,hnx_official_equity_universe/v1,,OFFICIAL_CURRENT_STOCK_LIST_CANDIDATE,,true,,EXACT_SESSION_RETAINED,CURRENT_DESCRIPTIVE_DNSE_REST_ADJUSTED_RETROSPECTIVE_RAW_AS_TRADED_NOT_PROMOTED,DIRECT_CANONICAL_MAPPING
BSH,2026-09-15,17.5,-0.02777777777777779,,,,,,,,,,,,,,,,,NEAR_MA20_NEUTRAL,,2026-09-15T16:50:03.746178+07:00,UPCOM,,,,,,,,2026-09-15,2026-09-15,0,EXCHANGE_STOCK_LIST_CANDIDATE_NOT_COMMON_EQUITY_PROVEN,UPCOM,hnx_official_equity_universe/v1,,OFFICIAL_CURRENT_STOCK_LIST_CANDIDATE,,true,,EXACT_SESSION_RETAINED,CURRENT_DESCRIPTIVE_DNSE_REST_ADJUSTED_RETROSPECTIVE_RAW_AS_TRADED_NOT_PROMOTED,DIRECT_CANONICAL_MAPPING
BSI,2026-09-15,26.7,0.007547169811320753,,,,,,,,,,,,,,,,,BELOW_MA20_MOMENTUM_NEGATIVE,,2026-09-15T16:50:03.746178+07:00,HSX,,,,,,,,2026-09-15,2026-09-15,0,OFFICIAL_STOCK_MASTER_SECURITY_TYPE_NOT_COMMON_EQUITY_PROVEN,HOSE,hose_public_stock_master/v1,,OFFICIAL_CURRENT_EXCHANGE_SECURITY,,true,,EXACT_SESSION_RETAINED,CURRENT_DESCRIPTIVE_DNSE_REST_ADJUSTED_RETROSPECTIVE_RAW_AS_TRADED_NOT_PROMOTED,DIRECT_CANONICAL_MAPPING
BSL,2026-09-15,12.3,0.0,,,,,,,,,,,,,,,,,ABOVE_MA20_MOMENTUM_POSITIVE,,2026-09-15T16:50:03.746178+07:00,UPCOM,,,,,,,,2026-09-15,2026-09-15,0,EXCHANGE_STOCK_LIST_CANDIDATE_NOT_COMMON_EQUITY_PROVEN,UPCOM,hnx_official_equity_universe/v1,,OFFICIAL_CURRENT_STOCK_LIST_CANDIDATE,,true,,EXACT_SESSION_RETAINED,CURRENT_DESCRIPTIVE_DNSE_REST_ADJUSTED_RETROSPECTIVE_RAW_AS_TRADED_NOT_PROMOTED,DIRECT_CANONICAL_MAPPING
BSP,2026-09-15,13.8,-0.14814814814814803,,,,,,,,,,,,,,,,,ABOVE_MA20_MOMENTUM_POSITIVE,,2026-09-15T16:50:03.746178+07:00,UPCOM,,,,,,,,2026-09-15,2026-09-15,0,EXCHANGE_STOCK_LIST_CANDIDATE_NOT_COMMON_EQUITY_PROVEN,UPCOM,hnx_official_equity_universe/v1,,OFFICIAL_CURRENT_STOCK_LIST_CANDIDATE,,true,,EXACT_SESSION_RETAINED,CURRENT_DESCRIPTIVE_DNSE_REST_ADJUSTED_RETROSPECTIVE_RAW_AS_TRADED_NOT_PROMOTED,DIRECT_CANONICAL_MAPPING
BSR,2026-09-15,30.45,0.06842105263157894,,,,,,,,,,,,,,,,,ABOVE_MA20_MOMENTUM_POSITIVE,,2026-09-15T16:50:03.746178+07:00,HSX,,,,,,,,2026-09-15,2026-09-15,0,OFFICIAL_STOCK_MASTER_SECURITY_TYPE_NOT_COMMON_EQUITY_PROVEN,HOSE,hose_public_stock_master/v1,,OFFICIAL_CURRENT_EXCHANGE_SECURITY,,true,,EXACT_SESSION_RETAINED,CURRENT_DESCRIPTIVE_DNSE_REST_ADJUSTED_RETROSPECTIVE_RAW_AS_TRADED_NOT_PROMOTED,DIRECT_CANONICAL_MAPPING
BTH,2026-09-15,19.2,0.0,,,,,,,,,,,,,,,,,BELOW_MA20_MOMENTUM_NEGATIVE,,2026-09-15T16:50:03.746178+07:00,UPCOM,,,,,,,,2026-09-15,2026-09-15,0,EXCHANGE_STOCK_LIST_CANDIDATE_NOT_COMMON_EQUITY_PROVEN,UPCOM,hnx_official_equity_universe/v1,,OFFICIAL_CURRENT_STOCK_LIST_CANDIDATE,,true,,EXACT_SESSION_RETAINED,CURRENT_DESCRIPTIVE_DNSE_REST_ADJUSTED_RETROSPECTIVE_RAW_AS_TRADED_NOT_PROMOTED,DIRECT_CANONICAL_MAPPING
BTP,2026-09-15,7.19,0.0041899441340782495,,,,,,,,,,,,,,,,,BELOW_MA20_MOMENTUM_NEGATIVE,,2026-09-15T16:50:03.746178+07:00,HSX,,,,,,,,2026-09-15,2026-09-15,0,OFFICIAL_STOCK_MASTER_SECURITY_TYPE_NOT_COMMON_EQUITY_PROVEN,HOSE,hose_public_stock_master/v1,,OFFICIAL_CURRENT_EXCHANGE_SECURITY,,true,,EXACT_SESSION_RETAINED,CURRENT_DESCRIPTIVE_DNSE_REST_ADJUSTED_RETROSPECTIVE_RAW_AS_TRADED_NOT_PROMOTED,DIRECT_CANONICAL_MAPPING
BTS,2026-09-15,4.7,0.0,,,,,,,,,,,,,,,,,BELOW_MA20_MOMENTUM_NEGATIVE,,2026-09-15T16:50:03.746178+07:00,DELISTED,,,,,,,,2026-09-15,2026-09-15,0,EXCHANGE_STOCK_LIST_CANDIDATE_NOT_COMMON_EQUITY_PROVEN,HNX_LISTED,hnx_official_equity_universe/v1,,OFFICIAL_CURRENT_STOCK_LIST_CANDIDATE,,true,,EXACT_SESSION_RETAINED,CURRENT_DESCRIPTIVE_DNSE_REST_ADJUSTED_RETROSPECTIVE_RAW_AS_TRADED_NOT_PROMOTED,DIRECT_CANONICAL_MAPPING
BVB,2026-09-15,11.15,0.0,,,,,,,,,,,,,,,,,BELOW_MA20_MOMENTUM_NEGATIVE,,2026-09-15T16:50:03.746178+07:00,HSX,,,,,,,,2026-09-15,2026-09-15,0,OFFICIAL_STOCK_MASTER_SECURITY_TYPE_NOT_COMMON_EQUITY_PROVEN,HOSE,hose_public_stock_master/v1,,OFFICIAL_CURRENT_EXCHANGE_SECURITY,,true,,EXACT_SESSION_RETAINED,CURRENT_DESCRIPTIVE_DNSE_REST_ADJUSTED_RETROSPECTIVE_RAW_AS_TRADED_NOT_PROMOTED,DIRECT_CANONICAL_MAPPING
BVH,2026-09-15,67.3,-0.010294117647058898,,,,,,,,,,,,,,,,,ABOVE_MA20_MOMENTUM_POSITIVE,,2026-09-15T16:50:03.746178+07:00,HSX,insurance,,,,,,,2026-09-15,2026-09-15,0,OFFICIAL_STOCK_MASTER_SECURITY_TYPE_NOT_COMMON_EQUITY_PROVEN,HOSE,hose_public_stock_master/v1,,OFFICIAL_CURRENT_EXCHANGE_SECURITY,,true,,EXACT_SESSION_RETAINED,CURRENT_DESCRIPTIVE_DNSE_REST_ADJUSTED_RETROSPECTIVE_RAW_AS_TRADED_NOT_PROMOTED,DIRECT_CANONICAL_MAPPING
BVL,2026-09-15,13.5,0.125,,,,,,,,,,,,,,,,,BELOW_MA20_MOMENTUM_NEGATIVE,,2026-09-15T16:50:03.746178+07:00,UPCOM,,,,,,,,2026-09-15,2026-09-15,0,EXCHANGE_STOCK_LIST_CANDIDATE_NOT_COMMON_EQUITY_PROVEN,UPCOM,hnx_official_equity_universe/v1,,OFFICIAL_CURRENT_STOCK_LIST_CANDIDATE,,true,,EXACT_SESSION_RETAINED,CURRENT_DESCRIPTIVE_DNSE_REST_ADJUSTED_RETROSPECTIVE_RAW_AS_TRADED_NOT_PROMOTED,DIRECT_CANONICAL_MAPPING
BVS,2026-09-15,27.5,0.011029411764705843,,,,,,,,,,,,,,,,,BELOW_MA20_MOMENTUM_NEGATIVE,,2026-09-15T16:50:03.746178+07:00,DELISTED,,,,,,,,2026-09-15,2026-09-15,0,EXCHANGE_STOCK_LIST_CANDIDATE_NOT_COMMON_EQUITY_PROVEN,HNX_LISTED,hnx_official_equity_universe/v1,,OFFICIAL_CURRENT_STOCK_LIST_CANDIDATE,,true,,EXACT_SESSION_RETAINED,CURRENT_DESCRIPTIVE_DNSE_REST_ADJUSTED_RETROSPECTIVE_RAW_AS_TRADED_NOT_PROMOTED,DIRECT_CANONICAL_MAPPING
BWE,2026-09-15,42,0.0035842293906809264,,,,,,,,,,,,,,,,,BELOW_MA20_MOMENTUM_NEGATIVE,,2026-09-15T16:50:03.746178+07:00,HSX,,,,,,,,2026-09-15,2026-09-15,0,OFFICIAL_STOCK_MASTER_SECURITY_TYPE_NOT_COMMON_EQUITY_PROVEN,HOSE,hose_public_stock_master/v1,,OFFICIAL_CURRENT_EXCHANGE_SECURITY,,true,,EXACT_SESSION_RETAINED,CURRENT_DESCRIPTIVE_DNSE_REST_ADJUSTED_RETROSPECTIVE_RAW_AS_TRADED_NOT_PROMOTED,DIRECT_CANONICAL_MAPPING
BWS,2026-09-15,29.5,-0.032786885245901676,,,,,,,,,,,,,,,,,BELOW_MA20_MOMENTUM_NEGATIVE,,2026-09-15T16:50:03.746178+07:00,UPCOM,,,,,,,,2026-09-15,2026-09-15,0,EXCHANGE_STOCK_LIST_CANDIDATE_NOT_COMMON_EQUITY_PROVEN,UPCOM,hnx_official_equity_universe/v1,,OFFICIAL_CURRENT_STOCK_LIST_CANDIDATE,,true,,EXACT_SESSION_RETAINED,CURRENT_DESCRIPTIVE_DNSE_REST_ADJUSTED_RETROSPECTIVE_RAW_AS_TRADED_NOT_PROMOTED,DIRECT_CANONICAL_MAPPING
C4G,2026-09-15,5.3,0.0,,,,,,,,,,,,,,,,,BELOW_MA20_MOMENTUM_NEGATIVE,,2026-09-15T16:50:03.746178+07:00,UPCOM,,,,,,,,2026-09-15,2026-09-15,0,EXCHANGE_STOCK_LIST_CANDIDATE_NOT_COMMON_EQUITY_PROVEN,UPCOM,hnx_official_equity_universe/v1,,OFFICIAL_CURRENT_STOCK_LIST_CANDIDATE,,true,,EXACT_SESSION_RETAINED,CURRENT_DESCRIPTIVE_DNSE_REST_ADJUSTED_RETROSPECTIVE_RAW_AS_TRADED_NOT_PROMOTED,DIRECT_CANONICAL_MAPPING
C69,2026-09-15,16.6,0.0060606060606061,,,,,,,,,,,,,,,,,ABOVE_MA20_MOMENTUM_POSITIVE,,2026-09-15T16:50:03.746178+07:00,DELISTED,,,,,,,,2026-09-15,2026-09-15,0,EXCHANGE_STOCK_LIST_CANDIDATE_NOT_COMMON_EQUITY_PROVEN,HNX_LISTED,hnx_official_equity_universe/v1,,OFFICIAL_CURRENT_STOCK_LIST_CANDIDATE,,true,,EXACT_SESSION_RETAINED,CURRENT_DESCRIPTIVE_DNSE_REST_ADJUSTED_RETROSPECTIVE_RAW_AS_TRADED_NOT_PROMOTED,DIRECT_CANONICAL_MAPPING
CAG,2026-09-15,6.1,0.0,,,,,,,,,,,,,,,,,BELOW_MA20_MOMENTUM_NEGATIVE,,2026-09-15T16:50:03.746178+07:00,DELISTED,,,,,,,,2026-09-15,2026-09-15,0,EXCHANGE_STOCK_LIST_CANDIDATE_NOT_COMMON_EQUITY_PROVEN,HNX_LISTED,hnx_official_equity_universe/v1,,OFFICIAL_CURRENT_STOCK_LIST_CANDIDATE,,true,,EXACT_SESSION_RETAINED,CURRENT_DESCRIPTIVE_DNSE_REST_ADJUSTED_RETROSPECTIVE_RAW_AS_TRADED_NOT_PROMOTED,DIRECT_CANONICAL_MAPPING
CAP,2026-09-15,41.4,0.0,,,,,,,,,,,,,,,,,NEAR_MA20_NEUTRAL,,2026-09-15T16:50:03.746178+07:00,DELISTED,,,,,,,,2026-09-15,2026-09-15,0,EXCHANGE_STOCK_LIST_CANDIDATE_NOT_COMMON_EQUITY_PROVEN,HNX_LISTED,hnx_official_equity_universe/v1,,OFFICIAL_CURRENT_STOCK_LIST_CANDIDATE,,true,,EXACT_SESSION_RETAINED,CURRENT_DESCRIPTIVE_DNSE_REST_ADJUSTED_RETROSPECTIVE_RAW_AS_TRADED_NOT_PROMOTED,DIRECT_CANONICAL_MAPPING
CAT,2026-09-15,13.6,0.0,,,,,,,,,,,,,,,,,BELOW_MA20_MOMENTUM_POSITIVE,,2026-09-15T16:50:03.746178+07:00,UPCOM,,,,,,,,2026-09-15,2026-09-15,0,EXCHANGE_STOCK_LIST_CANDIDATE_NOT_COMMON_EQUITY_PROVEN,UPCOM,hnx_official_equity_universe/v1,,OFFICIAL_CURRENT_STOCK_LIST_CANDIDATE,,true,,EXACT_SESSION_RETAINED,CURRENT_DESCRIPTIVE_DNSE_REST_ADJUSTED_RETROSPECTIVE_RAW_AS_TRADED_NOT_PROMOTED,DIRECT_CANONICAL_MAPPING
CBS,2026-09-15,22.3,0.0045045045045044585,,,,,,,,,,,,,,,,,BELOW_MA20_MOMENTUM_NEGATIVE,,2026-09-15T16:50:03.746178+07:00,UPCOM,,,,,,,,2026-09-15,2026-09-15,0,EXCHANGE_STOCK_LIST_CANDIDATE_NOT_COMMON_EQUITY_PROVEN,UPCOM,hnx_official_equity_universe/v1,,OFFICIAL_CURRENT_STOCK_LIST_CANDIDATE,,true,,EXACT_SESSION_RETAINED,CURRENT_DESCRIPTIVE_DNSE_REST_ADJUSTED_RETROSPECTIVE_RAW_AS_TRADED_NOT_PROMOTED,DIRECT_CANONICAL_MAPPING
CC1,2026-09-15,40.1,0.0908596300326443,,,,,,,,,,,,,,,,,ABOVE_MA20_MOMENTUM_POSITIVE,,2026-09-15T16:50:03.746178+07:00,UPCOM,,,,,,,,2026-09-15,2026-09-15,0,EXCHANGE_STOCK_LIST_CANDIDATE_NOT_COMMON_EQUITY_PROVEN,UPCOM,hnx_official_equity_universe/v1,,OFFICIAL_CURRENT_STOCK_LIST_CANDIDATE,,true,,EXACT_SESSION_RETAINED,CURRENT_DESCRIPTIVE_DNSE_REST_ADJUSTED_RETROSPECTIVE_RAW_AS_TRADED_NOT_PROMOTED,DIRECT_CANONICAL_MAPPING
CCA,2026-09-15,12.8,0.0,,,,,,,,,,,,,,,,,ABOVE_MA20_MOMENTUM_POSITIVE,,2026-09-15T16:50:03.746178+07:00,UPCOM,,,,,,,,2026-09-15,2026-09-15,0,EXCHANGE_STOCK_LIST_CANDIDATE_NOT_COMMON_EQUITY_PROVEN,UPCOM,hnx_official_equity_universe/v1,,OFFICIAL_CURRENT_STOCK_LIST_CANDIDATE,,true,,EXACT_SESSION_RETAINED,CURRENT_DESCRIPTIVE_DNSE_REST_ADJUSTED_RETROSPECTIVE_RAW_AS_TRADED_NOT_PROMOTED,DIRECT_CANONICAL_MAPPING
CCC,2026-09-15,6.6,0.0,,,,,,,,,,,,,,,,,BELOW_MA20_MOMENTUM_NEGATIVE,,2026-09-15T16:50:03.746178+07:00,HSX,,,,,,,,2026-09-15,2026-09-15,0,OFFICIAL_STOCK_MASTER_SECURITY_TYPE_NOT_COMMON_EQUITY_PROVEN,HOSE,hose_public_stock_master/v1,,OFFICIAL_CURRENT_EXCHANGE_SECURITY,,true,,EXACT_SESSION_RETAINED,CURRENT_DESCRIPTIVE_DNSE_REST_ADJUSTED_RETROSPECTIVE_RAW_AS_TRADED_NOT_PROMOTED,DIRECT_CANONICAL_MAPPING
CCI,2026-09-15,17.65,0.0,,,,,,,,,,,,,,,,,BELOW_MA20_MOMENTUM_NEGATIVE,,2026-09-15T16:50:03.746178+07:00,HSX,,,,,,,,2026-09-15,2026-09-15,0,OFFICIAL_STOCK_MASTER_SECURITY_TYPE_NOT_COMMON_EQUITY_PROVEN,HOSE,hose_public_stock_master/v1,,OFFICIAL_CURRENT_EXCHANGE_SECURITY,,true,,EXACT_SESSION_RETAINED,CURRENT_DESCRIPTIVE_DNSE_REST_ADJUSTED_RETROSPECTIVE_RAW_AS_TRADED_NOT_PROMOTED,DIRECT_CANONICAL_MAPPING
CCL,2026-09-15,3.49,0.00287356321839094,,,,,,,,,,,,,,,,,BELOW_MA20_MOMENTUM_NEGATIVE,,2026-09-15T16:50:03.746178+07:00,HSX,,,,,,,,2026-09-15,2026-09-15,0,OFFICIAL_STOCK_MASTER_SECURITY_TYPE_NOT_COMMON_EQUITY_PROVEN,HOSE,hose_public_stock_master/v1,,OFFICIAL_CURRENT_EXCHANGE_SECURITY,,true,,EXACT_SESSION_RETAINED,CURRENT_DESCRIPTIVE_DNSE_REST_ADJUSTED_RETROSPECTIVE_RAW_AS_TRADED_NOT_PROMOTED,DIRECT_CANONICAL_MAPPING
CCR,2026-09-15,14.2,-0.006993006993007089,,,,,,,,,,,,,,,,,ABOVE_MA20_MOMENTUM_POSITIVE,,2026-09-15T16:50:03.746178+07:00,DELISTED,,,,,,,,2026-09-15,2026-09-15,0,EXCHANGE_STOCK_LIST_CANDIDATE_NOT_COMMON_EQUITY_PROVEN,HNX_LISTED,hnx_official_equity_universe/v1,,OFFICIAL_CURRENT_STOCK_LIST_CANDIDATE,,true,,EXACT_SESSION_RETAINED,CURRENT_DESCRIPTIVE_DNSE_REST_ADJUSTED_RETROSPECTIVE_RAW_AS_TRADED_NOT_PROMOTED,DIRECT_CANONICAL_MAPPING
CCS,2026-09-15,7.4,-0.02631578947368407,,,,,,,,,,,,,,,,,BELOW_MA20_MOMENTUM_NEGATIVE,,2026-09-15T16:50:03.746178+07:00,UPCOM,,,,,,,,2026-09-15,2026-09-15,0,EXCHANGE_STOCK_LIST_CANDIDATE_NOT_COMMON_EQUITY_PROVEN,UPCOM,hnx_official_equity_universe/v1,,OFFICIAL_CURRENT_STOCK_LIST_CANDIDATE,,true,,EXACT_SESSION_RETAINED,CURRENT_DESCRIPTIVE_DNSE_REST_ADJUSTED_RETROSPECTIVE_RAW_AS_TRADED_NOT_PROMOTED,DIRECT_CANONICAL_MAPPING
CDC,2026-09-15,19.25,0.00785340314136107,,,,,,,,,,,,,,,,,ABOVE_MA20_MOMENTUM_POSITIVE,,2026-09-15T16:50:03.746178+07:00,HSX,,,,,,,,2026-09-15,2026-09-15,0,OFFICIAL_STOCK_MASTER_SECURITY_TYPE_NOT_COMMON_EQUITY_PROVEN,HOSE,hose_public_stock_master/v1,,OFFICIAL_CURRENT_EXCHANGE_SECURITY,,true,,EXACT_SESSION_RETAINED,CURRENT_DESCRIPTIVE_DNSE_REST_ADJUSTED_RETROSPECTIVE_RAW_AS_TRADED_NOT_PROMOTED,DIRECT_CANONICAL_MAPPING
CDN,2026-09-15,24.9,0.004032258064516014,,,,,,,,,,,,,,,,,BELOW_MA20_MOMENTUM_NEGATIVE,,2026-09-15T16:50:03.746178+07:00,DELISTED,,,,,,,,2026-09-15,2026-09-15,0,EXCHANGE_STOCK_LIST_CANDIDATE_NOT_COMMON_EQUITY_PROVEN,HNX_LISTED,hnx_official_equity_universe/v1,,OFFICIAL_CURRENT_STOCK_LIST_CANDIDATE,,true,,EXACT_SESSION_RETAINED,CURRENT_DESCRIPTIVE_DNSE_REST_ADJUSTED_RETROSPECTIVE_RAW_AS_TRADED_NOT_PROMOTED,DIRECT_CANONICAL_MAPPING
CDP,2026-09-15,10,-0.04761904761904767,,,,,,,,,,,,,,,,,BELOW_MA20_MOMENTUM_POSITIVE,,2026-09-15T16:50:03.746178+07:00,UPCOM,,,,,,,,2026-09-15,2026-09-15,0,EXCHANGE_STOCK_LIST_CANDIDATE_NOT_COMMON_EQUITY_PROVEN,UPCOM,hnx_official_equity_universe/v1,,OFFICIAL_CURRENT_STOCK_LIST_CANDIDATE,,true,,EXACT_SESSION_RETAINED,CURRENT_DESCRIPTIVE_DNSE_REST_ADJUSTED_RETROSPECTIVE_RAW_AS_TRADED_NOT_PROMOTED,DIRECT_CANONICAL_MAPPING
CDR,2026-09-15,4.2,-0.023255813953488302,,,,,,,,,,,,,,,,,BELOW_MA20_MOMENTUM_NEGATIVE,,2026-09-15T16:50:03.746178+07:00,UPCOM,,,,,,,,2026-09-15,2026-09-15,0,EXCHANGE_STOCK_LIST_CANDIDATE_NOT_COMMON_EQUITY_PROVEN,UPCOM,hnx_official_equity_universe/v1,,OFFICIAL_CURRENT_STOCK_LIST_CANDIDATE,,true,,EXACT_SESSION_RETAINED,CURRENT_DESCRIPTIVE_DNSE_REST_ADJUSTED_RETROSPECTIVE_RAW_AS_TRADED_NOT_PROMOTED,DIRECT_CANONICAL_MAPPING
CEO,2026-09-15,11.8,0.017241379310344973,,,,,,,,,,,,,,,,,BELOW_MA20_MOMENTUM_NEGATIVE,,2026-09-15T16:50:03.746178+07:00,DELISTED,,,,,,,,2026-09-15,2026-09-15,0,EXCHANGE_STOCK_LIST_CANDIDATE_NOT_COMMON_EQUITY_PROVEN,HNX_LISTED,hnx_official_equity_universe/v1,,OFFICIAL_CURRENT_STOCK_LIST_CANDIDATE,,true,,EXACT_SESSION_RETAINED,CURRENT_DESCRIPTIVE_DNSE_REST_ADJUSTED_RETROSPECTIVE_RAW_AS_TRADED_NOT_PROMOTED,DIRECT_CANONICAL_MAPPING
CFV,2026-09-15,15.4,0.14925373134328357,,,,,,,,,,,,,,,,,BELOW_MA20_MOMENTUM_NEGATIVE,,2026-09-15T16:50:03.746178+07:00,UPCOM,,,,,,,,2026-09-15,2026-09-15,0,EXCHANGE_STOCK_LIST_CANDIDATE_NOT_COMMON_EQUITY_PROVEN,UPCOM,hnx_official_equity_universe/v1,,OFFICIAL_CURRENT_STOCK_LIST_CANDIDATE,,true,,EXACT_SESSION_RETAINED,CURRENT_DESCRIPTIVE_DNSE_REST_ADJUSTED_RETROSPECTIVE_RAW_AS_TRADED_NOT_PROMOTED,DIRECT_CANONICAL_MAPPING
CHP,2026-09-15,25.9,0.0,,,,,,,,,,,,,,,,,NEAR_MA20_NEUTRAL,,2026-09-15T16:50:03.746178+07:00,HSX,,,,,,,,2026-09-15,2026-09-15,0,OFFICIAL_STOCK_MASTER_SECURITY_TYPE_NOT_COMMON_EQUITY_PROVEN,HOSE,hose_public_stock_master/v1,,OFFICIAL_CURRENT_EXCHANGE_SECURITY,,true,,EXACT_SESSION_RETAINED,CURRENT_DESCRIPTIVE_DNSE_REST_ADJUSTED_RETROSPECTIVE_RAW_AS_TRADED_NOT_PROMOTED,DIRECT_CANONICAL_MAPPING
CIA,2026-09-15,8.3,-0.09782608695652162,,,,,,,,,,,,,,,,,BELOW_MA20_MOMENTUM_NEGATIVE,,2026-09-15T16:50:03.746178+07:00,DELISTED,,,,,,,,2026-09-15,2026-09-15,0,EXCHANGE_STOCK_LIST_CANDIDATE_NOT_COMMON_EQUITY_PROVEN,HNX_LISTED,hnx_official_equity_universe/v1,,OFFICIAL_CURRENT_STOCK_LIST_CANDIDATE,,true,,EXACT_SESSION_RETAINED,CURRENT_DESCRIPTIVE_DNSE_REST_ADJUSTED_RETROSPECTIVE_RAW_AS_TRADED_NOT_PROMOTED,DIRECT_CANONICAL_MAPPING
CIG,2026-09-15,7.59,0.05857740585774063,,,,,,,,,,,,,,,,,NEAR_MA20_NEUTRAL,,2026-09-15T16:50:03.746178+07:00,HSX,,,,,,,,2026-09-15,2026-09-15,0,OFFICIAL_STOCK_MASTER_SECURITY_TYPE_NOT_COMMON_EQUITY_PROVEN,HOSE,hose_public_stock_master/v1,,OFFICIAL_CURRENT_EXCHANGE_SECURITY,,true,,EXACT_SESSION_RETAINED,CURRENT_DESCRIPTIVE_DNSE_REST_ADJUSTED_RETROSPECTIVE_RAW_AS_TRADED_NOT_PROMOTED,DIRECT_CANONICAL_MAPPING
CII,2026-09-15,13,0.0038610038610038533,,,,,,,,,,,,,,,,,BELOW_MA20_MOMENTUM_NEGATIVE,,2026-09-15T16:50:03.746178+07:00,HSX,,,,,,,,2026-09-15,2026-09-15,0,OFFICIAL_STOCK_MASTER_SECURITY_TYPE_NOT_COMMON_EQUITY_PROVEN,HOSE,hose_public_stock_master/v1,,OFFICIAL_CURRENT_EXCHANGE_SECURITY,,true,,EXACT_SESSION_RETAINED,CURRENT_DESCRIPTIVE_DNSE_REST_ADJUSTED_RETROSPECTIVE_RAW_AS_TRADED_NOT_PROMOTED,DIRECT_CANONICAL_MAPPING
CIP,2026-09-15,1.7,0.0625,,,,,,,,,,,,,,,,,BELOW_MA20_MOMENTUM_NEGATIVE,,2026-09-15T16:50:03.746178+07:00,UPCOM,,,,,,,,2026-09-15,2026-09-15,0,EXCHANGE_STOCK_LIST_CANDIDATE_NOT_COMMON_EQUITY_PROVEN,UPCOM,hnx_official_equity_universe/v1,,OFFICIAL_CURRENT_STOCK_LIST_CANDIDATE,,true,,EXACT_SESSION_RETAINED,CURRENT_DESCRIPTIVE_DNSE_REST_ADJUSTED_RETROSPECTIVE_RAW_AS_TRADED_NOT_PROMOTED,DIRECT_CANONICAL_MAPPING
CKA,2026-09-15,69.1,0.002902757619738683,,,,,,,,,,,,,,,,,ABOVE_MA20_MOMENTUM_POSITIVE,,2026-09-15T16:50:03.746178+07:00,UPCOM,,,,,,,,2026-09-15,2026-09-15,0,EXCHANGE_STOCK_LIST_CANDIDATE_NOT_COMMON_EQUITY_PROVEN,UPCOM,hnx_official_equity_universe/v1,,OFFICIAL_CURRENT_STOCK_LIST_CANDIDATE,,true,,EXACT_SESSION_RETAINED,CURRENT_DESCRIPTIVE_DNSE_REST_ADJUSTED_RETROSPECTIVE_RAW_AS_TRADED_NOT_PROMOTED,DIRECT_CANONICAL_MAPPING
CKD,2026-09-15,22.1,0.15706806282722519,,,,,,,,,,,,,,,,,BELOW_MA20_MOMENTUM_POSITIVE,,2026-09-15T16:50:03.746178+07:00,UPCOM,,,,,,,,2026-09-15,2026-09-15,0,EXCHANGE_STOCK_LIST_CANDIDATE_NOT_COMMON_EQUITY_PROVEN,UPCOM,hnx_official_equity_universe/v1,,OFFICIAL_CURRENT_STOCK_LIST_CANDIDATE,,true,,EXACT_SESSION_RETAINED,CURRENT_DESCRIPTIVE_DNSE_REST_ADJUSTED_RETROSPECTIVE_RAW_AS_TRADED_NOT_PROMOTED,DIRECT_CANONICAL_MAPPING
CKG,2026-09-15,5.85,0.044642857142857206,,,,,,,,,,,,,,,,,BELOW_MA20_MOMENTUM_NEGATIVE,,2026-09-15T16:50:03.746178+07:00,HSX,,,,,,,,2026-09-15,2026-09-15,0,OFFICIAL_STOCK_MASTER_SECURITY_TYPE_NOT_COMMON_EQUITY_PROVEN,HOSE,hose_public_stock_master/v1,,OFFICIAL_CURRENT_EXCHANGE_SECURITY,,true,,EXACT_SESSION_RETAINED,CURRENT_DESCRIPTIVE_DNSE_REST_ADJUSTED_RETROSPECTIVE_RAW_AS_TRADED_NOT_PROMOTED,DIRECT_CANONICAL_MAPPING
CLC,2026-09-15,54,0.0,,,,,,,,,,,,,,,,,ABOVE_MA20_MOMENTUM_POSITIVE,,2026-09-15T16:50:03.746178+07:00,HSX,,,,,,,,2026-09-15,2026-09-15,0,OFFICIAL_STOCK_MASTER_SECURITY_TYPE_NOT_COMMON_EQUITY_PROVEN,HOSE,hose_public_stock_master/v1,,OFFICIAL_CURRENT_EXCHANGE_SECURITY,,true,,EXACT_SESSION_RETAINED,CURRENT_DESCRIPTIVE_DNSE_REST_ADJUSTED_RETROSPECTIVE_RAW_AS_TRADED_NOT_PROMOTED,DIRECT_CANONICAL_MAPPING
CLH,2026-09-15,20,0.0,,,,,,,,,,,,,,,,,NEAR_MA20_NEUTRAL,,2026-09-15T16:50:03.746178+07:00,DELISTED,,,,,,,,2026-09-15,2026-09-15,0,EXCHANGE_STOCK_LIST_CANDIDATE_NOT_COMMON_EQUITY_PROVEN,HNX_LISTED,hnx_official_equity_universe/v1,,OFFICIAL_CURRENT_STOCK_LIST_CANDIDATE,,true,,EXACT_SESSION_RETAINED,CURRENT_DESCRIPTIVE_DNSE_REST_ADJUSTED_RETROSPECTIVE_RAW_AS_TRADED_NOT_PROMOTED,DIRECT_CANONICAL_MAPPING
CLI,2026-09-15,26.9,0.0074906367041198685,,,,,,,,,,,,,,,,,NEAR_MA20_NEUTRAL,,2026-09-15T16:50:03.746178+07:00,UPCOM,,,,,,,,2026-09-15,2026-09-15,0,EXCHANGE_STOCK_LIST_CANDIDATE_NOT_COMMON_EQUITY_PROVEN,UPCOM,hnx_official_equity_universe/v1,,OFFICIAL_CURRENT_STOCK_LIST_CANDIDATE,,true,,EXACT_SESSION_RETAINED,CURRENT_DESCRIPTIVE_DNSE_REST_ADJUSTED_RETROSPECTIVE_RAW_AS_TRADED_NOT_PROMOTED,DIRECT_CANONICAL_MAPPING
CLL,2026-09-15,27.05,0.0018518518518517713,,,,,,,,,,,,,,,,,BELOW_MA20_MOMENTUM_NEGATIVE,,2026-09-15T16:50:03.746178+07:00,HSX,,,,,,,,2026-09-15,2026-09-15,0,OFFICIAL_STOCK_MASTER_SECURITY_TYPE_NOT_COMMON_EQUITY_PROVEN,HOSE,hose_public_stock_master/v1,,OFFICIAL_CURRENT_EXCHANGE_SECURITY,,true,,EXACT_SESSION_RETAINED,CURRENT_DESCRIPTIVE_DNSE_REST_ADJUSTED_RETROSPECTIVE_RAW_AS_TRADED_NOT_PROMOTED,DIRECT_CANONICAL_MAPPING
CLM,2026-09-15,56.8,0.014285714285714235,,,,,,,,,,,,,,,,,ABOVE_MA20_MOMENTUM_POSITIVE,,2026-09-15T16:50:03.746178+07:00,DELISTED,,,,,,,,2026-09-15,2026-09-15,0,EXCHANGE_STOCK_LIST_CANDIDATE_NOT_COMMON_EQUITY_PROVEN,HNX_LISTED,hnx_official_equity_universe/v1,,OFFICIAL_CURRENT_STOCK_LIST_CANDIDATE,,true,,EXACT_SESSION_RETAINED,CURRENT_DESCRIPTIVE_DNSE_REST_ADJUSTED_RETROSPECTIVE_RAW_AS_TRADED_NOT_PROMOTED,DIRECT_CANONICAL_MAPPING
CLX,2026-09-15,12.8,0.0,,,,,,,,,,,,,,,,,BELOW_MA20_MOMENTUM_NEGATIVE,,2026-09-15T16:50:03.746178+07:00,UPCOM,,,,,,,,2026-09-15,2026-09-15,0,EXCHANGE_STOCK_LIST_CANDIDATE_NOT_COMMON_EQUITY_PROVEN,UPCOM,hnx_official_equity_universe/v1,,OFFICIAL_CURRENT_STOCK_LIST_CANDIDATE,,true,,EXACT_SESSION_RETAINED,CURRENT_DESCRIPTIVE_DNSE_REST_ADJUSTED_RETROSPECTIVE_RAW_AS_TRADED_NOT_PROMOTED,DIRECT_CANONICAL_MAPPING
CMC,2026-09-15,8.7,0.0,,,,,,,,,,,,,,,,,BELOW_MA20_MOMENTUM_NEGATIVE,,2026-09-15T16:50:03.746178+07:00,DELISTED,,,,,,,,2026-09-15,2026-09-15,0,EXCHANGE_STOCK_LIST_CANDIDATE_NOT_COMMON_EQUITY_PROVEN,HNX_LISTED,hnx_official_equity_universe/v1,,OFFICIAL_CURRENT_STOCK_LIST_CANDIDATE,,true,,EXACT_SESSION_RETAINED,CURRENT_DESCRIPTIVE_DNSE_REST_ADJUSTED_RETROSPECTIVE_RAW_AS_TRADED_NOT_PROMOTED,DIRECT_CANONICAL_MAPPING
CMD,2026-09-15,17.8,0.0,,,,,,,,,,,,,,,,,BELOW_MA20_MOMENTUM_NEGATIVE,,2026-09-15T16:50:03.746178+07:00,UPCOM,,,,,,,,2026-09-15,2026-09-15,0,EXCHANGE_STOCK_LIST_CANDIDATE_NOT_COMMON_EQUITY_PROVEN,UPCOM,hnx_official_equity_universe/v1,,OFFICIAL_CURRENT_STOCK_LIST_CANDIDATE,,true,,EXACT_SESSION_RETAINED,CURRENT_DESCRIPTIVE_DNSE_REST_ADJUSTED_RETROSPECTIVE_RAW_AS_TRADED_NOT_PROMOTED,DIRECT_CANONICAL_MAPPING
CMG,2026-09-15,22.8,0.01333333333333342,,,,,,,,,,,,,,,,,BELOW_MA20_MOMENTUM_NEGATIVE,,2026-09-15T16:50:03.746178+07:00,HSX,,,,,,,,2026-09-15,2026-09-15,0,OFFICIAL_STOCK_MASTER_SECURITY_TYPE_NOT_COMMON_EQUITY_PROVEN,HOSE,hose_public_stock_master/v1,,OFFICIAL_CURRENT_EXCHANGE_SECURITY,,true,,EXACT_SESSION_RETAINED,CURRENT_DESCRIPTIVE_DNSE_REST_ADJUSTED_RETROSPECTIVE_RAW_AS_TRADED_NOT_PROMOTED,DIRECT_CANONICAL_MAPPING
CMM,2026-09-15,14.9,0.04929577464788748,,,,,,,,,,,,,,,,,BELOW_MA20_MOMENTUM_NEGATIVE,,2026-09-15T16:50:03.746178+07:00,UPCOM,,,,,,,,2026-09-15,2026-09-15,0,EXCHANGE_STOCK_LIST_CANDIDATE_NOT_COMMON_EQUITY_PROVEN,UPCOM,hnx_official_equity_universe/v1,,OFFICIAL_CURRENT_STOCK_LIST_CANDIDATE,,true,,EXACT_SESSION_RETAINED,CURRENT_DESCRIPTIVE_DNSE_REST_ADJUSTED_RETROSPECTIVE_RAW_AS_TRADED_NOT_PROMOTED,DIRECT_CANONICAL_MAPPING
CMN,2026-09-15,16.2,0.006211180124223503,,,,,,,,,,,,,,,,,BELOW_MA20_MOMENTUM_NEGATIVE,,2026-09-15T16:50:03.746178+07:00,UPCOM,,,,,,,,2026-09-15,2026-09-15,0,EXCHANGE_STOCK_LIST_CANDIDATE_NOT_COMMON_EQUITY_PROVEN,UPCOM,hnx_official_equity_universe/v1,,OFFICIAL_CURRENT_STOCK_LIST_CANDIDATE,,true,,EXACT_SESSION_RETAINED,CURRENT_DESCRIPTIVE_DNSE_REST_ADJUSTED_RETROSPECTIVE_RAW_AS_TRADED_NOT_PROMOTED,DIRECT_CANONICAL_MAPPING
CMS,2026-09-15,5.3,0.019230769230769162,,,,,,,,,,,,,,,,,BELOW_MA20_MOMENTUM_NEGATIVE,,2026-09-15T16:50:03.746178+07:00,DELISTED,,,,,,,,2026-09-15,2026-09-15,0,EXCHANGE_STOCK_LIST_CANDIDATE_NOT_COMMON_EQUITY_PROVEN,HNX_LISTED,hnx_official_equity_universe/v1,,OFFICIAL_CURRENT_STOCK_LIST_CANDIDATE,,true,,EXACT_SESSION_RETAINED,CURRENT_DESCRIPTIVE_DNSE_REST_ADJUSTED_RETROSPECTIVE_RAW_AS_TRADED_NOT_PROMOTED,DIRECT_CANONICAL_MAPPING
CMW,2026-09-15,11.9,-0.15000000000000002,,,,,,,,,,,,,,,,,BELOW_MA20_MOMENTUM_NEGATIVE,,2026-09-15T16:50:03.746178+07:00,UPCOM,,,,,,,,2026-09-15,2026-09-15,0,EXCHANGE_STOCK_LIST_CANDIDATE_NOT_COMMON_EQUITY_PROVEN,UPCOM,hnx_official_equity_universe/v1,,OFFICIAL_CURRENT_STOCK_LIST_CANDIDATE,,true,,EXACT_SESSION_RETAINED,CURRENT_DESCRIPTIVE_DNSE_REST_ADJUSTED_RETROSPECTIVE_RAW_AS_TRADED_NOT_PROMOTED,DIRECT_CANONICAL_MAPPING
CMX,2026-09-15,4.62,0.013157894736842257,,,,,,,,,,,,,,,,,BELOW_MA20_MOMENTUM_NEGATIVE,,2026-09-15T16:50:03.746178+07:00,HSX,,,,,,,,2026-09-15,2026-09-15,0,OFFICIAL_STOCK_MASTER_SECURITY_TYPE_NOT_COMMON_EQUITY_PROVEN,HOSE,hose_public_stock_master/v1,,OFFICIAL_CURRENT_EXCHANGE_SECURITY,,true,,EXACT_SESSION_RETAINED,CURRENT_DESCRIPTIVE_DNSE_REST_ADJUSTED_RETROSPECTIVE_RAW_AS_TRADED_NOT_PROMOTED,DIRECT_CANONICAL_MAPPING
CNG,2026-09-15,22.35,0.015909090909090873,,,,,,,,,,,,,,,,,BELOW_MA20_MOMENTUM_NEGATIVE,,2026-09-15T16:50:03.746178+07:00,HSX,,,,,,,,2026-09-15,2026-09-15,0,OFFICIAL_STOCK_MASTER_SECURITY_TYPE_NOT_COMMON_EQUITY_PROVEN,HOSE,hose_public_stock_master/v1,,OFFICIAL_CURRENT_EXCHANGE_SECURITY,,true,,EXACT_SESSION_RETAINED,CURRENT_DESCRIPTIVE_DNSE_REST_ADJUSTED_RETROSPECTIVE_RAW_AS_TRADED_NOT_PROMOTED,DIRECT_CANONICAL_MAPPING
CNT,2026-09-15,5,0.0,,,,,,,,,,,,,,,,,BELOW_MA20_MOMENTUM_NEGATIVE,,2026-09-15T16:50:03.746178+07:00,UPCOM,,,,,,,,2026-09-15,2026-09-15,0,EXCHANGE_STOCK_LIST_CANDIDATE_NOT_COMMON_EQUITY_PROVEN,UPCOM,hnx_official_equity_universe/v1,,OFFICIAL_CURRENT_STOCK_LIST_CANDIDATE,,true,,EXACT_SESSION_RETAINED,CURRENT_DESCRIPTIVE_DNSE_REST_ADJUSTED_RETROSPECTIVE_RAW_AS_TRADED_NOT_PROMOTED,DIRECT_CANONICAL_MAPPING
CPC,2026-09-15,16.8,0.05660377358490565,,,,,,,,,,,,,,,,,ABOVE_MA20_MOMENTUM_POSITIVE,,2026-09-15T16:50:03.746178+07:00,DELISTED,,,,,,,,2026-09-15,2026-09-15,0,EXCHANGE_STOCK_LIST_CANDIDATE_NOT_COMMON_EQUITY_PROVEN,HNX_LISTED,hnx_official_equity_universe/v1,,OFFICIAL_CURRENT_STOCK_LIST_CANDIDATE,,true,,EXACT_SESSION_RETAINED,CURRENT_DESCRIPTIVE_DNSE_REST_ADJUSTED_RETROSPECTIVE_RAW_AS_TRADED_NOT_PROMOTED,DIRECT_CANONICAL_MAPPING
CQN,2026-09-15,30,0.0,,,,,,,,,,,,,,,,,NEAR_MA20_NEUTRAL,,2026-09-15T16:50:03.746178+07:00,UPCOM,,,,,,,,2026-09-15,2026-09-15,0,EXCHANGE_STOCK_LIST_CANDIDATE_NOT_COMMON_EQUITY_PROVEN,UPCOM,hnx_official_equity_universe/v1,,OFFICIAL_CURRENT_STOCK_LIST_CANDIDATE,,true,,EXACT_SESSION_RETAINED,CURRENT_DESCRIPTIVE_DNSE_REST_ADJUSTED_RETROSPECTIVE_RAW_AS_TRADED_NOT_PROMOTED,DIRECT_CANONICAL_MAPPING
CRC,2026-09-15,5.16,-0.0019342359767891004,,,,,,,,,,,,,,,,,BELOW_MA20_MOMENTUM_NEGATIVE,,2026-09-15T16:50:03.746178+07:00,HSX,,,,,,,,2026-09-15,2026-09-15,0,OFFICIAL_STOCK_MASTER_SECURITY_TYPE_NOT_COMMON_EQUITY_PROVEN,HOSE,hose_public_stock_master/v1,,OFFICIAL_CURRENT_EXCHANGE_SECURITY,,true,,EXACT_SESSION_RETAINED,CURRENT_DESCRIPTIVE_DNSE_REST_ADJUSTED_RETROSPECTIVE_RAW_AS_TRADED_NOT_PROMOTED,DIRECT_CANONICAL_MAPPING
CRE,2026-09-15,6.15,-0.008064516129032251,,,,,,,,,,,,,,,,,BELOW_MA20_MOMENTUM_NEGATIVE,,2026-09-15T16:50:03.746178+07:00,HSX,,,,,,,,2026-09-15,2026-09-15,0,OFFICIAL_STOCK_MASTER_SECURITY_TYPE_NOT_COMMON_EQUITY_PROVEN,HOSE,hose_public_stock_master/v1,,OFFICIAL_CURRENT_EXCHANGE_SECURITY,,true,,EXACT_SESSION_RETAINED,CURRENT_DESCRIPTIVE_DNSE_REST_ADJUSTED_RETROSPECTIVE_RAW_AS_TRADED_NOT_PROMOTED,DIRECT_CANONICAL_MAPPING
CRV,2026-09-15,23.3,0.0,,,,,,,,,,,,,,,,,BELOW_MA20_MOMENTUM_NEGATIVE,,2026-09-15T16:50:03.746178+07:00,HSX,,,,,,,,2026-09-15,2026-09-15,0,OFFICIAL_STOCK_MASTER_SECURITY_TYPE_NOT_COMMON_EQUITY_PROVEN,HOSE,hose_public_stock_master/v1,,OFFICIAL_CURRENT_EXCHANGE_SECURITY,,true,,EXACT_SESSION_RETAINED,CURRENT_DESCRIPTIVE_DNSE_REST_ADJUSTED_RETROSPECTIVE_RAW_AS_TRADED_NOT_PROMOTED,DIRECT_CANONICAL_MAPPING
CSC,2026-09-15,8.7,0.011627906976744207,,,,,,,,,,,,,,,,,BELOW_MA20_MOMENTUM_NEGATIVE,,2026-09-15T16:50:03.746178+07:00,DELISTED,,,,,,,,2026-09-15,2026-09-15,0,EXCHANGE_STOCK_LIST_CANDIDATE_NOT_COMMON_EQUITY_PROVEN,HNX_LISTED,hnx_official_equity_universe/v1,,OFFICIAL_CURRENT_STOCK_LIST_CANDIDATE,,true,,EXACT_SESSION_RETAINED,CURRENT_DESCRIPTIVE_DNSE_REST_ADJUSTED_RETROSPECTIVE_RAW_AS_TRADED_NOT_PROMOTED,DIRECT_CANONICAL_MAPPING
CSI,2026-09-15,15.3,0.00657894736842124,,,,,,,,,,,,,,,,,BELOW_MA20_MOMENTUM_NEGATIVE,,2026-09-15T16:50:03.746178+07:00,UPCOM,,,,,,,,2026-09-15,2026-09-15,0,EXCHANGE_STOCK_LIST_CANDIDATE_NOT_COMMON_EQUITY_PROVEN,UPCOM,hnx_official_equity_universe/v1,,OFFICIAL_CURRENT_STOCK_LIST_CANDIDATE,,true,,EXACT_SESSION_RETAINED,CURRENT_DESCRIPTIVE_DNSE_REST_ADJUSTED_RETROSPECTIVE_RAW_AS_TRADED_NOT_PROMOTED,DIRECT_CANONICAL_MAPPING
CSM,2026-09-15,12.65,0.01200000000000001,,,,,,,,,,,,,,,,,BELOW_MA20_MOMENTUM_NEGATIVE,,2026-09-15T16:50:03.746178+07:00,HSX,,,,,,,,2026-09-15,2026-09-15,0,OFFICIAL_STOCK_MASTER_SECURITY_TYPE_NOT_COMMON_EQUITY_PROVEN,HOSE,hose_public_stock_master/v1,,OFFICIAL_CURRENT_EXCHANGE_SECURITY,,true,,EXACT_SESSION_RETAINED,CURRENT_DESCRIPTIVE_DNSE_REST_ADJUSTED_RETROSPECTIVE_RAW_AS_TRADED_NOT_PROMOTED,DIRECT_CANONICAL_MAPPING
CST,2026-09-15,10,0.0,,,,,,,,,,,,,,,,,BELOW_MA20_MOMENTUM_NEGATIVE,,2026-09-15T16:50:03.746178+07:00,DELISTED,,,,,,,,2026-09-15,2026-09-15,0,EXCHANGE_STOCK_LIST_CANDIDATE_NOT_COMMON_EQUITY_PROVEN,HNX_LISTED,hnx_official_equity_universe/v1,,OFFICIAL_CURRENT_STOCK_LIST_CANDIDATE,,true,,EXACT_SESSION_RETAINED,CURRENT_DESCRIPTIVE_DNSE_REST_ADJUSTED_RETROSPECTIVE_RAW_AS_TRADED_NOT_PROMOTED,DIRECT_CANONICAL_MAPPING
CSV,2026-09-15,20.8,0.02716049382716057,,,,,,,,,,,,,,,,,BELOW_MA20_MOMENTUM_NEGATIVE,,2026-09-15T16:50:03.746178+07:00,HSX,,,,,,,,2026-09-15,2026-09-15,0,OFFICIAL_STOCK_MASTER_SECURITY_TYPE_NOT_COMMON_EQUITY_PROVEN,HOSE,hose_public_stock_master/v1,,OFFICIAL_CURRENT_EXCHANGE_SECURITY,,true,,EXACT_SESSION_RETAINED,CURRENT_DESCRIPTIVE_DNSE_REST_ADJUSTED_RETROSPECTIVE_RAW_AS_TRADED_NOT_PROMOTED,DIRECT_CANONICAL_MAPPING
CTB,2026-09-15,17.5,0.08024691358024705,,,,,,,,,,,,,,,,,ABOVE_MA20_MOMENTUM_POSITIVE,,2026-09-15T16:50:03.746178+07:00,DELISTED,,,,,,,,2026-09-15,2026-09-15,0,EXCHANGE_STOCK_LIST_CANDIDATE_NOT_COMMON_EQUITY_PROVEN,HNX_LISTED,hnx_official_equity_universe/v1,,OFFICIAL_CURRENT_STOCK_LIST_CANDIDATE,,true,,EXACT_SESSION_RETAINED,CURRENT_DESCRIPTIVE_DNSE_REST_ADJUSTED_RETROSPECTIVE_RAW_AS_TRADED_NOT_PROMOTED,DIRECT_CANONICAL_MAPPING
CTD,2026-09-15,58.3,0.005172413793103292,,,,,,,,,,,,,,,,,BELOW_MA20_MOMENTUM_NEGATIVE,,2026-09-15T16:50:03.746178+07:00,HSX,,,,,,,,2026-09-15,2026-09-15,0,OFFICIAL_STOCK_MASTER_SECURITY_TYPE_NOT_COMMON_EQUITY_PROVEN,HOSE,hose_public_stock_master/v1,,OFFICIAL_CURRENT_EXCHANGE_SECURITY,,true,,EXACT_SESSION_RETAINED,CURRENT_DESCRIPTIVE_DNSE_REST_ADJUSTED_RETROSPECTIVE_RAW_AS_TRADED_NOT_PROMOTED,DIRECT_CANONICAL_MAPPING
CTF,2026-09-15,21.2,0.0023640661938535423,,,,,,,,,,,,,,,,,ABOVE_MA20_MOMENTUM_POSITIVE,,2026-09-15T16:50:03.746178+07:00,HSX,,,,,,,,2026-09-15,2026-09-15,0,OFFICIAL_STOCK_MASTER_SECURITY_TYPE_NOT_COMMON_EQUITY_PROVEN,HOSE,hose_public_stock_master/v1,,OFFICIAL_CURRENT_EXCHANGE_SECURITY,,true,,EXACT_SESSION_RETAINED,CURRENT_DESCRIPTIVE_DNSE_REST_ADJUSTED_RETROSPECTIVE_RAW_AS_TRADED_NOT_PROMOTED,DIRECT_CANONICAL_MAPPING
CTG,2026-09-15,30.55,0.02345058626465657,,,,,,,,,,,,,,,,,BELOW_MA20_MOMENTUM_NEGATIVE,,2026-09-15T16:50:03.746178+07:00,HSX,,,,,,,,2026-09-15,2026-09-15,0,OFFICIAL_STOCK_MASTER_SECURITY_TYPE_NOT_COMMON_EQUITY_PROVEN,HOSE,hose_public_stock_master/v1,,OFFICIAL_CURRENT_EXCHANGE_SECURITY,,true,,EXACT_SESSION_RETAINED,CURRENT_DESCRIPTIVE_DNSE_REST_ADJUSTED_RETROSPECTIVE_RAW_AS_TRADED_NOT_PROMOTED,DIRECT_CANONICAL_MAPPING
CTI,2026-09-15,15.5,0.0,,,,,,,,,,,,,,,,,BELOW_MA20_MOMENTUM_NEGATIVE,,2026-09-15T16:50:03.746178+07:00,HSX,,,,,,,,2026-09-15,2026-09-15,0,OFFICIAL_STOCK_MASTER_SECURITY_TYPE_NOT_COMMON_EQUITY_PROVEN,HOSE,hose_public_stock_master/v1,,OFFICIAL_CURRENT_EXCHANGE_SECURITY,,true,,EXACT_SESSION_RETAINED,CURRENT_DESCRIPTIVE_DNSE_REST_ADJUSTED_RETROSPECTIVE_RAW_AS_TRADED_NOT_PROMOTED,DIRECT_CANONICAL_MAPPING
CTP,2026-09-15,6.4,-0.01538461538461533,,,,,,,,,,,,,,,,,BELOW_MA20_MOMENTUM_NEGATIVE,,2026-09-15T16:50:03.746178+07:00,DELISTED,,,,,,,,2026-09-15,2026-09-15,0,EXCHANGE_STOCK_LIST_CANDIDATE_NOT_COMMON_EQUITY_PROVEN,HNX_LISTED,hnx_official_equity_universe/v1,,OFFICIAL_CURRENT_STOCK_LIST_CANDIDATE,,true,,EXACT_SESSION_RETAINED,CURRENT_DESCRIPTIVE_DNSE_REST_ADJUSTED_RETROSPECTIVE_RAW_AS_TRADED_NOT_PROMOTED,DIRECT_CANONICAL_MAPPING
CTR,2026-09-15,72.6,0.0013793103448274113,,,,,,,,,,,,,,,,,BELOW_MA20_MOMENTUM_NEGATIVE,,2026-09-15T16:50:03.746178+07:00,HSX,,,,,,,,2026-09-15,2026-09-15,0,OFFICIAL_STOCK_MASTER_SECURITY_TYPE_NOT_COMMON_EQUITY_PROVEN,HOSE,hose_public_stock_master/v1,,OFFICIAL_CURRENT_EXCHANGE_SECURITY,,true,,EXACT_SESSION_RETAINED,CURRENT_DESCRIPTIVE_DNSE_REST_ADJUSTED_RETROSPECTIVE_RAW_AS_TRADED_NOT_PROMOTED,DIRECT_CANONICAL_MAPPING
CTS,2026-09-15,21.7,0.011655011655011593,,,,,,,,,,,,,,,,,BELOW_MA20_MOMENTUM_NEGATIVE,,2026-09-15T16:50:03.746178+07:00,HSX,,,,,,,,2026-09-15,2026-09-15,0,OFFICIAL_STOCK_MASTER_SECURITY_TYPE_NOT_COMMON_EQUITY_PROVEN,HOSE,hose_public_stock_master/v1,,OFFICIAL_CURRENT_EXCHANGE_SECURITY,,true,,EXACT_SESSION_RETAINED,CURRENT_DESCRIPTIVE_DNSE_REST_ADJUSTED_RETROSPECTIVE_RAW_AS_TRADED_NOT_PROMOTED,DIRECT_CANONICAL_MAPPING
CTX,2026-09-15,4.7,-0.02083333333333326,,,,,,,,,,,,,,,,,BELOW_MA20_MOMENTUM_NEGATIVE,,2026-09-15T16:50:03.746178+07:00,UPCOM,,,,,,,,2026-09-15,2026-09-15,0,EXCHANGE_STOCK_LIST_CANDIDATE_NOT_COMMON_EQUITY_PROVEN,UPCOM,hnx_official_equity_universe/v1,,OFFICIAL_CURRENT_STOCK_LIST_CANDIDATE,,true,,EXACT_SESSION_RETAINED,CURRENT_DESCRIPTIVE_DNSE_REST_ADJUSTED_RETROSPECTIVE_RAW_AS_TRADED_NOT_PROMOTED,DIRECT_CANONICAL_MAPPING
CVN,2026-09-15,1.2,0.0,,,,,,,,,,,,,,,,,BELOW_MA20_MOMENTUM_NEGATIVE,,2026-09-15T16:50:03.746178+07:00,UPCOM,,,,,,,,2026-09-15,2026-09-15,0,EXCHANGE_STOCK_LIST_CANDIDATE_NOT_COMMON_EQUITY_PROVEN,UPCOM,hnx_official_equity_universe/v1,,OFFICIAL_CURRENT_STOCK_LIST_CANDIDATE,,true,,EXACT_SESSION_RETAINED,CURRENT_DESCRIPTIVE_DNSE_REST_ADJUSTED_RETROSPECTIVE_RAW_AS_TRADED_NOT_PROMOTED,DIRECT_CANONICAL_MAPPING
D11,2026-09-15,11.3,0.008928571428571619,,,,,,,,,,,,,,,,,ABOVE_MA20_MOMENTUM_POSITIVE,,2026-09-15T16:50:03.746178+07:00,DELISTED,,,,,,,,2026-09-15,2026-09-15,0,EXCHANGE_STOCK_LIST_CANDIDATE_NOT_COMMON_EQUITY_PROVEN,HNX_LISTED,hnx_official_equity_universe/v1,,OFFICIAL_CURRENT_STOCK_LIST_CANDIDATE,,true,,EXACT_SESSION_RETAINED,CURRENT_DESCRIPTIVE_DNSE_REST_ADJUSTED_RETROSPECTIVE_RAW_AS_TRADED_NOT_PROMOTED,DIRECT_CANONICAL_MAPPING
D2D,2026-09-15,30.3,0.004975124378109541,,,,,,,,,,,,,,,,,BELOW_MA20_MOMENTUM_NEGATIVE,,2026-09-15T16:50:03.746178+07:00,HSX,,,,,,,,2026-09-15,2026-09-15,0,OFFICIAL_STOCK_MASTER_SECURITY_TYPE_NOT_COMMON_EQUITY_PROVEN,HOSE,hose_public_stock_master/v1,,OFFICIAL_CURRENT_EXCHANGE_SECURITY,,true,,EXACT_SESSION_RETAINED,CURRENT_DESCRIPTIVE_DNSE_REST_ADJUSTED_RETROSPECTIVE_RAW_AS_TRADED_NOT_PROMOTED,DIRECT_CANONICAL_MAPPING
DAH,2026-09-15,2.17,-0.01363636363636378,,,,,,,,,,,,,,,,,BELOW_MA20_MOMENTUM_NEGATIVE,,2026-09-15T16:50:03.746178+07:00,HSX,,,,,,,,2026-09-15,2026-09-15,0,OFFICIAL_STOCK_MASTER_SECURITY_TYPE_NOT_COMMON_EQUITY_PROVEN,HOSE,hose_public_stock_master/v1,,OFFICIAL_CURRENT_EXCHANGE_SECURITY,,true,,EXACT_SESSION_RETAINED,CURRENT_DESCRIPTIVE_DNSE_REST_ADJUSTED_RETROSPECTIVE_RAW_AS_TRADED_NOT_PROMOTED,DIRECT_CANONICAL_MAPPING
DAT,2026-09-15,7.77,-0.028750000000000053,,,,,,,,,,,,,,,,,BELOW_MA20_MOMENTUM_NEGATIVE,,2026-09-15T16:50:03.746178+07:00,HSX,,,,,,,,2026-09-15,2026-09-15,0,OFFICIAL_STOCK_MASTER_SECURITY_TYPE_NOT_COMMON_EQUITY_PROVEN,HOSE,hose_public_stock_master/v1,,OFFICIAL_CURRENT_EXCHANGE_SECURITY,,true,,EXACT_SESSION_RETAINED,CURRENT_DESCRIPTIVE_DNSE_REST_ADJUSTED_RETROSPECTIVE_RAW_AS_TRADED_NOT_PROMOTED,DIRECT_CANONICAL_MAPPING
DBC,2026-09-15,16,0.009463722397476282,,,,,,,,,,,,,,,,,BELOW_MA20_MOMENTUM_NEGATIVE,,2026-09-15T16:50:03.746178+07:00,HSX,,,,,,,,2026-09-15,2026-09-15,0,OFFICIAL_STOCK_MASTER_SECURITY_TYPE_NOT_COMMON_EQUITY_PROVEN,HOSE,hose_public_stock_master/v1,,OFFICIAL_CURRENT_EXCHANGE_SECURITY,,true,,EXACT_SESSION_RETAINED,CURRENT_DESCRIPTIVE_DNSE_REST_ADJUSTED_RETROSPECTIVE_RAW_AS_TRADED_NOT_PROMOTED,DIRECT_CANONICAL_MAPPING
DBD,2026-09-15,47,0.0032017075773744796,,,,,,,,,,,,,,,,,BELOW_MA20_MOMENTUM_NEGATIVE,,2026-09-15T16:50:03.746178+07:00,HSX,,,,,,,,2026-09-15,2026-09-15,0,OFFICIAL_STOCK_MASTER_SECURITY_TYPE_NOT_COMMON_EQUITY_PROVEN,HOSE,hose_public_stock_master/v1,,OFFICIAL_CURRENT_EXCHANGE_SECURITY,,true,,EXACT_SESSION_RETAINED,CURRENT_DESCRIPTIVE_DNSE_REST_ADJUSTED_RETROSPECTIVE_RAW_AS_TRADED_NOT_PROMOTED,DIRECT_CANONICAL_MAPPING
DBT,2026-09-15,13,-0.007633587786259555,,,,,,,,,,,,,,,,,ABOVE_MA20_MOMENTUM_POSITIVE,,2026-09-15T16:50:03.746178+07:00,HSX,,,,,,,,2026-09-15,2026-09-15,0,OFFICIAL_STOCK_MASTER_SECURITY_TYPE_NOT_COMMON_EQUITY_PROVEN,HOSE,hose_public_stock_master/v1,,OFFICIAL_CURRENT_EXCHANGE_SECURITY,,true,,EXACT_SESSION_RETAINED,CURRENT_DESCRIPTIVE_DNSE_REST_ADJUSTED_RETROSPECTIVE_RAW_AS_TRADED_NOT_PROMOTED,DIRECT_CANONICAL_MAPPING
DC1,2026-09-15,5.1,0.020000000000000018,,,,,,,,,,,,,,,,,BELOW_MA20_MOMENTUM_NEGATIVE,,2026-09-15T16:50:03.746178+07:00,UPCOM,,,,,,,,2026-09-15,2026-09-15,0,EXCHANGE_STOCK_LIST_CANDIDATE_NOT_COMMON_EQUITY_PROVEN,UPCOM,hnx_official_equity_universe/v1,,OFFICIAL_CURRENT_STOCK_LIST_CANDIDATE,,true,,EXACT_SESSION_RETAINED,CURRENT_DESCRIPTIVE_DNSE_REST_ADJUSTED_RETROSPECTIVE_RAW_AS_TRADED_NOT_PROMOTED,DIRECT_CANONICAL_MAPPING
DC2,2026-09-15,6.1,0.0,,,,,,,,,,,,,,,,,NEAR_MA20_NEUTRAL,,2026-09-15T16:50:03.746178+07:00,DELISTED,,,,,,,,2026-09-15,2026-09-15,0,EXCHANGE_STOCK_LIST_CANDIDATE_NOT_COMMON_EQUITY_PROVEN,HNX_LISTED,hnx_official_equity_universe/v1,,OFFICIAL_CURRENT_STOCK_LIST_CANDIDATE,,true,,EXACT_SESSION_RETAINED,CURRENT_DESCRIPTIVE_DNSE_REST_ADJUSTED_RETROSPECTIVE_RAW_AS_TRADED_NOT_PROMOTED,DIRECT_CANONICAL_MAPPING
DC4,2026-09-15,6.5,0.004636785162287493,,,,,,,,,,,,,,,,,BELOW_MA20_MOMENTUM_NEGATIVE,,2026-09-15T16:50:03.746178+07:00,HSX,,,,,,,,2026-09-15,2026-09-15,0,OFFICIAL_STOCK_MASTER_SECURITY_TYPE_NOT_COMMON_EQUITY_PROVEN,HOSE,hose_public_stock_master/v1,,OFFICIAL_CURRENT_EXCHANGE_SECURITY,,true,,EXACT_SESSION_RETAINED,CURRENT_DESCRIPTIVE_DNSE_REST_ADJUSTED_RETROSPECTIVE_RAW_AS_TRADED_NOT_PROMOTED,DIRECT_CANONICAL_MAPPING
DCL,2026-09-15,38,0.0,,,,,,,,,,,,,,,,,BELOW_MA20_MOMENTUM_POSITIVE,,2026-09-15T16:50:03.746178+07:00,HSX,,,,,,,,2026-09-15,2026-09-15,0,OFFICIAL_STOCK_MASTER_SECURITY_TYPE_NOT_COMMON_EQUITY_PROVEN,HOSE,hose_public_stock_master/v1,,OFFICIAL_CURRENT_EXCHANGE_SECURITY,,true,,EXACT_SESSION_RETAINED,CURRENT_DESCRIPTIVE_DNSE_REST_ADJUSTED_RETROSPECTIVE_RAW_AS_TRADED_NOT_PROMOTED,DIRECT_CANONICAL_MAPPING
DCM,2026-09-15,33.8,0.04160246533127876,,,,,,,,,,,,,,,,,BELOW_MA20_MOMENTUM_NEGATIVE,,2026-09-15T16:50:03.746178+07:00,HSX,,,,,,,,2026-09-15,2026-09-15,0,OFFICIAL_STOCK_MASTER_SECURITY_TYPE_NOT_COMMON_EQUITY_PROVEN,HOSE,hose_public_stock_master/v1,,OFFICIAL_CURRENT_EXCHANGE_SECURITY,,true,,EXACT_SESSION_RETAINED,CURRENT_DESCRIPTIVE_DNSE_REST_ADJUSTED_RETROSPECTIVE_RAW_AS_TRADED_NOT_PROMOTED,DIRECT_CANONICAL_MAPPING
DDB,2026-09-15,9.1,0.0,,,,,,,,,,,,,,,,,BELOW_MA20_MOMENTUM_NEGATIVE,,2026-09-15T16:50:03.746178+07:00,UPCOM,,,,,,,,2026-09-15,2026-09-15,0,EXCHANGE_STOCK_LIST_CANDIDATE_NOT_COMMON_EQUITY_PROVEN,UPCOM,hnx_official_equity_universe/v1,,OFFICIAL_CURRENT_STOCK_LIST_CANDIDATE,,true,,EXACT_SESSION_RETAINED,CURRENT_DESCRIPTIVE_DNSE_REST_ADJUSTED_RETROSPECTIVE_RAW_AS_TRADED_NOT_PROMOTED,DIRECT_CANONICAL_MAPPING
DDG,2026-09-15,0.9,0.0,,,,,,,,,,,,,,,,,BELOW_MA20_MOMENTUM_NEGATIVE,,2026-09-15T16:50:03.746178+07:00,UPCOM,,,,,,,,2026-09-15,2026-09-15,0,EXCHANGE_STOCK_LIST_CANDIDATE_NOT_COMMON_EQUITY_PROVEN,UPCOM,hnx_official_equity_universe/v1,,OFFICIAL_CURRENT_STOCK_LIST_CANDIDATE,,true,,EXACT_SESSION_RETAINED,CURRENT_DESCRIPTIVE_DNSE_REST_ADJUSTED_RETROSPECTIVE_RAW_AS_TRADED_NOT_PROMOTED,DIRECT_CANONICAL_MAPPING
DDV,2026-09-15,16.9,0.0,,,,,,,,,,,,,,,,,BELOW_MA20_MOMENTUM_NEGATIVE,,2026-09-15T16:50:03.746178+07:00,UPCOM,,,,,,,,2026-09-15,2026-09-15,0,EXCHANGE_STOCK_LIST_CANDIDATE_NOT_COMMON_EQUITY_PROVEN,UPCOM,hnx_official_equity_universe/v1,,OFFICIAL_CURRENT_STOCK_LIST_CANDIDATE,,true,,EXACT_SESSION_RETAINED,CURRENT_DESCRIPTIVE_DNSE_REST_ADJUSTED_RETROSPECTIVE_RAW_AS_TRADED_NOT_PROMOTED,DIRECT_CANONICAL_MAPPING
DGC,2026-09-15,36.05,-0.03609625668449201,,,,,,,,,,,,,,,,,BELOW_MA20_MOMENTUM_NEGATIVE,,2026-09-15T16:50:03.746178+07:00,HSX,,,,,,,,2026-09-15,2026-09-15,0,OFFICIAL_STOCK_MASTER_SECURITY_TYPE_NOT_COMMON_EQUITY_PROVEN,HOSE,hose_public_stock_master/v1,,OFFICIAL_CURRENT_EXCHANGE_SECURITY,,true,,EXACT_SESSION_RETAINED,CURRENT_DESCRIPTIVE_DNSE_REST_ADJUSTED_RETROSPECTIVE_RAW_AS_TRADED_NOT_PROMOTED,DIRECT_CANONICAL_MAPPING
DGT,2026-09-15,3.7,0.0,,,,,,,,,,,,,,,,,BELOW_MA20_MOMENTUM_NEGATIVE,,2026-09-15T16:50:03.746178+07:00,UPCOM,,,,,,,,2026-09-15,2026-09-15,0,EXCHANGE_STOCK_LIST_CANDIDATE_NOT_COMMON_EQUITY_PROVEN,UPCOM,hnx_official_equity_universe/v1,,OFFICIAL_CURRENT_STOCK_LIST_CANDIDATE,,true,,EXACT_SESSION_RETAINED,CURRENT_DESCRIPTIVE_DNSE_REST_ADJUSTED_RETROSPECTIVE_RAW_AS_TRADED_NOT_PROMOTED,DIRECT_CANONICAL_MAPPING
DGW,2026-09-15,46.3,0.006521739130434634,,,,,,,,,,,,,,,,,ABOVE_MA20_MOMENTUM_POSITIVE,,2026-09-15T16:50:03.746178+07:00,HSX,,,,,,,,2026-09-15,2026-09-15,0,OFFICIAL_STOCK_MASTER_SECURITY_TYPE_NOT_COMMON_EQUITY_PROVEN,HOSE,hose_public_stock_master/v1,,OFFICIAL_CURRENT_EXCHANGE_SECURITY,,true,,EXACT_SESSION_RETAINED,CURRENT_DESCRIPTIVE_DNSE_REST_ADJUSTED_RETROSPECTIVE_RAW_AS_TRADED_NOT_PROMOTED,DIRECT_CANONICAL_MAPPING
DHA,2026-09-15,52.2,0.0038461538461538325,,,,,,,,,,,,,,,,,ABOVE_MA20_MOMENTUM_POSITIVE,,2026-09-15T16:50:03.746178+07:00,HSX,,,,,,,,2026-09-15,2026-09-15,0,OFFICIAL_STOCK_MASTER_SECURITY_TYPE_NOT_COMMON_EQUITY_PROVEN,HOSE,hose_public_stock_master/v1,,OFFICIAL_CURRENT_EXCHANGE_SECURITY,,true,,EXACT_SESSION_RETAINED,CURRENT_DESCRIPTIVE_DNSE_REST_ADJUSTED_RETROSPECTIVE_RAW_AS_TRADED_NOT_PROMOTED,DIRECT_CANONICAL_MAPPING
DHB,2026-09-15,11.8,0.08256880733944949,,,,,,,,,,,,,,,,,ABOVE_MA20_MOMENTUM_POSITIVE,,2026-09-15T16:50:03.746178+07:00,UPCOM,,,,,,,,2026-09-15,2026-09-15,0,EXCHANGE_STOCK_LIST_CANDIDATE_NOT_COMMON_EQUITY_PROVEN,UPCOM,hnx_official_equity_universe/v1,,OFFICIAL_CURRENT_STOCK_LIST_CANDIDATE,,true,,EXACT_SESSION_RETAINED,CURRENT_DESCRIPTIVE_DNSE_REST_ADJUSTED_RETROSPECTIVE_RAW_AS_TRADED_NOT_PROMOTED,DIRECT_CANONICAL_MAPPING
DHC,2026-09-15,37.1,0.016438356164383494,,,,,,,,,,,,,,,,,ABOVE_MA20_MOMENTUM_POSITIVE,,2026-09-15T16:50:03.746178+07:00,HSX,,,,,,,,2026-09-15,2026-09-15,0,OFFICIAL_STOCK_MASTER_SECURITY_TYPE_NOT_COMMON_EQUITY_PROVEN,HOSE,hose_public_stock_master/v1,,OFFICIAL_CURRENT_EXCHANGE_SECURITY,,true,,EXACT_SESSION_RETAINED,CURRENT_DESCRIPTIVE_DNSE_REST_ADJUSTED_RETROSPECTIVE_RAW_AS_TRADED_NOT_PROMOTED,DIRECT_CANONICAL_MAPPING
DHD,2026-09-15,26.5,0.011450381679389388,,,,,,,,,,,,,,,,,NEAR_MA20_NEUTRAL,,2026-09-15T16:50:03.746178+07:00,UPCOM,,,,,,,,2026-09-15,2026-09-15,0,EXCHANGE_STOCK_LIST_CANDIDATE_NOT_COMMON_EQUITY_PROVEN,UPCOM,hnx_official_equity_universe/v1,,OFFICIAL_CURRENT_STOCK_LIST_CANDIDATE,,true,,EXACT_SESSION_RETAINED,CURRENT_DESCRIPTIVE_DNSE_REST_ADJUSTED_RETROSPECTIVE_RAW_AS_TRADED_NOT_PROMOTED,DIRECT_CANONICAL_MAPPING
DHG,2026-09-15,90.5,0.004439511653718142,,,,,,,,,,,,,,,,,NEAR_MA20_NEUTRAL,,2026-09-15T16:50:03.746178+07:00,HSX,,,,,,,,2026-09-15,2026-09-15,0,OFFICIAL_STOCK_MASTER_SECURITY_TYPE_NOT_COMMON_EQUITY_PROVEN,HOSE,hose_public_stock_master/v1,,OFFICIAL_CURRENT_EXCHANGE_SECURITY,,true,,EXACT_SESSION_RETAINED,CURRENT_DESCRIPTIVE_DNSE_REST_ADJUSTED_RETROSPECTIVE_RAW_AS_TRADED_NOT_PROMOTED,DIRECT_CANONICAL_MAPPING
DHM,2026-09-15,6.95,-0.005722460658083017,,,,,,,,,,,,,,,,,ABOVE_MA20_MOMENTUM_POSITIVE,,2026-09-15T16:50:03.746178+07:00,HSX,,,,,,,,2026-09-15,2026-09-15,0,OFFICIAL_STOCK_MASTER_SECURITY_TYPE_NOT_COMMON_EQUITY_PROVEN,HOSE,hose_public_stock_master/v1,,OFFICIAL_CURRENT_EXCHANGE_SECURITY,,true,,EXACT_SESSION_RETAINED,CURRENT_DESCRIPTIVE_DNSE_REST_ADJUSTED_RETROSPECTIVE_RAW_AS_TRADED_NOT_PROMOTED,DIRECT_CANONICAL_MAPPING
DHP,2026-09-15,10.3,0.0,,,,,,,,,,,,,,,,,BELOW_MA20_MOMENTUM_NEGATIVE,,2026-09-15T16:50:03.746178+07:00,DELISTED,,,,,,,,2026-09-15,2026-09-15,0,EXCHANGE_STOCK_LIST_CANDIDATE_NOT_COMMON_EQUITY_PROVEN,HNX_LISTED,hnx_official_equity_universe/v1,,OFFICIAL_CURRENT_STOCK_LIST_CANDIDATE,,true,,EXACT_SESSION_RETAINED,CURRENT_DESCRIPTIVE_DNSE_REST_ADJUSTED_RETROSPECTIVE_RAW_AS_TRADED_NOT_PROMOTED,DIRECT_CANONICAL_MAPPING
DHT,2026-09-15,55,-0.001814882032667886,,,,,,,,,,,,,,,,,BELOW_MA20_MOMENTUM_NEGATIVE,,2026-09-15T16:50:03.746178+07:00,DELISTED,,,,,,,,2026-09-15,2026-09-15,0,EXCHANGE_STOCK_LIST_CANDIDATE_NOT_COMMON_EQUITY_PROVEN,HNX_LISTED,hnx_official_equity_universe/v1,,OFFICIAL_CURRENT_STOCK_LIST_CANDIDATE,,true,,EXACT_SESSION_RETAINED,CURRENT_DESCRIPTIVE_DNSE_REST_ADJUSTED_RETROSPECTIVE_RAW_AS_TRADED_NOT_PROMOTED,DIRECT_CANONICAL_MAPPING
DIG,2026-09-15,10,0.0,,,,,,,,,,,,,,,,,BELOW_MA20_MOMENTUM_NEGATIVE,,2026-09-15T16:50:03.746178+07:00,HSX,,,,,,,,2026-09-15,2026-09-15,0,OFFICIAL_STOCK_MASTER_SECURITY_TYPE_NOT_COMMON_EQUITY_PROVEN,HOSE,hose_public_stock_master/v1,,OFFICIAL_CURRENT_EXCHANGE_SECURITY,,true,,EXACT_SESSION_RETAINED,CURRENT_DESCRIPTIVE_DNSE_REST_ADJUSTED_RETROSPECTIVE_RAW_AS_TRADED_NOT_PROMOTED,DIRECT_CANONICAL_MAPPING
DIH,2026-09-15,7.2,0.0,,,,,,,,,,,,,,,,,BELOW_MA20_MOMENTUM_NEGATIVE,,2026-09-15T16:50:03.746178+07:00,DELISTED,,,,,,,,2026-09-15,2026-09-15,0,EXCHANGE_STOCK_LIST_CANDIDATE_NOT_COMMON_EQUITY_PROVEN,HNX_LISTED,hnx_official_equity_universe/v1,,OFFICIAL_CURRENT_STOCK_LIST_CANDIDATE,,true,,EXACT_SESSION_RETAINED,CURRENT_DESCRIPTIVE_DNSE_REST_ADJUSTED_RETROSPECTIVE_RAW_AS_TRADED_NOT_PROMOTED,DIRECT_CANONICAL_MAPPING
DL1,2026-09-15,4,0.0,,,,,,,,,,,,,,,,,BELOW_MA20_MOMENTUM_NEGATIVE,,2026-09-15T16:50:03.746178+07:00,DELISTED,,,,,,,,2026-09-15,2026-09-15,0,EXCHANGE_STOCK_LIST_CANDIDATE_NOT_COMMON_EQUITY_PROVEN,HNX_LISTED,hnx_official_equity_universe/v1,,OFFICIAL_CURRENT_STOCK_LIST_CANDIDATE,,true,,EXACT_SESSION_RETAINED,CURRENT_DESCRIPTIVE_DNSE_REST_ADJUSTED_RETROSPECTIVE_RAW_AS_TRADED_NOT_PROMOTED,DIRECT_CANONICAL_MAPPING
DLG,2026-09-15,2.04,0.00990099009900991,,,,,,,,,,,,,,,,,BELOW_MA20_MOMENTUM_NEGATIVE,,2026-09-15T16:50:03.746178+07:00,HSX,,,,,,,,2026-09-15,2026-09-15,0,OFFICIAL_STOCK_MASTER_SECURITY_TYPE_NOT_COMMON_EQUITY_PROVEN,HOSE,hose_public_stock_master/v1,,OFFICIAL_CURRENT_EXCHANGE_SECURITY,,true,,EXACT_SESSION_RETAINED,CURRENT_DESCRIPTIVE_DNSE_REST_ADJUSTED_RETROSPECTIVE_RAW_AS_TRADED_NOT_PROMOTED,DIRECT_CANONICAL_MAPPING
DM7,2026-09-15,14.7,-0.234375,,,,,,,,,,,,,,,,,BELOW_MA20_MOMENTUM_NEGATIVE,,2026-09-15T16:50:03.746178+07:00,UPCOM,,,,,,,,2026-09-15,2026-09-15,0,EXCHANGE_STOCK_LIST_CANDIDATE_NOT_COMMON_EQUITY_PROVEN,UPCOM,hnx_official_equity_universe/v1,,OFFICIAL_CURRENT_STOCK_LIST_CANDIDATE,,true,,EXACT_SESSION_RETAINED,CURRENT_DESCRIPTIVE_DNSE_REST_ADJUSTED_RETROSPECTIVE_RAW_AS_TRADED_NOT_PROMOTED,DIRECT_CANONICAL_MAPPING
DMC,2026-09-15,57.5,-0.008620689655172376,,,,,,,,,,,,,,,,,NEAR_MA20_NEUTRAL,,2026-09-15T16:50:03.746178+07:00,HSX,,,,,,,,2026-09-15,2026-09-15,0,OFFICIAL_STOCK_MASTER_SECURITY_TYPE_NOT_COMMON_EQUITY_PROVEN,HOSE,hose_public_stock_master/v1,,OFFICIAL_CURRENT_EXCHANGE_SECURITY,,true,,EXACT_SESSION_RETAINED,CURRENT_DESCRIPTIVE_DNSE_REST_ADJUSTED_RETROSPECTIVE_RAW_AS_TRADED_NOT_PROMOTED,DIRECT_CANONICAL_MAPPING
DMN,2026-09-15,8,0.0,,,,,,,,,,,,,,,,,ABOVE_MA20_MOMENTUM_POSITIVE,,2026-09-15T16:50:03.746178+07:00,UPCOM,,,,,,,,2026-09-15,2026-09-15,0,EXCHANGE_STOCK_LIST_CANDIDATE_NOT_COMMON_EQUITY_PROVEN,UPCOM,hnx_official_equity_universe/v1,,OFFICIAL_CURRENT_STOCK_LIST_CANDIDATE,,true,,EXACT_SESSION_RETAINED,CURRENT_DESCRIPTIVE_DNSE_REST_ADJUSTED_RETROSPECTIVE_RAW_AS_TRADED_NOT_PROMOTED,DIRECT_CANONICAL_MAPPING
DND,2026-09-15,8,0.17647058823529416,,,,,,,,,,,,,,,,,BELOW_MA20_MOMENTUM_NEGATIVE,,2026-09-15T16:50:03.746178+07:00,UPCOM,,,,,,,,2026-09-15,2026-09-15,0,EXCHANGE_STOCK_LIST_CANDIDATE_NOT_COMMON_EQUITY_PROVEN,UPCOM,hnx_official_equity_universe/v1,,OFFICIAL_CURRENT_STOCK_LIST_CANDIDATE,,true,,EXACT_SESSION_RETAINED,CURRENT_DESCRIPTIVE_DNSE_REST_ADJUSTED_RETROSPECTIVE_RAW_AS_TRADED_NOT_PROMOTED,DIRECT_CANONICAL_MAPPING
DNE,2026-09-15,11,0.10000000000000009,,,,,,,,,,,,,,,,,ABOVE_MA20_MOMENTUM_POSITIVE,,2026-09-15T16:50:03.746178+07:00,UPCOM,,,,,,,,2026-09-15,2026-09-15,0,EXCHANGE_STOCK_LIST_CANDIDATE_NOT_COMMON_EQUITY_PROVEN,UPCOM,hnx_official_equity_universe/v1,,OFFICIAL_CURRENT_STOCK_LIST_CANDIDATE,,true,,EXACT_SESSION_RETAINED,CURRENT_DESCRIPTIVE_DNSE_REST_ADJUSTED_RETROSPECTIVE_RAW_AS_TRADED_NOT_PROMOTED,DIRECT_CANONICAL_MAPPING
DNH,2026-09-15,45,0.0,,,,,,,,,,,,,,,,,BELOW_MA20_MOMENTUM_POSITIVE,,2026-09-15T16:50:03.746178+07:00,UPCOM,,,,,,,,2026-09-15,2026-09-15,0,EXCHANGE_STOCK_LIST_CANDIDATE_NOT_COMMON_EQUITY_PROVEN,UPCOM,hnx_official_equity_universe/v1,,OFFICIAL_CURRENT_STOCK_LIST_CANDIDATE,,true,,EXACT_SESSION_RETAINED,CURRENT_DESCRIPTIVE_DNSE_REST_ADJUSTED_RETROSPECTIVE_RAW_AS_TRADED_NOT_PROMOTED,DIRECT_CANONICAL_MAPPING
DNL,2026-09-15,23.5,0.14634146341463405,,,,,,,,,,,,,,,,,BELOW_MA20_MOMENTUM_NEGATIVE,,2026-09-15T16:50:03.746178+07:00,UPCOM,,,,,,,,2026-09-15,2026-09-15,0,EXCHANGE_STOCK_LIST_CANDIDATE_NOT_COMMON_EQUITY_PROVEN,UPCOM,hnx_official_equity_universe/v1,,OFFICIAL_CURRENT_STOCK_LIST_CANDIDATE,,true,,EXACT_SESSION_RETAINED,CURRENT_DESCRIPTIVE_DNSE_REST_ADJUSTED_RETROSPECTIVE_RAW_AS_TRADED_NOT_PROMOTED,DIRECT_CANONICAL_MAPPING
DNW,2026-09-15,31,0.0,,,,,,,,,,,,,,,,,BELOW_MA20_MOMENTUM_NEGATIVE,,2026-09-15T16:50:03.746178+07:00,UPCOM,,,,,,,,2026-09-15,2026-09-15,0,EXCHANGE_STOCK_LIST_CANDIDATE_NOT_COMMON_EQUITY_PROVEN,UPCOM,hnx_official_equity_universe/v1,,OFFICIAL_CURRENT_STOCK_LIST_CANDIDATE,,true,,EXACT_SESSION_RETAINED,CURRENT_DESCRIPTIVE_DNSE_REST_ADJUSTED_RETROSPECTIVE_RAW_AS_TRADED_NOT_PROMOTED,DIRECT_CANONICAL_MAPPING
DP1,2026-09-15,27.4,0.007352941176470562,,,,,,,,,,,,,,,,,BELOW_MA20_MOMENTUM_NEGATIVE,,2026-09-15T16:50:03.746178+07:00,UPCOM,,,,,,,,2026-09-15,2026-09-15,0,EXCHANGE_STOCK_LIST_CANDIDATE_NOT_COMMON_EQUITY_PROVEN,UPCOM,hnx_official_equity_universe/v1,,OFFICIAL_CURRENT_STOCK_LIST_CANDIDATE,,true,,EXACT_SESSION_RETAINED,CURRENT_DESCRIPTIVE_DNSE_REST_ADJUSTED_RETROSPECTIVE_RAW_AS_TRADED_NOT_PROMOTED,DIRECT_CANONICAL_MAPPING
DP3,2026-09-15,61.7,0.0,,,,,,,,,,,,,,,,,ABOVE_MA20_MOMENTUM_POSITIVE,,2026-09-15T16:50:03.746178+07:00,DELISTED,,,,,,,,2026-09-15,2026-09-15,0,EXCHANGE_STOCK_LIST_CANDIDATE_NOT_COMMON_EQUITY_PROVEN,HNX_LISTED,hnx_official_equity_universe/v1,,OFFICIAL_CURRENT_STOCK_LIST_CANDIDATE,,true,,EXACT_SESSION_RETAINED,CURRENT_DESCRIPTIVE_DNSE_REST_ADJUSTED_RETROSPECTIVE_RAW_AS_TRADED_NOT_PROMOTED,DIRECT_CANONICAL_MAPPING
DPG,2026-09-15,27.2,0.007407407407407307,,,,,,,,,,,,,,,,,BELOW_MA20_MOMENTUM_NEGATIVE,,2026-09-15T16:50:03.746178+07:00,HSX,,,,,,,,2026-09-15,2026-09-15,0,OFFICIAL_STOCK_MASTER_SECURITY_TYPE_NOT_COMMON_EQUITY_PROVEN,HOSE,hose_public_stock_master/v1,,OFFICIAL_CURRENT_EXCHANGE_SECURITY,,true,,EXACT_SESSION_RETAINED,CURRENT_DESCRIPTIVE_DNSE_REST_ADJUSTED_RETROSPECTIVE_RAW_AS_TRADED_NOT_PROMOTED,DIRECT_CANONICAL_MAPPING
DPM,2026-09-15,23.05,0.0453514739229024,,,,,,,,,,,,,,,,,NEAR_MA20_NEUTRAL,,2026-09-15T16:50:03.746178+07:00,HSX,,,,,,,,2026-09-15,2026-09-15,0,OFFICIAL_STOCK_MASTER_SECURITY_TYPE_NOT_COMMON_EQUITY_PROVEN,HOSE,hose_public_stock_master/v1,,OFFICIAL_CURRENT_EXCHANGE_SECURITY,,true,,EXACT_SESSION_RETAINED,CURRENT_DESCRIPTIVE_DNSE_REST_ADJUSTED_RETROSPECTIVE_RAW_AS_TRADED_NOT_PROMOTED,DIRECT_CANONICAL_MAPPING
DPR,2026-09-15,37.75,0.020270270270270174,,,,,,,,,,,,,,,,,BELOW_MA20_MOMENTUM_NEGATIVE,,2026-09-15T16:50:03.746178+07:00,HSX,,,,,,,,2026-09-15,2026-09-15,0,OFFICIAL_STOCK_MASTER_SECURITY_TYPE_NOT_COMMON_EQUITY_PROVEN,HOSE,hose_public_stock_master/v1,,OFFICIAL_CURRENT_EXCHANGE_SECURITY,,true,,EXACT_SESSION_RETAINED,CURRENT_DESCRIPTIVE_DNSE_REST_ADJUSTED_RETROSPECTIVE_RAW_AS_TRADED_NOT_PROMOTED,DIRECT_CANONICAL_MAPPING
DQC,2026-09-15,9.68,0.029787234042553123,,,,,,,,,,,,,,,,,NEAR_MA20_NEUTRAL,,2026-09-15T16:50:03.746178+07:00,HSX,,,,,,,,2026-09-15,2026-09-15,0,OFFICIAL_STOCK_MASTER_SECURITY_TYPE_NOT_COMMON_EQUITY_PROVEN,HOSE,hose_public_stock_master/v1,,OFFICIAL_CURRENT_EXCHANGE_SECURITY,,true,,EXACT_SESSION_RETAINED,CURRENT_DESCRIPTIVE_DNSE_REST_ADJUSTED_RETROSPECTIVE_RAW_AS_TRADED_NOT_PROMOTED,DIRECT_CANONICAL_MAPPING
DRC,2026-09-15,9.9,0.010204081632652962,,,,,,,,,,,,,,,,,BELOW_MA20_MOMENTUM_NEGATIVE,,2026-09-15T16:50:03.746178+07:00,HSX,,,,,,,,2026-09-15,2026-09-15,0,OFFICIAL_STOCK_MASTER_SECURITY_TYPE_NOT_COMMON_EQUITY_PROVEN,HOSE,hose_public_stock_master/v1,,OFFICIAL_CURRENT_EXCHANGE_SECURITY,,true,,EXACT_SESSION_RETAINED,CURRENT_DESCRIPTIVE_DNSE_REST_ADJUSTED_RETROSPECTIVE_RAW_AS_TRADED_NOT_PROMOTED,DIRECT_CANONICAL_MAPPING
DRH,2026-09-15,1.63,0.018749999999999822,,,,,,,,,,,,,,,,,BELOW_MA20_MOMENTUM_NEGATIVE,,2026-09-15T16:50:03.746178+07:00,HSX,,,,,,,,2026-09-15,2026-09-15,0,OFFICIAL_STOCK_MASTER_SECURITY_TYPE_NOT_COMMON_EQUITY_PROVEN,HOSE,hose_public_stock_master/v1,,OFFICIAL_CURRENT_EXCHANGE_SECURITY,,true,,EXACT_SESSION_RETAINED,CURRENT_DESCRIPTIVE_DNSE_REST_ADJUSTED_RETROSPECTIVE_RAW_AS_TRADED_NOT_PROMOTED,DIRECT_CANONICAL_MAPPING
DRI,2026-09-15,14.4,0.014084507042253502,,,,,,,,,,,,,,,,,ABOVE_MA20_MOMENTUM_POSITIVE,,2026-09-15T16:50:03.746178+07:00,UPCOM,,,,,,,,2026-09-15,2026-09-15,0,EXCHANGE_STOCK_LIST_CANDIDATE_NOT_COMMON_EQUITY_PROVEN,UPCOM,hnx_official_equity_universe/v1,,OFFICIAL_CURRENT_STOCK_LIST_CANDIDATE,,true,,EXACT_SESSION_RETAINED,CURRENT_DESCRIPTIVE_DNSE_REST_ADJUSTED_RETROSPECTIVE_RAW_AS_TRADED_NOT_PROMOTED,DIRECT_CANONICAL_MAPPING
DRL,2026-09-15,42,-0.009433962264150941,,,,,,,,,,,,,,,,,BELOW_MA20_MOMENTUM_NEGATIVE,,2026-09-15T16:50:03.746178+07:00,HSX,,,,,,,,2026-09-15,2026-09-15,0,OFFICIAL_STOCK_MASTER_SECURITY_TYPE_NOT_COMMON_EQUITY_PROVEN,HOSE,hose_public_stock_master/v1,,OFFICIAL_CURRENT_EXCHANGE_SECURITY,,true,,EXACT_SESSION_RETAINED,CURRENT_DESCRIPTIVE_DNSE_REST_ADJUSTED_RETROSPECTIVE_RAW_AS_TRADED_NOT_PROMOTED,DIRECT_CANONICAL_MAPPING
DS3,2026-09-15,4.6,0.09523809523809512,,,,,,,,,,,,,,,,,BELOW_MA20_MOMENTUM_NEGATIVE,,2026-09-15T16:50:03.746178+07:00,DELISTED,,,,,,,,2026-09-15,2026-09-15,0,EXCHANGE_STOCK_LIST_CANDIDATE_NOT_COMMON_EQUITY_PROVEN,HNX_LISTED,hnx_official_equity_universe/v1,,OFFICIAL_CURRENT_STOCK_LIST_CANDIDATE,,true,,EXACT_SESSION_RETAINED,CURRENT_DESCRIPTIVE_DNSE_REST_ADJUSTED_RETROSPECTIVE_RAW_AS_TRADED_NOT_PROMOTED,DIRECT_CANONICAL_MAPPING
DSC,2026-09-15,9.9,0.01747173689619741,,,,,,,,,,,,,,,,,BELOW_MA20_MOMENTUM_NEGATIVE,,2026-09-15T16:50:03.746178+07:00,HSX,,,,,,,,2026-09-15,2026-09-15,0,OFFICIAL_STOCK_MASTER_SECURITY_TYPE_NOT_COMMON_EQUITY_PROVEN,HOSE,hose_public_stock_master/v1,,OFFICIAL_CURRENT_EXCHANGE_SECURITY,,true,,EXACT_SESSION_RETAINED,CURRENT_DESCRIPTIVE_DNSE_REST_ADJUSTED_RETROSPECTIVE_RAW_AS_TRADED_NOT_PROMOTED,DIRECT_CANONICAL_MAPPING
DSE,2026-09-15,22,0.011494252873563315,,,,,,,,,,,,,,,,,BELOW_MA20_MOMENTUM_NEGATIVE,,2026-09-15T16:50:03.746178+07:00,HSX,,,,,,,,2026-09-15,2026-09-15,0,OFFICIAL_STOCK_MASTER_SECURITY_TYPE_NOT_COMMON_EQUITY_PROVEN,HOSE,hose_public_stock_master/v1,,OFFICIAL_CURRENT_EXCHANGE_SECURITY,,true,,EXACT_SESSION_RETAINED,CURRENT_DESCRIPTIVE_DNSE_REST_ADJUSTED_RETROSPECTIVE_RAW_AS_TRADED_NOT_PROMOTED,DIRECT_CANONICAL_MAPPING
DSH,2026-09-15,12,0.016949152542372836,,,,,,,,,,,,,,,,,BELOW_MA20_MOMENTUM_POSITIVE,,2026-09-15T16:50:03.746178+07:00,UPCOM,,,,,,,,2026-09-15,2026-09-15,0,EXCHANGE_STOCK_LIST_CANDIDATE_NOT_COMMON_EQUITY_PROVEN,UPCOM,hnx_official_equity_universe/v1,,OFFICIAL_CURRENT_STOCK_LIST_CANDIDATE,,true,,EXACT_SESSION_RETAINED,CURRENT_DESCRIPTIVE_DNSE_REST_ADJUSTED_RETROSPECTIVE_RAW_AS_TRADED_NOT_PROMOTED,DIRECT_CANONICAL_MAPPING
DSN,2026-09-15,36.5,-0.005449591280654031,,,,,,,,,,,,,,,,,BELOW_MA20_MOMENTUM_NEGATIVE,,2026-09-15T16:50:03.746178+07:00,HSX,,,,,,,,2026-09-15,2026-09-15,0,OFFICIAL_STOCK_MASTER_SECURITY_TYPE_NOT_COMMON_EQUITY_PROVEN,HOSE,hose_public_stock_master/v1,,OFFICIAL_CURRENT_EXCHANGE_SECURITY,,true,,EXACT_SESSION_RETAINED,CURRENT_DESCRIPTIVE_DNSE_REST_ADJUSTED_RETROSPECTIVE_RAW_AS_TRADED_NOT_PROMOTED,DIRECT_CANONICAL_MAPPING
DST,2026-09-15,7.7,0.10000000000000009,,,,,,,,,,,,,,,,,BELOW_MA20_MOMENTUM_NEGATIVE,,2026-09-15T16:50:03.746178+07:00,DELISTED,,,,,,,,2026-09-15,2026-09-15,0,EXCHANGE_STOCK_LIST_CANDIDATE_NOT_COMMON_EQUITY_PROVEN,HNX_LISTED,hnx_official_equity_universe/v1,,OFFICIAL_CURRENT_STOCK_LIST_CANDIDATE,,true,,EXACT_SESSION_RETAINED,CURRENT_DESCRIPTIVE_DNSE_REST_ADJUSTED_RETROSPECTIVE_RAW_AS_TRADED_NOT_PROMOTED,DIRECT_CANONICAL_MAPPING
DTA,2026-09-15,3.4,0.0,,,,,,,,,,,,,,,,,BELOW_MA20_MOMENTUM_NEGATIVE,,2026-09-15T16:50:03.746178+07:00,HSX,,,,,,,,2026-09-15,2026-09-15,0,OFFICIAL_STOCK_MASTER_SECURITY_TYPE_NOT_COMMON_EQUITY_PROVEN,HOSE,hose_public_stock_master/v1,,OFFICIAL_CURRENT_EXCHANGE_SECURITY,,true,,EXACT_SESSION_RETAINED,CURRENT_DESCRIPTIVE_DNSE_REST_ADJUSTED_RETROSPECTIVE_RAW_AS_TRADED_NOT_PROMOTED,DIRECT_CANONICAL_MAPPING
DTD,2026-09-15,10.5,0.0,,,,,,,,,,,,,,,,,BELOW_MA20_MOMENTUM_NEGATIVE,,2026-09-15T16:50:03.746178+07:00,DELISTED,,,,,,,,2026-09-15,2026-09-15,0,EXCHANGE_STOCK_LIST_CANDIDATE_NOT_COMMON_EQUITY_PROVEN,HNX_LISTED,hnx_official_equity_universe/v1,,OFFICIAL_CURRENT_STOCK_LIST_CANDIDATE,,true,,EXACT_SESSION_RETAINED,CURRENT_DESCRIPTIVE_DNSE_REST_ADJUSTED_RETROSPECTIVE_RAW_AS_TRADED_NOT_PROMOTED,DIRECT_CANONICAL_MAPPING
DTG,2026-09-15,12.7,0.0,,,,,,,,,,,,,,,,,BELOW_MA20_MOMENTUM_NEGATIVE,,2026-09-15T16:50:03.746178+07:00,DELISTED,,,,,,,,2026-09-15,2026-09-15,0,EXCHANGE_STOCK_LIST_CANDIDATE_NOT_COMMON_EQUITY_PROVEN,HNX_LISTED,hnx_official_equity_universe/v1,,OFFICIAL_CURRENT_STOCK_LIST_CANDIDATE,,true,,EXACT_SESSION_RETAINED,CURRENT_DESCRIPTIVE_DNSE_REST_ADJUSTED_RETROSPECTIVE_RAW_AS_TRADED_NOT_PROMOTED,DIRECT_CANONICAL_MAPPING
DTK,2026-09-15,10.6,0.00952380952380949,,,,,,,,,,,,,,,,,BELOW_MA20_MOMENTUM_NEGATIVE,,2026-09-15T16:50:03.746178+07:00,DELISTED,,,,,,,,2026-09-15,2026-09-15,0,EXCHANGE_STOCK_LIST_CANDIDATE_NOT_COMMON_EQUITY_PROVEN,HNX_LISTED,hnx_official_equity_universe/v1,,OFFICIAL_CURRENT_STOCK_LIST_CANDIDATE,,true,,EXACT_SESSION_RETAINED,CURRENT_DESCRIPTIVE_DNSE_REST_ADJUSTED_RETROSPECTIVE_RAW_AS_TRADED_NOT_PROMOTED,DIRECT_CANONICAL_MAPPING
DTL,2026-09-15,10.9,0.028301886792452935,,,,,,,,,,,,,,,,,BELOW_MA20_MOMENTUM_NEGATIVE,,2026-09-15T16:50:03.746178+07:00,HSX,,,,,,,,2026-09-15,2026-09-15,0,OFFICIAL_STOCK_MASTER_SECURITY_TYPE_NOT_COMMON_EQUITY_PROVEN,HOSE,hose_public_stock_master/v1,,OFFICIAL_CURRENT_EXCHANGE_SECURITY,,true,,EXACT_SESSION_RETAINED,CURRENT_DESCRIPTIVE_DNSE_REST_ADJUSTED_RETROSPECTIVE_RAW_AS_TRADED_NOT_PROMOTED,DIRECT_CANONICAL_MAPPING
DVM,2026-09-15,4.4,-0.022222222222222143,,,,,,,,,,,,,,,,,BELOW_MA20_MOMENTUM_NEGATIVE,,2026-09-15T16:50:03.746178+07:00,DELISTED,,,,,,,,2026-09-15,2026-09-15,0,EXCHANGE_STOCK_LIST_CANDIDATE_NOT_COMMON_EQUITY_PROVEN,HNX_LISTED,hnx_official_equity_universe/v1,,OFFICIAL_CURRENT_STOCK_LIST_CANDIDATE,,true,,EXACT_SESSION_RETAINED,CURRENT_DESCRIPTIVE_DNSE_REST_ADJUSTED_RETROSPECTIVE_RAW_AS_TRADED_NOT_PROMOTED,DIRECT_CANONICAL_MAPPING
DVN,2026-09-15,17.5,0.023391812865497075,,,,,,,,,,,,,,,,,BELOW_MA20_MOMENTUM_NEGATIVE,,2026-09-15T16:50:03.746178+07:00,UPCOM,,,,,,,,2026-09-15,2026-09-15,0,EXCHANGE_STOCK_LIST_CANDIDATE_NOT_COMMON_EQUITY_PROVEN,UPCOM,hnx_official_equity_universe/v1,,OFFICIAL_CURRENT_STOCK_LIST_CANDIDATE,,true,,EXACT_SESSION_RETAINED,CURRENT_DESCRIPTIVE_DNSE_REST_ADJUSTED_RETROSPECTIVE_RAW_AS_TRADED_NOT_PROMOTED,DIRECT_CANONICAL_MAPPING
DVP,2026-09-15,73.4,0.0,,,,,,,,,,,,,,,,,ABOVE_MA20_MOMENTUM_POSITIVE,,2026-09-15T16:50:03.746178+07:00,HSX,,,,,,,,2026-09-15,2026-09-15,0,OFFICIAL_STOCK_MASTER_SECURITY_TYPE_NOT_COMMON_EQUITY_PROVEN,HOSE,hose_public_stock_master/v1,,OFFICIAL_CURRENT_EXCHANGE_SECURITY,,true,,EXACT_SESSION_RETAINED,CURRENT_DESCRIPTIVE_DNSE_REST_ADJUSTED_RETROSPECTIVE_RAW_AS_TRADED_NOT_PROMOTED,DIRECT_CANONICAL_MAPPING
DWS,2026-09-15,13.8,0.0,,,,,,,,,,,,,,,,,BELOW_MA20_MOMENTUM_NEGATIVE,,2026-09-15T16:50:03.746178+07:00,UPCOM,,,,,,,,2026-09-15,2026-09-15,0,EXCHANGE_STOCK_LIST_CANDIDATE_NOT_COMMON_EQUITY_PROVEN,UPCOM,hnx_official_equity_universe/v1,,OFFICIAL_CURRENT_STOCK_LIST_CANDIDATE,,true,,EXACT_SESSION_RETAINED,CURRENT_DESCRIPTIVE_DNSE_REST_ADJUSTED_RETROSPECTIVE_RAW_AS_TRADED_NOT_PROMOTED,DIRECT_CANONICAL_MAPPING
DXG,2026-09-15,10.75,0.0,,,,,,,,,,,,,,,,,BELOW_MA20_MOMENTUM_NEGATIVE,,2026-09-15T16:50:03.746178+07:00,HSX,,,,,,,,2026-09-15,2026-09-15,0,OFFICIAL_STOCK_MASTER_SECURITY_TYPE_NOT_COMMON_EQUITY_PROVEN,HOSE,hose_public_stock_master/v1,,OFFICIAL_CURRENT_EXCHANGE_SECURITY,,true,,EXACT_SESSION_RETAINED,CURRENT_DESCRIPTIVE_DNSE_REST_ADJUSTED_RETROSPECTIVE_RAW_AS_TRADED_NOT_PROMOTED,DIRECT_CANONICAL_MAPPING
DXP,2026-09-15,13.1,0.0234375,,,,,,,,,,,,,,,,,ABOVE_MA20_MOMENTUM_POSITIVE,,2026-09-15T16:50:03.746178+07:00,DELISTED,,,,,,,,2026-09-15,2026-09-15,0,EXCHANGE_STOCK_LIST_CANDIDATE_NOT_COMMON_EQUITY_PROVEN,HNX_LISTED,hnx_official_equity_universe/v1,,OFFICIAL_CURRENT_STOCK_LIST_CANDIDATE,,true,,EXACT_SESSION_RETAINED,CURRENT_DESCRIPTIVE_DNSE_REST_ADJUSTED_RETROSPECTIVE_RAW_AS_TRADED_NOT_PROMOTED,DIRECT_CANONICAL_MAPPING
DXS,2026-09-15,5.55,-0.008928571428571397,,,,,,,,,,,,,,,,,BELOW_MA20_MOMENTUM_NEGATIVE,,2026-09-15T16:50:03.746178+07:00,HSX,,,,,,,,2026-09-15,2026-09-15,0,OFFICIAL_STOCK_MASTER_SECURITY_TYPE_NOT_COMMON_EQUITY_PROVEN,HOSE,hose_public_stock_master/v1,,OFFICIAL_CURRENT_EXCHANGE_SECURITY,,true,,EXACT_SESSION_RETAINED,CURRENT_DESCRIPTIVE_DNSE_REST_ADJUSTED_RETROSPECTIVE_RAW_AS_TRADED_NOT_PROMOTED,DIRECT_CANONICAL_MAPPING
E29,2026-09-15,8.9,0.0,,,,,,,,,,,,,,,,,ABOVE_MA20_MOMENTUM_POSITIVE,,2026-09-15T16:50:03.746178+07:00,UPCOM,,,,,,,,2026-09-15,2026-09-15,0,EXCHANGE_STOCK_LIST_CANDIDATE_NOT_COMMON_EQUITY_PROVEN,UPCOM,hnx_official_equity_universe/v1,,OFFICIAL_CURRENT_STOCK_LIST_CANDIDATE,,true,,EXACT_SESSION_RETAINED,CURRENT_DESCRIPTIVE_DNSE_REST_ADJUSTED_RETROSPECTIVE_RAW_AS_TRADED_NOT_PROMOTED,DIRECT_CANONICAL_MAPPING
EFI,2026-09-15,2,-0.04761904761904767,,,,,,,,,,,,,,,,,BELOW_MA20_MOMENTUM_NEGATIVE,,2026-09-15T16:50:03.746178+07:00,UPCOM,,,,,,,,2026-09-15,2026-09-15,0,EXCHANGE_STOCK_LIST_CANDIDATE_NOT_COMMON_EQUITY_PROVEN,UPCOM,hnx_official_equity_universe/v1,,OFFICIAL_CURRENT_STOCK_LIST_CANDIDATE,,true,,EXACT_SESSION_RETAINED,CURRENT_DESCRIPTIVE_DNSE_REST_ADJUSTED_RETROSPECTIVE_RAW_AS_TRADED_NOT_PROMOTED,DIRECT_CANONICAL_MAPPING
EIB,2026-09-15,16.35,0.02187500000000009,,,,,,,,,,,,,,,,,BELOW_MA20_MOMENTUM_NEGATIVE,,2026-09-15T16:50:03.746178+07:00,HSX,,,,,,,,2026-09-15,2026-09-15,0,OFFICIAL_STOCK_MASTER_SECURITY_TYPE_NOT_COMMON_EQUITY_PROVEN,HOSE,hose_public_stock_master/v1,,OFFICIAL_CURRENT_EXCHANGE_SECURITY,,true,,EXACT_SESSION_RETAINED,CURRENT_DESCRIPTIVE_DNSE_REST_ADJUSTED_RETROSPECTIVE_RAW_AS_TRADED_NOT_PROMOTED,DIRECT_CANONICAL_MAPPING
EIC,2026-09-15,19.9,0.047368421052631504,,,,,,,,,,,,,,,,,BELOW_MA20_MOMENTUM_NEGATIVE,,2026-09-15T16:50:03.746178+07:00,UPCOM,,,,,,,,2026-09-15,2026-09-15,0,EXCHANGE_STOCK_LIST_CANDIDATE_NOT_COMMON_EQUITY_PROVEN,UPCOM,hnx_official_equity_universe/v1,,OFFICIAL_CURRENT_STOCK_LIST_CANDIDATE,,true,,EXACT_SESSION_RETAINED,CURRENT_DESCRIPTIVE_DNSE_REST_ADJUSTED_RETROSPECTIVE_RAW_AS_TRADED_NOT_PROMOTED,DIRECT_CANONICAL_MAPPING
EIN,2026-09-15,1.6,0.0,,,,,,,,,,,,,,,,,BELOW_MA20_MOMENTUM_NEGATIVE,,2026-09-15T16:50:03.746178+07:00,UPCOM,,,,,,,,2026-09-15,2026-09-15,0,EXCHANGE_STOCK_LIST_CANDIDATE_NOT_COMMON_EQUITY_PROVEN,UPCOM,hnx_official_equity_universe/v1,,OFFICIAL_CURRENT_STOCK_LIST_CANDIDATE,,true,,EXACT_SESSION_RETAINED,CURRENT_DESCRIPTIVE_DNSE_REST_ADJUSTED_RETROSPECTIVE_RAW_AS_TRADED_NOT_PROMOTED,DIRECT_CANONICAL_MAPPING
ELC,2026-09-15,13,-0.022556390977443663,,,,,,,,,,,,,,,,,BELOW_MA20_MOMENTUM_NEGATIVE,,2026-09-15T16:50:03.746178+07:00,HSX,,,,,,,,2026-09-15,2026-09-15,0,OFFICIAL_STOCK_MASTER_SECURITY_TYPE_NOT_COMMON_EQUITY_PROVEN,HOSE,hose_public_stock_master/v1,,OFFICIAL_CURRENT_EXCHANGE_SECURITY,,true,,EXACT_SESSION_RETAINED,CURRENT_DESCRIPTIVE_DNSE_REST_ADJUSTED_RETROSPECTIVE_RAW_AS_TRADED_NOT_PROMOTED,DIRECT_CANONICAL_MAPPING
EVE,2026-09-15,8.31,-0.0012019230769230171,,,,,,,,,,,,,,,,,BELOW_MA20_MOMENTUM_NEGATIVE,,2026-09-15T16:50:03.746178+07:00,HSX,,,,,,,,2026-09-15,2026-09-15,0,OFFICIAL_STOCK_MASTER_SECURITY_TYPE_NOT_COMMON_EQUITY_PROVEN,HOSE,hose_public_stock_master/v1,,OFFICIAL_CURRENT_EXCHANGE_SECURITY,,true,,EXACT_SESSION_RETAINED,CURRENT_DESCRIPTIVE_DNSE_REST_ADJUSTED_RETROSPECTIVE_RAW_AS_TRADED_NOT_PROMOTED,DIRECT_CANONICAL_MAPPING
EVF,2026-09-15,11.5,-0.012875536480686733,,,,,,,,,,,,,,,,,BELOW_MA20_MOMENTUM_NEGATIVE,,2026-09-15T16:50:03.746178+07:00,HSX,finance_company,,,,,,,2026-09-15,2026-09-15,0,OFFICIAL_STOCK_MASTER_SECURITY_TYPE_NOT_COMMON_EQUITY_PROVEN,HOSE,hose_public_stock_master/v1,,OFFICIAL_CURRENT_EXCHANGE_SECURITY,,true,,EXACT_SESSION_RETAINED,CURRENT_DESCRIPTIVE_DNSE_REST_ADJUSTED_RETROSPECTIVE_RAW_AS_TRADED_NOT_PROMOTED,DIRECT_CANONICAL_MAPPING
EVG,2026-09-15,4.01,-0.00987654320987652,,,,,,,,,,,,,,,,,BELOW_MA20_MOMENTUM_NEGATIVE,,2026-09-15T16:50:03.746178+07:00,HSX,,,,,,,,2026-09-15,2026-09-15,0,OFFICIAL_STOCK_MASTER_SECURITY_TYPE_NOT_COMMON_EQUITY_PROVEN,HOSE,hose_public_stock_master/v1,,OFFICIAL_CURRENT_EXCHANGE_SECURITY,,true,,EXACT_SESSION_RETAINED,CURRENT_DESCRIPTIVE_DNSE_REST_ADJUSTED_RETROSPECTIVE_RAW_AS_TRADED_NOT_PROMOTED,DIRECT_CANONICAL_MAPPING
EVS,2026-09-15,4.8,0.02127659574468077,,,,,,,,,,,,,,,,,BELOW_MA20_MOMENTUM_NEGATIVE,,2026-09-15T16:50:03.746178+07:00,DELISTED,,,,,,,,2026-09-15,2026-09-15,0,EXCHANGE_STOCK_LIST_CANDIDATE_NOT_COMMON_EQUITY_PROVEN,HNX_LISTED,hnx_official_equity_universe/v1,,OFFICIAL_CURRENT_STOCK_LIST_CANDIDATE,,true,,EXACT_SESSION_RETAINED,CURRENT_DESCRIPTIVE_DNSE_REST_ADJUSTED_RETROSPECTIVE_RAW_AS_TRADED_NOT_PROMOTED,DIRECT_CANONICAL_MAPPING
F88,2026-09-15,60.7,0.01675041876046901,,,,,,,,,,,,,,,,,BELOW_MA20_MOMENTUM_POSITIVE,,2026-09-15T16:50:03.746178+07:00,UPCOM,,,,,,,,2026-09-15,2026-09-15,0,EXCHANGE_STOCK_LIST_CANDIDATE_NOT_COMMON_EQUITY_PROVEN,UPCOM,hnx_official_equity_universe/v1,,OFFICIAL_CURRENT_STOCK_LIST_CANDIDATE,,true,,EXACT_SESSION_RETAINED,CURRENT_DESCRIPTIVE_DNSE_REST_ADJUSTED_RETROSPECTIVE_RAW_AS_TRADED_NOT_PROMOTED,DIRECT_CANONICAL_MAPPING
FCM,2026-09-15,2.93,-0.010135135135135087,,,,,,,,,,,,,,,,,BELOW_MA20_MOMENTUM_NEGATIVE,,2026-09-15T16:50:03.746178+07:00,HSX,,,,,,,,2026-09-15,2026-09-15,0,OFFICIAL_STOCK_MASTER_SECURITY_TYPE_NOT_COMMON_EQUITY_PROVEN,HOSE,hose_public_stock_master/v1,,OFFICIAL_CURRENT_EXCHANGE_SECURITY,,true,,EXACT_SESSION_RETAINED,CURRENT_DESCRIPTIVE_DNSE_REST_ADJUSTED_RETROSPECTIVE_RAW_AS_TRADED_NOT_PROMOTED,DIRECT_CANONICAL_MAPPING
FCN,2026-09-15,10.9,-0.009090909090909038,,,,,,,,,,,,,,,,,BELOW_MA20_MOMENTUM_NEGATIVE,,2026-09-15T16:50:03.746178+07:00,HSX,,,,,,,,2026-09-15,2026-09-15,0,OFFICIAL_STOCK_MASTER_SECURITY_TYPE_NOT_COMMON_EQUITY_PROVEN,HOSE,hose_public_stock_master/v1,,OFFICIAL_CURRENT_EXCHANGE_SECURITY,,true,,EXACT_SESSION_RETAINED,CURRENT_DESCRIPTIVE_DNSE_REST_ADJUSTED_RETROSPECTIVE_RAW_AS_TRADED_NOT_PROMOTED,DIRECT_CANONICAL_MAPPING
FHS,2026-09-15,27,0.05882352941176472,,,,,,,,,,,,,,,,,NEAR_MA20_NEUTRAL,,2026-09-15T16:50:03.746178+07:00,UPCOM,,,,,,,,2026-09-15,2026-09-15,0,EXCHANGE_STOCK_LIST_CANDIDATE_NOT_COMMON_EQUITY_PROVEN,UPCOM,hnx_official_equity_universe/v1,,OFFICIAL_CURRENT_STOCK_LIST_CANDIDATE,,true,,EXACT_SESSION_RETAINED,CURRENT_DESCRIPTIVE_DNSE_REST_ADJUSTED_RETROSPECTIVE_RAW_AS_TRADED_NOT_PROMOTED,DIRECT_CANONICAL_MAPPING
FIC,2026-09-15,15.6,0.0,,,,,,,,,,,,,,,,,BELOW_MA20_MOMENTUM_POSITIVE,,2026-09-15T16:50:03.746178+07:00,UPCOM,,,,,,,,2026-09-15,2026-09-15,0,EXCHANGE_STOCK_LIST_CANDIDATE_NOT_COMMON_EQUITY_PROVEN,UPCOM,hnx_official_equity_universe/v1,,OFFICIAL_CURRENT_STOCK_LIST_CANDIDATE,,true,,EXACT_SESSION_RETAINED,CURRENT_DESCRIPTIVE_DNSE_REST_ADJUSTED_RETROSPECTIVE_RAW_AS_TRADED_NOT_PROMOTED,DIRECT_CANONICAL_MAPPING
FIR,2026-09-15,2.85,0.0,,,,,,,,,,,,,,,,,BELOW_MA20_MOMENTUM_NEGATIVE,,2026-09-15T16:50:03.746178+07:00,HSX,,,,,,,,2026-09-15,2026-09-15,0,OFFICIAL_STOCK_MASTER_SECURITY_TYPE_NOT_COMMON_EQUITY_PROVEN,HOSE,hose_public_stock_master/v1,,OFFICIAL_CURRENT_EXCHANGE_SECURITY,,true,,EXACT_SESSION_RETAINED,CURRENT_DESCRIPTIVE_DNSE_REST_ADJUSTED_RETROSPECTIVE_RAW_AS_TRADED_NOT_PROMOTED,DIRECT_CANONICAL_MAPPING
FIT,2026-09-15,2.89,0.003472222222222321,,,,,,,,,,,,,,,,,BELOW_MA20_MOMENTUM_NEGATIVE,,2026-09-15T16:50:03.746178+07:00,HSX,,,,,,,,2026-09-15,2026-09-15,0,OFFICIAL_STOCK_MASTER_SECURITY_TYPE_NOT_COMMON_EQUITY_PROVEN,HOSE,hose_public_stock_master/v1,,OFFICIAL_CURRENT_EXCHANGE_SECURITY,,true,,EXACT_SESSION_RETAINED,CURRENT_DESCRIPTIVE_DNSE_REST_ADJUSTED_RETROSPECTIVE_RAW_AS_TRADED_NOT_PROMOTED,DIRECT_CANONICAL_MAPPING
FMC,2026-09-15,33.45,0.0045045045045046805,,,,,,,,,,,,,,,,,BELOW_MA20_MOMENTUM_NEGATIVE,,2026-09-15T16:50:03.746178+07:00,HSX,,,,,,,,2026-09-15,2026-09-15,0,OFFICIAL_STOCK_MASTER_SECURITY_TYPE_NOT_COMMON_EQUITY_PROVEN,HOSE,hose_public_stock_master/v1,,OFFICIAL_CURRENT_EXCHANGE_SECURITY,,true,,EXACT_SESSION_RETAINED,CURRENT_DESCRIPTIVE_DNSE_REST_ADJUSTED_RETROSPECTIVE_RAW_AS_TRADED_NOT_PROMOTED,DIRECT_CANONICAL_MAPPING
FOC,2026-09-15,61.3,0.0,,,,,,,,,,,,,,,,,ABOVE_MA20_MOMENTUM_POSITIVE,,2026-09-15T16:50:03.746178+07:00,UPCOM,,,,,,,,2026-09-15,2026-09-15,0,EXCHANGE_STOCK_LIST_CANDIDATE_NOT_COMMON_EQUITY_PROVEN,UPCOM,hnx_official_equity_universe/v1,,OFFICIAL_CURRENT_STOCK_LIST_CANDIDATE,,true,,EXACT_SESSION_RETAINED,CURRENT_DESCRIPTIVE_DNSE_REST_ADJUSTED_RETROSPECTIVE_RAW_AS_TRADED_NOT_PROMOTED,DIRECT_CANONICAL_MAPPING
FOX,2026-09-15,61.3,0.006568144499178974,,,,,,,,,,,,,,,,,BELOW_MA20_MOMENTUM_NEGATIVE,,2026-09-15T16:50:03.746178+07:00,UPCOM,,,,,,,,2026-09-15,2026-09-15,0,EXCHANGE_STOCK_LIST_CANDIDATE_NOT_COMMON_EQUITY_PROVEN,UPCOM,hnx_official_equity_universe/v1,,OFFICIAL_CURRENT_STOCK_LIST_CANDIDATE,,true,,EXACT_SESSION_RETAINED,CURRENT_DESCRIPTIVE_DNSE_REST_ADJUSTED_RETROSPECTIVE_RAW_AS_TRADED_NOT_PROMOTED,DIRECT_CANONICAL_MAPPING
FPT,2026-09-15,72.7,0.004143646408839796,,,,,,,,,,,,,,,,,BELOW_MA20_MOMENTUM_NEGATIVE,,2026-09-15T16:50:03.746178+07:00,HSX,corporate,,,,,,,2026-09-15,2026-09-15,0,OFFICIAL_STOCK_MASTER_SECURITY_TYPE_NOT_COMMON_EQUITY_PROVEN,HOSE,hose_public_stock_master/v1,,OFFICIAL_CURRENT_EXCHANGE_SECURITY,,true,,EXACT_SESSION_RETAINED,CURRENT_DESCRIPTIVE_NOT_PROMOTED_RAW_AS_TRADED,DIRECT_CANONICAL_MAPPING
FRT,2026-09-15,136,0.022556390977443552,,,,,,,,,,,,,,,,,NEAR_MA20_NEUTRAL,,2026-09-15T16:50:03.746178+07:00,HSX,,,,,,,,2026-09-15,2026-09-15,0,OFFICIAL_STOCK_MASTER_SECURITY_TYPE_NOT_COMMON_EQUITY_PROVEN,HOSE,hose_public_stock_master/v1,,OFFICIAL_CURRENT_EXCHANGE_SECURITY,,true,,EXACT_SESSION_RETAINED,CURRENT_DESCRIPTIVE_DNSE_REST_ADJUSTED_RETROSPECTIVE_RAW_AS_TRADED_NOT_PROMOTED,DIRECT_CANONICAL_MAPPING
FSO,2026-09-15,9.5,0.0,,,,,,,,,,,,,,,,,ABOVE_MA20_MOMENTUM_POSITIVE,,2026-09-15T16:50:03.746178+07:00,UPCOM,,,,,,,,2026-09-15,2026-09-15,0,EXCHANGE_STOCK_LIST_CANDIDATE_NOT_COMMON_EQUITY_PROVEN,UPCOM,hnx_official_equity_universe/v1,,OFFICIAL_CURRENT_STOCK_LIST_CANDIDATE,,true,,EXACT_SESSION_RETAINED,CURRENT_DESCRIPTIVE_DNSE_REST_ADJUSTED_RETROSPECTIVE_RAW_AS_TRADED_NOT_PROMOTED,DIRECT_CANONICAL_MAPPING
FTS,2026-09-15,20.4,0.01492537313432818,,,,,,,,,,,,,,,,,BELOW_MA20_MOMENTUM_NEGATIVE,,2026-09-15T16:50:03.746178+07:00,HSX,,,,,,,,2026-09-15,2026-09-15,0,OFFICIAL_STOCK_MASTER_SECURITY_TYPE_NOT_COMMON_EQUITY_PROVEN,HOSE,hose_public_stock_master/v1,,OFFICIAL_CURRENT_EXCHANGE_SECURITY,,true,,EXACT_SESSION_RETAINED,CURRENT_DESCRIPTIVE_DNSE_REST_ADJUSTED_RETROSPECTIVE_RAW_AS_TRADED_NOT_PROMOTED,DIRECT_CANONICAL_MAPPING
G36,2026-09-15,7.8,0.01298701298701288,,,,,,,,,,,,,,,,,BELOW_MA20_MOMENTUM_NEGATIVE,,2026-09-15T16:50:03.746178+07:00,UPCOM,,,,,,,,2026-09-15,2026-09-15,0,EXCHANGE_STOCK_LIST_CANDIDATE_NOT_COMMON_EQUITY_PROVEN,UPCOM,hnx_official_equity_universe/v1,,OFFICIAL_CURRENT_STOCK_LIST_CANDIDATE,,true,,EXACT_SESSION_RETAINED,CURRENT_DESCRIPTIVE_DNSE_REST_ADJUSTED_RETROSPECTIVE_RAW_AS_TRADED_NOT_PROMOTED,DIRECT_CANONICAL_MAPPING
GAS,2026-09-15,91.4,0.06651108518086346,,,,,,,,,,,,,,,,,ABOVE_MA20_MOMENTUM_POSITIVE,,2026-09-15T16:50:03.746178+07:00,HSX,corporate,,,,,,,2026-09-15,2026-09-15,0,OFFICIAL_STOCK_MASTER_SECURITY_TYPE_NOT_COMMON_EQUITY_PROVEN,HOSE,hose_public_stock_master/v1,,OFFICIAL_CURRENT_EXCHANGE_SECURITY,,true,,EXACT_SESSION_RETAINED,CURRENT_DESCRIPTIVE_DNSE_REST_ADJUSTED_RETROSPECTIVE_RAW_AS_TRADED_NOT_PROMOTED,DIRECT_CANONICAL_MAPPING
GCF,2026-09-15,18.7,-0.005319148936170248,,,,,,,,,,,,,,,,,BELOW_MA20_MOMENTUM_NEGATIVE,,2026-09-15T16:50:03.746178+07:00,UPCOM,,,,,,,,2026-09-15,2026-09-15,0,EXCHANGE_STOCK_LIST_CANDIDATE_NOT_COMMON_EQUITY_PROVEN,UPCOM,hnx_official_equity_universe/v1,,OFFICIAL_CURRENT_STOCK_LIST_CANDIDATE,,true,,EXACT_SESSION_RETAINED,CURRENT_DESCRIPTIVE_DNSE_REST_ADJUSTED_RETROSPECTIVE_RAW_AS_TRADED_NOT_PROMOTED,DIRECT_CANONICAL_MAPPING
GDA,2026-09-15,12.2,0.008264462809917328,,,,,,,,,,,,,,,,,BELOW_MA20_MOMENTUM_NEGATIVE,,2026-09-15T16:50:03.746178+07:00,UPCOM,,,,,,,,2026-09-15,2026-09-15,0,EXCHANGE_STOCK_LIST_CANDIDATE_NOT_COMMON_EQUITY_PROVEN,UPCOM,hnx_official_equity_universe/v1,,OFFICIAL_CURRENT_STOCK_LIST_CANDIDATE,,true,,EXACT_SESSION_RETAINED,CURRENT_DESCRIPTIVE_DNSE_REST_ADJUSTED_RETROSPECTIVE_RAW_AS_TRADED_NOT_PROMOTED,DIRECT_CANONICAL_MAPPING
GDH,2026-09-15,9.5,0.05555555555555558,,,,,,,,,,,,,,,,,BELOW_MA20_MOMENTUM_NEGATIVE,,2026-09-15T16:50:03.746178+07:00,UPCOM,,,,,,,,2026-09-15,2026-09-15,0,EXCHANGE_STOCK_LIST_CANDIDATE_NOT_COMMON_EQUITY_PROVEN,UPCOM,hnx_official_equity_universe/v1,,OFFICIAL_CURRENT_STOCK_LIST_CANDIDATE,,true,,EXACT_SESSION_RETAINED,CURRENT_DESCRIPTIVE_DNSE_REST_ADJUSTED_RETROSPECTIVE_RAW_AS_TRADED_NOT_PROMOTED,DIRECT_CANONICAL_MAPPING
GDT,2026-09-15,15.75,-0.0031645569620253333,,,,,,,,,,,,,,,,,BELOW_MA20_MOMENTUM_NEGATIVE,,2026-09-15T16:50:03.746178+07:00,HSX,,,,,,,,2026-09-15,2026-09-15,0,OFFICIAL_STOCK_MASTER_SECURITY_TYPE_NOT_COMMON_EQUITY_PROVEN,HOSE,hose_public_stock_master/v1,,OFFICIAL_CURRENT_EXCHANGE_SECURITY,,true,,EXACT_SESSION_RETAINED,CURRENT_DESCRIPTIVE_DNSE_REST_ADJUSTED_RETROSPECTIVE_RAW_AS_TRADED_NOT_PROMOTED,DIRECT_CANONICAL_MAPPING
GDW,2026-09-15,29.9,-0.09939759036144591,,,,,,,,,,,,,,,,,BELOW_MA20_MOMENTUM_NEGATIVE,,2026-09-15T16:50:03.746178+07:00,DELISTED,,,,,,,,2026-09-15,2026-09-15,0,EXCHANGE_STOCK_LIST_CANDIDATE_NOT_COMMON_EQUITY_PROVEN,HNX_LISTED,hnx_official_equity_universe/v1,,OFFICIAL_CURRENT_STOCK_LIST_CANDIDATE,,true,,EXACT_SESSION_RETAINED,CURRENT_DESCRIPTIVE_DNSE_REST_ADJUSTED_RETROSPECTIVE_RAW_AS_TRADED_NOT_PROMOTED,DIRECT_CANONICAL_MAPPING
GEE,2026-09-15,59.8,0.03639514731369142,,,,,,,,,,,,,,,,,BELOW_MA20_MOMENTUM_NEGATIVE,,2026-09-15T16:50:03.746178+07:00,HSX,,,,,,,,2026-09-15,2026-09-15,0,OFFICIAL_STOCK_MASTER_SECURITY_TYPE_NOT_COMMON_EQUITY_PROVEN,HOSE,hose_public_stock_master/v1,,OFFICIAL_CURRENT_EXCHANGE_SECURITY,,true,,EXACT_SESSION_RETAINED,CURRENT_DESCRIPTIVE_DNSE_REST_ADJUSTED_RETROSPECTIVE_RAW_AS_TRADED_NOT_PROMOTED,DIRECT_CANONICAL_MAPPING
GEG,2026-09-15,12.35,-0.0040322580645162365,,,,,,,,,,,,,,,,,BELOW_MA20_MOMENTUM_NEGATIVE,,2026-09-15T16:50:03.746178+07:00,HSX,,,,,,,,2026-09-15,2026-09-15,0,OFFICIAL_STOCK_MASTER_SECURITY_TYPE_NOT_COMMON_EQUITY_PROVEN,HOSE,hose_public_stock_master/v1,,OFFICIAL_CURRENT_EXCHANGE_SECURITY,,true,,EXACT_SESSION_RETAINED,CURRENT_DESCRIPTIVE_DNSE_REST_ADJUSTED_RETROSPECTIVE_RAW_AS_TRADED_NOT_PROMOTED,DIRECT_CANONICAL_MAPPING
GEL,2026-09-15,27.35,0.068359375,,,,,,,,,,,,,,,,,BELOW_MA20_MOMENTUM_NEGATIVE,,2026-09-15T16:50:03.746178+07:00,HSX,,,,,,,,2026-09-15,2026-09-15,0,OFFICIAL_STOCK_MASTER_SECURITY_TYPE_NOT_COMMON_EQUITY_PROVEN,HOSE,hose_public_stock_master/v1,,OFFICIAL_CURRENT_EXCHANGE_SECURITY,,true,,EXACT_SESSION_RETAINED,CURRENT_DESCRIPTIVE_DNSE_REST_ADJUSTED_RETROSPECTIVE_RAW_AS_TRADED_NOT_PROMOTED,DIRECT_CANONICAL_MAPPING
GEX,2026-09-15,23,0.03139013452914785,,,,,,,,,,,,,,,,,BELOW_MA20_MOMENTUM_NEGATIVE,,2026-09-15T16:50:03.746178+07:00,HSX,,,,,,,,2026-09-15,2026-09-15,0,OFFICIAL_STOCK_MASTER_SECURITY_TYPE_NOT_COMMON_EQUITY_PROVEN,HOSE,hose_public_stock_master/v1,,OFFICIAL_CURRENT_EXCHANGE_SECURITY,,true,,EXACT_SESSION_RETAINED,CURRENT_DESCRIPTIVE_DNSE_REST_ADJUSTED_RETROSPECTIVE_RAW_AS_TRADED_NOT_PROMOTED,DIRECT_CANONICAL_MAPPING
GHC,2026-09-15,24.9,0.004032258064516014,,,,,,,,,,,,,,,,,BELOW_MA20_MOMENTUM_NEGATIVE,,2026-09-15T16:50:03.746178+07:00,HSX,,,,,,,,2026-09-15,2026-09-15,0,OFFICIAL_STOCK_MASTER_SECURITY_TYPE_NOT_COMMON_EQUITY_PROVEN,HOSE,hose_public_stock_master/v1,,OFFICIAL_CURRENT_EXCHANGE_SECURITY,,true,,EXACT_SESSION_RETAINED,CURRENT_DESCRIPTIVE_DNSE_REST_ADJUSTED_RETROSPECTIVE_RAW_AS_TRADED_NOT_PROMOTED,DIRECT_CANONICAL_MAPPING
GIC,2026-09-15,11,-0.0756302521008404,,,,,,,,,,,,,,,,,BELOW_MA20_MOMENTUM_NEGATIVE,,2026-09-15T16:50:03.746178+07:00,DELISTED,,,,,,,,2026-09-15,2026-09-15,0,EXCHANGE_STOCK_LIST_CANDIDATE_NOT_COMMON_EQUITY_PROVEN,HNX_LISTED,hnx_official_equity_universe/v1,,OFFICIAL_CURRENT_STOCK_LIST_CANDIDATE,,true,,EXACT_SESSION_RETAINED,CURRENT_DESCRIPTIVE_DNSE_REST_ADJUSTED_RETROSPECTIVE_RAW_AS_TRADED_NOT_PROMOTED,DIRECT_CANONICAL_MAPPING
GIL,2026-09-15,7.61,0.007947019867549754,,,,,,,,,,,,,,,,,BELOW_MA20_MOMENTUM_NEGATIVE,,2026-09-15T16:50:03.746178+07:00,HSX,,,,,,,,2026-09-15,2026-09-15,0,OFFICIAL_STOCK_MASTER_SECURITY_TYPE_NOT_COMMON_EQUITY_PROVEN,HOSE,hose_public_stock_master/v1,,OFFICIAL_CURRENT_EXCHANGE_SECURITY,,true,,EXACT_SESSION_RETAINED,CURRENT_DESCRIPTIVE_DNSE_REST_ADJUSTED_RETROSPECTIVE_RAW_AS_TRADED_NOT_PROMOTED,DIRECT_CANONICAL_MAPPING
GMD,2026-09-15,76.5,0.025469168900804418,,,,,,,,,,,,,,,,,ABOVE_MA20_MOMENTUM_POSITIVE,,2026-09-15T16:50:03.746178+07:00,HSX,,,,,,,,2026-09-15,2026-09-15,0,OFFICIAL_STOCK_MASTER_SECURITY_TYPE_NOT_COMMON_EQUITY_PROVEN,HOSE,hose_public_stock_master/v1,,OFFICIAL_CURRENT_EXCHANGE_SECURITY,,true,,EXACT_SESSION_RETAINED,CURRENT_DESCRIPTIVE_DNSE_REST_ADJUSTED_RETROSPECTIVE_RAW_AS_TRADED_NOT_PROMOTED,DIRECT_CANONICAL_MAPPING
GMH,2026-09-15,6.8,-0.008746355685131268,,,,,,,,,,,,,,,,,BELOW_MA20_MOMENTUM_NEGATIVE,,2026-09-15T16:50:03.746178+07:00,HSX,,,,,,,,2026-09-15,2026-09-15,0,OFFICIAL_STOCK_MASTER_SECURITY_TYPE_NOT_COMMON_EQUITY_PROVEN,HOSE,hose_public_stock_master/v1,,OFFICIAL_CURRENT_EXCHANGE_SECURITY,,true,,EXACT_SESSION_RETAINED,CURRENT_DESCRIPTIVE_DNSE_REST_ADJUSTED_RETROSPECTIVE_RAW_AS_TRADED_NOT_PROMOTED,DIRECT_CANONICAL_MAPPING
GPC,2026-09-15,1.9,0.0,,,,,,,,,,,,,,,,,BELOW_MA20_MOMENTUM_NEGATIVE,,2026-09-15T16:50:03.746178+07:00,UPCOM,,,,,,,,2026-09-15,2026-09-15,0,EXCHANGE_STOCK_LIST_CANDIDATE_NOT_COMMON_EQUITY_PROVEN,UPCOM,hnx_official_equity_universe/v1,,OFFICIAL_CURRENT_STOCK_LIST_CANDIDATE,,true,,EXACT_SESSION_RETAINED,CURRENT_DESCRIPTIVE_DNSE_REST_ADJUSTED_RETROSPECTIVE_RAW_AS_TRADED_NOT_PROMOTED,DIRECT_CANONICAL_MAPPING
GSM,2026-09-15,25,0.028806584362139898,,,,,,,,,,,,,,,,,BELOW_MA20_MOMENTUM_NEGATIVE,,2026-09-15T16:50:03.746178+07:00,UPCOM,,,,,,,,2026-09-15,2026-09-15,0,EXCHANGE_STOCK_LIST_CANDIDATE_NOT_COMMON_EQUITY_PROVEN,UPCOM,hnx_official_equity_universe/v1,,OFFICIAL_CURRENT_STOCK_LIST_CANDIDATE,,true,,EXACT_SESSION_RETAINED,CURRENT_DESCRIPTIVE_DNSE_REST_ADJUSTED_RETROSPECTIVE_RAW_AS_TRADED_NOT_PROMOTED,DIRECT_CANONICAL_MAPPING
GSP,2026-09-15,9.86,0.018595041322313932,,,,,,,,,,,,,,,,,NEAR_MA20_NEUTRAL,,2026-09-15T16:50:03.746178+07:00,HSX,,,,,,,,2026-09-15,2026-09-15,0,OFFICIAL_STOCK_MASTER_SECURITY_TYPE_NOT_COMMON_EQUITY_PROVEN,HOSE,hose_public_stock_master/v1,,OFFICIAL_CURRENT_EXCHANGE_SECURITY,,true,,EXACT_SESSION_RETAINED,CURRENT_DESCRIPTIVE_DNSE_REST_ADJUSTED_RETROSPECTIVE_RAW_AS_TRADED_NOT_PROMOTED,DIRECT_CANONICAL_MAPPING
GVR,2026-09-15,30.3,0.011686143572620988,,,,,,,,,,,,,,,,,BELOW_MA20_MOMENTUM_POSITIVE,,2026-09-15T16:50:03.746178+07:00,HSX,,,,,,,,2026-09-15,2026-09-15,0,OFFICIAL_STOCK_MASTER_SECURITY_TYPE_NOT_COMMON_EQUITY_PROVEN,HOSE,hose_public_stock_master/v1,,OFFICIAL_CURRENT_EXCHANGE_SECURITY,,true,,EXACT_SESSION_RETAINED,CURRENT_DESCRIPTIVE_DNSE_REST_ADJUSTED_RETROSPECTIVE_RAW_AS_TRADED_NOT_PROMOTED,DIRECT_CANONICAL_MAPPING
HAG,2026-09-15,14,0.018181818181818077,,,,,,,,,,,,,,,,,BELOW_MA20_MOMENTUM_NEGATIVE,,2026-09-15T16:50:03.746178+07:00,HSX,,,,,,,,2026-09-15,2026-09-15,0,OFFICIAL_STOCK_MASTER_SECURITY_TYPE_NOT_COMMON_EQUITY_PROVEN,HOSE,hose_public_stock_master/v1,,OFFICIAL_CURRENT_EXCHANGE_SECURITY,,true,,EXACT_SESSION_RETAINED,CURRENT_DESCRIPTIVE_DNSE_REST_ADJUSTED_RETROSPECTIVE_RAW_AS_TRADED_NOT_PROMOTED,DIRECT_CANONICAL_MAPPING
HAH,2026-09-15,46.5,0.0344827586206895,,,,,,,,,,,,,,,,,BELOW_MA20_MOMENTUM_NEGATIVE,,2026-09-15T16:50:03.746178+07:00,HSX,,,,,,,,2026-09-15,2026-09-15,0,OFFICIAL_STOCK_MASTER_SECURITY_TYPE_NOT_COMMON_EQUITY_PROVEN,HOSE,hose_public_stock_master/v1,,OFFICIAL_CURRENT_EXCHANGE_SECURITY,,true,,EXACT_SESSION_RETAINED,CURRENT_DESCRIPTIVE_DNSE_REST_ADJUSTED_RETROSPECTIVE_RAW_AS_TRADED_NOT_PROMOTED,DIRECT_CANONICAL_MAPPING
HAN,2026-09-15,7.5,-0.013157894736842035,,,,,,,,,,,,,,,,,BELOW_MA20_MOMENTUM_NEGATIVE,,2026-09-15T16:50:03.746178+07:00,UPCOM,,,,,,,,2026-09-15,2026-09-15,0,EXCHANGE_STOCK_LIST_CANDIDATE_NOT_COMMON_EQUITY_PROVEN,UPCOM,hnx_official_equity_universe/v1,,OFFICIAL_CURRENT_STOCK_LIST_CANDIDATE,,true,,EXACT_SESSION_RETAINED,CURRENT_DESCRIPTIVE_DNSE_REST_ADJUSTED_RETROSPECTIVE_RAW_AS_TRADED_NOT_PROMOTED,DIRECT_CANONICAL_MAPPING
HAP,2026-09-15,7.35,-0.004065040650406582,,,,,,,,,,,,,,,,,ABOVE_MA20_MOMENTUM_POSITIVE,,2026-09-15T16:50:03.746178+07:00,HSX,,,,,,,,2026-09-15,2026-09-15,0,OFFICIAL_STOCK_MASTER_SECURITY_TYPE_NOT_COMMON_EQUITY_PROVEN,HOSE,hose_public_stock_master/v1,,OFFICIAL_CURRENT_EXCHANGE_SECURITY,,true,,EXACT_SESSION_RETAINED,CURRENT_DESCRIPTIVE_DNSE_REST_ADJUSTED_RETROSPECTIVE_RAW_AS_TRADED_NOT_PROMOTED,DIRECT_CANONICAL_MAPPING
HAR,2026-09-15,2.49,0.0,,,,,,,,,,,,,,,,,BELOW_MA20_MOMENTUM_NEGATIVE,,2026-09-15T16:50:03.746178+07:00,HSX,,,,,,,,2026-09-15,2026-09-15,0,OFFICIAL_STOCK_MASTER_SECURITY_TYPE_NOT_COMMON_EQUITY_PROVEN,HOSE,hose_public_stock_master/v1,,OFFICIAL_CURRENT_EXCHANGE_SECURITY,,true,,EXACT_SESSION_RETAINED,CURRENT_DESCRIPTIVE_DNSE_REST_ADJUSTED_RETROSPECTIVE_RAW_AS_TRADED_NOT_PROMOTED,DIRECT_CANONICAL_MAPPING
HAS,2026-09-15,10.6,0.03921568627450989,,,,,,,,,,,,,,,,,ABOVE_MA20_MOMENTUM_POSITIVE,,2026-09-15T16:50:03.746178+07:00,HSX,,,,,,,,2026-09-15,2026-09-15,0,OFFICIAL_STOCK_MASTER_SECURITY_TYPE_NOT_COMMON_EQUITY_PROVEN,HOSE,hose_public_stock_master/v1,,OFFICIAL_CURRENT_EXCHANGE_SECURITY,,true,,EXACT_SESSION_RETAINED,CURRENT_DESCRIPTIVE_DNSE_REST_ADJUSTED_RETROSPECTIVE_RAW_AS_TRADED_NOT_PROMOTED,DIRECT_CANONICAL_MAPPING
HAT,2026-09-15,29.2,-0.006802721088435382,,,,,,,,,,,,,,,,,BELOW_MA20_MOMENTUM_NEGATIVE,,2026-09-15T16:50:03.746178+07:00,DELISTED,,,,,,,,2026-09-15,2026-09-15,0,EXCHANGE_STOCK_LIST_CANDIDATE_NOT_COMMON_EQUITY_PROVEN,HNX_LISTED,hnx_official_equity_universe/v1,,OFFICIAL_CURRENT_STOCK_LIST_CANDIDATE,,true,,EXACT_SESSION_RETAINED,CURRENT_DESCRIPTIVE_DNSE_REST_ADJUSTED_RETROSPECTIVE_RAW_AS_TRADED_NOT_PROMOTED,DIRECT_CANONICAL_MAPPING
HAV,2026-09-15,2.6,-0.1333333333333333,,,,,,,,,,,,,,,,,BELOW_MA20_MOMENTUM_NEGATIVE,,2026-09-15T16:50:03.746178+07:00,UPCOM,,,,,,,,2026-09-15,2026-09-15,0,EXCHANGE_STOCK_LIST_CANDIDATE_NOT_COMMON_EQUITY_PROVEN,UPCOM,hnx_official_equity_universe/v1,,OFFICIAL_CURRENT_STOCK_LIST_CANDIDATE,,true,,EXACT_SESSION_RETAINED,CURRENT_DESCRIPTIVE_DNSE_REST_ADJUSTED_RETROSPECTIVE_RAW_AS_TRADED_NOT_PROMOTED,DIRECT_CANONICAL_MAPPING
HAX,2026-09-15,8.23,-0.00363196125907983,,,,,,,,,,,,,,,,,BELOW_MA20_MOMENTUM_NEGATIVE,,2026-09-15T16:50:03.746178+07:00,HSX,,,,,,,,2026-09-15,2026-09-15,0,OFFICIAL_STOCK_MASTER_SECURITY_TYPE_NOT_COMMON_EQUITY_PROVEN,HOSE,hose_public_stock_master/v1,,OFFICIAL_CURRENT_EXCHANGE_SECURITY,,true,,EXACT_SESSION_RETAINED,CURRENT_DESCRIPTIVE_DNSE_REST_ADJUSTED_RETROSPECTIVE_RAW_AS_TRADED_NOT_PROMOTED,DIRECT_CANONICAL_MAPPING
HBC,2026-09-15,3.5,0.0,,,,,,,,,,,,,,,,,BELOW_MA20_MOMENTUM_NEGATIVE,,2026-09-15T16:50:03.746178+07:00,UPCOM,,,,,,,,2026-09-15,2026-09-15,0,EXCHANGE_STOCK_LIST_CANDIDATE_NOT_COMMON_EQUITY_PROVEN,UPCOM,hnx_official_equity_universe/v1,,OFFICIAL_CURRENT_STOCK_LIST_CANDIDATE,,true,,EXACT_SESSION_RETAINED,CURRENT_DESCRIPTIVE_DNSE_REST_ADJUSTED_RETROSPECTIVE_RAW_AS_TRADED_NOT_PROMOTED,DIRECT_CANONICAL_MAPPING
HBH,2026-09-15,5.6,0.11999999999999988,,,,,,,,,,,,,,,,,ABOVE_MA20_MOMENTUM_POSITIVE,,2026-09-15T16:50:03.746178+07:00,UPCOM,,,,,,,,2026-09-15,2026-09-15,0,EXCHANGE_STOCK_LIST_CANDIDATE_NOT_COMMON_EQUITY_PROVEN,UPCOM,hnx_official_equity_universe/v1,,OFFICIAL_CURRENT_STOCK_LIST_CANDIDATE,,true,,EXACT_SESSION_RETAINED,CURRENT_DESCRIPTIVE_DNSE_REST_ADJUSTED_RETROSPECTIVE_RAW_AS_TRADED_NOT_PROMOTED,DIRECT_CANONICAL_MAPPING
HC3,2026-09-15,25,0.0,,,,,,,,,,,,,,,,,NEAR_MA20_NEUTRAL,,2026-09-15T16:50:03.746178+07:00,UPCOM,,,,,,,,2026-09-15,2026-09-15,0,EXCHANGE_STOCK_LIST_CANDIDATE_NOT_COMMON_EQUITY_PROVEN,UPCOM,hnx_official_equity_universe/v1,,OFFICIAL_CURRENT_STOCK_LIST_CANDIDATE,,true,,EXACT_SESSION_RETAINED,CURRENT_DESCRIPTIVE_DNSE_REST_ADJUSTED_RETROSPECTIVE_RAW_AS_TRADED_NOT_PROMOTED,DIRECT_CANONICAL_MAPPING
HCC,2026-09-15,23.7,0.03493449781659397,,,,,,,,,,,,,,,,,ABOVE_MA20_MOMENTUM_POSITIVE,,2026-09-15T16:50:03.746178+07:00,DELISTED,,,,,,,,2026-09-15,2026-09-15,0,EXCHANGE_STOCK_LIST_CANDIDATE_NOT_COMMON_EQUITY_PROVEN,HNX_LISTED,hnx_official_equity_universe/v1,,OFFICIAL_CURRENT_STOCK_LIST_CANDIDATE,,true,,EXACT_SESSION_RETAINED,CURRENT_DESCRIPTIVE_DNSE_REST_ADJUSTED_RETROSPECTIVE_RAW_AS_TRADED_NOT_PROMOTED,DIRECT_CANONICAL_MAPPING
HCD,2026-09-15,6.36,0.0015748031496063408,,,,,,,,,,,,,,,,,NEAR_MA20_NEUTRAL,,2026-09-15T16:50:03.746178+07:00,HSX,,,,,,,,2026-09-15,2026-09-15,0,OFFICIAL_STOCK_MASTER_SECURITY_TYPE_NOT_COMMON_EQUITY_PROVEN,HOSE,hose_public_stock_master/v1,,OFFICIAL_CURRENT_EXCHANGE_SECURITY,,true,,EXACT_SESSION_RETAINED,CURRENT_DESCRIPTIVE_DNSE_REST_ADJUSTED_RETROSPECTIVE_RAW_AS_TRADED_NOT_PROMOTED,DIRECT_CANONICAL_MAPPING
HCM,2026-09-15,25.15,0.016161616161616044,,,,,,,,,,,,,,,,,ABOVE_MA20_MOMENTUM_POSITIVE,,2026-09-15T16:50:03.746178+07:00,HSX,,,,,,,,2026-09-15,2026-09-15,0,OFFICIAL_STOCK_MASTER_SECURITY_TYPE_NOT_COMMON_EQUITY_PROVEN,HOSE,hose_public_stock_master/v1,,OFFICIAL_CURRENT_EXCHANGE_SECURITY,,true,,EXACT_SESSION_RETAINED,CURRENT_DESCRIPTIVE_DNSE_REST_ADJUSTED_RETROSPECTIVE_RAW_AS_TRADED_NOT_PROMOTED,DIRECT_CANONICAL_MAPPING
HD2,2026-09-15,8,-0.012345679012345623,,,,,,,,,,,,,,,,,BELOW_MA20_MOMENTUM_NEGATIVE,,2026-09-15T16:50:03.746178+07:00,UPCOM,,,,,,,,2026-09-15,2026-09-15,0,EXCHANGE_STOCK_LIST_CANDIDATE_NOT_COMMON_EQUITY_PROVEN,UPCOM,hnx_official_equity_universe/v1,,OFFICIAL_CURRENT_STOCK_LIST_CANDIDATE,,true,,EXACT_SESSION_RETAINED,CURRENT_DESCRIPTIVE_DNSE_REST_ADJUSTED_RETROSPECTIVE_RAW_AS_TRADED_NOT_PROMOTED,DIRECT_CANONICAL_MAPPING
HD6,2026-09-15,7.6,0.013333333333333197,,,,,,,,,,,,,,,,,BELOW_MA20_MOMENTUM_NEGATIVE,,2026-09-15T16:50:03.746178+07:00,UPCOM,,,,,,,,2026-09-15,2026-09-15,0,EXCHANGE_STOCK_LIST_CANDIDATE_NOT_COMMON_EQUITY_PROVEN,UPCOM,hnx_official_equity_universe/v1,,OFFICIAL_CURRENT_STOCK_LIST_CANDIDATE,,true,,EXACT_SESSION_RETAINED,CURRENT_DESCRIPTIVE_DNSE_REST_ADJUSTED_RETROSPECTIVE_RAW_AS_TRADED_NOT_PROMOTED,DIRECT_CANONICAL_MAPPING
HDA,2026-09-15,6.5,0.0,,,,,,,,,,,,,,,,,ABOVE_MA20_MOMENTUM_POSITIVE,,2026-09-15T16:50:03.746178+07:00,DELISTED,,,,,,,,2026-09-15,2026-09-15,0,EXCHANGE_STOCK_LIST_CANDIDATE_NOT_COMMON_EQUITY_PROVEN,HNX_LISTED,hnx_official_equity_universe/v1,,OFFICIAL_CURRENT_STOCK_LIST_CANDIDATE,,true,,EXACT_SESSION_RETAINED,CURRENT_DESCRIPTIVE_DNSE_REST_ADJUSTED_RETROSPECTIVE_RAW_AS_TRADED_NOT_PROMOTED,DIRECT_CANONICAL_MAPPING
HDB,2026-09-15,27.1,0.011194029850746245,,,,,,,,,,,,,,,,,ABOVE_MA20_MOMENTUM_POSITIVE,,2026-09-15T16:50:03.746178+07:00,HSX,,,,,,,,2026-09-15,2026-09-15,0,OFFICIAL_STOCK_MASTER_SECURITY_TYPE_NOT_COMMON_EQUITY_PROVEN,HOSE,hose_public_stock_master/v1,,OFFICIAL_CURRENT_EXCHANGE_SECURITY,,true,,EXACT_SESSION_RETAINED,CURRENT_DESCRIPTIVE_DNSE_REST_ADJUSTED_RETROSPECTIVE_RAW_AS_TRADED_NOT_PROMOTED,DIRECT_CANONICAL_MAPPING
HDC,2026-09-15,11.3,0.004444444444444473,,,,,,,,,,,,,,,,,BELOW_MA20_MOMENTUM_NEGATIVE,,2026-09-15T16:50:03.746178+07:00,HSX,,,,,,,,2026-09-15,2026-09-15,0,OFFICIAL_STOCK_MASTER_SECURITY_TYPE_NOT_COMMON_EQUITY_PROVEN,HOSE,hose_public_stock_master/v1,,OFFICIAL_CURRENT_EXCHANGE_SECURITY,,true,,EXACT_SESSION_RETAINED,CURRENT_DESCRIPTIVE_DNSE_REST_ADJUSTED_RETROSPECTIVE_RAW_AS_TRADED_NOT_PROMOTED,DIRECT_CANONICAL_MAPPING
HDG,2026-09-15,15.85,0.01602564102564097,,,,,,,,,,,,,,,,,BELOW_MA20_MOMENTUM_NEGATIVE,,2026-09-15T16:50:03.746178+07:00,HSX,,,,,,,,2026-09-15,2026-09-15,0,OFFICIAL_STOCK_MASTER_SECURITY_TYPE_NOT_COMMON_EQUITY_PROVEN,HOSE,hose_public_stock_master/v1,,OFFICIAL_CURRENT_EXCHANGE_SECURITY,,true,,EXACT_SESSION_RETAINED,CURRENT_DESCRIPTIVE_DNSE_REST_ADJUSTED_RETROSPECTIVE_RAW_AS_TRADED_NOT_PROMOTED,DIRECT_CANONICAL_MAPPING
HDP,2026-09-15,26.5,0.019230769230769162,,,,,,,,,,,,,,,,,ABOVE_MA20_MOMENTUM_POSITIVE,,2026-09-15T16:50:03.746178+07:00,UPCOM,,,,,,,,2026-09-15,2026-09-15,0,EXCHANGE_STOCK_LIST_CANDIDATE_NOT_COMMON_EQUITY_PROVEN,UPCOM,hnx_official_equity_universe/v1,,OFFICIAL_CURRENT_STOCK_LIST_CANDIDATE,,true,,EXACT_SESSION_RETAINED,CURRENT_DESCRIPTIVE_DNSE_REST_ADJUSTED_RETROSPECTIVE_RAW_AS_TRADED_NOT_PROMOTED,DIRECT_CANONICAL_MAPPING
HEC,2026-09-15,28,0.0035842293906811484,,,,,,,,,,,,,,,,,BELOW_MA20_MOMENTUM_NEGATIVE,,2026-09-15T16:50:03.746178+07:00,UPCOM,,,,,,,,2026-09-15,2026-09-15,0,EXCHANGE_STOCK_LIST_CANDIDATE_NOT_COMMON_EQUITY_PROVEN,UPCOM,hnx_official_equity_universe/v1,,OFFICIAL_CURRENT_STOCK_LIST_CANDIDATE,,true,,EXACT_SESSION_RETAINED,CURRENT_DESCRIPTIVE_DNSE_REST_ADJUSTED_RETROSPECTIVE_RAW_AS_TRADED_NOT_PROMOTED,DIRECT_CANONICAL_MAPPING
HEV,2026-09-15,8.3,0.09210526315789491,,,,,,,,,,,,,,,,,ABOVE_MA20_MOMENTUM_NEGATIVE,,2026-09-15T16:50:03.746178+07:00,DELISTED,,,,,,,,2026-09-15,2026-09-15,0,EXCHANGE_STOCK_LIST_CANDIDATE_NOT_COMMON_EQUITY_PROVEN,HNX_LISTED,hnx_official_equity_universe/v1,,OFFICIAL_CURRENT_STOCK_LIST_CANDIDATE,,true,,EXACT_SESSION_RETAINED,CURRENT_DESCRIPTIVE_DNSE_REST_ADJUSTED_RETROSPECTIVE_RAW_AS_TRADED_NOT_PROMOTED,DIRECT_CANONICAL_MAPPING
HGM,2026-09-15,113,0.008928571428571397,,,,,,,,,,,,,,,,,BELOW_MA20_MOMENTUM_NEGATIVE,,2026-09-15T16:50:03.746178+07:00,DELISTED,,,,,,,,2026-09-15,2026-09-15,0,EXCHANGE_STOCK_LIST_CANDIDATE_NOT_COMMON_EQUITY_PROVEN,HNX_LISTED,hnx_official_equity_universe/v1,,OFFICIAL_CURRENT_STOCK_LIST_CANDIDATE,,true,,EXACT_SESSION_RETAINED,CURRENT_DESCRIPTIVE_DNSE_REST_ADJUSTED_RETROSPECTIVE_RAW_AS_TRADED_NOT_PROMOTED,DIRECT_CANONICAL_MAPPING
HHC,2026-09-15,76.2,-0.03544303797468351,,,,,,,,,,,,,,,,,BELOW_MA20_MOMENTUM_NEGATIVE,,2026-09-15T16:50:03.746178+07:00,DELISTED,,,,,,,,2026-09-15,2026-09-15,0,EXCHANGE_STOCK_LIST_CANDIDATE_NOT_COMMON_EQUITY_PROVEN,HNX_LISTED,hnx_official_equity_universe/v1,,OFFICIAL_CURRENT_STOCK_LIST_CANDIDATE,,true,,EXACT_SESSION_RETAINED,CURRENT_DESCRIPTIVE_DNSE_REST_ADJUSTED_RETROSPECTIVE_RAW_AS_TRADED_NOT_PROMOTED,DIRECT_CANONICAL_MAPPING
HHG,2026-09-15,0.6,-0.1428571428571428,,,,,,,,,,,,,,,,,BELOW_MA20_MOMENTUM_NEGATIVE,,2026-09-15T16:50:03.746178+07:00,UPCOM,,,,,,,,2026-09-15,2026-09-15,0,EXCHANGE_STOCK_LIST_CANDIDATE_NOT_COMMON_EQUITY_PROVEN,UPCOM,hnx_official_equity_universe/v1,,OFFICIAL_CURRENT_STOCK_LIST_CANDIDATE,,true,,EXACT_SESSION_RETAINED,CURRENT_DESCRIPTIVE_DNSE_REST_ADJUSTED_RETROSPECTIVE_RAW_AS_TRADED_NOT_PROMOTED,DIRECT_CANONICAL_MAPPING
HHP,2026-09-15,17.05,0.002941176470588225,,,,,,,,,,,,,,,,,ABOVE_MA20_MOMENTUM_POSITIVE,,2026-09-15T16:50:03.746178+07:00,HSX,,,,,,,,2026-09-15,2026-09-15,0,OFFICIAL_STOCK_MASTER_SECURITY_TYPE_NOT_COMMON_EQUITY_PROVEN,HOSE,hose_public_stock_master/v1,,OFFICIAL_CURRENT_EXCHANGE_SECURITY,,true,,EXACT_SESSION_RETAINED,CURRENT_DESCRIPTIVE_DNSE_REST_ADJUSTED_RETROSPECTIVE_RAW_AS_TRADED_NOT_PROMOTED,DIRECT_CANONICAL_MAPPING
HHS,2026-09-15,9.95,0.015306122448979442,,,,,,,,,,,,,,,,,BELOW_MA20_MOMENTUM_NEGATIVE,,2026-09-15T16:50:03.746178+07:00,HSX,,,,,,,,2026-09-15,2026-09-15,0,OFFICIAL_STOCK_MASTER_SECURITY_TYPE_NOT_COMMON_EQUITY_PROVEN,HOSE,hose_public_stock_master/v1,,OFFICIAL_CURRENT_EXCHANGE_SECURITY,,true,,EXACT_SESSION_RETAINED,CURRENT_DESCRIPTIVE_DNSE_REST_ADJUSTED_RETROSPECTIVE_RAW_AS_TRADED_NOT_PROMOTED,DIRECT_CANONICAL_MAPPING
HHV,2026-09-15,9.35,0.005376344086021501,,,,,,,,,,,,,,,,,BELOW_MA20_MOMENTUM_NEGATIVE,,2026-09-15T16:50:03.746178+07:00,HSX,,,,,,,,2026-09-15,2026-09-15,0,OFFICIAL_STOCK_MASTER_SECURITY_TYPE_NOT_COMMON_EQUITY_PROVEN,HOSE,hose_public_stock_master/v1,,OFFICIAL_CURRENT_EXCHANGE_SECURITY,,true,,EXACT_SESSION_RETAINED,CURRENT_DESCRIPTIVE_DNSE_REST_ADJUSTED_RETROSPECTIVE_RAW_AS_TRADED_NOT_PROMOTED,DIRECT_CANONICAL_MAPPING
HID,2026-09-15,4.95,0.06911447084233258,,,,,,,,,,,,,,,,,ABOVE_MA20_MOMENTUM_POSITIVE,,2026-09-15T16:50:03.746178+07:00,HSX,,,,,,,,2026-09-15,2026-09-15,0,OFFICIAL_STOCK_MASTER_SECURITY_TYPE_NOT_COMMON_EQUITY_PROVEN,HOSE,hose_public_stock_master/v1,,OFFICIAL_CURRENT_EXCHANGE_SECURITY,,true,,EXACT_SESSION_RETAINED,CURRENT_DESCRIPTIVE_DNSE_REST_ADJUSTED_RETROSPECTIVE_RAW_AS_TRADED_NOT_PROMOTED,DIRECT_CANONICAL_MAPPING
HII,2026-09-15,11.4,0.04109589041095907,,,,,,,,,,,,,,,,,ABOVE_MA20_MOMENTUM_POSITIVE,,2026-09-15T16:50:03.746178+07:00,HSX,,,,,,,,2026-09-15,2026-09-15,0,OFFICIAL_STOCK_MASTER_SECURITY_TYPE_NOT_COMMON_EQUITY_PROVEN,HOSE,hose_public_stock_master/v1,,OFFICIAL_CURRENT_EXCHANGE_SECURITY,,true,,EXACT_SESSION_RETAINED,CURRENT_DESCRIPTIVE_DNSE_REST_ADJUSTED_RETROSPECTIVE_RAW_AS_TRADED_NOT_PROMOTED,DIRECT_CANONICAL_MAPPING
HIO,2026-09-15,7.4,0.013698630136986356,,,,,,,,,,,,,,,,,BELOW_MA20_MOMENTUM_NEGATIVE,,2026-09-15T16:50:03.746178+07:00,UPCOM,,,,,,,,2026-09-15,2026-09-15,0,EXCHANGE_STOCK_LIST_CANDIDATE_NOT_COMMON_EQUITY_PROVEN,UPCOM,hnx_official_equity_universe/v1,,OFFICIAL_CURRENT_STOCK_LIST_CANDIDATE,,true,,EXACT_SESSION_RETAINED,CURRENT_DESCRIPTIVE_DNSE_REST_ADJUSTED_RETROSPECTIVE_RAW_AS_TRADED_NOT_PROMOTED,DIRECT_CANONICAL_MAPPING
HJS,2026-09-15,26.1,0.048192771084337505,,,,,,,,,,,,,,,,,BELOW_MA20_MOMENTUM_NEGATIVE,,2026-09-15T16:50:03.746178+07:00,DELISTED,,,,,,,,2026-09-15,2026-09-15,0,EXCHANGE_STOCK_LIST_CANDIDATE_NOT_COMMON_EQUITY_PROVEN,HNX_LISTED,hnx_official_equity_universe/v1,,OFFICIAL_CURRENT_STOCK_LIST_CANDIDATE,,true,,EXACT_SESSION_RETAINED,CURRENT_DESCRIPTIVE_DNSE_REST_ADJUSTED_RETROSPECTIVE_RAW_AS_TRADED_NOT_PROMOTED,DIRECT_CANONICAL_MAPPING
HKT,2026-09-15,13.8,-0.007194244604316502,,,,,,,,,,,,,,,,,BELOW_MA20_MOMENTUM_POSITIVE,,2026-09-15T16:50:03.746178+07:00,DELISTED,,,,,,,,2026-09-15,2026-09-15,0,EXCHANGE_STOCK_LIST_CANDIDATE_NOT_COMMON_EQUITY_PROVEN,HNX_LISTED,hnx_official_equity_universe/v1,,OFFICIAL_CURRENT_STOCK_LIST_CANDIDATE,,true,,EXACT_SESSION_RETAINED,CURRENT_DESCRIPTIVE_DNSE_REST_ADJUSTED_RETROSPECTIVE_RAW_AS_TRADED_NOT_PROMOTED,DIRECT_CANONICAL_MAPPING
HLD,2026-09-15,13.7,0.0,,,,,,,,,,,,,,,,,BELOW_MA20_MOMENTUM_NEGATIVE,,2026-09-15T16:50:03.746178+07:00,DELISTED,,,,,,,,2026-09-15,2026-09-15,0,EXCHANGE_STOCK_LIST_CANDIDATE_NOT_COMMON_EQUITY_PROVEN,HNX_LISTED,hnx_official_equity_universe/v1,,OFFICIAL_CURRENT_STOCK_LIST_CANDIDATE,,true,,EXACT_SESSION_RETAINED,CURRENT_DESCRIPTIVE_DNSE_REST_ADJUSTED_RETROSPECTIVE_RAW_AS_TRADED_NOT_PROMOTED,DIRECT_CANONICAL_MAPPING
HMC,2026-09-15,10.75,0.004672897196261738,,,,,,,,,,,,,,,,,NEAR_MA20_NEUTRAL,,2026-09-15T16:50:03.746178+07:00,HSX,,,,,,,,2026-09-15,2026-09-15,0,OFFICIAL_STOCK_MASTER_SECURITY_TYPE_NOT_COMMON_EQUITY_PROVEN,HOSE,hose_public_stock_master/v1,,OFFICIAL_CURRENT_EXCHANGE_SECURITY,,true,,EXACT_SESSION_RETAINED,CURRENT_DESCRIPTIVE_DNSE_REST_ADJUSTED_RETROSPECTIVE_RAW_AS_TRADED_NOT_PROMOTED,DIRECT_CANONICAL_MAPPING
HMH,2026-09-15,16.5,0.0927152317880795,,,,,,,,,,,,,,,,,NEAR_MA20_NEUTRAL,,2026-09-15T16:50:03.746178+07:00,DELISTED,,,,,,,,2026-09-15,2026-09-15,0,EXCHANGE_STOCK_LIST_CANDIDATE_NOT_COMMON_EQUITY_PROVEN,HNX_LISTED,hnx_official_equity_universe/v1,,OFFICIAL_CURRENT_STOCK_LIST_CANDIDATE,,true,,EXACT_SESSION_RETAINED,CURRENT_DESCRIPTIVE_DNSE_REST_ADJUSTED_RETROSPECTIVE_RAW_AS_TRADED_NOT_PROMOTED,DIRECT_CANONICAL_MAPPING
HMR,2026-09-15,9,-0.052631578947368474,,,,,,,,,,,,,,,,,BELOW_MA20_MOMENTUM_NEGATIVE,,2026-09-15T16:50:03.746178+07:00,DELISTED,,,,,,,,2026-09-15,2026-09-15,0,EXCHANGE_STOCK_LIST_CANDIDATE_NOT_COMMON_EQUITY_PROVEN,HNX_LISTED,hnx_official_equity_universe/v1,,OFFICIAL_CURRENT_STOCK_LIST_CANDIDATE,,true,,EXACT_SESSION_RETAINED,CURRENT_DESCRIPTIVE_DNSE_REST_ADJUSTED_RETROSPECTIVE_RAW_AS_TRADED_NOT_PROMOTED,DIRECT_CANONICAL_MAPPING
HNA,2026-09-15,22,0.04265402843601884,,,,,,,,,,,,,,,,,NEAR_MA20_NEUTRAL,,2026-09-15T16:50:03.746178+07:00,HSX,,,,,,,,2026-09-15,2026-09-15,0,OFFICIAL_STOCK_MASTER_SECURITY_TYPE_NOT_COMMON_EQUITY_PROVEN,HOSE,hose_public_stock_master/v1,,OFFICIAL_CURRENT_EXCHANGE_SECURITY,,true,,EXACT_SESSION_RETAINED,CURRENT_DESCRIPTIVE_DNSE_REST_ADJUSTED_RETROSPECTIVE_RAW_AS_TRADED_NOT_PROMOTED,DIRECT_CANONICAL_MAPPING
HND,2026-09-15,9.2,-0.021276595744680993,,,,,,,,,,,,,,,,,BELOW_MA20_MOMENTUM_NEGATIVE,,2026-09-15T16:50:03.746178+07:00,UPCOM,,,,,,,,2026-09-15,2026-09-15,0,EXCHANGE_STOCK_LIST_CANDIDATE_NOT_COMMON_EQUITY_PROVEN,UPCOM,hnx_official_equity_universe/v1,,OFFICIAL_CURRENT_STOCK_LIST_CANDIDATE,,true,,EXACT_SESSION_RETAINED,CURRENT_DESCRIPTIVE_DNSE_REST_ADJUSTED_RETROSPECTIVE_RAW_AS_TRADED_NOT_PROMOTED,DIRECT_CANONICAL_MAPPING
HNG,2026-09-15,6.1,-0.016129032258064613,,,,,,,,,,,,,,,,,BELOW_MA20_MOMENTUM_NEGATIVE,,2026-09-15T16:50:03.746178+07:00,UPCOM,,,,,,,,2026-09-15,2026-09-15,0,EXCHANGE_STOCK_LIST_CANDIDATE_NOT_COMMON_EQUITY_PROVEN,UPCOM,hnx_official_equity_universe/v1,,OFFICIAL_CURRENT_STOCK_LIST_CANDIDATE,,true,,EXACT_SESSION_RETAINED,CURRENT_DESCRIPTIVE_DNSE_REST_ADJUSTED_RETROSPECTIVE_RAW_AS_TRADED_NOT_PROMOTED,DIRECT_CANONICAL_MAPPING
HNM,2026-09-15,9.1,0.0,,,,,,,,,,,,,,,,,ABOVE_MA20_MOMENTUM_POSITIVE,,2026-09-15T16:50:03.746178+07:00,UPCOM,,,,,,,,2026-09-15,2026-09-15,0,EXCHANGE_STOCK_LIST_CANDIDATE_NOT_COMMON_EQUITY_PROVEN,UPCOM,hnx_official_equity_universe/v1,,OFFICIAL_CURRENT_STOCK_LIST_CANDIDATE,,true,,EXACT_SESSION_RETAINED,CURRENT_DESCRIPTIVE_DNSE_REST_ADJUSTED_RETROSPECTIVE_RAW_AS_TRADED_NOT_PROMOTED,DIRECT_CANONICAL_MAPPING
HNP,2026-09-15,13.5,-0.12903225806451613,,,,,,,,,,,,,,,,,BELOW_MA20_MOMENTUM_POSITIVE,,2026-09-15T16:50:03.746178+07:00,UPCOM,,,,,,,,2026-09-15,2026-09-15,0,EXCHANGE_STOCK_LIST_CANDIDATE_NOT_COMMON_EQUITY_PROVEN,UPCOM,hnx_official_equity_universe/v1,,OFFICIAL_CURRENT_STOCK_LIST_CANDIDATE,,true,,EXACT_SESSION_RETAINED,CURRENT_DESCRIPTIVE_DNSE_REST_ADJUSTED_RETROSPECTIVE_RAW_AS_TRADED_NOT_PROMOTED,DIRECT_CANONICAL_MAPPING
HOM,2026-09-15,4,0.025641025641025772,,,,,,,,,,,,,,,,,BELOW_MA20_MOMENTUM_NEGATIVE,,2026-09-15T16:50:03.746178+07:00,DELISTED,,,,,,,,2026-09-15,2026-09-15,0,EXCHANGE_STOCK_LIST_CANDIDATE_NOT_COMMON_EQUITY_PROVEN,HNX_LISTED,hnx_official_equity_universe/v1,,OFFICIAL_CURRENT_STOCK_LIST_CANDIDATE,,true,,EXACT_SESSION_RETAINED,CURRENT_DESCRIPTIVE_DNSE_REST_ADJUSTED_RETROSPECTIVE_RAW_AS_TRADED_NOT_PROMOTED,DIRECT_CANONICAL_MAPPING
HPA,2026-09-15,26.7,0.0,,,,,,,,,,,,,,,,,BELOW_MA20_MOMENTUM_NEGATIVE,,2026-09-15T16:50:03.746178+07:00,HSX,,,,,,,,2026-09-15,2026-09-15,0,OFFICIAL_STOCK_MASTER_SECURITY_TYPE_NOT_COMMON_EQUITY_PROVEN,HOSE,hose_public_stock_master/v1,,OFFICIAL_CURRENT_EXCHANGE_SECURITY,,true,,EXACT_SESSION_RETAINED,CURRENT_DESCRIPTIVE_DNSE_REST_ADJUSTED_RETROSPECTIVE_RAW_AS_TRADED_NOT_PROMOTED,DIRECT_CANONICAL_MAPPING
HPB,2026-09-15,17.8,0.0,,,,,,,,,,,,,,,,,BELOW_MA20_MOMENTUM_POSITIVE,,2026-09-15T16:50:03.746178+07:00,UPCOM,,,,,,,,2026-09-15,2026-09-15,0,EXCHANGE_STOCK_LIST_CANDIDATE_NOT_COMMON_EQUITY_PROVEN,UPCOM,hnx_official_equity_universe/v1,,OFFICIAL_CURRENT_STOCK_LIST_CANDIDATE,,true,,EXACT_SESSION_RETAINED,CURRENT_DESCRIPTIVE_DNSE_REST_ADJUSTED_RETROSPECTIVE_RAW_AS_TRADED_NOT_PROMOTED,DIRECT_CANONICAL_MAPPING
HPG,2026-09-15,21.2,0.014354066985645897,,,,,,,,,,,,,,,,,BELOW_MA20_MOMENTUM_NEGATIVE,,2026-09-15T16:50:03.746178+07:00,HSX,corporate,,,,,,,2026-09-15,2026-09-15,0,OFFICIAL_STOCK_MASTER_SECURITY_TYPE_NOT_COMMON_EQUITY_PROVEN,HOSE,hose_public_stock_master/v1,,OFFICIAL_CURRENT_EXCHANGE_SECURITY,,true,,EXACT_SESSION_RETAINED,CURRENT_DESCRIPTIVE_NOT_PROMOTED_RAW_AS_TRADED,DIRECT_CANONICAL_MAPPING
HPP,2026-09-15,62.2,-0.04012345679012341,,,,,,,,,,,,,,,,,BELOW_MA20_MOMENTUM_NEGATIVE,,2026-09-15T16:50:03.746178+07:00,UPCOM,,,,,,,,2026-09-15,2026-09-15,0,EXCHANGE_STOCK_LIST_CANDIDATE_NOT_COMMON_EQUITY_PROVEN,UPCOM,hnx_official_equity_universe/v1,,OFFICIAL_CURRENT_STOCK_LIST_CANDIDATE,,true,,EXACT_SESSION_RETAINED,CURRENT_DESCRIPTIVE_DNSE_REST_ADJUSTED_RETROSPECTIVE_RAW_AS_TRADED_NOT_PROMOTED,DIRECT_CANONICAL_MAPPING
HPX,2026-09-15,4.01,0.005012531328320691,,,,,,,,,,,,,,,,,BELOW_MA20_MOMENTUM_NEGATIVE,,2026-09-15T16:50:03.746178+07:00,HSX,,,,,,,,2026-09-15,2026-09-15,0,OFFICIAL_STOCK_MASTER_SECURITY_TYPE_NOT_COMMON_EQUITY_PROVEN,HOSE,hose_public_stock_master/v1,,OFFICIAL_CURRENT_EXCHANGE_SECURITY,,true,,EXACT_SESSION_RETAINED,CURRENT_DESCRIPTIVE_DNSE_REST_ADJUSTED_RETROSPECTIVE_RAW_AS_TRADED_NOT_PROMOTED,DIRECT_CANONICAL_MAPPING
HQC,2026-09-15,1.94,0.015706806282722585,,,,,,,,,,,,,,,,,BELOW_MA20_MOMENTUM_NEGATIVE,,2026-09-15T16:50:03.746178+07:00,HSX,,,,,,,,2026-09-15,2026-09-15,0,OFFICIAL_STOCK_MASTER_SECURITY_TYPE_NOT_COMMON_EQUITY_PROVEN,HOSE,hose_public_stock_master/v1,,OFFICIAL_CURRENT_EXCHANGE_SECURITY,,true,,EXACT_SESSION_RETAINED,CURRENT_DESCRIPTIVE_DNSE_REST_ADJUSTED_RETROSPECTIVE_RAW_AS_TRADED_NOT_PROMOTED,DIRECT_CANONICAL_MAPPING
HRC,2026-09-15,33.8,0.039999999999999813,,,,,,,,,,,,,,,,,BELOW_MA20_MOMENTUM_POSITIVE,,2026-09-15T16:50:03.746178+07:00,HSX,,,,,,,,2026-09-15,2026-09-15,0,OFFICIAL_STOCK_MASTER_SECURITY_TYPE_NOT_COMMON_EQUITY_PROVEN,HOSE,hose_public_stock_master/v1,,OFFICIAL_CURRENT_EXCHANGE_SECURITY,,true,,EXACT_SESSION_RETAINED,CURRENT_DESCRIPTIVE_DNSE_REST_ADJUSTED_RETROSPECTIVE_RAW_AS_TRADED_NOT_PROMOTED,DIRECT_CANONICAL_MAPPING
HSG,2026-09-15,10.15,0.004950495049504955,,,,,,,,,,,,,,,,,BELOW_MA20_MOMENTUM_NEGATIVE,,2026-09-15T16:50:03.746178+07:00,HSX,,,,,,,,2026-09-15,2026-09-15,0,OFFICIAL_STOCK_MASTER_SECURITY_TYPE_NOT_COMMON_EQUITY_PROVEN,HOSE,hose_public_stock_master/v1,,OFFICIAL_CURRENT_EXCHANGE_SECURITY,,true,,EXACT_SESSION_RETAINED,CURRENT_DESCRIPTIVE_DNSE_REST_ADJUSTED_RETROSPECTIVE_RAW_AS_TRADED_NOT_PROMOTED,DIRECT_CANONICAL_MAPPING
HSL,2026-09-15,8.87,-0.03482045701849845,,,,,,,,,,,,,,,,,ABOVE_MA20_MOMENTUM_NEGATIVE,,2026-09-15T16:50:03.746178+07:00,HSX,,,,,,,,2026-09-15,2026-09-15,0,OFFICIAL_STOCK_MASTER_SECURITY_TYPE_NOT_COMMON_EQUITY_PROVEN,HOSE,hose_public_stock_master/v1,,OFFICIAL_CURRENT_EXCHANGE_SECURITY,,true,,EXACT_SESSION_RETAINED,CURRENT_DESCRIPTIVE_DNSE_REST_ADJUSTED_RETROSPECTIVE_RAW_AS_TRADED_NOT_PROMOTED,DIRECT_CANONICAL_MAPPING
HSP,2026-09-15,15.8,-0.012499999999999956,,,,,,,,,,,,,,,,,ABOVE_MA20_MOMENTUM_POSITIVE,,2026-09-15T16:50:03.746178+07:00,UPCOM,,,,,,,,2026-09-15,2026-09-15,0,EXCHANGE_STOCK_LIST_CANDIDATE_NOT_COMMON_EQUITY_PROVEN,UPCOM,hnx_official_equity_universe/v1,,OFFICIAL_CURRENT_STOCK_LIST_CANDIDATE,,true,,EXACT_SESSION_RETAINED,CURRENT_DESCRIPTIVE_DNSE_REST_ADJUSTED_RETROSPECTIVE_RAW_AS_TRADED_NOT_PROMOTED,DIRECT_CANONICAL_MAPPING
HSV,2026-09-15,3.8,0.0,,,,,,,,,,,,,,,,,BELOW_MA20_MOMENTUM_NEGATIVE,,2026-09-15T16:50:03.746178+07:00,UPCOM,,,,,,,,2026-09-15,2026-09-15,0,EXCHANGE_STOCK_LIST_CANDIDATE_NOT_COMMON_EQUITY_PROVEN,UPCOM,hnx_official_equity_universe/v1,,OFFICIAL_CURRENT_STOCK_LIST_CANDIDATE,,true,,EXACT_SESSION_RETAINED,CURRENT_DESCRIPTIVE_DNSE_REST_ADJUSTED_RETROSPECTIVE_RAW_AS_TRADED_NOT_PROMOTED,DIRECT_CANONICAL_MAPPING
HT1,2026-09-15,12,0.0,,,,,,,,,,,,,,,,,BELOW_MA20_MOMENTUM_NEGATIVE,,2026-09-15T16:50:03.746178+07:00,HSX,,,,,,,,2026-09-15,2026-09-15,0,OFFICIAL_STOCK_MASTER_SECURITY_TYPE_NOT_COMMON_EQUITY_PROVEN,HOSE,hose_public_stock_master/v1,,OFFICIAL_CURRENT_EXCHANGE_SECURITY,,true,,EXACT_SESSION_RETAINED,CURRENT_DESCRIPTIVE_DNSE_REST_ADJUSTED_RETROSPECTIVE_RAW_AS_TRADED_NOT_PROMOTED,DIRECT_CANONICAL_MAPPING
HTE,2026-09-15,2.7,0.0,,,,,,,,,,,,,,,,,BELOW_MA20_MOMENTUM_NEGATIVE,,2026-09-15T16:50:03.746178+07:00,UPCOM,,,,,,,,2026-09-15,2026-09-15,0,EXCHANGE_STOCK_LIST_CANDIDATE_NOT_COMMON_EQUITY_PROVEN,UPCOM,hnx_official_equity_universe/v1,,OFFICIAL_CURRENT_STOCK_LIST_CANDIDATE,,true,,EXACT_SESSION_RETAINED,CURRENT_DESCRIPTIVE_DNSE_REST_ADJUSTED_RETROSPECTIVE_RAW_AS_TRADED_NOT_PROMOTED,DIRECT_CANONICAL_MAPPING
HTG,2026-09-15,33.5,0.006006006006006093,,,,,,,,,,,,,,,,,BELOW_MA20_MOMENTUM_NEGATIVE,,2026-09-15T16:50:03.746178+07:00,HSX,,,,,,,,2026-09-15,2026-09-15,0,OFFICIAL_STOCK_MASTER_SECURITY_TYPE_NOT_COMMON_EQUITY_PROVEN,HOSE,hose_public_stock_master/v1,,OFFICIAL_CURRENT_EXCHANGE_SECURITY,,true,,EXACT_SESSION_RETAINED,CURRENT_DESCRIPTIVE_DNSE_REST_ADJUSTED_RETROSPECTIVE_RAW_AS_TRADED_NOT_PROMOTED,DIRECT_CANONICAL_MAPPING
HTI,2026-09-15,18.5,0.005434782608695787,,,,,,,,,,,,,,,,,BELOW_MA20_MOMENTUM_NEGATIVE,,2026-09-15T16:50:03.746178+07:00,HSX,,,,,,,,2026-09-15,2026-09-15,0,OFFICIAL_STOCK_MASTER_SECURITY_TYPE_NOT_COMMON_EQUITY_PROVEN,HOSE,hose_public_stock_master/v1,,OFFICIAL_CURRENT_EXCHANGE_SECURITY,,true,,EXACT_SESSION_RETAINED,CURRENT_DESCRIPTIVE_DNSE_REST_ADJUSTED_RETROSPECTIVE_RAW_AS_TRADED_NOT_PROMOTED,DIRECT_CANONICAL_MAPPING
HTL,2026-09-15,22.3,0.0,,,,,,,,,,,,,,,,,NEAR_MA20_NEUTRAL,,2026-09-15T16:50:03.746178+07:00,HSX,,,,,,,,2026-09-15,2026-09-15,0,OFFICIAL_STOCK_MASTER_SECURITY_TYPE_NOT_COMMON_EQUITY_PROVEN,HOSE,hose_public_stock_master/v1,,OFFICIAL_CURRENT_EXCHANGE_SECURITY,,true,,EXACT_SESSION_RETAINED,CURRENT_DESCRIPTIVE_DNSE_REST_ADJUSTED_RETROSPECTIVE_RAW_AS_TRADED_NOT_PROMOTED,DIRECT_CANONICAL_MAPPING
HTM,2026-09-15,10.8,-0.00917431192660545,,,,,,,,,,,,,,,,,ABOVE_MA20_MOMENTUM_NEGATIVE,,2026-09-15T16:50:03.746178+07:00,UPCOM,,,,,,,,2026-09-15,2026-09-15,0,EXCHANGE_STOCK_LIST_CANDIDATE_NOT_COMMON_EQUITY_PROVEN,UPCOM,hnx_official_equity_universe/v1,,OFFICIAL_CURRENT_STOCK_LIST_CANDIDATE,,true,,EXACT_SESSION_RETAINED,CURRENT_DESCRIPTIVE_DNSE_REST_ADJUSTED_RETROSPECTIVE_RAW_AS_TRADED_NOT_PROMOTED,DIRECT_CANONICAL_MAPPING
HTN,2026-09-15,6.62,-0.0030120481927710108,,,,,,,,,,,,,,,,,ABOVE_MA20_MOMENTUM_NEGATIVE,,2026-09-15T16:50:03.746178+07:00,HSX,,,,,,,,2026-09-15,2026-09-15,0,OFFICIAL_STOCK_MASTER_SECURITY_TYPE_NOT_COMMON_EQUITY_PROVEN,HOSE,hose_public_stock_master/v1,,OFFICIAL_CURRENT_EXCHANGE_SECURITY,,true,,EXACT_SESSION_RETAINED,CURRENT_DESCRIPTIVE_DNSE_REST_ADJUSTED_RETROSPECTIVE_RAW_AS_TRADED_NOT_PROMOTED,DIRECT_CANONICAL_MAPPING
HU4,2026-09-15,8.4,0.0,,,,,,,,,,,,,,,,,BELOW_MA20_MOMENTUM_NEGATIVE,,2026-09-15T16:50:03.746178+07:00,UPCOM,,,,,,,,2026-09-15,2026-09-15,0,EXCHANGE_STOCK_LIST_CANDIDATE_NOT_COMMON_EQUITY_PROVEN,UPCOM,hnx_official_equity_universe/v1,,OFFICIAL_CURRENT_STOCK_LIST_CANDIDATE,,true,,EXACT_SESSION_RETAINED,CURRENT_DESCRIPTIVE_DNSE_REST_ADJUSTED_RETROSPECTIVE_RAW_AS_TRADED_NOT_PROMOTED,DIRECT_CANONICAL_MAPPING
HUB,2026-09-15,11.2,0.0,,,,,,,,,,,,,,,,,BELOW_MA20_MOMENTUM_NEGATIVE,,2026-09-15T16:50:03.746178+07:00,HSX,,,,,,,,2026-09-15,2026-09-15,0,OFFICIAL_STOCK_MASTER_SECURITY_TYPE_NOT_COMMON_EQUITY_PROVEN,HOSE,hose_public_stock_master/v1,,OFFICIAL_CURRENT_EXCHANGE_SECURITY,,true,,EXACT_SESSION_RETAINED,CURRENT_DESCRIPTIVE_DNSE_REST_ADJUSTED_RETROSPECTIVE_RAW_AS_TRADED_NOT_PROMOTED,DIRECT_CANONICAL_MAPPING
HUT,2026-09-15,12.8,0.007874015748031704,,,,,,,,,,,,,,,,,BELOW_MA20_MOMENTUM_NEGATIVE,,2026-09-15T16:50:03.746178+07:00,DELISTED,,,,,,,,2026-09-15,2026-09-15,0,EXCHANGE_STOCK_LIST_CANDIDATE_NOT_COMMON_EQUITY_PROVEN,HNX_LISTED,hnx_official_equity_universe/v1,,OFFICIAL_CURRENT_STOCK_LIST_CANDIDATE,,true,,EXACT_SESSION_RETAINED,CURRENT_DESCRIPTIVE_DNSE_REST_ADJUSTED_RETROSPECTIVE_RAW_AS_TRADED_NOT_PROMOTED,DIRECT_CANONICAL_MAPPING
HVH,2026-09-15,10.65,-0.01388888888888895,,,,,,,,,,,,,,,,,BELOW_MA20_MOMENTUM_NEGATIVE,,2026-09-15T16:50:03.746178+07:00,HSX,,,,,,,,2026-09-15,2026-09-15,0,OFFICIAL_STOCK_MASTER_SECURITY_TYPE_NOT_COMMON_EQUITY_PROVEN,HOSE,hose_public_stock_master/v1,,OFFICIAL_CURRENT_EXCHANGE_SECURITY,,true,,EXACT_SESSION_RETAINED,CURRENT_DESCRIPTIVE_DNSE_REST_ADJUSTED_RETROSPECTIVE_RAW_AS_TRADED_NOT_PROMOTED,DIRECT_CANONICAL_MAPPING
HVN,2026-09-15,20.8,0.009708737864077666,,,,,,,,,,,,,,,,,BELOW_MA20_MOMENTUM_NEGATIVE,,2026-09-15T16:50:03.746178+07:00,HSX,,,,,,,,2026-09-15,2026-09-15,0,OFFICIAL_STOCK_MASTER_SECURITY_TYPE_NOT_COMMON_EQUITY_PROVEN,HOSE,hose_public_stock_master/v1,,OFFICIAL_CURRENT_EXCHANGE_SECURITY,,true,,EXACT_SESSION_RETAINED,CURRENT_DESCRIPTIVE_DNSE_REST_ADJUSTED_RETROSPECTIVE_RAW_AS_TRADED_NOT_PROMOTED,DIRECT_CANONICAL_MAPPING
HVT,2026-09-15,23.3,0.0,,,,,,,,,,,,,,,,,BELOW_MA20_MOMENTUM_NEGATIVE,,2026-09-15T16:50:03.746178+07:00,DELISTED,,,,,,,,2026-09-15,2026-09-15,0,EXCHANGE_STOCK_LIST_CANDIDATE_NOT_COMMON_EQUITY_PROVEN,HNX_LISTED,hnx_official_equity_universe/v1,,OFFICIAL_CURRENT_STOCK_LIST_CANDIDATE,,true,,EXACT_SESSION_RETAINED,CURRENT_DESCRIPTIVE_DNSE_REST_ADJUSTED_RETROSPECTIVE_RAW_AS_TRADED_NOT_PROMOTED,DIRECT_CANONICAL_MAPPING
HVX,2026-09-15,2.3,-0.04166666666666674,,,,,,,,,,,,,,,,,BELOW_MA20_MOMENTUM_NEGATIVE,,2026-09-15T16:50:03.746178+07:00,UPCOM,,,,,,,,2026-09-15,2026-09-15,0,EXCHANGE_STOCK_LIST_CANDIDATE_NOT_COMMON_EQUITY_PROVEN,UPCOM,hnx_official_equity_universe/v1,,OFFICIAL_CURRENT_STOCK_LIST_CANDIDATE,,true,,EXACT_SESSION_RETAINED,CURRENT_DESCRIPTIVE_DNSE_REST_ADJUSTED_RETROSPECTIVE_RAW_AS_TRADED_NOT_PROMOTED,DIRECT_CANONICAL_MAPPING
HWS,2026-09-15,14.7,0.01379310344827589,,,,,,,,,,,,,,,,,ABOVE_MA20_MOMENTUM_POSITIVE,,2026-09-15T16:50:03.746178+07:00,UPCOM,,,,,,,,2026-09-15,2026-09-15,0,EXCHANGE_STOCK_LIST_CANDIDATE_NOT_COMMON_EQUITY_PROVEN,UPCOM,hnx_official_equity_universe/v1,,OFFICIAL_CURRENT_STOCK_LIST_CANDIDATE,,true,,EXACT_SESSION_RETAINED,CURRENT_DESCRIPTIVE_DNSE_REST_ADJUSTED_RETROSPECTIVE_RAW_AS_TRADED_NOT_PROMOTED,DIRECT_CANONICAL_MAPPING
ICF,2026-09-15,1.7,0.2142857142857144,,,,,,,,,,,,,,,,,BELOW_MA20_MOMENTUM_NEGATIVE,,2026-09-15T16:50:03.746178+07:00,UPCOM,,,,,,,,2026-09-15,2026-09-15,0,EXCHANGE_STOCK_LIST_CANDIDATE_NOT_COMMON_EQUITY_PROVEN,UPCOM,hnx_official_equity_universe/v1,,OFFICIAL_CURRENT_STOCK_LIST_CANDIDATE,,true,,EXACT_SESSION_RETAINED,CURRENT_DESCRIPTIVE_DNSE_REST_ADJUSTED_RETROSPECTIVE_RAW_AS_TRADED_NOT_PROMOTED,DIRECT_CANONICAL_MAPPING
ICG,2026-09-15,10.1,0.0,,,,,,,,,,,,,,,,,BELOW_MA20_MOMENTUM_NEGATIVE,,2026-09-15T16:50:03.746178+07:00,DELISTED,,,,,,,,2026-09-15,2026-09-15,0,EXCHANGE_STOCK_LIST_CANDIDATE_NOT_COMMON_EQUITY_PROVEN,HNX_LISTED,hnx_official_equity_universe/v1,,OFFICIAL_CURRENT_STOCK_LIST_CANDIDATE,,true,,EXACT_SESSION_RETAINED,CURRENT_DESCRIPTIVE_DNSE_REST_ADJUSTED_RETROSPECTIVE_RAW_AS_TRADED_NOT_PROMOTED,DIRECT_CANONICAL_MAPPING
ICN,2026-09-15,25.5,0.015936254980079667,,,,,,,,,,,,,,,,,BELOW_MA20_MOMENTUM_NEGATIVE,,2026-09-15T16:50:03.746178+07:00,UPCOM,,,,,,,,2026-09-15,2026-09-15,0,EXCHANGE_STOCK_LIST_CANDIDATE_NOT_COMMON_EQUITY_PROVEN,UPCOM,hnx_official_equity_universe/v1,,OFFICIAL_CURRENT_STOCK_LIST_CANDIDATE,,true,,EXACT_SESSION_RETAINED,CURRENT_DESCRIPTIVE_DNSE_REST_ADJUSTED_RETROSPECTIVE_RAW_AS_TRADED_NOT_PROMOTED,DIRECT_CANONICAL_MAPPING
ICT,2026-09-15,17,0.0,,,,,,,,,,,,,,,,,NEAR_MA20_NEUTRAL,,2026-09-15T16:50:03.746178+07:00,HSX,,,,,,,,2026-09-15,2026-09-15,0,OFFICIAL_STOCK_MASTER_SECURITY_TYPE_NOT_COMMON_EQUITY_PROVEN,HOSE,hose_public_stock_master/v1,,OFFICIAL_CURRENT_EXCHANGE_SECURITY,,true,,EXACT_SESSION_RETAINED,CURRENT_DESCRIPTIVE_DNSE_REST_ADJUSTED_RETROSPECTIVE_RAW_AS_TRADED_NOT_PROMOTED,DIRECT_CANONICAL_MAPPING
IDC,2026-09-15,31,0.009771986970684043,,,,,,,,,,,,,,,,,BELOW_MA20_MOMENTUM_NEGATIVE,,2026-09-15T16:50:03.746178+07:00,DELISTED,,,,,,,,2026-09-15,2026-09-15,0,EXCHANGE_STOCK_LIST_CANDIDATE_NOT_COMMON_EQUITY_PROVEN,HNX_LISTED,hnx_official_equity_universe/v1,,OFFICIAL_CURRENT_STOCK_LIST_CANDIDATE,,true,,EXACT_SESSION_RETAINED,CURRENT_DESCRIPTIVE_DNSE_REST_ADJUSTED_RETROSPECTIVE_RAW_AS_TRADED_NOT_PROMOTED,DIRECT_CANONICAL_MAPPING
IDI,2026-09-15,4.72,0.004255319148936065,,,,,,,,,,,,,,,,,BELOW_MA20_MOMENTUM_NEGATIVE,,2026-09-15T16:50:03.746178+07:00,HSX,,,,,,,,2026-09-15,2026-09-15,0,OFFICIAL_STOCK_MASTER_SECURITY_TYPE_NOT_COMMON_EQUITY_PROVEN,HOSE,hose_public_stock_master/v1,,OFFICIAL_CURRENT_EXCHANGE_SECURITY,,true,,EXACT_SESSION_RETAINED,CURRENT_DESCRIPTIVE_DNSE_REST_ADJUSTED_RETROSPECTIVE_RAW_AS_TRADED_NOT_PROMOTED,DIRECT_CANONICAL_MAPPING
IDJ,2026-09-15,3.5,0.0,,,,,,,,,,,,,,,,,BELOW_MA20_MOMENTUM_NEGATIVE,,2026-09-15T16:50:03.746178+07:00,DELISTED,,,,,,,,2026-09-15,2026-09-15,0,EXCHANGE_STOCK_LIST_CANDIDATE_NOT_COMMON_EQUITY_PROVEN,HNX_LISTED,hnx_official_equity_universe/v1,,OFFICIAL_CURRENT_STOCK_LIST_CANDIDATE,,true,,EXACT_SESSION_RETAINED,CURRENT_DESCRIPTIVE_DNSE_REST_ADJUSTED_RETROSPECTIVE_RAW_AS_TRADED_NOT_PROMOTED,DIRECT_CANONICAL_MAPPING
IDV,2026-09-15,21,-0.004739336492891044,,,,,,,,,,,,,,,,,BELOW_MA20_MOMENTUM_NEGATIVE,,2026-09-15T16:50:03.746178+07:00,DELISTED,,,,,,,,2026-09-15,2026-09-15,0,EXCHANGE_STOCK_LIST_CANDIDATE_NOT_COMMON_EQUITY_PROVEN,HNX_LISTED,hnx_official_equity_universe/v1,,OFFICIAL_CURRENT_STOCK_LIST_CANDIDATE,,true,,EXACT_SESSION_RETAINED,CURRENT_DESCRIPTIVE_DNSE_REST_ADJUSTED_RETROSPECTIVE_RAW_AS_TRADED_NOT_PROMOTED,DIRECT_CANONICAL_MAPPING
IJC,2026-09-15,6.9,0.013215859030837107,,,,,,,,,,,,,,,,,BELOW_MA20_MOMENTUM_NEGATIVE,,2026-09-15T16:50:03.746178+07:00,HSX,,,,,,,,2026-09-15,2026-09-15,0,OFFICIAL_STOCK_MASTER_SECURITY_TYPE_NOT_COMMON_EQUITY_PROVEN,HOSE,hose_public_stock_master/v1,,OFFICIAL_CURRENT_EXCHANGE_SECURITY,,true,,EXACT_SESSION_RETAINED,CURRENT_DESCRIPTIVE_DNSE_REST_ADJUSTED_RETROSPECTIVE_RAW_AS_TRADED_NOT_PROMOTED,DIRECT_CANONICAL_MAPPING
ILA,2026-09-15,6,-0.032258064516129115,,,,,,,,,,,,,,,,,BELOW_MA20_MOMENTUM_NEGATIVE,,2026-09-15T16:50:03.746178+07:00,UPCOM,,,,,,,,2026-09-15,2026-09-15,0,EXCHANGE_STOCK_LIST_CANDIDATE_NOT_COMMON_EQUITY_PROVEN,UPCOM,hnx_official_equity_universe/v1,,OFFICIAL_CURRENT_STOCK_LIST_CANDIDATE,,true,,EXACT_SESSION_RETAINED,CURRENT_DESCRIPTIVE_DNSE_REST_ADJUSTED_RETROSPECTIVE_RAW_AS_TRADED_NOT_PROMOTED,DIRECT_CANONICAL_MAPPING
ILB,2026-09-15,18.9,0.0,,,,,,,,,,,,,,,,,BELOW_MA20_MOMENTUM_NEGATIVE,,2026-09-15T16:50:03.746178+07:00,HSX,,,,,,,,2026-09-15,2026-09-15,0,OFFICIAL_STOCK_MASTER_SECURITY_TYPE_NOT_COMMON_EQUITY_PROVEN,HOSE,hose_public_stock_master/v1,,OFFICIAL_CURRENT_EXCHANGE_SECURITY,,true,,EXACT_SESSION_RETAINED,CURRENT_DESCRIPTIVE_DNSE_REST_ADJUSTED_RETROSPECTIVE_RAW_AS_TRADED_NOT_PROMOTED,DIRECT_CANONICAL_MAPPING
ILC,2026-09-15,6.7,0.1355932203389829,,,,,,,,,,,,,,,,,ABOVE_MA20_MOMENTUM_POSITIVE,,2026-09-15T16:50:03.746178+07:00,UPCOM,,,,,,,,2026-09-15,2026-09-15,0,EXCHANGE_STOCK_LIST_CANDIDATE_NOT_COMMON_EQUITY_PROVEN,UPCOM,hnx_official_equity_universe/v1,,OFFICIAL_CURRENT_STOCK_LIST_CANDIDATE,,true,,EXACT_SESSION_RETAINED,CURRENT_DESCRIPTIVE_DNSE_REST_ADJUSTED_RETROSPECTIVE_RAW_AS_TRADED_NOT_PROMOTED,DIRECT_CANONICAL_MAPPING
ILS,2026-09-15,18.5,0.0,,,,,,,,,,,,,,,,,BELOW_MA20_MOMENTUM_POSITIVE,,2026-09-15T16:50:03.746178+07:00,UPCOM,,,,,,,,2026-09-15,2026-09-15,0,EXCHANGE_STOCK_LIST_CANDIDATE_NOT_COMMON_EQUITY_PROVEN,UPCOM,hnx_official_equity_universe/v1,,OFFICIAL_CURRENT_STOCK_LIST_CANDIDATE,,true,,EXACT_SESSION_RETAINED,CURRENT_DESCRIPTIVE_DNSE_REST_ADJUSTED_RETROSPECTIVE_RAW_AS_TRADED_NOT_PROMOTED,DIRECT_CANONICAL_MAPPING
IMP,2026-09-15,36.25,0.0013812154696131174,,,,,,,,,,,,,,,,,BELOW_MA20_MOMENTUM_NEGATIVE,,2026-09-15T16:50:03.746178+07:00,HSX,,,,,,,,2026-09-15,2026-09-15,0,OFFICIAL_STOCK_MASTER_SECURITY_TYPE_NOT_COMMON_EQUITY_PROVEN,HOSE,hose_public_stock_master/v1,,OFFICIAL_CURRENT_EXCHANGE_SECURITY,,true,,EXACT_SESSION_RETAINED,CURRENT_DESCRIPTIVE_DNSE_REST_ADJUSTED_RETROSPECTIVE_RAW_AS_TRADED_NOT_PROMOTED,DIRECT_CANONICAL_MAPPING
INN,2026-09-15,35.3,-0.02754820936639124,,,,,,,,,,,,,,,,,BELOW_MA20_MOMENTUM_NEGATIVE,,2026-09-15T16:50:03.746178+07:00,DELISTED,,,,,,,,2026-09-15,2026-09-15,0,EXCHANGE_STOCK_LIST_CANDIDATE_NOT_COMMON_EQUITY_PROVEN,HNX_LISTED,hnx_official_equity_universe/v1,,OFFICIAL_CURRENT_STOCK_LIST_CANDIDATE,,true,,EXACT_SESSION_RETAINED,CURRENT_DESCRIPTIVE_DNSE_REST_ADJUSTED_RETROSPECTIVE_RAW_AS_TRADED_NOT_PROMOTED,DIRECT_CANONICAL_MAPPING
IPA,2026-09-15,12.5,-0.015748031496062964,,,,,,,,,,,,,,,,,BELOW_MA20_MOMENTUM_NEGATIVE,,2026-09-15T16:50:03.746178+07:00,DELISTED,,,,,,,,2026-09-15,2026-09-15,0,EXCHANGE_STOCK_LIST_CANDIDATE_NOT_COMMON_EQUITY_PROVEN,HNX_LISTED,hnx_official_equity_universe/v1,,OFFICIAL_CURRENT_STOCK_LIST_CANDIDATE,,true,,EXACT_SESSION_RETAINED,CURRENT_DESCRIPTIVE_DNSE_REST_ADJUSTED_RETROSPECTIVE_RAW_AS_TRADED_NOT_PROMOTED,DIRECT_CANONICAL_MAPPING
ITC,2026-09-15,8.75,0.01156069364161838,,,,,,,,,,,,,,,,,BELOW_MA20_MOMENTUM_NEGATIVE,,2026-09-15T16:50:03.746178+07:00,HSX,,,,,,,,2026-09-15,2026-09-15,0,OFFICIAL_STOCK_MASTER_SECURITY_TYPE_NOT_COMMON_EQUITY_PROVEN,HOSE,hose_public_stock_master/v1,,OFFICIAL_CURRENT_EXCHANGE_SECURITY,,true,,EXACT_SESSION_RETAINED,CURRENT_DESCRIPTIVE_DNSE_REST_ADJUSTED_RETROSPECTIVE_RAW_AS_TRADED_NOT_PROMOTED,DIRECT_CANONICAL_MAPPING
ITD,2026-09-15,11.15,-0.03463203463203468,,,,,,,,,,,,,,,,,BELOW_MA20_MOMENTUM_POSITIVE,,2026-09-15T16:50:03.746178+07:00,HSX,,,,,,,,2026-09-15,2026-09-15,0,OFFICIAL_STOCK_MASTER_SECURITY_TYPE_NOT_COMMON_EQUITY_PROVEN,HOSE,hose_public_stock_master/v1,,OFFICIAL_CURRENT_EXCHANGE_SECURITY,,true,,EXACT_SESSION_RETAINED,CURRENT_DESCRIPTIVE_DNSE_REST_ADJUSTED_RETROSPECTIVE_RAW_AS_TRADED_NOT_PROMOTED,DIRECT_CANONICAL_MAPPING
ITQ,2026-09-15,2.6,0.040000000000000036,,,,,,,,,,,,,,,,,BELOW_MA20_MOMENTUM_NEGATIVE,,2026-09-15T16:50:03.746178+07:00,DELISTED,,,,,,,,2026-09-15,2026-09-15,0,EXCHANGE_STOCK_LIST_CANDIDATE_NOT_COMMON_EQUITY_PROVEN,HNX_LISTED,hnx_official_equity_universe/v1,,OFFICIAL_CURRENT_STOCK_LIST_CANDIDATE,,true,,EXACT_SESSION_RETAINED,CURRENT_DESCRIPTIVE_DNSE_REST_ADJUSTED_RETROSPECTIVE_RAW_AS_TRADED_NOT_PROMOTED,DIRECT_CANONICAL_MAPPING
ITS,2026-09-15,3.2,0.0,,,,,,,,,,,,,,,,,BELOW_MA20_MOMENTUM_NEGATIVE,,2026-09-15T16:50:03.746178+07:00,UPCOM,,,,,,,,2026-09-15,2026-09-15,0,EXCHANGE_STOCK_LIST_CANDIDATE_NOT_COMMON_EQUITY_PROVEN,UPCOM,hnx_official_equity_universe/v1,,OFFICIAL_CURRENT_STOCK_LIST_CANDIDATE,,true,,EXACT_SESSION_RETAINED,CURRENT_DESCRIPTIVE_DNSE_REST_ADJUSTED_RETROSPECTIVE_RAW_AS_TRADED_NOT_PROMOTED,DIRECT_CANONICAL_MAPPING
IVS,2026-09-15,6.4,-0.01538461538461533,,,,,,,,,,,,,,,,,BELOW_MA20_MOMENTUM_NEGATIVE,,2026-09-15T16:50:03.746178+07:00,DELISTED,,,,,,,,2026-09-15,2026-09-15,0,EXCHANGE_STOCK_LIST_CANDIDATE_NOT_COMMON_EQUITY_PROVEN,HNX_LISTED,hnx_official_equity_universe/v1,,OFFICIAL_CURRENT_STOCK_LIST_CANDIDATE,,true,,EXACT_SESSION_RETAINED,CURRENT_DESCRIPTIVE_DNSE_REST_ADJUSTED_RETROSPECTIVE_RAW_AS_TRADED_NOT_PROMOTED,DIRECT_CANONICAL_MAPPING
JVC,2026-09-15,2.82,-0.010526315789473717,,,,,,,,,,,,,,,,,BELOW_MA20_MOMENTUM_NEGATIVE,,2026-09-15T16:50:03.746178+07:00,HSX,,,,,,,,2026-09-15,2026-09-15,0,OFFICIAL_STOCK_MASTER_SECURITY_TYPE_NOT_COMMON_EQUITY_PROVEN,HOSE,hose_public_stock_master/v1,,OFFICIAL_CURRENT_EXCHANGE_SECURITY,,true,,EXACT_SESSION_RETAINED,CURRENT_DESCRIPTIVE_DNSE_REST_ADJUSTED_RETROSPECTIVE_RAW_AS_TRADED_NOT_PROMOTED,DIRECT_CANONICAL_MAPPING
KBC,2026-09-15,26.3,-0.007547169811320753,,,,,,,,,,,,,,,,,BELOW_MA20_MOMENTUM_NEGATIVE,,2026-09-15T16:50:03.746178+07:00,HSX,,,,,,,,2026-09-15,2026-09-15,0,OFFICIAL_STOCK_MASTER_SECURITY_TYPE_NOT_COMMON_EQUITY_PROVEN,HOSE,hose_public_stock_master/v1,,OFFICIAL_CURRENT_EXCHANGE_SECURITY,,true,,EXACT_SESSION_RETAINED,CURRENT_DESCRIPTIVE_DNSE_REST_ADJUSTED_RETROSPECTIVE_RAW_AS_TRADED_NOT_PROMOTED,DIRECT_CANONICAL_MAPPING
KCB,2026-09-15,9.7,0.01041666666666674,,,,,,,,,,,,,,,,,BELOW_MA20_MOMENTUM_NEGATIVE,,2026-09-15T16:50:03.746178+07:00,UPCOM,,,,,,,,2026-09-15,2026-09-15,0,EXCHANGE_STOCK_LIST_CANDIDATE_NOT_COMMON_EQUITY_PROVEN,UPCOM,hnx_official_equity_universe/v1,,OFFICIAL_CURRENT_STOCK_LIST_CANDIDATE,,true,,EXACT_SESSION_RETAINED,CURRENT_DESCRIPTIVE_DNSE_REST_ADJUSTED_RETROSPECTIVE_RAW_AS_TRADED_NOT_PROMOTED,DIRECT_CANONICAL_MAPPING
KDC,2026-09-15,51,-0.005847953216374213,,,,,,,,,,,,,,,,,NEAR_MA20_NEUTRAL,,2026-09-15T16:50:03.746178+07:00,HSX,,,,,,,,2026-09-15,2026-09-15,0,OFFICIAL_STOCK_MASTER_SECURITY_TYPE_NOT_COMMON_EQUITY_PROVEN,HOSE,hose_public_stock_master/v1,,OFFICIAL_CURRENT_EXCHANGE_SECURITY,,true,,EXACT_SESSION_RETAINED,CURRENT_DESCRIPTIVE_DNSE_REST_ADJUSTED_RETROSPECTIVE_RAW_AS_TRADED_NOT_PROMOTED,DIRECT_CANONICAL_MAPPING
KDH,2026-09-15,15.8,0.006369426751592355,,,,,,,,,,,,,,,,,BELOW_MA20_MOMENTUM_NEGATIVE,,2026-09-15T16:50:03.746178+07:00,HSX,,,,,,,,2026-09-15,2026-09-15,0,OFFICIAL_STOCK_MASTER_SECURITY_TYPE_NOT_COMMON_EQUITY_PROVEN,HOSE,hose_public_stock_master/v1,,OFFICIAL_CURRENT_EXCHANGE_SECURITY,,true,,EXACT_SESSION_RETAINED,CURRENT_DESCRIPTIVE_DNSE_REST_ADJUSTED_RETROSPECTIVE_RAW_AS_TRADED_NOT_PROMOTED,DIRECT_CANONICAL_MAPPING
KDM,2026-09-15,21.9,0.0682926829268291,,,,,,,,,,,,,,,,,BELOW_MA20_MOMENTUM_POSITIVE,,2026-09-15T16:50:03.746178+07:00,DELISTED,,,,,,,,2026-09-15,2026-09-15,0,EXCHANGE_STOCK_LIST_CANDIDATE_NOT_COMMON_EQUITY_PROVEN,HNX_LISTED,hnx_official_equity_universe/v1,,OFFICIAL_CURRENT_STOCK_LIST_CANDIDATE,,true,,EXACT_SESSION_RETAINED,CURRENT_DESCRIPTIVE_DNSE_REST_ADJUSTED_RETROSPECTIVE_RAW_AS_TRADED_NOT_PROMOTED,DIRECT_CANONICAL_MAPPING
KGM,2026-09-15,5.4,0.0,,,,,,,,,,,,,,,,,NEAR_MA20_NEUTRAL,,2026-09-15T16:50:03.746178+07:00,UPCOM,,,,,,,,2026-09-15,2026-09-15,0,EXCHANGE_STOCK_LIST_CANDIDATE_NOT_COMMON_EQUITY_PROVEN,UPCOM,hnx_official_equity_universe/v1,,OFFICIAL_CURRENT_STOCK_LIST_CANDIDATE,,true,,EXACT_SESSION_RETAINED,CURRENT_DESCRIPTIVE_DNSE_REST_ADJUSTED_RETROSPECTIVE_RAW_AS_TRADED_NOT_PROMOTED,DIRECT_CANONICAL_MAPPING
KHG,2026-09-15,4.6,-0.0043290043290044045,,,,,,,,,,,,,,,,,BELOW_MA20_MOMENTUM_NEGATIVE,,2026-09-15T16:50:03.746178+07:00,HSX,,,,,,,,2026-09-15,2026-09-15,0,OFFICIAL_STOCK_MASTER_SECURITY_TYPE_NOT_COMMON_EQUITY_PROVEN,HOSE,hose_public_stock_master/v1,,OFFICIAL_CURRENT_EXCHANGE_SECURITY,,true,,EXACT_SESSION_RETAINED,CURRENT_DESCRIPTIVE_DNSE_REST_ADJUSTED_RETROSPECTIVE_RAW_AS_TRADED_NOT_PROMOTED,DIRECT_CANONICAL_MAPPING
KHP,2026-09-15,9.3,-0.010638297872340385,,,,,,,,,,,,,,,,,BELOW_MA20_MOMENTUM_NEGATIVE,,2026-09-15T16:50:03.746178+07:00,HSX,,,,,,,,2026-09-15,2026-09-15,0,OFFICIAL_STOCK_MASTER_SECURITY_TYPE_NOT_COMMON_EQUITY_PROVEN,HOSE,hose_public_stock_master/v1,,OFFICIAL_CURRENT_EXCHANGE_SECURITY,,true,,EXACT_SESSION_RETAINED,CURRENT_DESCRIPTIVE_DNSE_REST_ADJUSTED_RETROSPECTIVE_RAW_AS_TRADED_NOT_PROMOTED,DIRECT_CANONICAL_MAPPING
KHS,2026-09-15,12.9,0.0078125,,,,,,,,,,,,,,,,,BELOW_MA20_MOMENTUM_NEGATIVE,,2026-09-15T16:50:03.746178+07:00,DELISTED,,,,,,,,2026-09-15,2026-09-15,0,EXCHANGE_STOCK_LIST_CANDIDATE_NOT_COMMON_EQUITY_PROVEN,HNX_LISTED,hnx_official_equity_universe/v1,,OFFICIAL_CURRENT_STOCK_LIST_CANDIDATE,,true,,EXACT_SESSION_RETAINED,CURRENT_DESCRIPTIVE_DNSE_REST_ADJUSTED_RETROSPECTIVE_RAW_AS_TRADED_NOT_PROMOTED,DIRECT_CANONICAL_MAPPING
KHW,2026-09-15,26,0.0,,,,,,,,,,,,,,,,,ABOVE_MA20_MOMENTUM_POSITIVE,,2026-09-15T16:50:03.746178+07:00,UPCOM,,,,,,,,2026-09-15,2026-09-15,0,EXCHANGE_STOCK_LIST_CANDIDATE_NOT_COMMON_EQUITY_PROVEN,UPCOM,hnx_official_equity_universe/v1,,OFFICIAL_CURRENT_STOCK_LIST_CANDIDATE,,true,,EXACT_SESSION_RETAINED,CURRENT_DESCRIPTIVE_DNSE_REST_ADJUSTED_RETROSPECTIVE_RAW_AS_TRADED_NOT_PROMOTED,DIRECT_CANONICAL_MAPPING
KKC,2026-09-15,6.6,0.09999999999999987,,,,,,,,,,,,,,,,,ABOVE_MA20_MOMENTUM_NEGATIVE,,2026-09-15T16:50:03.746178+07:00,DELISTED,,,,,,,,2026-09-15,2026-09-15,0,EXCHANGE_STOCK_LIST_CANDIDATE_NOT_COMMON_EQUITY_PROVEN,HNX_LISTED,hnx_official_equity_universe/v1,,OFFICIAL_CURRENT_STOCK_LIST_CANDIDATE,,true,,EXACT_SESSION_RETAINED,CURRENT_DESCRIPTIVE_DNSE_REST_ADJUSTED_RETROSPECTIVE_RAW_AS_TRADED_NOT_PROMOTED,DIRECT_CANONICAL_MAPPING
KLB,2026-09-15,12.05,0.016877637130801704,,,,,,,,,,,,,,,,,NEAR_MA20_NEUTRAL,,2026-09-15T16:50:03.746178+07:00,HSX,,,,,,,,2026-09-15,2026-09-15,0,OFFICIAL_STOCK_MASTER_SECURITY_TYPE_NOT_COMMON_EQUITY_PROVEN,HOSE,hose_public_stock_master/v1,,OFFICIAL_CURRENT_EXCHANGE_SECURITY,,true,,EXACT_SESSION_RETAINED,CURRENT_DESCRIPTIVE_DNSE_REST_ADJUSTED_RETROSPECTIVE_RAW_AS_TRADED_NOT_PROMOTED,DIRECT_CANONICAL_MAPPING
KMR,2026-09-15,2.27,-0.004385964912280604,,,,,,,,,,,,,,,,,BELOW_MA20_MOMENTUM_NEGATIVE,,2026-09-15T16:50:03.746178+07:00,HSX,,,,,,,,2026-09-15,2026-09-15,0,OFFICIAL_STOCK_MASTER_SECURITY_TYPE_NOT_COMMON_EQUITY_PROVEN,HOSE,hose_public_stock_master/v1,,OFFICIAL_CURRENT_EXCHANGE_SECURITY,,true,,EXACT_SESSION_RETAINED,CURRENT_DESCRIPTIVE_DNSE_REST_ADJUSTED_RETROSPECTIVE_RAW_AS_TRADED_NOT_PROMOTED,DIRECT_CANONICAL_MAPPING
KOS,2026-09-15,31,-0.06906906906906896,,,,,,,,,,,,,,,,,BELOW_MA20_MOMENTUM_NEGATIVE,,2026-09-15T16:50:03.746178+07:00,HSX,,,,,,,,2026-09-15,2026-09-15,0,OFFICIAL_STOCK_MASTER_SECURITY_TYPE_NOT_COMMON_EQUITY_PROVEN,HOSE,hose_public_stock_master/v1,,OFFICIAL_CURRENT_EXCHANGE_SECURITY,,true,,EXACT_SESSION_RETAINED,CURRENT_DESCRIPTIVE_DNSE_REST_ADJUSTED_RETROSPECTIVE_RAW_AS_TRADED_NOT_PROMOTED,DIRECT_CANONICAL_MAPPING
KSB,2026-09-15,13.15,0.015444015444015635,,,,,,,,,,,,,,,,,BELOW_MA20_MOMENTUM_NEGATIVE,,2026-09-15T16:50:03.746178+07:00,HSX,,,,,,,,2026-09-15,2026-09-15,0,OFFICIAL_STOCK_MASTER_SECURITY_TYPE_NOT_COMMON_EQUITY_PROVEN,HOSE,hose_public_stock_master/v1,,OFFICIAL_CURRENT_EXCHANGE_SECURITY,,true,,EXACT_SESSION_RETAINED,CURRENT_DESCRIPTIVE_DNSE_REST_ADJUSTED_RETROSPECTIVE_RAW_AS_TRADED_NOT_PROMOTED,DIRECT_CANONICAL_MAPPING
KSD,2026-09-15,5.6,0.0,,,,,,,,,,,,,,,,,ABOVE_MA20_MOMENTUM_NEGATIVE,,2026-09-15T16:50:03.746178+07:00,DELISTED,,,,,,,,2026-09-15,2026-09-15,0,EXCHANGE_STOCK_LIST_CANDIDATE_NOT_COMMON_EQUITY_PROVEN,HNX_LISTED,hnx_official_equity_universe/v1,,OFFICIAL_CURRENT_STOCK_LIST_CANDIDATE,,true,,EXACT_SESSION_RETAINED,CURRENT_DESCRIPTIVE_DNSE_REST_ADJUSTED_RETROSPECTIVE_RAW_AS_TRADED_NOT_PROMOTED,DIRECT_CANONICAL_MAPPING
KSF,2026-09-15,78.4,0.002557544757033181,,,,,,,,,,,,,,,,,BELOW_MA20_MOMENTUM_NEGATIVE,,2026-09-15T16:50:03.746178+07:00,DELISTED,,,,,,,,2026-09-15,2026-09-15,0,EXCHANGE_STOCK_LIST_CANDIDATE_NOT_COMMON_EQUITY_PROVEN,HNX_LISTED,hnx_official_equity_universe/v1,,OFFICIAL_CURRENT_STOCK_LIST_CANDIDATE,,true,,EXACT_SESSION_RETAINED,CURRENT_DESCRIPTIVE_DNSE_REST_ADJUSTED_RETROSPECTIVE_RAW_AS_TRADED_NOT_PROMOTED,DIRECT_CANONICAL_MAPPING
KST,2026-09-15,12,-0.032258064516129115,,,,,,,,,,,,,,,,,BELOW_MA20_MOMENTUM_POSITIVE,,2026-09-15T16:50:03.746178+07:00,DELISTED,,,,,,,,2026-09-15,2026-09-15,0,EXCHANGE_STOCK_LIST_CANDIDATE_NOT_COMMON_EQUITY_PROVEN,HNX_LISTED,hnx_official_equity_universe/v1,,OFFICIAL_CURRENT_STOCK_LIST_CANDIDATE,,true,,EXACT_SESSION_RETAINED,CURRENT_DESCRIPTIVE_DNSE_REST_ADJUSTED_RETROSPECTIVE_RAW_AS_TRADED_NOT_PROMOTED,DIRECT_CANONICAL_MAPPING
KSV,2026-09-15,104.2,0.019569471624266255,,,,,,,,,,,,,,,,,ABOVE_MA20_MOMENTUM_POSITIVE,,2026-09-15T16:50:03.746178+07:00,DELISTED,,,,,,,,2026-09-15,2026-09-15,0,EXCHANGE_STOCK_LIST_CANDIDATE_NOT_COMMON_EQUITY_PROVEN,HNX_LISTED,hnx_official_equity_universe/v1,,OFFICIAL_CURRENT_STOCK_LIST_CANDIDATE,,true,,EXACT_SESSION_RETAINED,CURRENT_DESCRIPTIVE_DNSE_REST_ADJUSTED_RETROSPECTIVE_RAW_AS_TRADED_NOT_PROMOTED,DIRECT_CANONICAL_MAPPING
KVC,2026-09-15,1,0.0,,,,,,,,,,,,,,,,,BELOW_MA20_MOMENTUM_NEGATIVE,,2026-09-15T16:50:03.746178+07:00,UPCOM,,,,,,,,2026-09-15,2026-09-15,0,EXCHANGE_STOCK_LIST_CANDIDATE_NOT_COMMON_EQUITY_PROVEN,UPCOM,hnx_official_equity_universe/v1,,OFFICIAL_CURRENT_STOCK_LIST_CANDIDATE,,true,,EXACT_SESSION_RETAINED,CURRENT_DESCRIPTIVE_DNSE_REST_ADJUSTED_RETROSPECTIVE_RAW_AS_TRADED_NOT_PROMOTED,DIRECT_CANONICAL_MAPPING
L10,2026-09-15,23.9,0.03913043478260869,,,,,,,,,,,,,,,,,ABOVE_MA20_MOMENTUM_POSITIVE,,2026-09-15T16:50:03.746178+07:00,HSX,,,,,,,,2026-09-15,2026-09-15,0,OFFICIAL_STOCK_MASTER_SECURITY_TYPE_NOT_COMMON_EQUITY_PROVEN,HOSE,hose_public_stock_master/v1,,OFFICIAL_CURRENT_EXCHANGE_SECURITY,,true,,EXACT_SESSION_RETAINED,CURRENT_DESCRIPTIVE_DNSE_REST_ADJUSTED_RETROSPECTIVE_RAW_AS_TRADED_NOT_PROMOTED,DIRECT_CANONICAL_MAPPING
L12,2026-09-15,5,0.0,,,,,,,,,,,,,,,,,ABOVE_MA20_MOMENTUM_POSITIVE,,2026-09-15T16:50:03.746178+07:00,UPCOM,,,,,,,,2026-09-15,2026-09-15,0,EXCHANGE_STOCK_LIST_CANDIDATE_NOT_COMMON_EQUITY_PROVEN,UPCOM,hnx_official_equity_universe/v1,,OFFICIAL_CURRENT_STOCK_LIST_CANDIDATE,,true,,EXACT_SESSION_RETAINED,CURRENT_DESCRIPTIVE_DNSE_REST_ADJUSTED_RETROSPECTIVE_RAW_AS_TRADED_NOT_PROMOTED,DIRECT_CANONICAL_MAPPING
L14,2026-09-15,19,-0.005235602094240899,,,,,,,,,,,,,,,,,BELOW_MA20_MOMENTUM_NEGATIVE,,2026-09-15T16:50:03.746178+07:00,DELISTED,,,,,,,,2026-09-15,2026-09-15,0,EXCHANGE_STOCK_LIST_CANDIDATE_NOT_COMMON_EQUITY_PROVEN,HNX_LISTED,hnx_official_equity_universe/v1,,OFFICIAL_CURRENT_STOCK_LIST_CANDIDATE,,true,,EXACT_SESSION_RETAINED,CURRENT_DESCRIPTIVE_DNSE_REST_ADJUSTED_RETROSPECTIVE_RAW_AS_TRADED_NOT_PROMOTED,DIRECT_CANONICAL_MAPPING
L18,2026-09-15,14.5,0.0,,,,,,,,,,,,,,,,,BELOW_MA20_MOMENTUM_NEGATIVE,,2026-09-15T16:50:03.746178+07:00,DELISTED,,,,,,,,2026-09-15,2026-09-15,0,EXCHANGE_STOCK_LIST_CANDIDATE_NOT_COMMON_EQUITY_PROVEN,HNX_LISTED,hnx_official_equity_universe/v1,,OFFICIAL_CURRENT_STOCK_LIST_CANDIDATE,,true,,EXACT_SESSION_RETAINED,CURRENT_DESCRIPTIVE_DNSE_REST_ADJUSTED_RETROSPECTIVE_RAW_AS_TRADED_NOT_PROMOTED,DIRECT_CANONICAL_MAPPING
L40,2026-09-15,20.4,-0.019230769230769384,,,,,,,,,,,,,,,,,BELOW_MA20_MOMENTUM_NEGATIVE,,2026-09-15T16:50:03.746178+07:00,DELISTED,,,,,,,,2026-09-15,2026-09-15,0,EXCHANGE_STOCK_LIST_CANDIDATE_NOT_COMMON_EQUITY_PROVEN,HNX_LISTED,hnx_official_equity_universe/v1,,OFFICIAL_CURRENT_STOCK_LIST_CANDIDATE,,true,,EXACT_SESSION_RETAINED,CURRENT_DESCRIPTIVE_DNSE_REST_ADJUSTED_RETROSPECTIVE_RAW_AS_TRADED_NOT_PROMOTED,DIRECT_CANONICAL_MAPPING
LAI,2026-09-15,7.7,-0.012820512820512775,,,,,,,,,,,,,,,,,BELOW_MA20_MOMENTUM_NEGATIVE,,2026-09-15T16:50:03.746178+07:00,UPCOM,,,,,,,,2026-09-15,2026-09-15,0,EXCHANGE_STOCK_LIST_CANDIDATE_NOT_COMMON_EQUITY_PROVEN,UPCOM,hnx_official_equity_universe/v1,,OFFICIAL_CURRENT_STOCK_LIST_CANDIDATE,,true,,EXACT_SESSION_RETAINED,CURRENT_DESCRIPTIVE_DNSE_REST_ADJUSTED_RETROSPECTIVE_RAW_AS_TRADED_NOT_PROMOTED,DIRECT_CANONICAL_MAPPING
LAS,2026-09-15,11.7,0.017391304347825987,,,,,,,,,,,,,,,,,BELOW_MA20_MOMENTUM_NEGATIVE,,2026-09-15T16:50:03.746178+07:00,DELISTED,,,,,,,,2026-09-15,2026-09-15,0,EXCHANGE_STOCK_LIST_CANDIDATE_NOT_COMMON_EQUITY_PROVEN,HNX_LISTED,hnx_official_equity_universe/v1,,OFFICIAL_CURRENT_STOCK_LIST_CANDIDATE,,true,,EXACT_SESSION_RETAINED,CURRENT_DESCRIPTIVE_DNSE_REST_ADJUSTED_RETROSPECTIVE_RAW_AS_TRADED_NOT_PROMOTED,DIRECT_CANONICAL_MAPPING
LAW,2026-09-15,26.1,0.13478260869565228,,,,,,,,,,,,,,,,,BELOW_MA20_MOMENTUM_NEGATIVE,,2026-09-15T16:50:03.746178+07:00,UPCOM,,,,,,,,2026-09-15,2026-09-15,0,EXCHANGE_STOCK_LIST_CANDIDATE_NOT_COMMON_EQUITY_PROVEN,UPCOM,hnx_official_equity_universe/v1,,OFFICIAL_CURRENT_STOCK_LIST_CANDIDATE,,true,,EXACT_SESSION_RETAINED,CURRENT_DESCRIPTIVE_DNSE_REST_ADJUSTED_RETROSPECTIVE_RAW_AS_TRADED_NOT_PROMOTED,DIRECT_CANONICAL_MAPPING
LBE,2026-09-15,15.1,0.006666666666666599,,,,,,,,,,,,,,,,,BELOW_MA20_MOMENTUM_NEGATIVE,,2026-09-15T16:50:03.746178+07:00,DELISTED,,,,,,,,2026-09-15,2026-09-15,0,EXCHANGE_STOCK_LIST_CANDIDATE_NOT_COMMON_EQUITY_PROVEN,HNX_LISTED,hnx_official_equity_universe/v1,,OFFICIAL_CURRENT_STOCK_LIST_CANDIDATE,,true,,EXACT_SESSION_RETAINED,CURRENT_DESCRIPTIVE_DNSE_REST_ADJUSTED_RETROSPECTIVE_RAW_AS_TRADED_NOT_PROMOTED,DIRECT_CANONICAL_MAPPING
LBM,2026-09-15,27.9,-0.0017889087656529634,,,,,,,,,,,,,,,,,BELOW_MA20_MOMENTUM_NEGATIVE,,2026-09-15T16:50:03.746178+07:00,HSX,,,,,,,,2026-09-15,2026-09-15,0,OFFICIAL_STOCK_MASTER_SECURITY_TYPE_NOT_COMMON_EQUITY_PROVEN,HOSE,hose_public_stock_master/v1,,OFFICIAL_CURRENT_EXCHANGE_SECURITY,,true,,EXACT_SESSION_RETAINED,CURRENT_DESCRIPTIVE_DNSE_REST_ADJUSTED_RETROSPECTIVE_RAW_AS_TRADED_NOT_PROMOTED,DIRECT_CANONICAL_MAPPING
LCG,2026-09-15,6.72,0.0059880239520957446,,,,,,,,,,,,,,,,,BELOW_MA20_MOMENTUM_NEGATIVE,,2026-09-15T16:50:03.746178+07:00,HSX,,,,,,,,2026-09-15,2026-09-15,0,OFFICIAL_STOCK_MASTER_SECURITY_TYPE_NOT_COMMON_EQUITY_PROVEN,HOSE,hose_public_stock_master/v1,,OFFICIAL_CURRENT_EXCHANGE_SECURITY,,true,,EXACT_SESSION_RETAINED,CURRENT_DESCRIPTIVE_DNSE_REST_ADJUSTED_RETROSPECTIVE_RAW_AS_TRADED_NOT_PROMOTED,DIRECT_CANONICAL_MAPPING
LDG,2026-09-15,2.48,0.0,,,,,,,,,,,,,,,,,BELOW_MA20_MOMENTUM_NEGATIVE,,2026-09-15T16:50:03.746178+07:00,HSX,,,,,,,,2026-09-15,2026-09-15,0,OFFICIAL_STOCK_MASTER_SECURITY_TYPE_NOT_COMMON_EQUITY_PROVEN,HOSE,hose_public_stock_master/v1,,OFFICIAL_CURRENT_EXCHANGE_SECURITY,,true,,EXACT_SESSION_RETAINED,CURRENT_DESCRIPTIVE_DNSE_REST_ADJUSTED_RETROSPECTIVE_RAW_AS_TRADED_NOT_PROMOTED,DIRECT_CANONICAL_MAPPING
LDP,2026-09-15,7.5,0.05633802816901423,,,,,,,,,,,,,,,,,BELOW_MA20_MOMENTUM_NEGATIVE,,2026-09-15T16:50:03.746178+07:00,DELISTED,,,,,,,,2026-09-15,2026-09-15,0,EXCHANGE_STOCK_LIST_CANDIDATE_NOT_COMMON_EQUITY_PROVEN,HNX_LISTED,hnx_official_equity_universe/v1,,OFFICIAL_CURRENT_STOCK_LIST_CANDIDATE,,true,,EXACT_SESSION_RETAINED,CURRENT_DESCRIPTIVE_DNSE_REST_ADJUSTED_RETROSPECTIVE_RAW_AS_TRADED_NOT_PROMOTED,DIRECT_CANONICAL_MAPPING
LEC,2026-09-15,4.5,0.0,,,,,,,,,,,,,,,,,ABOVE_MA20_MOMENTUM_POSITIVE,,2026-09-15T16:50:03.746178+07:00,UPCOM,,,,,,,,2026-09-15,2026-09-15,0,EXCHANGE_STOCK_LIST_CANDIDATE_NOT_COMMON_EQUITY_PROVEN,UPCOM,hnx_official_equity_universe/v1,,OFFICIAL_CURRENT_STOCK_LIST_CANDIDATE,,true,,EXACT_SESSION_RETAINED,CURRENT_DESCRIPTIVE_DNSE_REST_ADJUSTED_RETROSPECTIVE_RAW_AS_TRADED_NOT_PROMOTED,DIRECT_CANONICAL_MAPPING
LGL,2026-09-15,4.75,0.0,,,,,,,,,,,,,,,,,BELOW_MA20_MOMENTUM_POSITIVE,,2026-09-15T16:50:03.746178+07:00,HSX,,,,,,,,2026-09-15,2026-09-15,0,OFFICIAL_STOCK_MASTER_SECURITY_TYPE_NOT_COMMON_EQUITY_PROVEN,HOSE,hose_public_stock_master/v1,,OFFICIAL_CURRENT_EXCHANGE_SECURITY,,true,,EXACT_SESSION_RETAINED,CURRENT_DESCRIPTIVE_DNSE_REST_ADJUSTED_RETROSPECTIVE_RAW_AS_TRADED_NOT_PROMOTED,DIRECT_CANONICAL_MAPPING
LHC,2026-09-15,45.3,-0.01521739130434785,,,,,,,,,,,,,,,,,BELOW_MA20_MOMENTUM_NEGATIVE,,2026-09-15T16:50:03.746178+07:00,DELISTED,,,,,,,,2026-09-15,2026-09-15,0,EXCHANGE_STOCK_LIST_CANDIDATE_NOT_COMMON_EQUITY_PROVEN,HNX_LISTED,hnx_official_equity_universe/v1,,OFFICIAL_CURRENT_STOCK_LIST_CANDIDATE,,true,,EXACT_SESSION_RETAINED,CURRENT_DESCRIPTIVE_DNSE_REST_ADJUSTED_RETROSPECTIVE_RAW_AS_TRADED_NOT_PROMOTED,DIRECT_CANONICAL_MAPPING
LHG,2026-09-15,26.65,0.001879699248120259,,,,,,,,,,,,,,,,,NEAR_MA20_NEUTRAL,,2026-09-15T16:50:03.746178+07:00,HSX,,,,,,,,2026-09-15,2026-09-15,0,OFFICIAL_STOCK_MASTER_SECURITY_TYPE_NOT_COMMON_EQUITY_PROVEN,HOSE,hose_public_stock_master/v1,,OFFICIAL_CURRENT_EXCHANGE_SECURITY,,true,,EXACT_SESSION_RETAINED,CURRENT_DESCRIPTIVE_DNSE_REST_ADJUSTED_RETROSPECTIVE_RAW_AS_TRADED_NOT_PROMOTED,DIRECT_CANONICAL_MAPPING
LIC,2026-09-15,34.6,0.03903903903903916,,,,,,,,,,,,,,,,,ABOVE_MA20_MOMENTUM_POSITIVE,,2026-09-15T16:50:03.746178+07:00,UPCOM,,,,,,,,2026-09-15,2026-09-15,0,EXCHANGE_STOCK_LIST_CANDIDATE_NOT_COMMON_EQUITY_PROVEN,UPCOM,hnx_official_equity_universe/v1,,OFFICIAL_CURRENT_STOCK_LIST_CANDIDATE,,true,,EXACT_SESSION_RETAINED,CURRENT_DESCRIPTIVE_DNSE_REST_ADJUSTED_RETROSPECTIVE_RAW_AS_TRADED_NOT_PROMOTED,DIRECT_CANONICAL_MAPPING
LIG,2026-09-15,2.9,0.0,,,,,,,,,,,,,,,,,BELOW_MA20_MOMENTUM_NEGATIVE,,2026-09-15T16:50:03.746178+07:00,DELISTED,,,,,,,,2026-09-15,2026-09-15,0,EXCHANGE_STOCK_LIST_CANDIDATE_NOT_COMMON_EQUITY_PROVEN,HNX_LISTED,hnx_official_equity_universe/v1,,OFFICIAL_CURRENT_STOCK_LIST_CANDIDATE,,true,,EXACT_SESSION_RETAINED,CURRENT_DESCRIPTIVE_DNSE_REST_ADJUSTED_RETROSPECTIVE_RAW_AS_TRADED_NOT_PROMOTED,DIRECT_CANONICAL_MAPPING
LIX,2026-09-15,24.4,0.0,,,,,,,,,,,,,,,,,BELOW_MA20_MOMENTUM_NEGATIVE,,2026-09-15T16:50:03.746178+07:00,HSX,,,,,,,,2026-09-15,2026-09-15,0,OFFICIAL_STOCK_MASTER_SECURITY_TYPE_NOT_COMMON_EQUITY_PROVEN,HOSE,hose_public_stock_master/v1,,OFFICIAL_CURRENT_EXCHANGE_SECURITY,,true,,EXACT_SESSION_RETAINED,CURRENT_DESCRIPTIVE_DNSE_REST_ADJUSTED_RETROSPECTIVE_RAW_AS_TRADED_NOT_PROMOTED,DIRECT_CANONICAL_MAPPING
LKW,2026-09-15,31,-0.03125,,,,,,,,,,,,,,,,,BELOW_MA20_MOMENTUM_POSITIVE,,2026-09-15T16:50:03.746178+07:00,UPCOM,,,,,,,,2026-09-15,2026-09-15,0,EXCHANGE_STOCK_LIST_CANDIDATE_NOT_COMMON_EQUITY_PROVEN,UPCOM,hnx_official_equity_universe/v1,,OFFICIAL_CURRENT_STOCK_LIST_CANDIDATE,,true,,EXACT_SESSION_RETAINED,CURRENT_DESCRIPTIVE_DNSE_REST_ADJUSTED_RETROSPECTIVE_RAW_AS_TRADED_NOT_PROMOTED,DIRECT_CANONICAL_MAPPING
LLM,2026-09-15,30.9,-0.012779552715655007,,,,,,,,,,,,,,,,,ABOVE_MA20_MOMENTUM_POSITIVE,,2026-09-15T16:50:03.746178+07:00,UPCOM,,,,,,,,2026-09-15,2026-09-15,0,EXCHANGE_STOCK_LIST_CANDIDATE_NOT_COMMON_EQUITY_PROVEN,UPCOM,hnx_official_equity_universe/v1,,OFFICIAL_CURRENT_STOCK_LIST_CANDIDATE,,true,,EXACT_SESSION_RETAINED,CURRENT_DESCRIPTIVE_DNSE_REST_ADJUSTED_RETROSPECTIVE_RAW_AS_TRADED_NOT_PROMOTED,DIRECT_CANONICAL_MAPPING
LPB,2026-09-15,47.5,0.032608695652173836,,,,,,,,,,,,,,,,,ABOVE_MA20_MOMENTUM_POSITIVE,,2026-09-15T16:50:03.746178+07:00,HSX,,,,,,,,2026-09-15,2026-09-15,0,OFFICIAL_STOCK_MASTER_SECURITY_TYPE_NOT_COMMON_EQUITY_PROVEN,HOSE,hose_public_stock_master/v1,,OFFICIAL_CURRENT_EXCHANGE_SECURITY,,true,,EXACT_SESSION_RETAINED,CURRENT_DESCRIPTIVE_DNSE_REST_ADJUSTED_RETROSPECTIVE_RAW_AS_TRADED_NOT_PROMOTED,DIRECT_CANONICAL_MAPPING
LPT,2026-09-15,7.8,0.01298701298701288,,,,,,,,,,,,,,,,,ABOVE_MA20_MOMENTUM_POSITIVE,,2026-09-15T16:50:03.746178+07:00,UPCOM,,,,,,,,2026-09-15,2026-09-15,0,EXCHANGE_STOCK_LIST_CANDIDATE_NOT_COMMON_EQUITY_PROVEN,UPCOM,hnx_official_equity_universe/v1,,OFFICIAL_CURRENT_STOCK_LIST_CANDIDATE,,true,,EXACT_SESSION_RETAINED,CURRENT_DESCRIPTIVE_DNSE_REST_ADJUSTED_RETROSPECTIVE_RAW_AS_TRADED_NOT_PROMOTED,DIRECT_CANONICAL_MAPPING
LSG,2026-09-15,35.8,0.017045454545454364,,,,,,,,,,,,,,,,,ABOVE_MA20_MOMENTUM_POSITIVE,,2026-09-15T16:50:03.746178+07:00,UPCOM,,,,,,,,2026-09-15,2026-09-15,0,EXCHANGE_STOCK_LIST_CANDIDATE_NOT_COMMON_EQUITY_PROVEN,UPCOM,hnx_official_equity_universe/v1,,OFFICIAL_CURRENT_STOCK_LIST_CANDIDATE,,true,,EXACT_SESSION_RETAINED,CURRENT_DESCRIPTIVE_DNSE_REST_ADJUSTED_RETROSPECTIVE_RAW_AS_TRADED_NOT_PROMOTED,DIRECT_CANONICAL_MAPPING
LSS,2026-09-15,7.9,0.0,,,,,,,,,,,,,,,,,BELOW_MA20_MOMENTUM_NEGATIVE,,2026-09-15T16:50:03.746178+07:00,HSX,,,,,,,,2026-09-15,2026-09-15,0,OFFICIAL_STOCK_MASTER_SECURITY_TYPE_NOT_COMMON_EQUITY_PROVEN,HOSE,hose_public_stock_master/v1,,OFFICIAL_CURRENT_EXCHANGE_SECURITY,,true,,EXACT_SESSION_RETAINED,CURRENT_DESCRIPTIVE_DNSE_REST_ADJUSTED_RETROSPECTIVE_RAW_AS_TRADED_NOT_PROMOTED,DIRECT_CANONICAL_MAPPING
M10,2026-09-15,21,0.06598984771573613,,,,,,,,,,,,,,,,,ABOVE_MA20_MOMENTUM_POSITIVE,,2026-09-15T16:50:03.746178+07:00,UPCOM,,,,,,,,2026-09-15,2026-09-15,0,EXCHANGE_STOCK_LIST_CANDIDATE_NOT_COMMON_EQUITY_PROVEN,UPCOM,hnx_official_equity_universe/v1,,OFFICIAL_CURRENT_STOCK_LIST_CANDIDATE,,true,,EXACT_SESSION_RETAINED,CURRENT_DESCRIPTIVE_DNSE_REST_ADJUSTED_RETROSPECTIVE_RAW_AS_TRADED_NOT_PROMOTED,DIRECT_CANONICAL_MAPPING
MAS,2026-09-15,33.5,0.0,,,,,,,,,,,,,,,,,BELOW_MA20_MOMENTUM_NEGATIVE,,2026-09-15T16:50:03.746178+07:00,DELISTED,,,,,,,,2026-09-15,2026-09-15,0,EXCHANGE_STOCK_LIST_CANDIDATE_NOT_COMMON_EQUITY_PROVEN,HNX_LISTED,hnx_official_equity_universe/v1,,OFFICIAL_CURRENT_STOCK_LIST_CANDIDATE,,true,,EXACT_SESSION_RETAINED,CURRENT_DESCRIPTIVE_DNSE_REST_ADJUSTED_RETROSPECTIVE_RAW_AS_TRADED_NOT_PROMOTED,DIRECT_CANONICAL_MAPPING
MBB,2026-09-15,20,0.015228426395939021,,,,,,,,,,,,,,,,,BELOW_MA20_MOMENTUM_NEGATIVE,,2026-09-15T16:50:03.746178+07:00,HSX,bank,,,,,,,2026-09-15,2026-09-15,0,OFFICIAL_STOCK_MASTER_SECURITY_TYPE_NOT_COMMON_EQUITY_PROVEN,HOSE,hose_public_stock_master/v1,,OFFICIAL_CURRENT_EXCHANGE_SECURITY,,true,,EXACT_SESSION_RETAINED,CURRENT_DESCRIPTIVE_DNSE_REST_ADJUSTED_RETROSPECTIVE_RAW_AS_TRADED_NOT_PROMOTED,DIRECT_CANONICAL_MAPPING
MBG,2026-09-15,2.2,-0.04347826086956508,,,,,,,,,,,,,,,,,BELOW_MA20_MOMENTUM_NEGATIVE,,2026-09-15T16:50:03.746178+07:00,DELISTED,,,,,,,,2026-09-15,2026-09-15,0,EXCHANGE_STOCK_LIST_CANDIDATE_NOT_COMMON_EQUITY_PROVEN,HNX_LISTED,hnx_official_equity_universe/v1,,OFFICIAL_CURRENT_STOCK_LIST_CANDIDATE,,true,,EXACT_SESSION_RETAINED,CURRENT_DESCRIPTIVE_DNSE_REST_ADJUSTED_RETROSPECTIVE_RAW_AS_TRADED_NOT_PROMOTED,DIRECT_CANONICAL_MAPPING
MBS,2026-09-15,16.6,0.012195121951219745,,,,,,,,,,,,,,,,,BELOW_MA20_MOMENTUM_NEGATIVE,,2026-09-15T16:50:03.746178+07:00,DELISTED,,,,,,,,2026-09-15,2026-09-15,0,EXCHANGE_STOCK_LIST_CANDIDATE_NOT_COMMON_EQUITY_PROVEN,HNX_LISTED,hnx_official_equity_universe/v1,,OFFICIAL_CURRENT_STOCK_LIST_CANDIDATE,,true,,EXACT_SESSION_RETAINED,CURRENT_DESCRIPTIVE_DNSE_REST_ADJUSTED_RETROSPECTIVE_RAW_AS_TRADED_NOT_PROMOTED,DIRECT_CANONICAL_MAPPING
MBT,2026-09-15,10.2,0.030303030303030276,,,,,,,,,,,,,,,,,NEAR_MA20_NEUTRAL,,2026-09-15T16:50:03.746178+07:00,UPCOM,,,,,,,,2026-09-15,2026-09-15,0,EXCHANGE_STOCK_LIST_CANDIDATE_NOT_COMMON_EQUITY_PROVEN,UPCOM,hnx_official_equity_universe/v1,,OFFICIAL_CURRENT_STOCK_LIST_CANDIDATE,,true,,EXACT_SESSION_RETAINED,CURRENT_DESCRIPTIVE_DNSE_REST_ADJUSTED_RETROSPECTIVE_RAW_AS_TRADED_NOT_PROMOTED,DIRECT_CANONICAL_MAPPING
MCF,2026-09-15,7.1,0.0,,,,,,,,,,,,,,,,,NEAR_MA20_NEUTRAL,,2026-09-15T16:50:03.746178+07:00,DELISTED,,,,,,,,2026-09-15,2026-09-15,0,EXCHANGE_STOCK_LIST_CANDIDATE_NOT_COMMON_EQUITY_PROVEN,HNX_LISTED,hnx_official_equity_universe/v1,,OFFICIAL_CURRENT_STOCK_LIST_CANDIDATE,,true,,EXACT_SESSION_RETAINED,CURRENT_DESCRIPTIVE_DNSE_REST_ADJUSTED_RETROSPECTIVE_RAW_AS_TRADED_NOT_PROMOTED,DIRECT_CANONICAL_MAPPING
MCG,2026-09-15,2.4,0.0,,,,,,,,,,,,,,,,,BELOW_MA20_MOMENTUM_NEGATIVE,,2026-09-15T16:50:03.746178+07:00,UPCOM,,,,,,,,2026-09-15,2026-09-15,0,EXCHANGE_STOCK_LIST_CANDIDATE_NOT_COMMON_EQUITY_PROVEN,UPCOM,hnx_official_equity_universe/v1,,OFFICIAL_CURRENT_STOCK_LIST_CANDIDATE,,true,,EXACT_SESSION_RETAINED,CURRENT_DESCRIPTIVE_DNSE_REST_ADJUSTED_RETROSPECTIVE_RAW_AS_TRADED_NOT_PROMOTED,DIRECT_CANONICAL_MAPPING
MCH,2026-09-15,143,0.007751937984496138,,,,,,,,,,,,,,,,,NEAR_MA20_NEUTRAL,,2026-09-15T16:50:03.746178+07:00,HSX,,,,,,,,2026-09-15,2026-09-15,0,OFFICIAL_STOCK_MASTER_SECURITY_TYPE_NOT_COMMON_EQUITY_PROVEN,HOSE,hose_public_stock_master/v1,,OFFICIAL_CURRENT_EXCHANGE_SECURITY,,true,,EXACT_SESSION_RETAINED,CURRENT_DESCRIPTIVE_DNSE_REST_ADJUSTED_RETROSPECTIVE_RAW_AS_TRADED_NOT_PROMOTED,DIRECT_CANONICAL_MAPPING
MCM,2026-09-15,26.45,0.013409961685823646,,,,,,,,,,,,,,,,,NEAR_MA20_NEUTRAL,,2026-09-15T16:50:03.746178+07:00,HSX,,,,,,,,2026-09-15,2026-09-15,0,OFFICIAL_STOCK_MASTER_SECURITY_TYPE_NOT_COMMON_EQUITY_PROVEN,HOSE,hose_public_stock_master/v1,,OFFICIAL_CURRENT_EXCHANGE_SECURITY,,true,,EXACT_SESSION_RETAINED,CURRENT_DESCRIPTIVE_DNSE_REST_ADJUSTED_RETROSPECTIVE_RAW_AS_TRADED_NOT_PROMOTED,DIRECT_CANONICAL_MAPPING
MCO,2026-09-15,4.7,0.0,,,,,,,,,,,,,,,,,BELOW_MA20_MOMENTUM_NEGATIVE,,2026-09-15T16:50:03.746178+07:00,DELISTED,,,,,,,,2026-09-15,2026-09-15,0,EXCHANGE_STOCK_LIST_CANDIDATE_NOT_COMMON_EQUITY_PROVEN,HNX_LISTED,hnx_official_equity_universe/v1,,OFFICIAL_CURRENT_STOCK_LIST_CANDIDATE,,true,,EXACT_SESSION_RETAINED,CURRENT_DESCRIPTIVE_DNSE_REST_ADJUSTED_RETROSPECTIVE_RAW_AS_TRADED_NOT_PROMOTED,DIRECT_CANONICAL_MAPPING
MCP,2026-09-15,27.85,0.0017985611510791255,,,,,,,,,,,,,,,,,NEAR_MA20_NEUTRAL,,2026-09-15T16:50:03.746178+07:00,HSX,,,,,,,,2026-09-15,2026-09-15,0,OFFICIAL_STOCK_MASTER_SECURITY_TYPE_NOT_COMMON_EQUITY_PROVEN,HOSE,hose_public_stock_master/v1,,OFFICIAL_CURRENT_EXCHANGE_SECURITY,,true,,EXACT_SESSION_RETAINED,CURRENT_DESCRIPTIVE_DNSE_REST_ADJUSTED_RETROSPECTIVE_RAW_AS_TRADED_NOT_PROMOTED,DIRECT_CANONICAL_MAPPING
MDC,2026-09-15,8,-0.024390243902438935,,,,,,,,,,,,,,,,,BELOW_MA20_MOMENTUM_NEGATIVE,,2026-09-15T16:50:03.746178+07:00,DELISTED,,,,,,,,2026-09-15,2026-09-15,0,EXCHANGE_STOCK_LIST_CANDIDATE_NOT_COMMON_EQUITY_PROVEN,HNX_LISTED,hnx_official_equity_universe/v1,,OFFICIAL_CURRENT_STOCK_LIST_CANDIDATE,,true,,EXACT_SESSION_RETAINED,CURRENT_DESCRIPTIVE_DNSE_REST_ADJUSTED_RETROSPECTIVE_RAW_AS_TRADED_NOT_PROMOTED,DIRECT_CANONICAL_MAPPING
MDF,2026-09-15,5.5,0.0,,,,,,,,,,,,,,,,,ABOVE_MA20_MOMENTUM_NEGATIVE,,2026-09-15T16:50:03.746178+07:00,UPCOM,,,,,,,,2026-09-15,2026-09-15,0,EXCHANGE_STOCK_LIST_CANDIDATE_NOT_COMMON_EQUITY_PROVEN,UPCOM,hnx_official_equity_universe/v1,,OFFICIAL_CURRENT_STOCK_LIST_CANDIDATE,,true,,EXACT_SESSION_RETAINED,CURRENT_DESCRIPTIVE_DNSE_REST_ADJUSTED_RETROSPECTIVE_RAW_AS_TRADED_NOT_PROMOTED,DIRECT_CANONICAL_MAPPING
MDG,2026-09-15,36.5,-0.013513513513513487,,,,,,,,,,,,,,,,,ABOVE_MA20_MOMENTUM_POSITIVE,,2026-09-15T16:50:03.746178+07:00,HSX,,,,,,,,2026-09-15,2026-09-15,0,OFFICIAL_STOCK_MASTER_SECURITY_TYPE_NOT_COMMON_EQUITY_PROVEN,HOSE,hose_public_stock_master/v1,,OFFICIAL_CURRENT_EXCHANGE_SECURITY,,true,,EXACT_SESSION_RETAINED,CURRENT_DESCRIPTIVE_DNSE_REST_ADJUSTED_RETROSPECTIVE_RAW_AS_TRADED_NOT_PROMOTED,DIRECT_CANONICAL_MAPPING
MEL,2026-09-15,6.1,0.016666666666666607,,,,,,,,,,,,,,,,,NEAR_MA20_NEUTRAL,,2026-09-15T16:50:03.746178+07:00,DELISTED,,,,,,,,2026-09-15,2026-09-15,0,EXCHANGE_STOCK_LIST_CANDIDATE_NOT_COMMON_EQUITY_PROVEN,HNX_LISTED,hnx_official_equity_universe/v1,,OFFICIAL_CURRENT_STOCK_LIST_CANDIDATE,,true,,EXACT_SESSION_RETAINED,CURRENT_DESCRIPTIVE_DNSE_REST_ADJUSTED_RETROSPECTIVE_RAW_AS_TRADED_NOT_PROMOTED,DIRECT_CANONICAL_MAPPING
MFS,2026-09-15,28.8,0.006993006993006867,,,,,,,,,,,,,,,,,BELOW_MA20_MOMENTUM_NEGATIVE,,2026-09-15T16:50:03.746178+07:00,UPCOM,,,,,,,,2026-09-15,2026-09-15,0,EXCHANGE_STOCK_LIST_CANDIDATE_NOT_COMMON_EQUITY_PROVEN,UPCOM,hnx_official_equity_universe/v1,,OFFICIAL_CURRENT_STOCK_LIST_CANDIDATE,,true,,EXACT_SESSION_RETAINED,CURRENT_DESCRIPTIVE_DNSE_REST_ADJUSTED_RETROSPECTIVE_RAW_AS_TRADED_NOT_PROMOTED,DIRECT_CANONICAL_MAPPING
MH3,2026-09-15,24.5,-0.020000000000000018,,,,,,,,,,,,,,,,,BELOW_MA20_MOMENTUM_NEGATIVE,,2026-09-15T16:50:03.746178+07:00,UPCOM,,,,,,,,2026-09-15,2026-09-15,0,EXCHANGE_STOCK_LIST_CANDIDATE_NOT_COMMON_EQUITY_PROVEN,UPCOM,hnx_official_equity_universe/v1,,OFFICIAL_CURRENT_STOCK_LIST_CANDIDATE,,true,,EXACT_SESSION_RETAINED,CURRENT_DESCRIPTIVE_DNSE_REST_ADJUSTED_RETROSPECTIVE_RAW_AS_TRADED_NOT_PROMOTED,DIRECT_CANONICAL_MAPPING
MHC,2026-09-15,6.95,-0.047945205479452024,,,,,,,,,,,,,,,,,BELOW_MA20_MOMENTUM_NEGATIVE,,2026-09-15T16:50:03.746178+07:00,HSX,,,,,,,,2026-09-15,2026-09-15,0,OFFICIAL_STOCK_MASTER_SECURITY_TYPE_NOT_COMMON_EQUITY_PROVEN,HOSE,hose_public_stock_master/v1,,OFFICIAL_CURRENT_EXCHANGE_SECURITY,,true,,EXACT_SESSION_RETAINED,CURRENT_DESCRIPTIVE_DNSE_REST_ADJUSTED_RETROSPECTIVE_RAW_AS_TRADED_NOT_PROMOTED,DIRECT_CANONICAL_MAPPING
MIC,2026-09-15,8.3,-0.07777777777777772,,,,,,,,,,,,,,,,,BELOW_MA20_MOMENTUM_NEGATIVE,,2026-09-15T16:50:03.746178+07:00,DELISTED,,,,,,,,2026-09-15,2026-09-15,0,EXCHANGE_STOCK_LIST_CANDIDATE_NOT_COMMON_EQUITY_PROVEN,HNX_LISTED,hnx_official_equity_universe/v1,,OFFICIAL_CURRENT_STOCK_LIST_CANDIDATE,,true,,EXACT_SESSION_RETAINED,CURRENT_DESCRIPTIVE_DNSE_REST_ADJUSTED_RETROSPECTIVE_RAW_AS_TRADED_NOT_PROMOTED,DIRECT_CANONICAL_MAPPING
MIG,2026-09-15,16,0.06666666666666665,,,,,,,,,,,,,,,,,BELOW_MA20_MOMENTUM_NEGATIVE,,2026-09-15T16:50:03.746178+07:00,HSX,,,,,,,,2026-09-15,2026-09-15,0,OFFICIAL_STOCK_MASTER_SECURITY_TYPE_NOT_COMMON_EQUITY_PROVEN,HOSE,hose_public_stock_master/v1,,OFFICIAL_CURRENT_EXCHANGE_SECURITY,,true,,EXACT_SESSION_RETAINED,CURRENT_DESCRIPTIVE_DNSE_REST_ADJUSTED_RETROSPECTIVE_RAW_AS_TRADED_NOT_PROMOTED,DIRECT_CANONICAL_MAPPING
MLS,2026-09-15,15,0.0,,,,,,,,,,,,,,,,,BELOW_MA20_MOMENTUM_NEGATIVE,,2026-09-15T16:50:03.746178+07:00,UPCOM,,,,,,,,2026-09-15,2026-09-15,0,EXCHANGE_STOCK_LIST_CANDIDATE_NOT_COMMON_EQUITY_PROVEN,UPCOM,hnx_official_equity_universe/v1,,OFFICIAL_CURRENT_STOCK_LIST_CANDIDATE,,true,,EXACT_SESSION_RETAINED,CURRENT_DESCRIPTIVE_DNSE_REST_ADJUSTED_RETROSPECTIVE_RAW_AS_TRADED_NOT_PROMOTED,DIRECT_CANONICAL_MAPPING
MML,2026-09-15,26.4,0.01538461538461533,,,,,,,,,,,,,,,,,BELOW_MA20_MOMENTUM_NEGATIVE,,2026-09-15T16:50:03.746178+07:00,UPCOM,,,,,,,,2026-09-15,2026-09-15,0,EXCHANGE_STOCK_LIST_CANDIDATE_NOT_COMMON_EQUITY_PROVEN,UPCOM,hnx_official_equity_universe/v1,,OFFICIAL_CURRENT_STOCK_LIST_CANDIDATE,,true,,EXACT_SESSION_RETAINED,CURRENT_DESCRIPTIVE_DNSE_REST_ADJUSTED_RETROSPECTIVE_RAW_AS_TRADED_NOT_PROMOTED,DIRECT_CANONICAL_MAPPING
MPC,2026-09-15,14,0.007194244604316502,,,,,,,,,,,,,,,,,BELOW_MA20_MOMENTUM_NEGATIVE,,2026-09-15T16:50:03.746178+07:00,UPCOM,,,,,,,,2026-09-15,2026-09-15,0,EXCHANGE_STOCK_LIST_CANDIDATE_NOT_COMMON_EQUITY_PROVEN,UPCOM,hnx_official_equity_universe/v1,,OFFICIAL_CURRENT_STOCK_LIST_CANDIDATE,,true,,EXACT_SESSION_RETAINED,CURRENT_DESCRIPTIVE_DNSE_REST_ADJUSTED_RETROSPECTIVE_RAW_AS_TRADED_NOT_PROMOTED,DIRECT_CANONICAL_MAPPING
MSB,2026-09-15,12.8,0.0,,,,,,,,,,,,,,,,,ABOVE_MA20_MOMENTUM_POSITIVE,,2026-09-15T16:50:03.746178+07:00,HSX,,,,,,,,2026-09-15,2026-09-15,0,OFFICIAL_STOCK_MASTER_SECURITY_TYPE_NOT_COMMON_EQUITY_PROVEN,HOSE,hose_public_stock_master/v1,,OFFICIAL_CURRENT_EXCHANGE_SECURITY,,true,,EXACT_SESSION_RETAINED,CURRENT_DESCRIPTIVE_DNSE_REST_ADJUSTED_RETROSPECTIVE_RAW_AS_TRADED_NOT_PROMOTED,DIRECT_CANONICAL_MAPPING
MSH,2026-09-15,30.1,0.010067114093959662,,,,,,,,,,,,,,,,,BELOW_MA20_MOMENTUM_NEGATIVE,,2026-09-15T16:50:03.746178+07:00,HSX,,,,,,,,2026-09-15,2026-09-15,0,OFFICIAL_STOCK_MASTER_SECURITY_TYPE_NOT_COMMON_EQUITY_PROVEN,HOSE,hose_public_stock_master/v1,,OFFICIAL_CURRENT_EXCHANGE_SECURITY,,true,,EXACT_SESSION_RETAINED,CURRENT_DESCRIPTIVE_DNSE_REST_ADJUSTED_RETROSPECTIVE_RAW_AS_TRADED_NOT_PROMOTED,DIRECT_CANONICAL_MAPPING
MSN,2026-09-15,67.4,0.012012012012012185,,,,,,,,,,,,,,,,,BELOW_MA20_MOMENTUM_NEGATIVE,,2026-09-15T16:50:03.746178+07:00,HSX,,,,,,,,2026-09-15,2026-09-15,0,OFFICIAL_STOCK_MASTER_SECURITY_TYPE_NOT_COMMON_EQUITY_PROVEN,HOSE,hose_public_stock_master/v1,,OFFICIAL_CURRENT_EXCHANGE_SECURITY,,true,,EXACT_SESSION_RETAINED,CURRENT_DESCRIPTIVE_DNSE_REST_ADJUSTED_RETROSPECTIVE_RAW_AS_TRADED_NOT_PROMOTED,DIRECT_CANONICAL_MAPPING
MSR,2026-09-15,48.3,0.004158004158004047,,,,,,,,,,,,,,,,,ABOVE_MA20_MOMENTUM_POSITIVE,,2026-09-15T16:50:03.746178+07:00,UPCOM,,,,,,,,2026-09-15,2026-09-15,0,EXCHANGE_STOCK_LIST_CANDIDATE_NOT_COMMON_EQUITY_PROVEN,UPCOM,hnx_official_equity_universe/v1,,OFFICIAL_CURRENT_STOCK_LIST_CANDIDATE,,true,,EXACT_SESSION_RETAINED,CURRENT_DESCRIPTIVE_DNSE_REST_ADJUSTED_RETROSPECTIVE_RAW_AS_TRADED_NOT_PROMOTED,DIRECT_CANONICAL_MAPPING
MST,2026-09-15,9.6,0.010526315789473717,,,,,,,,,,,,,,,,,ABOVE_MA20_MOMENTUM_POSITIVE,,2026-09-15T16:50:03.746178+07:00,DELISTED,,,,,,,,2026-09-15,2026-09-15,0,EXCHANGE_STOCK_LIST_CANDIDATE_NOT_COMMON_EQUITY_PROVEN,HNX_LISTED,hnx_official_equity_universe/v1,,OFFICIAL_CURRENT_STOCK_LIST_CANDIDATE,,true,,EXACT_SESSION_RETAINED,CURRENT_DESCRIPTIVE_DNSE_REST_ADJUSTED_RETROSPECTIVE_RAW_AS_TRADED_NOT_PROMOTED,DIRECT_CANONICAL_MAPPING
MTA,2026-09-15,10,-0.04761904761904767,,,,,,,,,,,,,,,,,BELOW_MA20_MOMENTUM_NEGATIVE,,2026-09-15T16:50:03.746178+07:00,UPCOM,,,,,,,,2026-09-15,2026-09-15,0,EXCHANGE_STOCK_LIST_CANDIDATE_NOT_COMMON_EQUITY_PROVEN,UPCOM,hnx_official_equity_universe/v1,,OFFICIAL_CURRENT_STOCK_LIST_CANDIDATE,,true,,EXACT_SESSION_RETAINED,CURRENT_DESCRIPTIVE_DNSE_REST_ADJUSTED_RETROSPECTIVE_RAW_AS_TRADED_NOT_PROMOTED,DIRECT_CANONICAL_MAPPING
MTL,2026-09-15,4.4,0.0,,,,,,,,,,,,,,,,,BELOW_MA20_MOMENTUM_NEGATIVE,,2026-09-15T16:50:03.746178+07:00,UPCOM,,,,,,,,2026-09-15,2026-09-15,0,EXCHANGE_STOCK_LIST_CANDIDATE_NOT_COMMON_EQUITY_PROVEN,UPCOM,hnx_official_equity_universe/v1,,OFFICIAL_CURRENT_STOCK_LIST_CANDIDATE,,true,,EXACT_SESSION_RETAINED,CURRENT_DESCRIPTIVE_DNSE_REST_ADJUSTED_RETROSPECTIVE_RAW_AS_TRADED_NOT_PROMOTED,DIRECT_CANONICAL_MAPPING
MVC,2026-09-15,11.8,-0.008403361344537785,,,,,,,,,,,,,,,,,BELOW_MA20_MOMENTUM_NEGATIVE,,2026-09-15T16:50:03.746178+07:00,UPCOM,,,,,,,,2026-09-15,2026-09-15,0,EXCHANGE_STOCK_LIST_CANDIDATE_NOT_COMMON_EQUITY_PROVEN,UPCOM,hnx_official_equity_universe/v1,,OFFICIAL_CURRENT_STOCK_LIST_CANDIDATE,,true,,EXACT_SESSION_RETAINED,CURRENT_DESCRIPTIVE_DNSE_REST_ADJUSTED_RETROSPECTIVE_RAW_AS_TRADED_NOT_PROMOTED,DIRECT_CANONICAL_MAPPING
MVN,2026-09-15,61.8,0.0,,,,,,,,,,,,,,,,,ABOVE_MA20_MOMENTUM_POSITIVE,,2026-09-15T16:50:03.746178+07:00,UPCOM,,,,,,,,2026-09-15,2026-09-15,0,EXCHANGE_STOCK_LIST_CANDIDATE_NOT_COMMON_EQUITY_PROVEN,UPCOM,hnx_official_equity_universe/v1,,OFFICIAL_CURRENT_STOCK_LIST_CANDIDATE,,true,,EXACT_SESSION_RETAINED,CURRENT_DESCRIPTIVE_DNSE_REST_ADJUSTED_RETROSPECTIVE_RAW_AS_TRADED_NOT_PROMOTED,DIRECT_CANONICAL_MAPPING
MWG,2026-09-15,71.2,0.02005730659025806,,,,,,,,,,,,,,,,,BELOW_MA20_MOMENTUM_NEGATIVE,,2026-09-15T16:50:03.746178+07:00,HSX,corporate,,,,,,,2026-09-15,2026-09-15,0,OFFICIAL_STOCK_MASTER_SECURITY_TYPE_NOT_COMMON_EQUITY_PROVEN,HOSE,hose_public_stock_master/v1,,OFFICIAL_CURRENT_EXCHANGE_SECURITY,,true,,EXACT_SESSION_RETAINED,CURRENT_DESCRIPTIVE_DNSE_REST_ADJUSTED_RETROSPECTIVE_RAW_AS_TRADED_NOT_PROMOTED,DIRECT_CANONICAL_MAPPING
MZG,2026-09-15,12.2,0.008264462809917328,,,,,,,,,,,,,,,,,ABOVE_MA20_MOMENTUM_NEGATIVE,,2026-09-15T16:50:03.746178+07:00,HSX,,,,,,,,2026-09-15,2026-09-15,0,OFFICIAL_STOCK_MASTER_SECURITY_TYPE_NOT_COMMON_EQUITY_PROVEN,HOSE,hose_public_stock_master/v1,,OFFICIAL_CURRENT_EXCHANGE_SECURITY,,true,,EXACT_SESSION_RETAINED,CURRENT_DESCRIPTIVE_DNSE_REST_ADJUSTED_RETROSPECTIVE_RAW_AS_TRADED_NOT_PROMOTED,DIRECT_CANONICAL_MAPPING
NAB,2026-09-15,11.25,0.008968609865470878,,,,,,,,,,,,,,,,,BELOW_MA20_MOMENTUM_NEGATIVE,,2026-09-15T16:50:03.746178+07:00,HSX,,,,,,,,2026-09-15,2026-09-15,0,OFFICIAL_STOCK_MASTER_SECURITY_TYPE_NOT_COMMON_EQUITY_PROVEN,HOSE,hose_public_stock_master/v1,,OFFICIAL_CURRENT_EXCHANGE_SECURITY,,true,,EXACT_SESSION_RETAINED,CURRENT_DESCRIPTIVE_DNSE_REST_ADJUSTED_RETROSPECTIVE_RAW_AS_TRADED_NOT_PROMOTED,DIRECT_CANONICAL_MAPPING
NAF,2026-09-15,48,0.0,,,,,,,,,,,,,,,,,ABOVE_MA20_MOMENTUM_POSITIVE,,2026-09-15T16:50:03.746178+07:00,HSX,,,,,,,,2026-09-15,2026-09-15,0,OFFICIAL_STOCK_MASTER_SECURITY_TYPE_NOT_COMMON_EQUITY_PROVEN,HOSE,hose_public_stock_master/v1,,OFFICIAL_CURRENT_EXCHANGE_SECURITY,,true,,EXACT_SESSION_RETAINED,CURRENT_DESCRIPTIVE_DNSE_REST_ADJUSTED_RETROSPECTIVE_RAW_AS_TRADED_NOT_PROMOTED,DIRECT_CANONICAL_MAPPING
NAG,2026-09-15,6.8,-0.01449275362318847,,,,,,,,,,,,,,,,,BELOW_MA20_MOMENTUM_NEGATIVE,,2026-09-15T16:50:03.746178+07:00,DELISTED,,,,,,,,2026-09-15,2026-09-15,0,EXCHANGE_STOCK_LIST_CANDIDATE_NOT_COMMON_EQUITY_PROVEN,HNX_LISTED,hnx_official_equity_universe/v1,,OFFICIAL_CURRENT_STOCK_LIST_CANDIDATE,,true,,EXACT_SESSION_RETAINED,CURRENT_DESCRIPTIVE_DNSE_REST_ADJUSTED_RETROSPECTIVE_RAW_AS_TRADED_NOT_PROMOTED,DIRECT_CANONICAL_MAPPING
NAS,2026-09-15,30.3,0.0,,,,,,,,,,,,,,,,,BELOW_MA20_MOMENTUM_NEGATIVE,,2026-09-15T16:50:03.746178+07:00,UPCOM,,,,,,,,2026-09-15,2026-09-15,0,EXCHANGE_STOCK_LIST_CANDIDATE_NOT_COMMON_EQUITY_PROVEN,UPCOM,hnx_official_equity_universe/v1,,OFFICIAL_CURRENT_STOCK_LIST_CANDIDATE,,true,,EXACT_SESSION_RETAINED,CURRENT_DESCRIPTIVE_DNSE_REST_ADJUSTED_RETROSPECTIVE_RAW_AS_TRADED_NOT_PROMOTED,DIRECT_CANONICAL_MAPPING
NBB,2026-09-15,17.1,0.01183431952662728,,,,,,,,,,,,,,,,,BELOW_MA20_MOMENTUM_NEGATIVE,,2026-09-15T16:50:03.746178+07:00,HSX,,,,,,,,2026-09-15,2026-09-15,0,OFFICIAL_STOCK_MASTER_SECURITY_TYPE_NOT_COMMON_EQUITY_PROVEN,HOSE,hose_public_stock_master/v1,,OFFICIAL_CURRENT_EXCHANGE_SECURITY,,true,,EXACT_SESSION_RETAINED,CURRENT_DESCRIPTIVE_DNSE_REST_ADJUSTED_RETROSPECTIVE_RAW_AS_TRADED_NOT_PROMOTED,DIRECT_CANONICAL_MAPPING
NBC,2026-09-15,7.5,0.013513513513513375,,,,,,,,,,,,,,,,,BELOW_MA20_MOMENTUM_NEGATIVE,,2026-09-15T16:50:03.746178+07:00,DELISTED,,,,,,,,2026-09-15,2026-09-15,0,EXCHANGE_STOCK_LIST_CANDIDATE_NOT_COMMON_EQUITY_PROVEN,HNX_LISTED,hnx_official_equity_universe/v1,,OFFICIAL_CURRENT_STOCK_LIST_CANDIDATE,,true,,EXACT_SESSION_RETAINED,CURRENT_DESCRIPTIVE_DNSE_REST_ADJUSTED_RETROSPECTIVE_RAW_AS_TRADED_NOT_PROMOTED,DIRECT_CANONICAL_MAPPING
NBE,2026-09-15,8.5,0.0,,,,,,,,,,,,,,,,,BELOW_MA20_MOMENTUM_NEGATIVE,,2026-09-15T16:50:03.746178+07:00,UPCOM,,,,,,,,2026-09-15,2026-09-15,0,EXCHANGE_STOCK_LIST_CANDIDATE_NOT_COMMON_EQUITY_PROVEN,UPCOM,hnx_official_equity_universe/v1,,OFFICIAL_CURRENT_STOCK_LIST_CANDIDATE,,true,,EXACT_SESSION_RETAINED,CURRENT_DESCRIPTIVE_DNSE_REST_ADJUSTED_RETROSPECTIVE_RAW_AS_TRADED_NOT_PROMOTED,DIRECT_CANONICAL_MAPPING
NBP,2026-09-15,7.2,-0.013698630136986245,,,,,,,,,,,,,,,,,BELOW_MA20_MOMENTUM_NEGATIVE,,2026-09-15T16:50:03.746178+07:00,DELISTED,,,,,,,,2026-09-15,2026-09-15,0,EXCHANGE_STOCK_LIST_CANDIDATE_NOT_COMMON_EQUITY_PROVEN,HNX_LISTED,hnx_official_equity_universe/v1,,OFFICIAL_CURRENT_STOCK_LIST_CANDIDATE,,true,,EXACT_SESSION_RETAINED,CURRENT_DESCRIPTIVE_DNSE_REST_ADJUSTED_RETROSPECTIVE_RAW_AS_TRADED_NOT_PROMOTED,DIRECT_CANONICAL_MAPPING
NBT,2026-09-15,12,-0.1428571428571429,,,,,,,,,,,,,,,,,BELOW_MA20_MOMENTUM_NEGATIVE,,2026-09-15T16:50:03.746178+07:00,UPCOM,,,,,,,,2026-09-15,2026-09-15,0,EXCHANGE_STOCK_LIST_CANDIDATE_NOT_COMMON_EQUITY_PROVEN,UPCOM,hnx_official_equity_universe/v1,,OFFICIAL_CURRENT_STOCK_LIST_CANDIDATE,,true,,EXACT_SESSION_RETAINED,CURRENT_DESCRIPTIVE_DNSE_REST_ADJUSTED_RETROSPECTIVE_RAW_AS_TRADED_NOT_PROMOTED,DIRECT_CANONICAL_MAPPING
NCG,2026-09-15,11.7,-0.008474576271186529,,,,,,,,,,,,,,,,,ABOVE_MA20_MOMENTUM_NEGATIVE,,2026-09-15T16:50:03.746178+07:00,UPCOM,,,,,,,,2026-09-15,2026-09-15,0,EXCHANGE_STOCK_LIST_CANDIDATE_NOT_COMMON_EQUITY_PROVEN,UPCOM,hnx_official_equity_universe/v1,,OFFICIAL_CURRENT_STOCK_LIST_CANDIDATE,,true,,EXACT_SESSION_RETAINED,CURRENT_DESCRIPTIVE_DNSE_REST_ADJUSTED_RETROSPECTIVE_RAW_AS_TRADED_NOT_PROMOTED,DIRECT_CANONICAL_MAPPING
NCS,2026-09-15,33,-0.020771513353115778,,,,,,,,,,,,,,,,,BELOW_MA20_MOMENTUM_NEGATIVE,,2026-09-15T16:50:03.746178+07:00,UPCOM,,,,,,,,2026-09-15,2026-09-15,0,EXCHANGE_STOCK_LIST_CANDIDATE_NOT_COMMON_EQUITY_PROVEN,UPCOM,hnx_official_equity_universe/v1,,OFFICIAL_CURRENT_STOCK_LIST_CANDIDATE,,true,,EXACT_SESSION_RETAINED,CURRENT_DESCRIPTIVE_DNSE_REST_ADJUSTED_RETROSPECTIVE_RAW_AS_TRADED_NOT_PROMOTED,DIRECT_CANONICAL_MAPPING
NCT,2026-09-15,84.1,0.0,,,,,,,,,,,,,,,,,BELOW_MA20_MOMENTUM_NEGATIVE,,2026-09-15T16:50:03.746178+07:00,HSX,,,,,,,,2026-09-15,2026-09-15,0,OFFICIAL_STOCK_MASTER_SECURITY_TYPE_NOT_COMMON_EQUITY_PROVEN,HOSE,hose_public_stock_master/v1,,OFFICIAL_CURRENT_EXCHANGE_SECURITY,,true,,EXACT_SESSION_RETAINED,CURRENT_DESCRIPTIVE_DNSE_REST_ADJUSTED_RETROSPECTIVE_RAW_AS_TRADED_NOT_PROMOTED,DIRECT_CANONICAL_MAPPING
ND2,2026-09-15,34,0.03658536585365857,,,,,,,,,,,,,,,,,ABOVE_MA20_MOMENTUM_NEGATIVE,,2026-09-15T16:50:03.746178+07:00,UPCOM,,,,,,,,2026-09-15,2026-09-15,0,EXCHANGE_STOCK_LIST_CANDIDATE_NOT_COMMON_EQUITY_PROVEN,UPCOM,hnx_official_equity_universe/v1,,OFFICIAL_CURRENT_STOCK_LIST_CANDIDATE,,true,,EXACT_SESSION_RETAINED,CURRENT_DESCRIPTIVE_DNSE_REST_ADJUSTED_RETROSPECTIVE_RAW_AS_TRADED_NOT_PROMOTED,DIRECT_CANONICAL_MAPPING
NDN,2026-09-15,8.4,-0.0117647058823529,,,,,,,,,,,,,,,,,BELOW_MA20_MOMENTUM_NEGATIVE,,2026-09-15T16:50:03.746178+07:00,DELISTED,,,,,,,,2026-09-15,2026-09-15,0,EXCHANGE_STOCK_LIST_CANDIDATE_NOT_COMMON_EQUITY_PROVEN,HNX_LISTED,hnx_official_equity_universe/v1,,OFFICIAL_CURRENT_STOCK_LIST_CANDIDATE,,true,,EXACT_SESSION_RETAINED,CURRENT_DESCRIPTIVE_DNSE_REST_ADJUSTED_RETROSPECTIVE_RAW_AS_TRADED_NOT_PROMOTED,DIRECT_CANONICAL_MAPPING
NDT,2026-09-15,4.8,0.04347826086956519,,,,,,,,,,,,,,,,,BELOW_MA20_MOMENTUM_NEGATIVE,,2026-09-15T16:50:03.746178+07:00,UPCOM,,,,,,,,2026-09-15,2026-09-15,0,EXCHANGE_STOCK_LIST_CANDIDATE_NOT_COMMON_EQUITY_PROVEN,UPCOM,hnx_official_equity_universe/v1,,OFFICIAL_CURRENT_STOCK_LIST_CANDIDATE,,true,,EXACT_SESSION_RETAINED,CURRENT_DESCRIPTIVE_DNSE_REST_ADJUSTED_RETROSPECTIVE_RAW_AS_TRADED_NOT_PROMOTED,DIRECT_CANONICAL_MAPPING
NDX,2026-09-15,6.6,0.09999999999999987,,,,,,,,,,,,,,,,,ABOVE_MA20_MOMENTUM_POSITIVE,,2026-09-15T16:50:03.746178+07:00,DELISTED,,,,,,,,2026-09-15,2026-09-15,0,EXCHANGE_STOCK_LIST_CANDIDATE_NOT_COMMON_EQUITY_PROVEN,HNX_LISTED,hnx_official_equity_universe/v1,,OFFICIAL_CURRENT_STOCK_LIST_CANDIDATE,,true,,EXACT_SESSION_RETAINED,CURRENT_DESCRIPTIVE_DNSE_REST_ADJUSTED_RETROSPECTIVE_RAW_AS_TRADED_NOT_PROMOTED,DIRECT_CANONICAL_MAPPING
NED,2026-09-15,5.6,0.0,,,,,,,,,,,,,,,,,BELOW_MA20_MOMENTUM_NEGATIVE,,2026-09-15T16:50:03.746178+07:00,UPCOM,,,,,,,,2026-09-15,2026-09-15,0,EXCHANGE_STOCK_LIST_CANDIDATE_NOT_COMMON_EQUITY_PROVEN,UPCOM,hnx_official_equity_universe/v1,,OFFICIAL_CURRENT_STOCK_LIST_CANDIDATE,,true,,EXACT_SESSION_RETAINED,CURRENT_DESCRIPTIVE_DNSE_REST_ADJUSTED_RETROSPECTIVE_RAW_AS_TRADED_NOT_PROMOTED,DIRECT_CANONICAL_MAPPING
NET,2026-09-15,64.7,0.06942148760330591,,,,,,,,,,,,,,,,,BELOW_MA20_MOMENTUM_NEGATIVE,,2026-09-15T16:50:03.746178+07:00,DELISTED,,,,,,,,2026-09-15,2026-09-15,0,EXCHANGE_STOCK_LIST_CANDIDATE_NOT_COMMON_EQUITY_PROVEN,HNX_LISTED,hnx_official_equity_universe/v1,,OFFICIAL_CURRENT_STOCK_LIST_CANDIDATE,,true,,EXACT_SESSION_RETAINED,CURRENT_DESCRIPTIVE_DNSE_REST_ADJUSTED_RETROSPECTIVE_RAW_AS_TRADED_NOT_PROMOTED,DIRECT_CANONICAL_MAPPING
NFC,2026-09-15,59,0.09259259259259256,,,,,,,,,,,,,,,,,ABOVE_MA20_MOMENTUM_POSITIVE,,2026-09-15T16:50:03.746178+07:00,DELISTED,,,,,,,,2026-09-15,2026-09-15,0,EXCHANGE_STOCK_LIST_CANDIDATE_NOT_COMMON_EQUITY_PROVEN,HNX_LISTED,hnx_official_equity_universe/v1,,OFFICIAL_CURRENT_STOCK_LIST_CANDIDATE,,true,,EXACT_SESSION_RETAINED,CURRENT_DESCRIPTIVE_DNSE_REST_ADJUSTED_RETROSPECTIVE_RAW_AS_TRADED_NOT_PROMOTED,DIRECT_CANONICAL_MAPPING
NHA,2026-09-15,6.55,-0.06160458452722073,,,,,,,,,,,,,,,,,BELOW_MA20_MOMENTUM_NEGATIVE,,2026-09-15T16:50:03.746178+07:00,HSX,,,,,,,,2026-09-15,2026-09-15,0,OFFICIAL_STOCK_MASTER_SECURITY_TYPE_NOT_COMMON_EQUITY_PROVEN,HOSE,hose_public_stock_master/v1,,OFFICIAL_CURRENT_EXCHANGE_SECURITY,,true,,EXACT_SESSION_RETAINED,CURRENT_DESCRIPTIVE_DNSE_REST_ADJUSTED_RETROSPECTIVE_RAW_AS_TRADED_NOT_PROMOTED,DIRECT_CANONICAL_MAPPING
NHC,2026-09-15,19.1,-0.04975124378109452,,,,,,,,,,,,,,,,,BELOW_MA20_MOMENTUM_POSITIVE,,2026-09-15T16:50:03.746178+07:00,DELISTED,,,,,,,,2026-09-15,2026-09-15,0,EXCHANGE_STOCK_LIST_CANDIDATE_NOT_COMMON_EQUITY_PROVEN,HNX_LISTED,hnx_official_equity_universe/v1,,OFFICIAL_CURRENT_STOCK_LIST_CANDIDATE,,true,,EXACT_SESSION_RETAINED,CURRENT_DESCRIPTIVE_DNSE_REST_ADJUSTED_RETROSPECTIVE_RAW_AS_TRADED_NOT_PROMOTED,DIRECT_CANONICAL_MAPPING
NHD,2026-09-15,57.4,0.0,,,,,,,,,,,,,,,,,BELOW_MA20_MOMENTUM_NEGATIVE,,2026-09-15T16:50:03.746178+07:00,UPCOM,,,,,,,,2026-09-15,2026-09-15,0,EXCHANGE_STOCK_LIST_CANDIDATE_NOT_COMMON_EQUITY_PROVEN,UPCOM,hnx_official_equity_universe/v1,,OFFICIAL_CURRENT_STOCK_LIST_CANDIDATE,,true,,EXACT_SESSION_RETAINED,CURRENT_DESCRIPTIVE_DNSE_REST_ADJUSTED_RETROSPECTIVE_RAW_AS_TRADED_NOT_PROMOTED,DIRECT_CANONICAL_MAPPING
NHH,2026-09-15,9.88,0.006109979633401208,,,,,,,,,,,,,,,,,BELOW_MA20_MOMENTUM_NEGATIVE,,2026-09-15T16:50:03.746178+07:00,HSX,,,,,,,,2026-09-15,2026-09-15,0,OFFICIAL_STOCK_MASTER_SECURITY_TYPE_NOT_COMMON_EQUITY_PROVEN,HOSE,hose_public_stock_master/v1,,OFFICIAL_CURRENT_EXCHANGE_SECURITY,,true,,EXACT_SESSION_RETAINED,CURRENT_DESCRIPTIVE_DNSE_REST_ADJUSTED_RETROSPECTIVE_RAW_AS_TRADED_NOT_PROMOTED,DIRECT_CANONICAL_MAPPING
NHT,2026-09-15,11.3,0.004444444444444473,,,,,,,,,,,,,,,,,ABOVE_MA20_MOMENTUM_POSITIVE,,2026-09-15T16:50:03.746178+07:00,HSX,,,,,,,,2026-09-15,2026-09-15,0,OFFICIAL_STOCK_MASTER_SECURITY_TYPE_NOT_COMMON_EQUITY_PROVEN,HOSE,hose_public_stock_master/v1,,OFFICIAL_CURRENT_EXCHANGE_SECURITY,,true,,EXACT_SESSION_RETAINED,CURRENT_DESCRIPTIVE_DNSE_REST_ADJUSTED_RETROSPECTIVE_RAW_AS_TRADED_NOT_PROMOTED,DIRECT_CANONICAL_MAPPING
NKG,2026-09-15,10.1,0.0,,,,,,,,,,,,,,,,,BELOW_MA20_MOMENTUM_NEGATIVE,,2026-09-15T16:50:03.746178+07:00,HSX,,,,,,,,2026-09-15,2026-09-15,0,OFFICIAL_STOCK_MASTER_SECURITY_TYPE_NOT_COMMON_EQUITY_PROVEN,HOSE,hose_public_stock_master/v1,,OFFICIAL_CURRENT_EXCHANGE_SECURITY,,true,,EXACT_SESSION_RETAINED,CURRENT_DESCRIPTIVE_DNSE_REST_ADJUSTED_RETROSPECTIVE_RAW_AS_TRADED_NOT_PROMOTED,DIRECT_CANONICAL_MAPPING
NLG,2026-09-15,23.85,0.004210526315789442,,,,,,,,,,,,,,,,,BELOW_MA20_MOMENTUM_NEGATIVE,,2026-09-15T16:50:03.746178+07:00,HSX,,,,,,,,2026-09-15,2026-09-15,0,OFFICIAL_STOCK_MASTER_SECURITY_TYPE_NOT_COMMON_EQUITY_PROVEN,HOSE,hose_public_stock_master/v1,,OFFICIAL_CURRENT_EXCHANGE_SECURITY,,true,,EXACT_SESSION_RETAINED,CURRENT_DESCRIPTIVE_DNSE_REST_ADJUSTED_RETROSPECTIVE_RAW_AS_TRADED_NOT_PROMOTED,DIRECT_CANONICAL_MAPPING
NNC,2026-09-15,36.65,-0.008119079837618504,,,,,,,,,,,,,,,,,BELOW_MA20_MOMENTUM_NEGATIVE,,2026-09-15T16:50:03.746178+07:00,HSX,,,,,,,,2026-09-15,2026-09-15,0,OFFICIAL_STOCK_MASTER_SECURITY_TYPE_NOT_COMMON_EQUITY_PROVEN,HOSE,hose_public_stock_master/v1,,OFFICIAL_CURRENT_EXCHANGE_SECURITY,,true,,EXACT_SESSION_RETAINED,CURRENT_DESCRIPTIVE_DNSE_REST_ADJUSTED_RETROSPECTIVE_RAW_AS_TRADED_NOT_PROMOTED,DIRECT_CANONICAL_MAPPING
NO1,2026-09-15,3.98,-0.0050000000000000044,,,,,,,,,,,,,,,,,BELOW_MA20_MOMENTUM_NEGATIVE,,2026-09-15T16:50:03.746178+07:00,HSX,,,,,,,,2026-09-15,2026-09-15,0,OFFICIAL_STOCK_MASTER_SECURITY_TYPE_NOT_COMMON_EQUITY_PROVEN,HOSE,hose_public_stock_master/v1,,OFFICIAL_CURRENT_EXCHANGE_SECURITY,,true,,EXACT_SESSION_RETAINED,CURRENT_DESCRIPTIVE_DNSE_REST_ADJUSTED_RETROSPECTIVE_RAW_AS_TRADED_NOT_PROMOTED,DIRECT_CANONICAL_MAPPING
NQN,2026-09-15,11,0.10000000000000009,,,,,,,,,,,,,,,,,BELOW_MA20_MOMENTUM_NEGATIVE,,2026-09-15T16:50:03.746178+07:00,UPCOM,,,,,,,,2026-09-15,2026-09-15,0,EXCHANGE_STOCK_LIST_CANDIDATE_NOT_COMMON_EQUITY_PROVEN,UPCOM,hnx_official_equity_universe/v1,,OFFICIAL_CURRENT_STOCK_LIST_CANDIDATE,,true,,EXACT_SESSION_RETAINED,CURRENT_DESCRIPTIVE_DNSE_REST_ADJUSTED_RETROSPECTIVE_RAW_AS_TRADED_NOT_PROMOTED,DIRECT_CANONICAL_MAPPING
NRC,2026-09-15,4.6,0.0,,,,,,,,,,,,,,,,,BELOW_MA20_MOMENTUM_NEGATIVE,,2026-09-15T16:50:03.746178+07:00,DELISTED,,,,,,,,2026-09-15,2026-09-15,0,EXCHANGE_STOCK_LIST_CANDIDATE_NOT_COMMON_EQUITY_PROVEN,HNX_LISTED,hnx_official_equity_universe/v1,,OFFICIAL_CURRENT_STOCK_LIST_CANDIDATE,,true,,EXACT_SESSION_RETAINED,CURRENT_DESCRIPTIVE_DNSE_REST_ADJUSTED_RETROSPECTIVE_RAW_AS_TRADED_NOT_PROMOTED,DIRECT_CANONICAL_MAPPING
NSH,2026-09-15,4.1,0.0,,,,,,,,,,,,,,,,,BELOW_MA20_MOMENTUM_NEGATIVE,,2026-09-15T16:50:03.746178+07:00,DELISTED,,,,,,,,2026-09-15,2026-09-15,0,EXCHANGE_STOCK_LIST_CANDIDATE_NOT_COMMON_EQUITY_PROVEN,HNX_LISTED,hnx_official_equity_universe/v1,,OFFICIAL_CURRENT_STOCK_LIST_CANDIDATE,,true,,EXACT_SESSION_RETAINED,CURRENT_DESCRIPTIVE_DNSE_REST_ADJUSTED_RETROSPECTIVE_RAW_AS_TRADED_NOT_PROMOTED,DIRECT_CANONICAL_MAPPING
NT2,2026-09-15,20.25,0.0,,,,,,,,,,,,,,,,,BELOW_MA20_MOMENTUM_NEGATIVE,,2026-09-15T16:50:03.746178+07:00,HSX,,,,,,,,2026-09-15,2026-09-15,0,OFFICIAL_STOCK_MASTER_SECURITY_TYPE_NOT_COMMON_EQUITY_PROVEN,HOSE,hose_public_stock_master/v1,,OFFICIAL_CURRENT_EXCHANGE_SECURITY,,true,,EXACT_SESSION_RETAINED,CURRENT_DESCRIPTIVE_DNSE_REST_ADJUSTED_RETROSPECTIVE_RAW_AS_TRADED_NOT_PROMOTED,DIRECT_CANONICAL_MAPPING
NTC,2026-09-15,129.1,-0.0007739938080495445,,,,,,,,,,,,,,,,,BELOW_MA20_MOMENTUM_NEGATIVE,,2026-09-15T16:50:03.746178+07:00,HSX,,,,,,,,2026-09-15,2026-09-15,0,OFFICIAL_STOCK_MASTER_SECURITY_TYPE_NOT_COMMON_EQUITY_PROVEN,HOSE,hose_public_stock_master/v1,,OFFICIAL_CURRENT_EXCHANGE_SECURITY,,true,,EXACT_SESSION_RETAINED,CURRENT_DESCRIPTIVE_DNSE_REST_ADJUSTED_RETROSPECTIVE_RAW_AS_TRADED_NOT_PROMOTED,DIRECT_CANONICAL_MAPPING
NTH,2026-09-15,52,0.009708737864077666,,,,,,,,,,,,,,,,,BELOW_MA20_MOMENTUM_POSITIVE,,2026-09-15T16:50:03.746178+07:00,DELISTED,,,,,,,,2026-09-15,2026-09-15,0,EXCHANGE_STOCK_LIST_CANDIDATE_NOT_COMMON_EQUITY_PROVEN,HNX_LISTED,hnx_official_equity_universe/v1,,OFFICIAL_CURRENT_STOCK_LIST_CANDIDATE,,true,,EXACT_SESSION_RETAINED,CURRENT_DESCRIPTIVE_DNSE_REST_ADJUSTED_RETROSPECTIVE_RAW_AS_TRADED_NOT_PROMOTED,DIRECT_CANONICAL_MAPPING
NTL,2026-09-15,12.6,0.008000000000000007,,,,,,,,,,,,,,,,,BELOW_MA20_MOMENTUM_NEGATIVE,,2026-09-15T16:50:03.746178+07:00,HSX,,,,,,,,2026-09-15,2026-09-15,0,OFFICIAL_STOCK_MASTER_SECURITY_TYPE_NOT_COMMON_EQUITY_PROVEN,HOSE,hose_public_stock_master/v1,,OFFICIAL_CURRENT_EXCHANGE_SECURITY,,true,,EXACT_SESSION_RETAINED,CURRENT_DESCRIPTIVE_DNSE_REST_ADJUSTED_RETROSPECTIVE_RAW_AS_TRADED_NOT_PROMOTED,DIRECT_CANONICAL_MAPPING
NTP,2026-09-15,52.3,0.017509727626459082,,,,,,,,,,,,,,,,,ABOVE_MA20_MOMENTUM_NEGATIVE,,2026-09-15T16:50:03.746178+07:00,DELISTED,,,,,,,,2026-09-15,2026-09-15,0,EXCHANGE_STOCK_LIST_CANDIDATE_NOT_COMMON_EQUITY_PROVEN,HNX_LISTED,hnx_official_equity_universe/v1,,OFFICIAL_CURRENT_STOCK_LIST_CANDIDATE,,true,,EXACT_SESSION_RETAINED,CURRENT_DESCRIPTIVE_DNSE_REST_ADJUSTED_RETROSPECTIVE_RAW_AS_TRADED_NOT_PROMOTED,DIRECT_CANONICAL_MAPPING
NVB,2026-09-15,11.5,0.00877192982456143,,,,,,,,,,,,,,,,,BELOW_MA20_MOMENTUM_NEGATIVE,,2026-09-15T16:50:03.746178+07:00,DELISTED,,,,,,,,2026-09-15,2026-09-15,0,EXCHANGE_STOCK_LIST_CANDIDATE_NOT_COMMON_EQUITY_PROVEN,HNX_LISTED,hnx_official_equity_universe/v1,,OFFICIAL_CURRENT_STOCK_LIST_CANDIDATE,,true,,EXACT_SESSION_RETAINED,CURRENT_DESCRIPTIVE_DNSE_REST_ADJUSTED_RETROSPECTIVE_RAW_AS_TRADED_NOT_PROMOTED,DIRECT_CANONICAL_MAPPING
NVL,2026-09-15,12,0.004184100418409997,,,,,,,,,,,,,,,,,BELOW_MA20_MOMENTUM_NEGATIVE,,2026-09-15T16:50:03.746178+07:00,HSX,corporate,,,,,,,2026-09-15,2026-09-15,0,OFFICIAL_STOCK_MASTER_SECURITY_TYPE_NOT_COMMON_EQUITY_PROVEN,HOSE,hose_public_stock_master/v1,,OFFICIAL_CURRENT_EXCHANGE_SECURITY,,true,,EXACT_SESSION_RETAINED,CURRENT_DESCRIPTIVE_DNSE_REST_ADJUSTED_RETROSPECTIVE_RAW_AS_TRADED_NOT_PROMOTED,DIRECT_CANONICAL_MAPPING
NVP,2026-09-15,12,0.11111111111111094,,,,,,,,,,,,,,,,,BELOW_MA20_MOMENTUM_POSITIVE,,2026-09-15T16:50:03.746178+07:00,UPCOM,,,,,,,,2026-09-15,2026-09-15,0,EXCHANGE_STOCK_LIST_CANDIDATE_NOT_COMMON_EQUITY_PROVEN,UPCOM,hnx_official_equity_universe/v1,,OFFICIAL_CURRENT_STOCK_LIST_CANDIDATE,,true,,EXACT_SESSION_RETAINED,CURRENT_DESCRIPTIVE_DNSE_REST_ADJUSTED_RETROSPECTIVE_RAW_AS_TRADED_NOT_PROMOTED,DIRECT_CANONICAL_MAPPING
NVT,2026-09-15,7.1,-0.0273972602739726,,,,,,,,,,,,,,,,,BELOW_MA20_MOMENTUM_NEGATIVE,,2026-09-15T16:50:03.746178+07:00,HSX,,,,,,,,2026-09-15,2026-09-15,0,OFFICIAL_STOCK_MASTER_SECURITY_TYPE_NOT_COMMON_EQUITY_PROVEN,HOSE,hose_public_stock_master/v1,,OFFICIAL_CURRENT_EXCHANGE_SECURITY,,true,,EXACT_SESSION_RETAINED,CURRENT_DESCRIPTIVE_DNSE_REST_ADJUSTED_RETROSPECTIVE_RAW_AS_TRADED_NOT_PROMOTED,DIRECT_CANONICAL_MAPPING
NXT,2026-09-15,3.5,-0.02777777777777779,,,,,,,,,,,,,,,,,BELOW_MA20_MOMENTUM_NEGATIVE,,2026-09-15T16:50:03.746178+07:00,UPCOM,,,,,,,,2026-09-15,2026-09-15,0,EXCHANGE_STOCK_LIST_CANDIDATE_NOT_COMMON_EQUITY_PROVEN,UPCOM,hnx_official_equity_universe/v1,,OFFICIAL_CURRENT_STOCK_LIST_CANDIDATE,,true,,EXACT_SESSION_RETAINED,CURRENT_DESCRIPTIVE_DNSE_REST_ADJUSTED_RETROSPECTIVE_RAW_AS_TRADED_NOT_PROMOTED,DIRECT_CANONICAL_MAPPING
OCB,2026-09-15,10.3,0.009803921568627638,,,,,,,,,,,,,,,,,NEAR_MA20_NEUTRAL,,2026-09-15T16:50:03.746178+07:00,HSX,,,,,,,,2026-09-15,2026-09-15,0,OFFICIAL_STOCK_MASTER_SECURITY_TYPE_NOT_COMMON_EQUITY_PROVEN,HOSE,hose_public_stock_master/v1,,OFFICIAL_CURRENT_EXCHANGE_SECURITY,,true,,EXACT_SESSION_RETAINED,CURRENT_DESCRIPTIVE_DNSE_REST_ADJUSTED_RETROSPECTIVE_RAW_AS_TRADED_NOT_PROMOTED,DIRECT_CANONICAL_MAPPING
OCH,2026-09-15,6.7,0.030769230769230882,,,,,,,,,,,,,,,,,ABOVE_MA20_MOMENTUM_POSITIVE,,2026-09-15T16:50:03.746178+07:00,DELISTED,,,,,,,,2026-09-15,2026-09-15,0,EXCHANGE_STOCK_LIST_CANDIDATE_NOT_COMMON_EQUITY_PROVEN,HNX_LISTED,hnx_official_equity_universe/v1,,OFFICIAL_CURRENT_STOCK_LIST_CANDIDATE,,true,,EXACT_SESSION_RETAINED,CURRENT_DESCRIPTIVE_DNSE_REST_ADJUSTED_RETROSPECTIVE_RAW_AS_TRADED_NOT_PROMOTED,DIRECT_CANONICAL_MAPPING
ODE,2026-09-15,45.4,0.004424778761061843,,,,,,,,,,,,,,,,,NEAR_MA20_NEUTRAL,,2026-09-15T16:50:03.746178+07:00,UPCOM,,,,,,,,2026-09-15,2026-09-15,0,EXCHANGE_STOCK_LIST_CANDIDATE_NOT_COMMON_EQUITY_PROVEN,UPCOM,hnx_official_equity_universe/v1,,OFFICIAL_CURRENT_STOCK_LIST_CANDIDATE,,true,,EXACT_SESSION_RETAINED,CURRENT_DESCRIPTIVE_DNSE_REST_ADJUSTED_RETROSPECTIVE_RAW_AS_TRADED_NOT_PROMOTED,DIRECT_CANONICAL_MAPPING
OGC,2026-09-15,2.11,-0.004716981132075526,,,,,,,,,,,,,,,,,BELOW_MA20_MOMENTUM_NEGATIVE,,2026-09-15T16:50:03.746178+07:00,HSX,,,,,,,,2026-09-15,2026-09-15,0,OFFICIAL_STOCK_MASTER_SECURITY_TYPE_NOT_COMMON_EQUITY_PROVEN,HOSE,hose_public_stock_master/v1,,OFFICIAL_CURRENT_EXCHANGE_SECURITY,,true,,EXACT_SESSION_RETAINED,CURRENT_DESCRIPTIVE_DNSE_REST_ADJUSTED_RETROSPECTIVE_RAW_AS_TRADED_NOT_PROMOTED,DIRECT_CANONICAL_MAPPING
OIL,2026-09-15,14.8,0.06474820143884896,,,,,,,,,,,,,,,,,ABOVE_MA20_MOMENTUM_POSITIVE,,2026-09-15T16:50:03.746178+07:00,UPCOM,,,,,,,,2026-09-15,2026-09-15,0,EXCHANGE_STOCK_LIST_CANDIDATE_NOT_COMMON_EQUITY_PROVEN,UPCOM,hnx_official_equity_universe/v1,,OFFICIAL_CURRENT_STOCK_LIST_CANDIDATE,,true,,EXACT_SESSION_RETAINED,CURRENT_DESCRIPTIVE_DNSE_REST_ADJUSTED_RETROSPECTIVE_RAW_AS_TRADED_NOT_PROMOTED,DIRECT_CANONICAL_MAPPING
ONE,2026-09-15,8.9,0.0,,,,,,,,,,,,,,,,,ABOVE_MA20_MOMENTUM_POSITIVE,,2026-09-15T16:50:03.746178+07:00,DELISTED,,,,,,,,2026-09-15,2026-09-15,0,EXCHANGE_STOCK_LIST_CANDIDATE_NOT_COMMON_EQUITY_PROVEN,HNX_LISTED,hnx_official_equity_universe/v1,,OFFICIAL_CURRENT_STOCK_LIST_CANDIDATE,,true,,EXACT_SESSION_RETAINED,CURRENT_DESCRIPTIVE_DNSE_REST_ADJUSTED_RETROSPECTIVE_RAW_AS_TRADED_NOT_PROMOTED,DIRECT_CANONICAL_MAPPING
OPC,2026-09-15,20,0.0025062656641603454,,,,,,,,,,,,,,,,,ABOVE_MA20_MOMENTUM_POSITIVE,,2026-09-15T16:50:03.746178+07:00,HSX,,,,,,,,2026-09-15,2026-09-15,0,OFFICIAL_STOCK_MASTER_SECURITY_TYPE_NOT_COMMON_EQUITY_PROVEN,HOSE,hose_public_stock_master/v1,,OFFICIAL_CURRENT_EXCHANGE_SECURITY,,true,,EXACT_SESSION_RETAINED,CURRENT_DESCRIPTIVE_DNSE_REST_ADJUSTED_RETROSPECTIVE_RAW_AS_TRADED_NOT_PROMOTED,DIRECT_CANONICAL_MAPPING
ORS,2026-09-15,13.05,0.0038461538461538325,,,,,,,,,,,,,,,,,BELOW_MA20_MOMENTUM_NEGATIVE,,2026-09-15T16:50:03.746178+07:00,HSX,,,,,,,,2026-09-15,2026-09-15,0,OFFICIAL_STOCK_MASTER_SECURITY_TYPE_NOT_COMMON_EQUITY_PROVEN,HOSE,hose_public_stock_master/v1,,OFFICIAL_CURRENT_EXCHANGE_SECURITY,,true,,EXACT_SESSION_RETAINED,CURRENT_DESCRIPTIVE_DNSE_REST_ADJUSTED_RETROSPECTIVE_RAW_AS_TRADED_NOT_PROMOTED,DIRECT_CANONICAL_MAPPING
PAC,2026-09-15,14,0.014492753623188248,,,,,,,,,,,,,,,,,BELOW_MA20_MOMENTUM_NEGATIVE,,2026-09-15T16:50:03.746178+07:00,HSX,,,,,,,,2026-09-15,2026-09-15,0,OFFICIAL_STOCK_MASTER_SECURITY_TYPE_NOT_COMMON_EQUITY_PROVEN,HOSE,hose_public_stock_master/v1,,OFFICIAL_CURRENT_EXCHANGE_SECURITY,,true,,EXACT_SESSION_RETAINED,CURRENT_DESCRIPTIVE_DNSE_REST_ADJUSTED_RETROSPECTIVE_RAW_AS_TRADED_NOT_PROMOTED,DIRECT_CANONICAL_MAPPING
PAN,2026-09-15,18.45,0.008196721311475308,,,,,,,,,,,,,,,,,BELOW_MA20_MOMENTUM_NEGATIVE,,2026-09-15T16:50:03.746178+07:00,HSX,corporate,,,,,,,2026-09-15,2026-09-15,0,OFFICIAL_STOCK_MASTER_SECURITY_TYPE_NOT_COMMON_EQUITY_PROVEN,HOSE,hose_public_stock_master/v1,,OFFICIAL_CURRENT_EXCHANGE_SECURITY,,true,,EXACT_SESSION_RETAINED,CURRENT_DESCRIPTIVE_DNSE_REST_ADJUSTED_RETROSPECTIVE_RAW_AS_TRADED_NOT_PROMOTED,DIRECT_CANONICAL_MAPPING
PAS,2026-09-15,2.2,0.0,,,,,,,,,,,,,,,,,BELOW_MA20_MOMENTUM_NEGATIVE,,2026-09-15T16:50:03.746178+07:00,UPCOM,,,,,,,,2026-09-15,2026-09-15,0,EXCHANGE_STOCK_LIST_CANDIDATE_NOT_COMMON_EQUITY_PROVEN,UPCOM,hnx_official_equity_universe/v1,,OFFICIAL_CURRENT_STOCK_LIST_CANDIDATE,,true,,EXACT_SESSION_RETAINED,CURRENT_DESCRIPTIVE_DNSE_REST_ADJUSTED_RETROSPECTIVE_RAW_AS_TRADED_NOT_PROMOTED,DIRECT_CANONICAL_MAPPING
PAT,2026-09-15,66.8,-0.004025644848665522,,,,,,,,,,,,,,,,,BELOW_MA20_MOMENTUM_NEGATIVE,,2026-09-15T16:50:03.746178+07:00,UPCOM,,,,,,,,2026-09-15,2026-09-15,0,EXCHANGE_STOCK_LIST_CANDIDATE_NOT_COMMON_EQUITY_PROVEN,UPCOM,hnx_official_equity_universe/v1,,OFFICIAL_CURRENT_STOCK_LIST_CANDIDATE,,true,,EXACT_SESSION_RETAINED,CURRENT_DESCRIPTIVE_DNSE_REST_ADJUSTED_RETROSPECTIVE_RAW_AS_TRADED_NOT_PROMOTED,DIRECT_CANONICAL_MAPPING
PBC,2026-09-15,5.2,0.0,,,,,,,,,,,,,,,,,BELOW_MA20_MOMENTUM_NEGATIVE,,2026-09-15T16:50:03.746178+07:00,UPCOM,,,,,,,,2026-09-15,2026-09-15,0,EXCHANGE_STOCK_LIST_CANDIDATE_NOT_COMMON_EQUITY_PROVEN,UPCOM,hnx_official_equity_universe/v1,,OFFICIAL_CURRENT_STOCK_LIST_CANDIDATE,,true,,EXACT_SESSION_RETAINED,CURRENT_DESCRIPTIVE_DNSE_REST_ADJUSTED_RETROSPECTIVE_RAW_AS_TRADED_NOT_PROMOTED,DIRECT_CANONICAL_MAPPING
PBP,2026-09-15,10.3,0.0,,,,,,,,,,,,,,,,,BELOW_MA20_MOMENTUM_NEGATIVE,,2026-09-15T16:50:03.746178+07:00,DELISTED,,,,,,,,2026-09-15,2026-09-15,0,EXCHANGE_STOCK_LIST_CANDIDATE_NOT_COMMON_EQUITY_PROVEN,HNX_LISTED,hnx_official_equity_universe/v1,,OFFICIAL_CURRENT_STOCK_LIST_CANDIDATE,,true,,EXACT_SESSION_RETAINED,CURRENT_DESCRIPTIVE_DNSE_REST_ADJUSTED_RETROSPECTIVE_RAW_AS_TRADED_NOT_PROMOTED,DIRECT_CANONICAL_MAPPING
PC1,2026-09-15,20.05,-0.00987654320987652,,,,,,,,,,,,,,,,,BELOW_MA20_MOMENTUM_NEGATIVE,,2026-09-15T16:50:03.746178+07:00,HSX,,,,,,,,2026-09-15,2026-09-15,0,OFFICIAL_STOCK_MASTER_SECURITY_TYPE_NOT_COMMON_EQUITY_PROVEN,HOSE,hose_public_stock_master/v1,,OFFICIAL_CURRENT_EXCHANGE_SECURITY,,true,,EXACT_SESSION_RETAINED,CURRENT_DESCRIPTIVE_DNSE_REST_ADJUSTED_RETROSPECTIVE_RAW_AS_TRADED_NOT_PROMOTED,DIRECT_CANONICAL_MAPPING
PCH,2026-09-15,18.4,0.016574585635358963,,,,,,,,,,,,,,,,,NEAR_MA20_NEUTRAL,,2026-09-15T16:50:03.746178+07:00,DELISTED,,,,,,,,2026-09-15,2026-09-15,0,EXCHANGE_STOCK_LIST_CANDIDATE_NOT_COMMON_EQUITY_PROVEN,HNX_LISTED,hnx_official_equity_universe/v1,,OFFICIAL_CURRENT_STOCK_LIST_CANDIDATE,,true,,EXACT_SESSION_RETAINED,CURRENT_DESCRIPTIVE_DNSE_REST_ADJUSTED_RETROSPECTIVE_RAW_AS_TRADED_NOT_PROMOTED,DIRECT_CANONICAL_MAPPING
PCT,2026-09-15,10.1,0.0,,,,,,,,,,,,,,,,,NEAR_MA20_NEUTRAL,,2026-09-15T16:50:03.746178+07:00,DELISTED,,,,,,,,2026-09-15,2026-09-15,0,EXCHANGE_STOCK_LIST_CANDIDATE_NOT_COMMON_EQUITY_PROVEN,HNX_LISTED,hnx_official_equity_universe/v1,,OFFICIAL_CURRENT_STOCK_LIST_CANDIDATE,,true,,EXACT_SESSION_RETAINED,CURRENT_DESCRIPTIVE_DNSE_REST_ADJUSTED_RETROSPECTIVE_RAW_AS_TRADED_NOT_PROMOTED,DIRECT_CANONICAL_MAPPING
PDB,2026-09-15,24.2,0.01680672268907557,,,,,,,,,,,,,,,,,ABOVE_MA20_MOMENTUM_POSITIVE,,2026-09-15T16:50:03.746178+07:00,DELISTED,,,,,,,,2026-09-15,2026-09-15,0,EXCHANGE_STOCK_LIST_CANDIDATE_NOT_COMMON_EQUITY_PROVEN,HNX_LISTED,hnx_official_equity_universe/v1,,OFFICIAL_CURRENT_STOCK_LIST_CANDIDATE,,true,,EXACT_SESSION_RETAINED,CURRENT_DESCRIPTIVE_DNSE_REST_ADJUSTED_RETROSPECTIVE_RAW_AS_TRADED_NOT_PROMOTED,DIRECT_CANONICAL_MAPPING
PDN,2026-09-15,84.7,0.0035545023696681444,,,,,,,,,,,,,,,,,BELOW_MA20_MOMENTUM_NEGATIVE,,2026-09-15T16:50:03.746178+07:00,HSX,,,,,,,,2026-09-15,2026-09-15,0,OFFICIAL_STOCK_MASTER_SECURITY_TYPE_NOT_COMMON_EQUITY_PROVEN,HOSE,hose_public_stock_master/v1,,OFFICIAL_CURRENT_EXCHANGE_SECURITY,,true,,EXACT_SESSION_RETAINED,CURRENT_DESCRIPTIVE_DNSE_REST_ADJUSTED_RETROSPECTIVE_RAW_AS_TRADED_NOT_PROMOTED,DIRECT_CANONICAL_MAPPING
PDR,2026-09-15,11.6,0.0043290043290042934,,,,,,,,,,,,,,,,,BELOW_MA20_MOMENTUM_NEGATIVE,,2026-09-15T16:50:03.746178+07:00,HSX,,,,,,,,2026-09-15,2026-09-15,0,OFFICIAL_STOCK_MASTER_SECURITY_TYPE_NOT_COMMON_EQUITY_PROVEN,HOSE,hose_public_stock_master/v1,,OFFICIAL_CURRENT_EXCHANGE_SECURITY,,true,,EXACT_SESSION_RETAINED,CURRENT_DESCRIPTIVE_DNSE_REST_ADJUSTED_RETROSPECTIVE_RAW_AS_TRADED_NOT_PROMOTED,DIRECT_CANONICAL_MAPPING
PDV,2026-09-15,8.32,-0.0023980815347721673,,,,,,,,,,,,,,,,,BELOW_MA20_MOMENTUM_NEGATIVE,,2026-09-15T16:50:03.746178+07:00,HSX,,,,,,,,2026-09-15,2026-09-15,0,OFFICIAL_STOCK_MASTER_SECURITY_TYPE_NOT_COMMON_EQUITY_PROVEN,HOSE,hose_public_stock_master/v1,,OFFICIAL_CURRENT_EXCHANGE_SECURITY,,true,,EXACT_SESSION_RETAINED,CURRENT_DESCRIPTIVE_DNSE_REST_ADJUSTED_RETROSPECTIVE_RAW_AS_TRADED_NOT_PROMOTED,DIRECT_CANONICAL_MAPPING
PEG,2026-09-15,4.1,-0.14583333333333337,,,,,,,,,,,,,,,,,ABOVE_MA20_MOMENTUM_POSITIVE,,2026-09-15T16:50:03.746178+07:00,UPCOM,,,,,,,,2026-09-15,2026-09-15,0,EXCHANGE_STOCK_LIST_CANDIDATE_NOT_COMMON_EQUITY_PROVEN,UPCOM,hnx_official_equity_universe/v1,,OFFICIAL_CURRENT_STOCK_LIST_CANDIDATE,,true,,EXACT_SESSION_RETAINED,CURRENT_DESCRIPTIVE_DNSE_REST_ADJUSTED_RETROSPECTIVE_RAW_AS_TRADED_NOT_PROMOTED,DIRECT_CANONICAL_MAPPING
PET,2026-09-15,37.55,0.017615176151761558,,,,,,,,,,,,,,,,,ABOVE_MA20_MOMENTUM_POSITIVE,,2026-09-15T16:50:03.746178+07:00,HSX,,,,,,,,2026-09-15,2026-09-15,0,OFFICIAL_STOCK_MASTER_SECURITY_TYPE_NOT_COMMON_EQUITY_PROVEN,HOSE,hose_public_stock_master/v1,,OFFICIAL_CURRENT_EXCHANGE_SECURITY,,true,,EXACT_SESSION_RETAINED,CURRENT_DESCRIPTIVE_DNSE_REST_ADJUSTED_RETROSPECTIVE_RAW_AS_TRADED_NOT_PROMOTED,DIRECT_CANONICAL_MAPPING
PFL,2026-09-15,1.6,0.06666666666666665,,,,,,,,,,,,,,,,,BELOW_MA20_MOMENTUM_NEGATIVE,,2026-09-15T16:50:03.746178+07:00,UPCOM,,,,,,,,2026-09-15,2026-09-15,0,EXCHANGE_STOCK_LIST_CANDIDATE_NOT_COMMON_EQUITY_PROVEN,UPCOM,hnx_official_equity_universe/v1,,OFFICIAL_CURRENT_STOCK_LIST_CANDIDATE,,true,,EXACT_SESSION_RETAINED,CURRENT_DESCRIPTIVE_DNSE_REST_ADJUSTED_RETROSPECTIVE_RAW_AS_TRADED_NOT_PROMOTED,DIRECT_CANONICAL_MAPPING
PGB,2026-09-15,9.6,0.0,,,,,,,,,,,,,,,,,BELOW_MA20_MOMENTUM_NEGATIVE,,2026-09-15T16:50:03.746178+07:00,UPCOM,,,,,,,,2026-09-15,2026-09-15,0,EXCHANGE_STOCK_LIST_CANDIDATE_NOT_COMMON_EQUITY_PROVEN,UPCOM,hnx_official_equity_universe/v1,,OFFICIAL_CURRENT_STOCK_LIST_CANDIDATE,,true,,EXACT_SESSION_RETAINED,CURRENT_DESCRIPTIVE_DNSE_REST_ADJUSTED_RETROSPECTIVE_RAW_AS_TRADED_NOT_PROMOTED,DIRECT_CANONICAL_MAPPING
PGC,2026-09-15,14.8,0.003389830508474523,,,,,,,,,,,,,,,,,ABOVE_MA20_MOMENTUM_POSITIVE,,2026-09-15T16:50:03.746178+07:00,HSX,,,,,,,,2026-09-15,2026-09-15,0,OFFICIAL_STOCK_MASTER_SECURITY_TYPE_NOT_COMMON_EQUITY_PROVEN,HOSE,hose_public_stock_master/v1,,OFFICIAL_CURRENT_EXCHANGE_SECURITY,,true,,EXACT_SESSION_RETAINED,CURRENT_DESCRIPTIVE_DNSE_REST_ADJUSTED_RETROSPECTIVE_RAW_AS_TRADED_NOT_PROMOTED,DIRECT_CANONICAL_MAPPING
PGI,2026-09-15,22.15,0.002262443438913797,,,,,,,,,,,,,,,,,ABOVE_MA20_MOMENTUM_POSITIVE,,2026-09-15T16:50:03.746178+07:00,HSX,,,,,,,,2026-09-15,2026-09-15,0,OFFICIAL_STOCK_MASTER_SECURITY_TYPE_NOT_COMMON_EQUITY_PROVEN,HOSE,hose_public_stock_master/v1,,OFFICIAL_CURRENT_EXCHANGE_SECURITY,,true,,EXACT_SESSION_RETAINED,CURRENT_DESCRIPTIVE_DNSE_REST_ADJUSTED_RETROSPECTIVE_RAW_AS_TRADED_NOT_PROMOTED,DIRECT_CANONICAL_MAPPING
PGN,2026-09-15,5.7,-0.01724137931034475,,,,,,,,,,,,,,,,,BELOW_MA20_MOMENTUM_POSITIVE,,2026-09-15T16:50:03.746178+07:00,DELISTED,,,,,,,,2026-09-15,2026-09-15,0,EXCHANGE_STOCK_LIST_CANDIDATE_NOT_COMMON_EQUITY_PROVEN,HNX_LISTED,hnx_official_equity_universe/v1,,OFFICIAL_CURRENT_STOCK_LIST_CANDIDATE,,true,,EXACT_SESSION_RETAINED,CURRENT_DESCRIPTIVE_DNSE_REST_ADJUSTED_RETROSPECTIVE_RAW_AS_TRADED_NOT_PROMOTED,DIRECT_CANONICAL_MAPPING
PGS,2026-09-15,77.9,0.06420765027322406,,,,,,,,,,,,,,,,,ABOVE_MA20_MOMENTUM_POSITIVE,,2026-09-15T16:50:03.746178+07:00,DELISTED,,,,,,,,2026-09-15,2026-09-15,0,EXCHANGE_STOCK_LIST_CANDIDATE_NOT_COMMON_EQUITY_PROVEN,HNX_LISTED,hnx_official_equity_universe/v1,,OFFICIAL_CURRENT_STOCK_LIST_CANDIDATE,,true,,EXACT_SESSION_RETAINED,CURRENT_DESCRIPTIVE_DNSE_REST_ADJUSTED_RETROSPECTIVE_RAW_AS_TRADED_NOT_PROMOTED,DIRECT_CANONICAL_MAPPING
PGV,2026-09-15,21.9,0.028169014084507005,,,,,,,,,,,,,,,,,ABOVE_MA20_MOMENTUM_POSITIVE,,2026-09-15T16:50:03.746178+07:00,HSX,,,,,,,,2026-09-15,2026-09-15,0,OFFICIAL_STOCK_MASTER_SECURITY_TYPE_NOT_COMMON_EQUITY_PROVEN,HOSE,hose_public_stock_master/v1,,OFFICIAL_CURRENT_EXCHANGE_SECURITY,,true,,EXACT_SESSION_RETAINED,CURRENT_DESCRIPTIVE_DNSE_REST_ADJUSTED_RETROSPECTIVE_RAW_AS_TRADED_NOT_PROMOTED,DIRECT_CANONICAL_MAPPING
PHC,2026-09-15,4.12,0.01980198019801982,,,,,,,,,,,,,,,,,BELOW_MA20_MOMENTUM_NEGATIVE,,2026-09-15T16:50:03.746178+07:00,HSX,,,,,,,,2026-09-15,2026-09-15,0,OFFICIAL_STOCK_MASTER_SECURITY_TYPE_NOT_COMMON_EQUITY_PROVEN,HOSE,hose_public_stock_master/v1,,OFFICIAL_CURRENT_EXCHANGE_SECURITY,,true,,EXACT_SESSION_RETAINED,CURRENT_DESCRIPTIVE_DNSE_REST_ADJUSTED_RETROSPECTIVE_RAW_AS_TRADED_NOT_PROMOTED,DIRECT_CANONICAL_MAPPING
PHN,2026-09-15,54,-0.027027027027026973,,,,,,,,,,,,,,,,,BELOW_MA20_MOMENTUM_NEGATIVE,,2026-09-15T16:50:03.746178+07:00,DELISTED,,,,,,,,2026-09-15,2026-09-15,0,EXCHANGE_STOCK_LIST_CANDIDATE_NOT_COMMON_EQUITY_PROVEN,HNX_LISTED,hnx_official_equity_universe/v1,,OFFICIAL_CURRENT_STOCK_LIST_CANDIDATE,,true,,EXACT_SESSION_RETAINED,CURRENT_DESCRIPTIVE_DNSE_REST_ADJUSTED_RETROSPECTIVE_RAW_AS_TRADED_NOT_PROMOTED,DIRECT_CANONICAL_MAPPING
PHP,2026-09-15,43.2,0.021276595744680993,,,,,,,,,,,,,,,,,ABOVE_MA20_MOMENTUM_POSITIVE,,2026-09-15T16:50:03.746178+07:00,UPCOM,,,,,,,,2026-09-15,2026-09-15,0,EXCHANGE_STOCK_LIST_CANDIDATE_NOT_COMMON_EQUITY_PROVEN,UPCOM,hnx_official_equity_universe/v1,,OFFICIAL_CURRENT_STOCK_LIST_CANDIDATE,,true,,EXACT_SESSION_RETAINED,CURRENT_DESCRIPTIVE_DNSE_REST_ADJUSTED_RETROSPECTIVE_RAW_AS_TRADED_NOT_PROMOTED,DIRECT_CANONICAL_MAPPING
PHR,2026-09-15,31.4,0.009646302250803762,,,,,,,,,,,,,,,,,BELOW_MA20_MOMENTUM_NEGATIVE,,2026-09-15T16:50:03.746178+07:00,HSX,,,,,,,,2026-09-15,2026-09-15,0,OFFICIAL_STOCK_MASTER_SECURITY_TYPE_NOT_COMMON_EQUITY_PROVEN,HOSE,hose_public_stock_master/v1,,OFFICIAL_CURRENT_EXCHANGE_SECURITY,,true,,EXACT_SESSION_RETAINED,CURRENT_DESCRIPTIVE_DNSE_REST_ADJUSTED_RETROSPECTIVE_RAW_AS_TRADED_NOT_PROMOTED,DIRECT_CANONICAL_MAPPING
PHS,2026-09-15,10,-0.029126213592233108,,,,,,,,,,,,,,,,,BELOW_MA20_MOMENTUM_NEGATIVE,,2026-09-15T16:50:03.746178+07:00,UPCOM,,,,,,,,2026-09-15,2026-09-15,0,EXCHANGE_STOCK_LIST_CANDIDATE_NOT_COMMON_EQUITY_PROVEN,UPCOM,hnx_official_equity_universe/v1,,OFFICIAL_CURRENT_STOCK_LIST_CANDIDATE,,true,,EXACT_SESSION_RETAINED,CURRENT_DESCRIPTIVE_DNSE_REST_ADJUSTED_RETROSPECTIVE_RAW_AS_TRADED_NOT_PROMOTED,DIRECT_CANONICAL_MAPPING
PIA,2026-09-15,28.1,0.0035714285714285587,,,,,,,,,,,,,,,,,ABOVE_MA20_MOMENTUM_NEGATIVE,,2026-09-15T16:50:03.746178+07:00,DELISTED,,,,,,,,2026-09-15,2026-09-15,0,EXCHANGE_STOCK_LIST_CANDIDATE_NOT_COMMON_EQUITY_PROVEN,HNX_LISTED,hnx_official_equity_universe/v1,,OFFICIAL_CURRENT_STOCK_LIST_CANDIDATE,,true,,EXACT_SESSION_RETAINED,CURRENT_DESCRIPTIVE_DNSE_REST_ADJUSTED_RETROSPECTIVE_RAW_AS_TRADED_NOT_PROMOTED,DIRECT_CANONICAL_MAPPING
PIC,2026-09-15,13.9,0.0,,,,,,,,,,,,,,,,,BELOW_MA20_MOMENTUM_NEGATIVE,,2026-09-15T16:50:03.746178+07:00,DELISTED,,,,,,,,2026-09-15,2026-09-15,0,EXCHANGE_STOCK_LIST_CANDIDATE_NOT_COMMON_EQUITY_PROVEN,HNX_LISTED,hnx_official_equity_universe/v1,,OFFICIAL_CURRENT_STOCK_LIST_CANDIDATE,,true,,EXACT_SESSION_RETAINED,CURRENT_DESCRIPTIVE_DNSE_REST_ADJUSTED_RETROSPECTIVE_RAW_AS_TRADED_NOT_PROMOTED,DIRECT_CANONICAL_MAPPING
PIS,2026-09-15,11.5,0.0,,,,,,,,,,,,,,,,,ABOVE_MA20_MOMENTUM_NEGATIVE,,2026-09-15T16:50:03.746178+07:00,UPCOM,,,,,,,,2026-09-15,2026-09-15,0,EXCHANGE_STOCK_LIST_CANDIDATE_NOT_COMMON_EQUITY_PROVEN,UPCOM,hnx_official_equity_universe/v1,,OFFICIAL_CURRENT_STOCK_LIST_CANDIDATE,,true,,EXACT_SESSION_RETAINED,CURRENT_DESCRIPTIVE_DNSE_REST_ADJUSTED_RETROSPECTIVE_RAW_AS_TRADED_NOT_PROMOTED,DIRECT_CANONICAL_MAPPING
PIT,2026-09-15,9.73,0.06923076923076943,,,,,,,,,,,,,,,,,ABOVE_MA20_MOMENTUM_POSITIVE,,2026-09-15T16:50:03.746178+07:00,HSX,,,,,,,,2026-09-15,2026-09-15,0,OFFICIAL_STOCK_MASTER_SECURITY_TYPE_NOT_COMMON_EQUITY_PROVEN,HOSE,hose_public_stock_master/v1,,OFFICIAL_CURRENT_EXCHANGE_SECURITY,,true,,EXACT_SESSION_RETAINED,CURRENT_DESCRIPTIVE_DNSE_REST_ADJUSTED_RETROSPECTIVE_RAW_AS_TRADED_NOT_PROMOTED,DIRECT_CANONICAL_MAPPING
PIV,2026-09-15,6.4,0.0,,,,,,,,,,,,,,,,,ABOVE_MA20_MOMENTUM_POSITIVE,,2026-09-15T16:50:03.746178+07:00,UPCOM,,,,,,,,2026-09-15,2026-09-15,0,EXCHANGE_STOCK_LIST_CANDIDATE_NOT_COMMON_EQUITY_PROVEN,UPCOM,hnx_official_equity_universe/v1,,OFFICIAL_CURRENT_STOCK_LIST_CANDIDATE,,true,,EXACT_SESSION_RETAINED,CURRENT_DESCRIPTIVE_DNSE_REST_ADJUSTED_RETROSPECTIVE_RAW_AS_TRADED_NOT_PROMOTED,DIRECT_CANONICAL_MAPPING
PJC,2026-09-15,35.2,0.10000000000000009,,,,,,,,,,,,,,,,,ABOVE_MA20_MOMENTUM_POSITIVE,,2026-09-15T16:50:03.746178+07:00,DELISTED,,,,,,,,2026-09-15,2026-09-15,0,EXCHANGE_STOCK_LIST_CANDIDATE_NOT_COMMON_EQUITY_PROVEN,HNX_LISTED,hnx_official_equity_universe/v1,,OFFICIAL_CURRENT_STOCK_LIST_CANDIDATE,,true,,EXACT_SESSION_RETAINED,CURRENT_DESCRIPTIVE_DNSE_REST_ADJUSTED_RETROSPECTIVE_RAW_AS_TRADED_NOT_PROMOTED,DIRECT_CANONICAL_MAPPING
PLC,2026-09-15,19,0.021505376344086002,,,,,,,,,,,,,,,,,BELOW_MA20_MOMENTUM_NEGATIVE,,2026-09-15T16:50:03.746178+07:00,DELISTED,,,,,,,,2026-09-15,2026-09-15,0,EXCHANGE_STOCK_LIST_CANDIDATE_NOT_COMMON_EQUITY_PROVEN,HNX_LISTED,hnx_official_equity_universe/v1,,OFFICIAL_CURRENT_STOCK_LIST_CANDIDATE,,true,,EXACT_SESSION_RETAINED,CURRENT_DESCRIPTIVE_DNSE_REST_ADJUSTED_RETROSPECTIVE_RAW_AS_TRADED_NOT_PROMOTED,DIRECT_CANONICAL_MAPPING
PLP,2026-09-15,3.95,-0.014962593516209433,,,,,,,,,,,,,,,,,BELOW_MA20_MOMENTUM_NEGATIVE,,2026-09-15T16:50:03.746178+07:00,HSX,,,,,,,,2026-09-15,2026-09-15,0,OFFICIAL_STOCK_MASTER_SECURITY_TYPE_NOT_COMMON_EQUITY_PROVEN,HOSE,hose_public_stock_master/v1,,OFFICIAL_CURRENT_EXCHANGE_SECURITY,,true,,EXACT_SESSION_RETAINED,CURRENT_DESCRIPTIVE_DNSE_REST_ADJUSTED_RETROSPECTIVE_RAW_AS_TRADED_NOT_PROMOTED,DIRECT_CANONICAL_MAPPING
PLX,2026-09-15,35.55,0.008510638297872353,,,,,,,,,,,,,,,,,BELOW_MA20_MOMENTUM_POSITIVE,,2026-09-15T16:50:03.746178+07:00,HSX,,,,,,,,2026-09-15,2026-09-15,0,OFFICIAL_STOCK_MASTER_SECURITY_TYPE_NOT_COMMON_EQUITY_PROVEN,HOSE,hose_public_stock_master/v1,,OFFICIAL_CURRENT_EXCHANGE_SECURITY,,true,,EXACT_SESSION_RETAINED,CURRENT_DESCRIPTIVE_DNSE_REST_ADJUSTED_RETROSPECTIVE_RAW_AS_TRADED_NOT_PROMOTED,DIRECT_CANONICAL_MAPPING
PMB,2026-09-15,9.8,0.0,,,,,,,,,,,,,,,,,NEAR_MA20_NEUTRAL,,2026-09-15T16:50:03.746178+07:00,DELISTED,,,,,,,,2026-09-15,2026-09-15,0,EXCHANGE_STOCK_LIST_CANDIDATE_NOT_COMMON_EQUITY_PROVEN,HNX_LISTED,hnx_official_equity_universe/v1,,OFFICIAL_CURRENT_STOCK_LIST_CANDIDATE,,true,,EXACT_SESSION_RETAINED,CURRENT_DESCRIPTIVE_DNSE_REST_ADJUSTED_RETROSPECTIVE_RAW_AS_TRADED_NOT_PROMOTED,DIRECT_CANONICAL_MAPPING
PMC,2026-09-15,124.9,0.04083333333333328,,,,,,,,,,,,,,,,,BELOW_MA20_MOMENTUM_POSITIVE,,2026-09-15T16:50:03.746178+07:00,DELISTED,,,,,,,,2026-09-15,2026-09-15,0,EXCHANGE_STOCK_LIST_CANDIDATE_NOT_COMMON_EQUITY_PROVEN,HNX_LISTED,hnx_official_equity_universe/v1,,OFFICIAL_CURRENT_STOCK_LIST_CANDIDATE,,true,,EXACT_SESSION_RETAINED,CURRENT_DESCRIPTIVE_DNSE_REST_ADJUSTED_RETROSPECTIVE_RAW_AS_TRADED_NOT_PROMOTED,DIRECT_CANONICAL_MAPPING
PMG,2026-09-15,6.3,0.016129032258064502,,,,,,,,,,,,,,,,,BELOW_MA20_MOMENTUM_NEGATIVE,,2026-09-15T16:50:03.746178+07:00,HSX,,,,,,,,2026-09-15,2026-09-15,0,OFFICIAL_STOCK_MASTER_SECURITY_TYPE_NOT_COMMON_EQUITY_PROVEN,HOSE,hose_public_stock_master/v1,,OFFICIAL_CURRENT_EXCHANGE_SECURITY,,true,,EXACT_SESSION_RETAINED,CURRENT_DESCRIPTIVE_DNSE_REST_ADJUSTED_RETROSPECTIVE_RAW_AS_TRADED_NOT_PROMOTED,DIRECT_CANONICAL_MAPPING
PMS,2026-09-15,34.5,0.0,,,,,,,,,,,,,,,,,ABOVE_MA20_MOMENTUM_POSITIVE,,2026-09-15T16:50:03.746178+07:00,DELISTED,,,,,,,,2026-09-15,2026-09-15,0,EXCHANGE_STOCK_LIST_CANDIDATE_NOT_COMMON_EQUITY_PROVEN,HNX_LISTED,hnx_official_equity_universe/v1,,OFFICIAL_CURRENT_STOCK_LIST_CANDIDATE,,true,,EXACT_SESSION_RETAINED,CURRENT_DESCRIPTIVE_DNSE_REST_ADJUSTED_RETROSPECTIVE_RAW_AS_TRADED_NOT_PROMOTED,DIRECT_CANONICAL_MAPPING
PMW,2026-09-15,34,-0.01449275362318836,,,,,,,,,,,,,,,,,BELOW_MA20_MOMENTUM_NEGATIVE,,2026-09-15T16:50:03.746178+07:00,UPCOM,,,,,,,,2026-09-15,2026-09-15,0,EXCHANGE_STOCK_LIST_CANDIDATE_NOT_COMMON_EQUITY_PROVEN,UPCOM,hnx_official_equity_universe/v1,,OFFICIAL_CURRENT_STOCK_LIST_CANDIDATE,,true,,EXACT_SESSION_RETAINED,CURRENT_DESCRIPTIVE_DNSE_REST_ADJUSTED_RETROSPECTIVE_RAW_AS_TRADED_NOT_PROMOTED,DIRECT_CANONICAL_MAPPING
PNJ,2026-09-15,37.05,0.03203342618384397,,,,,,,,,,,,,,,,,BELOW_MA20_MOMENTUM_NEGATIVE,,2026-09-15T16:50:03.746178+07:00,HSX,corporate,,,,,,,2026-09-15,2026-09-15,0,OFFICIAL_STOCK_MASTER_SECURITY_TYPE_NOT_COMMON_EQUITY_PROVEN,HOSE,hose_public_stock_master/v1,,OFFICIAL_CURRENT_EXCHANGE_SECURITY,,true,,EXACT_SESSION_RETAINED,CURRENT_DESCRIPTIVE_DNSE_REST_ADJUSTED_RETROSPECTIVE_RAW_AS_TRADED_NOT_PROMOTED,DIRECT_CANONICAL_MAPPING
PNT,2026-09-15,6.7,0.015151515151515138,,,,,,,,,,,,,,,,,BELOW_MA20_MOMENTUM_NEGATIVE,,2026-09-15T16:50:03.746178+07:00,UPCOM,,,,,,,,2026-09-15,2026-09-15,0,EXCHANGE_STOCK_LIST_CANDIDATE_NOT_COMMON_EQUITY_PROVEN,UPCOM,hnx_official_equity_universe/v1,,OFFICIAL_CURRENT_STOCK_LIST_CANDIDATE,,true,,EXACT_SESSION_RETAINED,CURRENT_DESCRIPTIVE_DNSE_REST_ADJUSTED_RETROSPECTIVE_RAW_AS_TRADED_NOT_PROMOTED,DIRECT_CANONICAL_MAPPING
POS,2026-09-15,14.7,0.01379310344827589,,,,,,,,,,,,,,,,,BELOW_MA20_MOMENTUM_NEGATIVE,,2026-09-15T16:50:03.746178+07:00,UPCOM,,,,,,,,2026-09-15,2026-09-15,0,EXCHANGE_STOCK_LIST_CANDIDATE_NOT_COMMON_EQUITY_PROVEN,UPCOM,hnx_official_equity_universe/v1,,OFFICIAL_CURRENT_STOCK_LIST_CANDIDATE,,true,,EXACT_SESSION_RETAINED,CURRENT_DESCRIPTIVE_DNSE_REST_ADJUSTED_RETROSPECTIVE_RAW_AS_TRADED_NOT_PROMOTED,DIRECT_CANONICAL_MAPPING
POT,2026-09-15,20,-0.08675799086757985,,,,,,,,,,,,,,,,,BELOW_MA20_MOMENTUM_NEGATIVE,,2026-09-15T16:50:03.746178+07:00,DELISTED,,,,,,,,2026-09-15,2026-09-15,0,EXCHANGE_STOCK_LIST_CANDIDATE_NOT_COMMON_EQUITY_PROVEN,HNX_LISTED,hnx_official_equity_universe/v1,,OFFICIAL_CURRENT_STOCK_LIST_CANDIDATE,,true,,EXACT_SESSION_RETAINED,CURRENT_DESCRIPTIVE_DNSE_REST_ADJUSTED_RETROSPECTIVE_RAW_AS_TRADED_NOT_PROMOTED,DIRECT_CANONICAL_MAPPING
POV,2026-09-15,7.8,0.08333333333333326,,,,,,,,,,,,,,,,,ABOVE_MA20_MOMENTUM_POSITIVE,,2026-09-15T16:50:03.746178+07:00,UPCOM,,,,,,,,2026-09-15,2026-09-15,0,EXCHANGE_STOCK_LIST_CANDIDATE_NOT_COMMON_EQUITY_PROVEN,UPCOM,hnx_official_equity_universe/v1,,OFFICIAL_CURRENT_STOCK_LIST_CANDIDATE,,true,,EXACT_SESSION_RETAINED,CURRENT_DESCRIPTIVE_DNSE_REST_ADJUSTED_RETROSPECTIVE_RAW_AS_TRADED_NOT_PROMOTED,DIRECT_CANONICAL_MAPPING
POW,2026-09-15,12.45,0.004032258064516014,,,,,,,,,,,,,,,,,BELOW_MA20_MOMENTUM_NEGATIVE,,2026-09-15T16:50:03.746178+07:00,HSX,corporate,,,,,,,2026-09-15,2026-09-15,0,OFFICIAL_STOCK_MASTER_SECURITY_TYPE_NOT_COMMON_EQUITY_PROVEN,HOSE,hose_public_stock_master/v1,,OFFICIAL_CURRENT_EXCHANGE_SECURITY,,true,,EXACT_SESSION_RETAINED,CURRENT_DESCRIPTIVE_NOT_PROMOTED_RAW_AS_TRADED,DIRECT_CANONICAL_MAPPING
PPC,2026-09-15,8.75,-0.0022805017103761926,,,,,,,,,,,,,,,,,BELOW_MA20_MOMENTUM_NEGATIVE,,2026-09-15T16:50:03.746178+07:00,HSX,,,,,,,,2026-09-15,2026-09-15,0,OFFICIAL_STOCK_MASTER_SECURITY_TYPE_NOT_COMMON_EQUITY_PROVEN,HOSE,hose_public_stock_master/v1,,OFFICIAL_CURRENT_EXCHANGE_SECURITY,,true,,EXACT_SESSION_RETAINED,CURRENT_DESCRIPTIVE_DNSE_REST_ADJUSTED_RETROSPECTIVE_RAW_AS_TRADED_NOT_PROMOTED,DIRECT_CANONICAL_MAPPING
PPH,2026-09-15,25.6,0.007874015748031704,,,,,,,,,,,,,,,,,NEAR_MA20_NEUTRAL,,2026-09-15T16:50:03.746178+07:00,UPCOM,,,,,,,,2026-09-15,2026-09-15,0,EXCHANGE_STOCK_LIST_CANDIDATE_NOT_COMMON_EQUITY_PROVEN,UPCOM,hnx_official_equity_universe/v1,,OFFICIAL_CURRENT_STOCK_LIST_CANDIDATE,,true,,EXACT_SESSION_RETAINED,CURRENT_DESCRIPTIVE_DNSE_REST_ADJUSTED_RETROSPECTIVE_RAW_AS_TRADED_NOT_PROMOTED,DIRECT_CANONICAL_MAPPING
PPT,2026-09-15,15,0.0,,,,,,,,,,,,,,,,,NEAR_MA20_NEUTRAL,,2026-09-15T16:50:03.746178+07:00,DELISTED,,,,,,,,2026-09-15,2026-09-15,0,EXCHANGE_STOCK_LIST_CANDIDATE_NOT_COMMON_EQUITY_PROVEN,HNX_LISTED,hnx_official_equity_universe/v1,,OFFICIAL_CURRENT_STOCK_LIST_CANDIDATE,,true,,EXACT_SESSION_RETAINED,CURRENT_DESCRIPTIVE_DNSE_REST_ADJUSTED_RETROSPECTIVE_RAW_AS_TRADED_NOT_PROMOTED,DIRECT_CANONICAL_MAPPING
PRE,2026-09-15,29,-0.003436426116838587,,,,,,,,,,,,,,,,,ABOVE_MA20_MOMENTUM_POSITIVE,,2026-09-15T16:50:03.746178+07:00,DELISTED,,,,,,,,2026-09-15,2026-09-15,0,EXCHANGE_STOCK_LIST_CANDIDATE_NOT_COMMON_EQUITY_PROVEN,HNX_LISTED,hnx_official_equity_universe/v1,,OFFICIAL_CURRENT_STOCK_LIST_CANDIDATE,,true,,EXACT_SESSION_RETAINED,CURRENT_DESCRIPTIVE_DNSE_REST_ADJUSTED_RETROSPECTIVE_RAW_AS_TRADED_NOT_PROMOTED,DIRECT_CANONICAL_MAPPING
PRT,2026-09-15,8.4,-0.0117647058823529,,,,,,,,,,,,,,,,,BELOW_MA20_MOMENTUM_NEGATIVE,,2026-09-15T16:50:03.746178+07:00,UPCOM,,,,,,,,2026-09-15,2026-09-15,0,EXCHANGE_STOCK_LIST_CANDIDATE_NOT_COMMON_EQUITY_PROVEN,UPCOM,hnx_official_equity_universe/v1,,OFFICIAL_CURRENT_STOCK_LIST_CANDIDATE,,true,,EXACT_SESSION_RETAINED,CURRENT_DESCRIPTIVE_DNSE_REST_ADJUSTED_RETROSPECTIVE_RAW_AS_TRADED_NOT_PROMOTED,DIRECT_CANONICAL_MAPPING
PSB,2026-09-15,5,0.04166666666666674,,,,,,,,,,,,,,,,,BELOW_MA20_MOMENTUM_POSITIVE,,2026-09-15T16:50:03.746178+07:00,UPCOM,,,,,,,,2026-09-15,2026-09-15,0,EXCHANGE_STOCK_LIST_CANDIDATE_NOT_COMMON_EQUITY_PROVEN,UPCOM,hnx_official_equity_universe/v1,,OFFICIAL_CURRENT_STOCK_LIST_CANDIDATE,,true,,EXACT_SESSION_RETAINED,CURRENT_DESCRIPTIVE_DNSE_REST_ADJUSTED_RETROSPECTIVE_RAW_AS_TRADED_NOT_PROMOTED,DIRECT_CANONICAL_MAPPING
PSD,2026-09-15,11.5,0.0,,,,,,,,,,,,,,,,,BELOW_MA20_MOMENTUM_POSITIVE,,2026-09-15T16:50:03.746178+07:00,DELISTED,,,,,,,,2026-09-15,2026-09-15,0,EXCHANGE_STOCK_LIST_CANDIDATE_NOT_COMMON_EQUITY_PROVEN,HNX_LISTED,hnx_official_equity_universe/v1,,OFFICIAL_CURRENT_STOCK_LIST_CANDIDATE,,true,,EXACT_SESSION_RETAINED,CURRENT_DESCRIPTIVE_DNSE_REST_ADJUSTED_RETROSPECTIVE_RAW_AS_TRADED_NOT_PROMOTED,DIRECT_CANONICAL_MAPPING
PSE,2026-09-15,10.8,0.0,,,,,,,,,,,,,,,,,NEAR_MA20_NEUTRAL,,2026-09-15T16:50:03.746178+07:00,DELISTED,,,,,,,,2026-09-15,2026-09-15,0,EXCHANGE_STOCK_LIST_CANDIDATE_NOT_COMMON_EQUITY_PROVEN,HNX_LISTED,hnx_official_equity_universe/v1,,OFFICIAL_CURRENT_STOCK_LIST_CANDIDATE,,true,,EXACT_SESSION_RETAINED,CURRENT_DESCRIPTIVE_DNSE_REST_ADJUSTED_RETROSPECTIVE_RAW_AS_TRADED_NOT_PROMOTED,DIRECT_CANONICAL_MAPPING
PSI,2026-09-15,8,-0.012345679012345623,,,,,,,,,,,,,,,,,BELOW_MA20_MOMENTUM_NEGATIVE,,2026-09-15T16:50:03.746178+07:00,DELISTED,,,,,,,,2026-09-15,2026-09-15,0,EXCHANGE_STOCK_LIST_CANDIDATE_NOT_COMMON_EQUITY_PROVEN,HNX_LISTED,hnx_official_equity_universe/v1,,OFFICIAL_CURRENT_STOCK_LIST_CANDIDATE,,true,,EXACT_SESSION_RETAINED,CURRENT_DESCRIPTIVE_DNSE_REST_ADJUSTED_RETROSPECTIVE_RAW_AS_TRADED_NOT_PROMOTED,DIRECT_CANONICAL_MAPPING
PSP,2026-09-15,17,0.00591715976331364,,,,,,,,,,,,,,,,,BELOW_MA20_MOMENTUM_NEGATIVE,,2026-09-15T16:50:03.746178+07:00,UPCOM,,,,,,,,2026-09-15,2026-09-15,0,EXCHANGE_STOCK_LIST_CANDIDATE_NOT_COMMON_EQUITY_PROVEN,UPCOM,hnx_official_equity_universe/v1,,OFFICIAL_CURRENT_STOCK_LIST_CANDIDATE,,true,,EXACT_SESSION_RETAINED,CURRENT_DESCRIPTIVE_DNSE_REST_ADJUSTED_RETROSPECTIVE_RAW_AS_TRADED_NOT_PROMOTED,DIRECT_CANONICAL_MAPPING
PSW,2026-09-15,7.5,0.0,,,,,,,,,,,,,,,,,NEAR_MA20_NEUTRAL,,2026-09-15T16:50:03.746178+07:00,DELISTED,,,,,,,,2026-09-15,2026-09-15,0,EXCHANGE_STOCK_LIST_CANDIDATE_NOT_COMMON_EQUITY_PROVEN,HNX_LISTED,hnx_official_equity_universe/v1,,OFFICIAL_CURRENT_STOCK_LIST_CANDIDATE,,true,,EXACT_SESSION_RETAINED,CURRENT_DESCRIPTIVE_DNSE_REST_ADJUSTED_RETROSPECTIVE_RAW_AS_TRADED_NOT_PROMOTED,DIRECT_CANONICAL_MAPPING
PTB,2026-09-15,29.7,-0.010000000000000009,,,,,,,,,,,,,,,,,BELOW_MA20_MOMENTUM_NEGATIVE,,2026-09-15T16:50:03.746178+07:00,HSX,,,,,,,,2026-09-15,2026-09-15,0,OFFICIAL_STOCK_MASTER_SECURITY_TYPE_NOT_COMMON_EQUITY_PROVEN,HOSE,hose_public_stock_master/v1,,OFFICIAL_CURRENT_EXCHANGE_SECURITY,,true,,EXACT_SESSION_RETAINED,CURRENT_DESCRIPTIVE_DNSE_REST_ADJUSTED_RETROSPECTIVE_RAW_AS_TRADED_NOT_PROMOTED,DIRECT_CANONICAL_MAPPING
PTC,2026-09-15,5.89,0.06317689530685922,,,,,,,,,,,,,,,,,BELOW_MA20_MOMENTUM_NEGATIVE,,2026-09-15T16:50:03.746178+07:00,HSX,,,,,,,,2026-09-15,2026-09-15,0,OFFICIAL_STOCK_MASTER_SECURITY_TYPE_NOT_COMMON_EQUITY_PROVEN,HOSE,hose_public_stock_master/v1,,OFFICIAL_CURRENT_EXCHANGE_SECURITY,,true,,EXACT_SESSION_RETAINED,CURRENT_DESCRIPTIVE_DNSE_REST_ADJUSTED_RETROSPECTIVE_RAW_AS_TRADED_NOT_PROMOTED,DIRECT_CANONICAL_MAPPING
PTD,2026-09-15,6.6,-0.09589041095890416,,,,,,,,,,,,,,,,,BELOW_MA20_MOMENTUM_NEGATIVE,,2026-09-15T16:50:03.746178+07:00,DELISTED,,,,,,,,2026-09-15,2026-09-15,0,EXCHANGE_STOCK_LIST_CANDIDATE_NOT_COMMON_EQUITY_PROVEN,HNX_LISTED,hnx_official_equity_universe/v1,,OFFICIAL_CURRENT_STOCK_LIST_CANDIDATE,,true,,EXACT_SESSION_RETAINED,CURRENT_DESCRIPTIVE_DNSE_REST_ADJUSTED_RETROSPECTIVE_RAW_AS_TRADED_NOT_PROMOTED,DIRECT_CANONICAL_MAPPING
PTI,2026-09-15,19,-0.04040404040404044,,,,,,,,,,,,,,,,,BELOW_MA20_MOMENTUM_NEGATIVE,,2026-09-15T16:50:03.746178+07:00,DELISTED,,,,,,,,2026-09-15,2026-09-15,0,EXCHANGE_STOCK_LIST_CANDIDATE_NOT_COMMON_EQUITY_PROVEN,HNX_LISTED,hnx_official_equity_universe/v1,,OFFICIAL_CURRENT_STOCK_LIST_CANDIDATE,,true,,EXACT_SESSION_RETAINED,CURRENT_DESCRIPTIVE_DNSE_REST_ADJUSTED_RETROSPECTIVE_RAW_AS_TRADED_NOT_PROMOTED,DIRECT_CANONICAL_MAPPING
PTL,2026-09-15,1.75,0.035502958579881616,,,,,,,,,,,,,,,,,BELOW_MA20_MOMENTUM_NEGATIVE,,2026-09-15T16:50:03.746178+07:00,HSX,,,,,,,,2026-09-15,2026-09-15,0,OFFICIAL_STOCK_MASTER_SECURITY_TYPE_NOT_COMMON_EQUITY_PROVEN,HOSE,hose_public_stock_master/v1,,OFFICIAL_CURRENT_EXCHANGE_SECURITY,,true,,EXACT_SESSION_RETAINED,CURRENT_DESCRIPTIVE_DNSE_REST_ADJUSTED_RETROSPECTIVE_RAW_AS_TRADED_NOT_PROMOTED,DIRECT_CANONICAL_MAPPING
PTT,2026-09-15,7.5,-0.11764705882352944,,,,,,,,,,,,,,,,,BELOW_MA20_MOMENTUM_NEGATIVE,,2026-09-15T16:50:03.746178+07:00,UPCOM,,,,,,,,2026-09-15,2026-09-15,0,EXCHANGE_STOCK_LIST_CANDIDATE_NOT_COMMON_EQUITY_PROVEN,UPCOM,hnx_official_equity_universe/v1,,OFFICIAL_CURRENT_STOCK_LIST_CANDIDATE,,true,,EXACT_SESSION_RETAINED,CURRENT_DESCRIPTIVE_DNSE_REST_ADJUSTED_RETROSPECTIVE_RAW_AS_TRADED_NOT_PROMOTED,DIRECT_CANONICAL_MAPPING
PTV,2026-09-15,4.4,-0.022222222222222143,,,,,,,,,,,,,,,,,BELOW_MA20_MOMENTUM_POSITIVE,,2026-09-15T16:50:03.746178+07:00,UPCOM,,,,,,,,2026-09-15,2026-09-15,0,EXCHANGE_STOCK_LIST_CANDIDATE_NOT_COMMON_EQUITY_PROVEN,UPCOM,hnx_official_equity_universe/v1,,OFFICIAL_CURRENT_STOCK_LIST_CANDIDATE,,true,,EXACT_SESSION_RETAINED,CURRENT_DESCRIPTIVE_DNSE_REST_ADJUSTED_RETROSPECTIVE_RAW_AS_TRADED_NOT_PROMOTED,DIRECT_CANONICAL_MAPPING
PV2,2026-09-15,1.7,0.0,,,,,,,,,,,,,,,,,BELOW_MA20_MOMENTUM_NEGATIVE,,2026-09-15T16:50:03.746178+07:00,DELISTED,,,,,,,,2026-09-15,2026-09-15,0,EXCHANGE_STOCK_LIST_CANDIDATE_NOT_COMMON_EQUITY_PROVEN,HNX_LISTED,hnx_official_equity_universe/v1,,OFFICIAL_CURRENT_STOCK_LIST_CANDIDATE,,true,,EXACT_SESSION_RETAINED,CURRENT_DESCRIPTIVE_DNSE_REST_ADJUSTED_RETROSPECTIVE_RAW_AS_TRADED_NOT_PROMOTED,DIRECT_CANONICAL_MAPPING
PVB,2026-09-15,22.6,0.04629629629629628,,,,,,,,,,,,,,,,,BELOW_MA20_MOMENTUM_NEGATIVE,,2026-09-15T16:50:03.746178+07:00,DELISTED,,,,,,,,2026-09-15,2026-09-15,0,EXCHANGE_STOCK_LIST_CANDIDATE_NOT_COMMON_EQUITY_PROVEN,HNX_LISTED,hnx_official_equity_universe/v1,,OFFICIAL_CURRENT_STOCK_LIST_CANDIDATE,,true,,EXACT_SESSION_RETAINED,CURRENT_DESCRIPTIVE_DNSE_REST_ADJUSTED_RETROSPECTIVE_RAW_AS_TRADED_NOT_PROMOTED,DIRECT_CANONICAL_MAPPING
PVC,2026-09-15,12.3,0.00819672131147553,,,,,,,,,,,,,,,,,BELOW_MA20_MOMENTUM_NEGATIVE,,2026-09-15T16:50:03.746178+07:00,DELISTED,,,,,,,,2026-09-15,2026-09-15,0,EXCHANGE_STOCK_LIST_CANDIDATE_NOT_COMMON_EQUITY_PROVEN,HNX_LISTED,hnx_official_equity_universe/v1,,OFFICIAL_CURRENT_STOCK_LIST_CANDIDATE,,true,,EXACT_SESSION_RETAINED,CURRENT_DESCRIPTIVE_DNSE_REST_ADJUSTED_RETROSPECTIVE_RAW_AS_TRADED_NOT_PROMOTED,DIRECT_CANONICAL_MAPPING
PVD,2026-09-15,19.65,0.03693931398416872,,,,,,,,,,,,,,,,,ABOVE_MA20_MOMENTUM_POSITIVE,,2026-09-15T16:50:03.746178+07:00,HSX,corporate,,,,,,,2026-09-15,2026-09-15,0,OFFICIAL_STOCK_MASTER_SECURITY_TYPE_NOT_COMMON_EQUITY_PROVEN,HOSE,hose_public_stock_master/v1,,OFFICIAL_CURRENT_EXCHANGE_SECURITY,,true,,EXACT_SESSION_RETAINED,CURRENT_DESCRIPTIVE_DNSE_REST_ADJUSTED_RETROSPECTIVE_RAW_AS_TRADED_NOT_PROMOTED,DIRECT_CANONICAL_MAPPING
PVG,2026-09-15,6.3,-0.045454545454545414,,,,,,,,,,,,,,,,,NEAR_MA20_NEUTRAL,,2026-09-15T16:50:03.746178+07:00,DELISTED,,,,,,,,2026-09-15,2026-09-15,0,EXCHANGE_STOCK_LIST_CANDIDATE_NOT_COMMON_EQUITY_PROVEN,HNX_LISTED,hnx_official_equity_universe/v1,,OFFICIAL_CURRENT_STOCK_LIST_CANDIDATE,,true,,EXACT_SESSION_RETAINED,CURRENT_DESCRIPTIVE_DNSE_REST_ADJUSTED_RETROSPECTIVE_RAW_AS_TRADED_NOT_PROMOTED,DIRECT_CANONICAL_MAPPING
PVI,2026-09-15,64.6,0.0,,,,,,,,,,,,,,,,,BELOW_MA20_MOMENTUM_POSITIVE,,2026-09-15T16:50:03.746178+07:00,DELISTED,,,,,,,,2026-09-15,2026-09-15,0,EXCHANGE_STOCK_LIST_CANDIDATE_NOT_COMMON_EQUITY_PROVEN,HNX_LISTED,hnx_official_equity_universe/v1,,OFFICIAL_CURRENT_STOCK_LIST_CANDIDATE,,true,,EXACT_SESSION_RETAINED,CURRENT_DESCRIPTIVE_DNSE_REST_ADJUSTED_RETROSPECTIVE_RAW_AS_TRADED_NOT_PROMOTED,DIRECT_CANONICAL_MAPPING
PVO,2026-09-15,6.1,0.03389830508474567,,,,,,,,,,,,,,,,,BELOW_MA20_MOMENTUM_NEGATIVE,,2026-09-15T16:50:03.746178+07:00,UPCOM,,,,,,,,2026-09-15,2026-09-15,0,EXCHANGE_STOCK_LIST_CANDIDATE_NOT_COMMON_EQUITY_PROVEN,UPCOM,hnx_official_equity_universe/v1,,OFFICIAL_CURRENT_STOCK_LIST_CANDIDATE,,true,,EXACT_SESSION_RETAINED,CURRENT_DESCRIPTIVE_DNSE_REST_ADJUSTED_RETROSPECTIVE_RAW_AS_TRADED_NOT_PROMOTED,DIRECT_CANONICAL_MAPPING
PVP,2026-09-15,19.95,0.04724409448818889,,,,,,,,,,,,,,,,,ABOVE_MA20_MOMENTUM_POSITIVE,,2026-09-15T16:50:03.746178+07:00,HSX,,,,,,,,2026-09-15,2026-09-15,0,OFFICIAL_STOCK_MASTER_SECURITY_TYPE_NOT_COMMON_EQUITY_PROVEN,HOSE,hose_public_stock_master/v1,,OFFICIAL_CURRENT_EXCHANGE_SECURITY,,true,,EXACT_SESSION_RETAINED,CURRENT_DESCRIPTIVE_DNSE_REST_ADJUSTED_RETROSPECTIVE_RAW_AS_TRADED_NOT_PROMOTED,DIRECT_CANONICAL_MAPPING
PVS,2026-09-15,34.2,0.04907975460122693,,,,,,,,,,,,,,,,,ABOVE_MA20_MOMENTUM_POSITIVE,,2026-09-15T16:50:03.746178+07:00,DELISTED,,,,,,,,2026-09-15,2026-09-15,0,EXCHANGE_STOCK_LIST_CANDIDATE_NOT_COMMON_EQUITY_PROVEN,HNX_LISTED,hnx_official_equity_universe/v1,,OFFICIAL_CURRENT_STOCK_LIST_CANDIDATE,,true,,EXACT_SESSION_RETAINED,CURRENT_DESCRIPTIVE_DNSE_REST_ADJUSTED_RETROSPECTIVE_RAW_AS_TRADED_NOT_PROMOTED,DIRECT_CANONICAL_MAPPING
PVT,2026-09-15,22.6,-0.004405286343612258,,,,,,,,,,,,,,,,,ABOVE_MA20_MOMENTUM_POSITIVE,,2026-09-15T16:50:03.746178+07:00,HSX,,,,,,,,2026-09-15,2026-09-15,0,OFFICIAL_STOCK_MASTER_SECURITY_TYPE_NOT_COMMON_EQUITY_PROVEN,HOSE,hose_public_stock_master/v1,,OFFICIAL_CURRENT_EXCHANGE_SECURITY,,true,,EXACT_SESSION_RETAINED,CURRENT_DESCRIPTIVE_DNSE_REST_ADJUSTED_RETROSPECTIVE_RAW_AS_TRADED_NOT_PROMOTED,DIRECT_CANONICAL_MAPPING
PWA,2026-09-15,6,0.0,,,,,,,,,,,,,,,,,ABOVE_MA20_MOMENTUM_POSITIVE,,2026-09-15T16:50:03.746178+07:00,UPCOM,,,,,,,,2026-09-15,2026-09-15,0,EXCHANGE_STOCK_LIST_CANDIDATE_NOT_COMMON_EQUITY_PROVEN,UPCOM,hnx_official_equity_universe/v1,,OFFICIAL_CURRENT_STOCK_LIST_CANDIDATE,,true,,EXACT_SESSION_RETAINED,CURRENT_DESCRIPTIVE_DNSE_REST_ADJUSTED_RETROSPECTIVE_RAW_AS_TRADED_NOT_PROMOTED,DIRECT_CANONICAL_MAPPING
PXL,2026-09-15,10.3,0.05102040816326525,,,,,,,,,,,,,,,,,BELOW_MA20_MOMENTUM_NEGATIVE,,2026-09-15T16:50:03.746178+07:00,UPCOM,,,,,,,,2026-09-15,2026-09-15,0,EXCHANGE_STOCK_LIST_CANDIDATE_NOT_COMMON_EQUITY_PROVEN,UPCOM,hnx_official_equity_universe/v1,,OFFICIAL_CURRENT_STOCK_LIST_CANDIDATE,,true,,EXACT_SESSION_RETAINED,CURRENT_DESCRIPTIVE_DNSE_REST_ADJUSTED_RETROSPECTIVE_RAW_AS_TRADED_NOT_PROMOTED,DIRECT_CANONICAL_MAPPING
QCC,2026-09-15,10.4,0.0,,,,,,,,,,,,,,,,,BELOW_MA20_MOMENTUM_NEGATIVE,,2026-09-15T16:50:03.746178+07:00,UPCOM,,,,,,,,2026-09-15,2026-09-15,0,EXCHANGE_STOCK_LIST_CANDIDATE_NOT_COMMON_EQUITY_PROVEN,UPCOM,hnx_official_equity_universe/v1,,OFFICIAL_CURRENT_STOCK_LIST_CANDIDATE,,true,,EXACT_SESSION_RETAINED,CURRENT_DESCRIPTIVE_DNSE_REST_ADJUSTED_RETROSPECTIVE_RAW_AS_TRADED_NOT_PROMOTED,DIRECT_CANONICAL_MAPPING
QCG,2026-09-15,9.92,0.002020202020202033,,,,,,,,,,,,,,,,,BELOW_MA20_MOMENTUM_NEGATIVE,,2026-09-15T16:50:03.746178+07:00,HSX,,,,,,,,2026-09-15,2026-09-15,0,OFFICIAL_STOCK_MASTER_SECURITY_TYPE_NOT_COMMON_EQUITY_PROVEN,HOSE,hose_public_stock_master/v1,,OFFICIAL_CURRENT_EXCHANGE_SECURITY,,true,,EXACT_SESSION_RETAINED,CURRENT_DESCRIPTIVE_DNSE_REST_ADJUSTED_RETROSPECTIVE_RAW_AS_TRADED_NOT_PROMOTED,DIRECT_CANONICAL_MAPPING
QHW,2026-09-15,33.5,0.015151515151515138,,,,,,,,,,,,,,,,,BELOW_MA20_MOMENTUM_NEGATIVE,,2026-09-15T16:50:03.746178+07:00,UPCOM,,,,,,,,2026-09-15,2026-09-15,0,EXCHANGE_STOCK_LIST_CANDIDATE_NOT_COMMON_EQUITY_PROVEN,UPCOM,hnx_official_equity_universe/v1,,OFFICIAL_CURRENT_STOCK_LIST_CANDIDATE,,true,,EXACT_SESSION_RETAINED,CURRENT_DESCRIPTIVE_DNSE_REST_ADJUSTED_RETROSPECTIVE_RAW_AS_TRADED_NOT_PROMOTED,DIRECT_CANONICAL_MAPPING
QNP,2026-09-15,30.95,-0.011182108626198173,,,,,,,,,,,,,,,,,ABOVE_MA20_MOMENTUM_POSITIVE,,2026-09-15T16:50:03.746178+07:00,HSX,,,,,,,,2026-09-15,2026-09-15,0,OFFICIAL_STOCK_MASTER_SECURITY_TYPE_NOT_COMMON_EQUITY_PROVEN,HOSE,hose_public_stock_master/v1,,OFFICIAL_CURRENT_EXCHANGE_SECURITY,,true,,EXACT_SESSION_RETAINED,CURRENT_DESCRIPTIVE_DNSE_REST_ADJUSTED_RETROSPECTIVE_RAW_AS_TRADED_NOT_PROMOTED,DIRECT_CANONICAL_MAPPING
QNS,2026-09-15,49.9,0.002008032128514081,,,,,,,,,,,,,,,,,ABOVE_MA20_MOMENTUM_POSITIVE,,2026-09-15T16:50:03.746178+07:00,UPCOM,corporate,,,,,,,2026-09-15,2026-09-15,0,EXCHANGE_STOCK_LIST_CANDIDATE_NOT_COMMON_EQUITY_PROVEN,UPCOM,hnx_official_equity_universe/v1,,OFFICIAL_CURRENT_STOCK_LIST_CANDIDATE,,true,,EXACT_SESSION_RETAINED,CURRENT_DESCRIPTIVE_DNSE_REST_ADJUSTED_RETROSPECTIVE_RAW_AS_TRADED_NOT_PROMOTED,DIRECT_CANONICAL_MAPPING
QTC,2026-09-15,32,0.032258064516129004,,,,,,,,,,,,,,,,,ABOVE_MA20_MOMENTUM_POSITIVE,,2026-09-15T16:50:03.746178+07:00,DELISTED,,,,,,,,2026-09-15,2026-09-15,0,EXCHANGE_STOCK_LIST_CANDIDATE_NOT_COMMON_EQUITY_PROVEN,HNX_LISTED,hnx_official_equity_universe/v1,,OFFICIAL_CURRENT_STOCK_LIST_CANDIDATE,,true,,EXACT_SESSION_RETAINED,CURRENT_DESCRIPTIVE_DNSE_REST_ADJUSTED_RETROSPECTIVE_RAW_AS_TRADED_NOT_PROMOTED,DIRECT_CANONICAL_MAPPING
QTP,2026-09-15,11,0.0,,,,,,,,,,,,,,,,,BELOW_MA20_MOMENTUM_NEGATIVE,,2026-09-15T16:50:03.746178+07:00,UPCOM,,,,,,,,2026-09-15,2026-09-15,0,EXCHANGE_STOCK_LIST_CANDIDATE_NOT_COMMON_EQUITY_PROVEN,UPCOM,hnx_official_equity_universe/v1,,OFFICIAL_CURRENT_STOCK_LIST_CANDIDATE,,true,,EXACT_SESSION_RETAINED,CURRENT_DESCRIPTIVE_DNSE_REST_ADJUSTED_RETROSPECTIVE_RAW_AS_TRADED_NOT_PROMOTED,DIRECT_CANONICAL_MAPPING
RAL,2026-09-15,74.9,0.005369127516778649,,,,,,,,,,,,,,,,,BELOW_MA20_MOMENTUM_NEGATIVE,,2026-09-15T16:50:03.746178+07:00,HSX,,,,,,,,2026-09-15,2026-09-15,0,OFFICIAL_STOCK_MASTER_SECURITY_TYPE_NOT_COMMON_EQUITY_PROVEN,HOSE,hose_public_stock_master/v1,,OFFICIAL_CURRENT_EXCHANGE_SECURITY,,true,,EXACT_SESSION_RETAINED,CURRENT_DESCRIPTIVE_DNSE_REST_ADJUSTED_RETROSPECTIVE_RAW_AS_TRADED_NOT_PROMOTED,DIRECT_CANONICAL_MAPPING
REE,2026-09-15,45.3,0.006666666666666599,,,,,,,,,,,,,,,,,BELOW_MA20_MOMENTUM_NEGATIVE,,2026-09-15T16:50:03.746178+07:00,HSX,,,,,,,,2026-09-15,2026-09-15,0,OFFICIAL_STOCK_MASTER_SECURITY_TYPE_NOT_COMMON_EQUITY_PROVEN,HOSE,hose_public_stock_master/v1,,OFFICIAL_CURRENT_EXCHANGE_SECURITY,,true,,EXACT_SESSION_RETAINED,CURRENT_DESCRIPTIVE_DNSE_REST_ADJUSTED_RETROSPECTIVE_RAW_AS_TRADED_NOT_PROMOTED,DIRECT_CANONICAL_MAPPING
RIC,2026-09-15,6.3,0.10526315789473673,,,,,,,,,,,,,,,,,BELOW_MA20_MOMENTUM_NEGATIVE,,2026-09-15T16:50:03.746178+07:00,UPCOM,,,,,,,,2026-09-15,2026-09-15,0,EXCHANGE_STOCK_LIST_CANDIDATE_NOT_COMMON_EQUITY_PROVEN,UPCOM,hnx_official_equity_universe/v1,,OFFICIAL_CURRENT_STOCK_LIST_CANDIDATE,,true,,EXACT_SESSION_RETAINED,CURRENT_DESCRIPTIVE_DNSE_REST_ADJUSTED_RETROSPECTIVE_RAW_AS_TRADED_NOT_PROMOTED,DIRECT_CANONICAL_MAPPING
RYG,2026-09-15,7.9,-0.012499999999999956,,,,,,,,,,,,,,,,,BELOW_MA20_MOMENTUM_NEGATIVE,,2026-09-15T16:50:03.746178+07:00,HSX,,,,,,,,2026-09-15,2026-09-15,0,OFFICIAL_STOCK_MASTER_SECURITY_TYPE_NOT_COMMON_EQUITY_PROVEN,HOSE,hose_public_stock_master/v1,,OFFICIAL_CURRENT_EXCHANGE_SECURITY,,true,,EXACT_SESSION_RETAINED,CURRENT_DESCRIPTIVE_DNSE_REST_ADJUSTED_RETROSPECTIVE_RAW_AS_TRADED_NOT_PROMOTED,DIRECT_CANONICAL_MAPPING
S99,2026-09-15,7.7,0.013157894736842257,,,,,,,,,,,,,,,,,BELOW_MA20_MOMENTUM_NEGATIVE,,2026-09-15T16:50:03.746178+07:00,DELISTED,,,,,,,,2026-09-15,2026-09-15,0,EXCHANGE_STOCK_LIST_CANDIDATE_NOT_COMMON_EQUITY_PROVEN,HNX_LISTED,hnx_official_equity_universe/v1,,OFFICIAL_CURRENT_STOCK_LIST_CANDIDATE,,true,,EXACT_SESSION_RETAINED,CURRENT_DESCRIPTIVE_DNSE_REST_ADJUSTED_RETROSPECTIVE_RAW_AS_TRADED_NOT_PROMOTED,DIRECT_CANONICAL_MAPPING
SAB,2026-09-15,44.55,-0.004469273743016866,,,,,,,,,,,,,,,,,NEAR_MA20_NEUTRAL,,2026-09-15T16:50:03.746178+07:00,HSX,,,,,,,,2026-09-15,2026-09-15,0,OFFICIAL_STOCK_MASTER_SECURITY_TYPE_NOT_COMMON_EQUITY_PROVEN,HOSE,hose_public_stock_master/v1,,OFFICIAL_CURRENT_EXCHANGE_SECURITY,,true,,EXACT_SESSION_RETAINED,CURRENT_DESCRIPTIVE_DNSE_REST_ADJUSTED_RETROSPECTIVE_RAW_AS_TRADED_NOT_PROMOTED,DIRECT_CANONICAL_MAPPING
SAC,2026-09-15,10.2,-0.037735849056603765,,,,,,,,,,,,,,,,,BELOW_MA20_MOMENTUM_NEGATIVE,,2026-09-15T16:50:03.746178+07:00,UPCOM,,,,,,,,2026-09-15,2026-09-15,0,EXCHANGE_STOCK_LIST_CANDIDATE_NOT_COMMON_EQUITY_PROVEN,UPCOM,hnx_official_equity_universe/v1,,OFFICIAL_CURRENT_STOCK_LIST_CANDIDATE,,true,,EXACT_SESSION_RETAINED,CURRENT_DESCRIPTIVE_DNSE_REST_ADJUSTED_RETROSPECTIVE_RAW_AS_TRADED_NOT_PROMOTED,DIRECT_CANONICAL_MAPPING
SAF,2026-09-15,56.9,0.0,,,,,,,,,,,,,,,,,ABOVE_MA20_MOMENTUM_POSITIVE,,2026-09-15T16:50:03.746178+07:00,DELISTED,,,,,,,,2026-09-15,2026-09-15,0,EXCHANGE_STOCK_LIST_CANDIDATE_NOT_COMMON_EQUITY_PROVEN,HNX_LISTED,hnx_official_equity_universe/v1,,OFFICIAL_CURRENT_STOCK_LIST_CANDIDATE,,true,,EXACT_SESSION_RETAINED,CURRENT_DESCRIPTIVE_DNSE_REST_ADJUSTED_RETROSPECTIVE_RAW_AS_TRADED_NOT_PROMOTED,DIRECT_CANONICAL_MAPPING
SAM,2026-09-15,6.2,0.019736842105263275,,,,,,,,,,,,,,,,,BELOW_MA20_MOMENTUM_NEGATIVE,,2026-09-15T16:50:03.746178+07:00,HSX,,,,,,,,2026-09-15,2026-09-15,0,OFFICIAL_STOCK_MASTER_SECURITY_TYPE_NOT_COMMON_EQUITY_PROVEN,HOSE,hose_public_stock_master/v1,,OFFICIAL_CURRENT_EXCHANGE_SECURITY,,true,,EXACT_SESSION_RETAINED,CURRENT_DESCRIPTIVE_DNSE_REST_ADJUSTED_RETROSPECTIVE_RAW_AS_TRADED_NOT_PROMOTED,DIRECT_CANONICAL_MAPPING
SAS,2026-09-15,33.3,0.0060422960725075026,,,,,,,,,,,,,,,,,ABOVE_MA20_MOMENTUM_NEGATIVE,,2026-09-15T16:50:03.746178+07:00,UPCOM,,,,,,,,2026-09-15,2026-09-15,0,EXCHANGE_STOCK_LIST_CANDIDATE_NOT_COMMON_EQUITY_PROVEN,UPCOM,hnx_official_equity_universe/v1,,OFFICIAL_CURRENT_STOCK_LIST_CANDIDATE,,true,,EXACT_SESSION_RETAINED,CURRENT_DESCRIPTIVE_DNSE_REST_ADJUSTED_RETROSPECTIVE_RAW_AS_TRADED_NOT_PROMOTED,DIRECT_CANONICAL_MAPPING
SBA,2026-09-15,24.7,-0.0040322580645162365,,,,,,,,,,,,,,,,,BELOW_MA20_MOMENTUM_NEGATIVE,,2026-09-15T16:50:03.746178+07:00,HSX,,,,,,,,2026-09-15,2026-09-15,0,OFFICIAL_STOCK_MASTER_SECURITY_TYPE_NOT_COMMON_EQUITY_PROVEN,HOSE,hose_public_stock_master/v1,,OFFICIAL_CURRENT_EXCHANGE_SECURITY,,true,,EXACT_SESSION_RETAINED,CURRENT_DESCRIPTIVE_DNSE_REST_ADJUSTED_RETROSPECTIVE_RAW_AS_TRADED_NOT_PROMOTED,DIRECT_CANONICAL_MAPPING
SBB,2026-09-15,20.5,0.040609137055837685,,,,,,,,,,,,,,,,,ABOVE_MA20_MOMENTUM_POSITIVE,,2026-09-15T16:50:03.746178+07:00,UPCOM,,,,,,,,2026-09-15,2026-09-15,0,EXCHANGE_STOCK_LIST_CANDIDATE_NOT_COMMON_EQUITY_PROVEN,UPCOM,hnx_official_equity_universe/v1,,OFFICIAL_CURRENT_STOCK_LIST_CANDIDATE,,true,,EXACT_SESSION_RETAINED,CURRENT_DESCRIPTIVE_DNSE_REST_ADJUSTED_RETROSPECTIVE_RAW_AS_TRADED_NOT_PROMOTED,DIRECT_CANONICAL_MAPPING
SBD,2026-09-15,7.5,0.04166666666666674,,,,,,,,,,,,,,,,,ABOVE_MA20_MOMENTUM_POSITIVE,,2026-09-15T16:50:03.746178+07:00,UPCOM,,,,,,,,2026-09-15,2026-09-15,0,EXCHANGE_STOCK_LIST_CANDIDATE_NOT_COMMON_EQUITY_PROVEN,UPCOM,hnx_official_equity_universe/v1,,OFFICIAL_CURRENT_STOCK_LIST_CANDIDATE,,true,,EXACT_SESSION_RETAINED,CURRENT_DESCRIPTIVE_DNSE_REST_ADJUSTED_RETROSPECTIVE_RAW_AS_TRADED_NOT_PROMOTED,DIRECT_CANONICAL_MAPPING
SBG,2026-09-15,14,0.021897810218978186,,,,,,,,,,,,,,,,,ABOVE_MA20_MOMENTUM_POSITIVE,,2026-09-15T16:50:03.746178+07:00,HSX,,,,,,,,2026-09-15,2026-09-15,0,OFFICIAL_STOCK_MASTER_SECURITY_TYPE_NOT_COMMON_EQUITY_PROVEN,HOSE,hose_public_stock_master/v1,,OFFICIAL_CURRENT_EXCHANGE_SECURITY,,true,,EXACT_SESSION_RETAINED,CURRENT_DESCRIPTIVE_DNSE_REST_ADJUSTED_RETROSPECTIVE_RAW_AS_TRADED_NOT_PROMOTED,DIRECT_CANONICAL_MAPPING
SBL,2026-09-15,7.3,0.04285714285714293,,,,,,,,,,,,,,,,,ABOVE_MA20_MOMENTUM_POSITIVE,,2026-09-15T16:50:03.746178+07:00,UPCOM,,,,,,,,2026-09-15,2026-09-15,0,EXCHANGE_STOCK_LIST_CANDIDATE_NOT_COMMON_EQUITY_PROVEN,UPCOM,hnx_official_equity_universe/v1,,OFFICIAL_CURRENT_STOCK_LIST_CANDIDATE,,true,,EXACT_SESSION_RETAINED,CURRENT_DESCRIPTIVE_DNSE_REST_ADJUSTED_RETROSPECTIVE_RAW_AS_TRADED_NOT_PROMOTED,DIRECT_CANONICAL_MAPPING
SBM,2026-09-15,31.5,0.016129032258064502,,,,,,,,,,,,,,,,,NEAR_MA20_NEUTRAL,,2026-09-15T16:50:03.746178+07:00,UPCOM,,,,,,,,2026-09-15,2026-09-15,0,EXCHANGE_STOCK_LIST_CANDIDATE_NOT_COMMON_EQUITY_PROVEN,UPCOM,hnx_official_equity_universe/v1,,OFFICIAL_CURRENT_STOCK_LIST_CANDIDATE,,true,,EXACT_SESSION_RETAINED,CURRENT_DESCRIPTIVE_DNSE_REST_ADJUSTED_RETROSPECTIVE_RAW_AS_TRADED_NOT_PROMOTED,DIRECT_CANONICAL_MAPPING
SBR,2026-09-15,7,-0.14634146341463405,,,,,,,,,,,,,,,,,BELOW_MA20_MOMENTUM_NEGATIVE,,2026-09-15T16:50:03.746178+07:00,UPCOM,,,,,,,,2026-09-15,2026-09-15,0,EXCHANGE_STOCK_LIST_CANDIDATE_NOT_COMMON_EQUITY_PROVEN,UPCOM,hnx_official_equity_universe/v1,,OFFICIAL_CURRENT_STOCK_LIST_CANDIDATE,,true,,EXACT_SESSION_RETAINED,CURRENT_DESCRIPTIVE_DNSE_REST_ADJUSTED_RETROSPECTIVE_RAW_AS_TRADED_NOT_PROMOTED,DIRECT_CANONICAL_MAPPING
SBS,2026-09-15,4.3,0.0,,,,,,,,,,,,,,,,,BELOW_MA20_MOMENTUM_NEGATIVE,,2026-09-15T16:50:03.746178+07:00,UPCOM,,,,,,,,2026-09-15,2026-09-15,0,EXCHANGE_STOCK_LIST_CANDIDATE_NOT_COMMON_EQUITY_PROVEN,UPCOM,hnx_official_equity_universe/v1,,OFFICIAL_CURRENT_STOCK_LIST_CANDIDATE,,true,,EXACT_SESSION_RETAINED,CURRENT_DESCRIPTIVE_DNSE_REST_ADJUSTED_RETROSPECTIVE_RAW_AS_TRADED_NOT_PROMOTED,DIRECT_CANONICAL_MAPPING
SBT,2026-09-15,23,0.004366812227074357,,,,,,,,,,,,,,,,,ABOVE_MA20_MOMENTUM_POSITIVE,,2026-09-15T16:50:03.746178+07:00,HSX,,,,,,,,2026-09-15,2026-09-15,0,OFFICIAL_STOCK_MASTER_SECURITY_TYPE_NOT_COMMON_EQUITY_PROVEN,HOSE,hose_public_stock_master/v1,,OFFICIAL_CURRENT_EXCHANGE_SECURITY,,true,,EXACT_SESSION_RETAINED,CURRENT_DESCRIPTIVE_DNSE_REST_ADJUSTED_RETROSPECTIVE_RAW_AS_TRADED_NOT_PROMOTED,DIRECT_CANONICAL_MAPPING
SCG,2026-09-15,64.3,0.0,,,,,,,,,,,,,,,,,NEAR_MA20_NEUTRAL,,2026-09-15T16:50:03.746178+07:00,DELISTED,,,,,,,,2026-09-15,2026-09-15,0,EXCHANGE_STOCK_LIST_CANDIDATE_NOT_COMMON_EQUITY_PROVEN,HNX_LISTED,hnx_official_equity_universe/v1,,OFFICIAL_CURRENT_STOCK_LIST_CANDIDATE,,true,,EXACT_SESSION_RETAINED,CURRENT_DESCRIPTIVE_DNSE_REST_ADJUSTED_RETROSPECTIVE_RAW_AS_TRADED_NOT_PROMOTED,DIRECT_CANONICAL_MAPPING
SCI,2026-09-15,10,0.0,,,,,,,,,,,,,,,,,NEAR_MA20_NEUTRAL,,2026-09-15T16:50:03.746178+07:00,DELISTED,,,,,,,,2026-09-15,2026-09-15,0,EXCHANGE_STOCK_LIST_CANDIDATE_NOT_COMMON_EQUITY_PROVEN,HNX_LISTED,hnx_official_equity_universe/v1,,OFFICIAL_CURRENT_STOCK_LIST_CANDIDATE,,true,,EXACT_SESSION_RETAINED,CURRENT_DESCRIPTIVE_DNSE_REST_ADJUSTED_RETROSPECTIVE_RAW_AS_TRADED_NOT_PROMOTED,DIRECT_CANONICAL_MAPPING
SCJ,2026-09-15,2.6,0.0,,,,,,,,,,,,,,,,,BELOW_MA20_MOMENTUM_NEGATIVE,,2026-09-15T16:50:03.746178+07:00,UPCOM,,,,,,,,2026-09-15,2026-09-15,0,EXCHANGE_STOCK_LIST_CANDIDATE_NOT_COMMON_EQUITY_PROVEN,UPCOM,hnx_official_equity_universe/v1,,OFFICIAL_CURRENT_STOCK_LIST_CANDIDATE,,true,,EXACT_SESSION_RETAINED,CURRENT_DESCRIPTIVE_DNSE_REST_ADJUSTED_RETROSPECTIVE_RAW_AS_TRADED_NOT_PROMOTED,DIRECT_CANONICAL_MAPPING
SCL,2026-09-15,26.7,0.02298850574712641,,,,,,,,,,,,,,,,,ABOVE_MA20_MOMENTUM_POSITIVE,,2026-09-15T16:50:03.746178+07:00,UPCOM,,,,,,,,2026-09-15,2026-09-15,0,EXCHANGE_STOCK_LIST_CANDIDATE_NOT_COMMON_EQUITY_PROVEN,UPCOM,hnx_official_equity_universe/v1,,OFFICIAL_CURRENT_STOCK_LIST_CANDIDATE,,true,,EXACT_SESSION_RETAINED,CURRENT_DESCRIPTIVE_DNSE_REST_ADJUSTED_RETROSPECTIVE_RAW_AS_TRADED_NOT_PROMOTED,DIRECT_CANONICAL_MAPPING
SCR,2026-09-15,4.15,0.0024154589371983004,,,,,,,,,,,,,,,,,BELOW_MA20_MOMENTUM_NEGATIVE,,2026-09-15T16:50:03.746178+07:00,HSX,,,,,,,,2026-09-15,2026-09-15,0,OFFICIAL_STOCK_MASTER_SECURITY_TYPE_NOT_COMMON_EQUITY_PROVEN,HOSE,hose_public_stock_master/v1,,OFFICIAL_CURRENT_EXCHANGE_SECURITY,,true,,EXACT_SESSION_RETAINED,CURRENT_DESCRIPTIVE_DNSE_REST_ADJUSTED_RETROSPECTIVE_RAW_AS_TRADED_NOT_PROMOTED,DIRECT_CANONICAL_MAPPING
SCS,2026-09-15,43.35,0.016412661195779776,,,,,,,,,,,,,,,,,BELOW_MA20_MOMENTUM_NEGATIVE,,2026-09-15T16:50:03.746178+07:00,HSX,,,,,,,,2026-09-15,2026-09-15,0,OFFICIAL_STOCK_MASTER_SECURITY_TYPE_NOT_COMMON_EQUITY_PROVEN,HOSE,hose_public_stock_master/v1,,OFFICIAL_CURRENT_EXCHANGE_SECURITY,,true,,EXACT_SESSION_RETAINED,CURRENT_DESCRIPTIVE_DNSE_REST_ADJUSTED_RETROSPECTIVE_RAW_AS_TRADED_NOT_PROMOTED,DIRECT_CANONICAL_MAPPING
SD2,2026-09-15,4.1,0.13888888888888884,,,,,,,,,,,,,,,,,BELOW_MA20_MOMENTUM_NEGATIVE,,2026-09-15T16:50:03.746178+07:00,UPCOM,,,,,,,,2026-09-15,2026-09-15,0,EXCHANGE_STOCK_LIST_CANDIDATE_NOT_COMMON_EQUITY_PROVEN,UPCOM,hnx_official_equity_universe/v1,,OFFICIAL_CURRENT_STOCK_LIST_CANDIDATE,,true,,EXACT_SESSION_RETAINED,CURRENT_DESCRIPTIVE_DNSE_REST_ADJUSTED_RETROSPECTIVE_RAW_AS_TRADED_NOT_PROMOTED,DIRECT_CANONICAL_MAPPING
SD3,2026-09-15,8.2,-0.06818181818181834,,,,,,,,,,,,,,,,,ABOVE_MA20_MOMENTUM_POSITIVE,,2026-09-15T16:50:03.746178+07:00,UPCOM,,,,,,,,2026-09-15,2026-09-15,0,EXCHANGE_STOCK_LIST_CANDIDATE_NOT_COMMON_EQUITY_PROVEN,UPCOM,hnx_official_equity_universe/v1,,OFFICIAL_CURRENT_STOCK_LIST_CANDIDATE,,true,,EXACT_SESSION_RETAINED,CURRENT_DESCRIPTIVE_DNSE_REST_ADJUSTED_RETROSPECTIVE_RAW_AS_TRADED_NOT_PROMOTED,DIRECT_CANONICAL_MAPPING
SD5,2026-09-15,7,0.014492753623188248,,,,,,,,,,,,,,,,,BELOW_MA20_MOMENTUM_NEGATIVE,,2026-09-15T16:50:03.746178+07:00,DELISTED,,,,,,,,2026-09-15,2026-09-15,0,EXCHANGE_STOCK_LIST_CANDIDATE_NOT_COMMON_EQUITY_PROVEN,HNX_LISTED,hnx_official_equity_universe/v1,,OFFICIAL_CURRENT_STOCK_LIST_CANDIDATE,,true,,EXACT_SESSION_RETAINED,CURRENT_DESCRIPTIVE_DNSE_REST_ADJUSTED_RETROSPECTIVE_RAW_AS_TRADED_NOT_PROMOTED,DIRECT_CANONICAL_MAPPING
SDA,2026-09-15,1.8,0.05882352941176472,,,,,,,,,,,,,,,,,BELOW_MA20_MOMENTUM_NEGATIVE,,2026-09-15T16:50:03.746178+07:00,UPCOM,,,,,,,,2026-09-15,2026-09-15,0,EXCHANGE_STOCK_LIST_CANDIDATE_NOT_COMMON_EQUITY_PROVEN,UPCOM,hnx_official_equity_universe/v1,,OFFICIAL_CURRENT_STOCK_LIST_CANDIDATE,,true,,EXACT_SESSION_RETAINED,CURRENT_DESCRIPTIVE_DNSE_REST_ADJUSTED_RETROSPECTIVE_RAW_AS_TRADED_NOT_PROMOTED,DIRECT_CANONICAL_MAPPING
SDG,2026-09-15,6.3,0.016129032258064502,,,,,,,,,,,,,,,,,BELOW_MA20_MOMENTUM_NEGATIVE,,2026-09-15T16:50:03.746178+07:00,DELISTED,,,,,,,,2026-09-15,2026-09-15,0,EXCHANGE_STOCK_LIST_CANDIDATE_NOT_COMMON_EQUITY_PROVEN,HNX_LISTED,hnx_official_equity_universe/v1,,OFFICIAL_CURRENT_STOCK_LIST_CANDIDATE,,true,,EXACT_SESSION_RETAINED,CURRENT_DESCRIPTIVE_DNSE_REST_ADJUSTED_RETROSPECTIVE_RAW_AS_TRADED_NOT_PROMOTED,DIRECT_CANONICAL_MAPPING
SEA,2026-09-15,70,-0.03978052126200282,,,,,,,,,,,,,,,,,ABOVE_MA20_MOMENTUM_POSITIVE,,2026-09-15T16:50:03.746178+07:00,UPCOM,,,,,,,,2026-09-15,2026-09-15,0,EXCHANGE_STOCK_LIST_CANDIDATE_NOT_COMMON_EQUITY_PROVEN,UPCOM,hnx_official_equity_universe/v1,,OFFICIAL_CURRENT_STOCK_LIST_CANDIDATE,,true,,EXACT_SESSION_RETAINED,CURRENT_DESCRIPTIVE_DNSE_REST_ADJUSTED_RETROSPECTIVE_RAW_AS_TRADED_NOT_PROMOTED,DIRECT_CANONICAL_MAPPING
SEP,2026-09-15,18.5,0.0,,,,,,,,,,,,,,,,,NEAR_MA20_NEUTRAL,,2026-09-15T16:50:03.746178+07:00,UPCOM,,,,,,,,2026-09-15,2026-09-15,0,EXCHANGE_STOCK_LIST_CANDIDATE_NOT_COMMON_EQUITY_PROVEN,UPCOM,hnx_official_equity_universe/v1,,OFFICIAL_CURRENT_STOCK_LIST_CANDIDATE,,true,,EXACT_SESSION_RETAINED,CURRENT_DESCRIPTIVE_DNSE_REST_ADJUSTED_RETROSPECTIVE_RAW_AS_TRADED_NOT_PROMOTED,DIRECT_CANONICAL_MAPPING
SFC,2026-09-15,17,0.030303030303030276,,,,,,,,,,,,,,,,,BELOW_MA20_MOMENTUM_NEGATIVE,,2026-09-15T16:50:03.746178+07:00,HSX,,,,,,,,2026-09-15,2026-09-15,0,OFFICIAL_STOCK_MASTER_SECURITY_TYPE_NOT_COMMON_EQUITY_PROVEN,HOSE,hose_public_stock_master/v1,,OFFICIAL_CURRENT_EXCHANGE_SECURITY,,true,,EXACT_SESSION_RETAINED,CURRENT_DESCRIPTIVE_DNSE_REST_ADJUSTED_RETROSPECTIVE_RAW_AS_TRADED_NOT_PROMOTED,DIRECT_CANONICAL_MAPPING
SFG,2026-09-15,10.35,0.02985074626865658,,,,,,,,,,,,,,,,,ABOVE_MA20_MOMENTUM_POSITIVE,,2026-09-15T16:50:03.746178+07:00,HSX,,,,,,,,2026-09-15,2026-09-15,0,OFFICIAL_STOCK_MASTER_SECURITY_TYPE_NOT_COMMON_EQUITY_PROVEN,HOSE,hose_public_stock_master/v1,,OFFICIAL_CURRENT_EXCHANGE_SECURITY,,true,,EXACT_SESSION_RETAINED,CURRENT_DESCRIPTIVE_DNSE_REST_ADJUSTED_RETROSPECTIVE_RAW_AS_TRADED_NOT_PROMOTED,DIRECT_CANONICAL_MAPPING
SGB,2026-09-15,12.8,-0.03759398496240607,,,,,,,,,,,,,,,,,ABOVE_MA20_MOMENTUM_POSITIVE,,2026-09-15T16:50:03.746178+07:00,UPCOM,,,,,,,,2026-09-15,2026-09-15,0,EXCHANGE_STOCK_LIST_CANDIDATE_NOT_COMMON_EQUITY_PROVEN,UPCOM,hnx_official_equity_universe/v1,,OFFICIAL_CURRENT_STOCK_LIST_CANDIDATE,,true,,EXACT_SESSION_RETAINED,CURRENT_DESCRIPTIVE_DNSE_REST_ADJUSTED_RETROSPECTIVE_RAW_AS_TRADED_NOT_PROMOTED,DIRECT_CANONICAL_MAPPING
SGC,2026-09-15,108.9,0.009267840593141896,,,,,,,,,,,,,,,,,ABOVE_MA20_MOMENTUM_POSITIVE,,2026-09-15T16:50:03.746178+07:00,DELISTED,,,,,,,,2026-09-15,2026-09-15,0,EXCHANGE_STOCK_LIST_CANDIDATE_NOT_COMMON_EQUITY_PROVEN,HNX_LISTED,hnx_official_equity_universe/v1,,OFFICIAL_CURRENT_STOCK_LIST_CANDIDATE,,true,,EXACT_SESSION_RETAINED,CURRENT_DESCRIPTIVE_DNSE_REST_ADJUSTED_RETROSPECTIVE_RAW_AS_TRADED_NOT_PROMOTED,DIRECT_CANONICAL_MAPPING
SGH,2026-09-15,17.6,0.10000000000000009,,,,,,,,,,,,,,,,,BELOW_MA20_MOMENTUM_NEGATIVE,,2026-09-15T16:50:03.746178+07:00,DELISTED,,,,,,,,2026-09-15,2026-09-15,0,EXCHANGE_STOCK_LIST_CANDIDATE_NOT_COMMON_EQUITY_PROVEN,HNX_LISTED,hnx_official_equity_universe/v1,,OFFICIAL_CURRENT_STOCK_LIST_CANDIDATE,,true,,EXACT_SESSION_RETAINED,CURRENT_DESCRIPTIVE_DNSE_REST_ADJUSTED_RETROSPECTIVE_RAW_AS_TRADED_NOT_PROMOTED,DIRECT_CANONICAL_MAPPING
SGN,2026-09-15,52.5,0.0,,,,,,,,,,,,,,,,,BELOW_MA20_MOMENTUM_NEGATIVE,,2026-09-15T16:50:03.746178+07:00,HSX,,,,,,,,2026-09-15,2026-09-15,0,OFFICIAL_STOCK_MASTER_SECURITY_TYPE_NOT_COMMON_EQUITY_PROVEN,HOSE,hose_public_stock_master/v1,,OFFICIAL_CURRENT_EXCHANGE_SECURITY,,true,,EXACT_SESSION_RETAINED,CURRENT_DESCRIPTIVE_DNSE_REST_ADJUSTED_RETROSPECTIVE_RAW_AS_TRADED_NOT_PROMOTED,DIRECT_CANONICAL_MAPPING
SGP,2026-09-15,20.5,0.03535353535353525,,,,,,,,,,,,,,,,,BELOW_MA20_MOMENTUM_NEGATIVE,,2026-09-15T16:50:03.746178+07:00,UPCOM,,,,,,,,2026-09-15,2026-09-15,0,EXCHANGE_STOCK_LIST_CANDIDATE_NOT_COMMON_EQUITY_PROVEN,UPCOM,hnx_official_equity_universe/v1,,OFFICIAL_CURRENT_STOCK_LIST_CANDIDATE,,true,,EXACT_SESSION_RETAINED,CURRENT_DESCRIPTIVE_DNSE_REST_ADJUSTED_RETROSPECTIVE_RAW_AS_TRADED_NOT_PROMOTED,DIRECT_CANONICAL_MAPPING
SGR,2026-09-15,9.88,-0.009027081243731194,,,,,,,,,,,,,,,,,BELOW_MA20_MOMENTUM_NEGATIVE,,2026-09-15T16:50:03.746178+07:00,HSX,,,,,,,,2026-09-15,2026-09-15,0,OFFICIAL_STOCK_MASTER_SECURITY_TYPE_NOT_COMMON_EQUITY_PROVEN,HOSE,hose_public_stock_master/v1,,OFFICIAL_CURRENT_EXCHANGE_SECURITY,,true,,EXACT_SESSION_RETAINED,CURRENT_DESCRIPTIVE_DNSE_REST_ADJUSTED_RETROSPECTIVE_RAW_AS_TRADED_NOT_PROMOTED,DIRECT_CANONICAL_MAPPING
SGS,2026-09-15,13.5,-0.014598540145985384,,,,,,,,,,,,,,,,,ABOVE_MA20_MOMENTUM_POSITIVE,,2026-09-15T16:50:03.746178+07:00,UPCOM,,,,,,,,2026-09-15,2026-09-15,0,EXCHANGE_STOCK_LIST_CANDIDATE_NOT_COMMON_EQUITY_PROVEN,UPCOM,hnx_official_equity_universe/v1,,OFFICIAL_CURRENT_STOCK_LIST_CANDIDATE,,true,,EXACT_SESSION_RETAINED,CURRENT_DESCRIPTIVE_DNSE_REST_ADJUSTED_RETROSPECTIVE_RAW_AS_TRADED_NOT_PROMOTED,DIRECT_CANONICAL_MAPPING
SGT,2026-09-15,8.78,0.05149700598802398,,,,,,,,,,,,,,,,,BELOW_MA20_MOMENTUM_NEGATIVE,,2026-09-15T16:50:03.746178+07:00,HSX,,,,,,,,2026-09-15,2026-09-15,0,OFFICIAL_STOCK_MASTER_SECURITY_TYPE_NOT_COMMON_EQUITY_PROVEN,HOSE,hose_public_stock_master/v1,,OFFICIAL_CURRENT_EXCHANGE_SECURITY,,true,,EXACT_SESSION_RETAINED,CURRENT_DESCRIPTIVE_DNSE_REST_ADJUSTED_RETROSPECTIVE_RAW_AS_TRADED_NOT_PROMOTED,DIRECT_CANONICAL_MAPPING
SHB,2026-09-15,11.55,0.013157894736842035,,,,,,,,,,,,,,,,,BELOW_MA20_MOMENTUM_NEGATIVE,,2026-09-15T16:50:03.746178+07:00,HSX,,,,,,,,2026-09-15,2026-09-15,0,OFFICIAL_STOCK_MASTER_SECURITY_TYPE_NOT_COMMON_EQUITY_PROVEN,HOSE,hose_public_stock_master/v1,,OFFICIAL_CURRENT_EXCHANGE_SECURITY,,true,,EXACT_SESSION_RETAINED,CURRENT_DESCRIPTIVE_DNSE_REST_ADJUSTED_RETROSPECTIVE_RAW_AS_TRADED_NOT_PROMOTED,DIRECT_CANONICAL_MAPPING
SHC,2026-09-15,11,0.10000000000000009,,,,,,,,,,,,,,,,,ABOVE_MA20_MOMENTUM_POSITIVE,,2026-09-15T16:50:03.746178+07:00,UPCOM,,,,,,,,2026-09-15,2026-09-15,0,EXCHANGE_STOCK_LIST_CANDIDATE_NOT_COMMON_EQUITY_PROVEN,UPCOM,hnx_official_equity_universe/v1,,OFFICIAL_CURRENT_STOCK_LIST_CANDIDATE,,true,,EXACT_SESSION_RETAINED,CURRENT_DESCRIPTIVE_DNSE_REST_ADJUSTED_RETROSPECTIVE_RAW_AS_TRADED_NOT_PROMOTED,DIRECT_CANONICAL_MAPPING
SHI,2026-09-15,14.45,0.0,,,,,,,,,,,,,,,,,NEAR_MA20_NEUTRAL,,2026-09-15T16:50:03.746178+07:00,HSX,,,,,,,,2026-09-15,2026-09-15,0,OFFICIAL_STOCK_MASTER_SECURITY_TYPE_NOT_COMMON_EQUITY_PROVEN,HOSE,hose_public_stock_master/v1,,OFFICIAL_CURRENT_EXCHANGE_SECURITY,,true,,EXACT_SESSION_RETAINED,CURRENT_DESCRIPTIVE_DNSE_REST_ADJUSTED_RETROSPECTIVE_RAW_AS_TRADED_NOT_PROMOTED,DIRECT_CANONICAL_MAPPING
SHN,2026-09-15,6.8,0.014925373134328401,,,,,,,,,,,,,,,,,ABOVE_MA20_MOMENTUM_POSITIVE,,2026-09-15T16:50:03.746178+07:00,DELISTED,,,,,,,,2026-09-15,2026-09-15,0,EXCHANGE_STOCK_LIST_CANDIDATE_NOT_COMMON_EQUITY_PROVEN,HNX_LISTED,hnx_official_equity_universe/v1,,OFFICIAL_CURRENT_STOCK_LIST_CANDIDATE,,true,,EXACT_SESSION_RETAINED,CURRENT_DESCRIPTIVE_DNSE_REST_ADJUSTED_RETROSPECTIVE_RAW_AS_TRADED_NOT_PROMOTED,DIRECT_CANONICAL_MAPPING
SHP,2026-09-15,31,0.0,,,,,,,,,,,,,,,,,BELOW_MA20_MOMENTUM_NEGATIVE,,2026-09-15T16:50:03.746178+07:00,HSX,,,,,,,,2026-09-15,2026-09-15,0,OFFICIAL_STOCK_MASTER_SECURITY_TYPE_NOT_COMMON_EQUITY_PROVEN,HOSE,hose_public_stock_master/v1,,OFFICIAL_CURRENT_EXCHANGE_SECURITY,,true,,EXACT_SESSION_RETAINED,CURRENT_DESCRIPTIVE_DNSE_REST_ADJUSTED_RETROSPECTIVE_RAW_AS_TRADED_NOT_PROMOTED,DIRECT_CANONICAL_MAPPING
SHS,2026-09-15,14.2,0.014285714285714235,,,,,,,,,,,,,,,,,BELOW_MA20_MOMENTUM_NEGATIVE,,2026-09-15T16:50:03.746178+07:00,DELISTED,,,,,,,,2026-09-15,2026-09-15,0,EXCHANGE_STOCK_LIST_CANDIDATE_NOT_COMMON_EQUITY_PROVEN,HNX_LISTED,hnx_official_equity_universe/v1,,OFFICIAL_CURRENT_STOCK_LIST_CANDIDATE,,true,,EXACT_SESSION_RETAINED,CURRENT_DESCRIPTIVE_DNSE_REST_ADJUSTED_RETROSPECTIVE_RAW_AS_TRADED_NOT_PROMOTED,DIRECT_CANONICAL_MAPPING
SID,2026-09-15,12.9,0.06611570247933884,,,,,,,,,,,,,,,,,BELOW_MA20_MOMENTUM_NEGATIVE,,2026-09-15T16:50:03.746178+07:00,UPCOM,,,,,,,,2026-09-15,2026-09-15,0,EXCHANGE_STOCK_LIST_CANDIDATE_NOT_COMMON_EQUITY_PROVEN,UPCOM,hnx_official_equity_universe/v1,,OFFICIAL_CURRENT_STOCK_LIST_CANDIDATE,,true,,EXACT_SESSION_RETAINED,CURRENT_DESCRIPTIVE_DNSE_REST_ADJUSTED_RETROSPECTIVE_RAW_AS_TRADED_NOT_PROMOTED,DIRECT_CANONICAL_MAPPING
SIP,2026-09-15,48,0.005235602094240788,,,,,,,,,,,,,,,,,BELOW_MA20_MOMENTUM_NEGATIVE,,2026-09-15T16:50:03.746178+07:00,HSX,,,,,,,,2026-09-15,2026-09-15,0,OFFICIAL_STOCK_MASTER_SECURITY_TYPE_NOT_COMMON_EQUITY_PROVEN,HOSE,hose_public_stock_master/v1,,OFFICIAL_CURRENT_EXCHANGE_SECURITY,,true,,EXACT_SESSION_RETAINED,CURRENT_DESCRIPTIVE_DNSE_REST_ADJUSTED_RETROSPECTIVE_RAW_AS_TRADED_NOT_PROMOTED,DIRECT_CANONICAL_MAPPING
SJ1,2026-09-15,16.5,-0.05714285714285716,,,,,,,,,,,,,,,,,ABOVE_MA20_MOMENTUM_POSITIVE,,2026-09-15T16:50:03.746178+07:00,DELISTED,,,,,,,,2026-09-15,2026-09-15,0,EXCHANGE_STOCK_LIST_CANDIDATE_NOT_COMMON_EQUITY_PROVEN,HNX_LISTED,hnx_official_equity_universe/v1,,OFFICIAL_CURRENT_STOCK_LIST_CANDIDATE,,true,,EXACT_SESSION_RETAINED,CURRENT_DESCRIPTIVE_DNSE_REST_ADJUSTED_RETROSPECTIVE_RAW_AS_TRADED_NOT_PROMOTED,DIRECT_CANONICAL_MAPPING
SJD,2026-09-15,13.9,0.0,,,,,,,,,,,,,,,,,NEAR_MA20_NEUTRAL,,2026-09-15T16:50:03.746178+07:00,HSX,,,,,,,,2026-09-15,2026-09-15,0,OFFICIAL_STOCK_MASTER_SECURITY_TYPE_NOT_COMMON_EQUITY_PROVEN,HOSE,hose_public_stock_master/v1,,OFFICIAL_CURRENT_EXCHANGE_SECURITY,,true,,EXACT_SESSION_RETAINED,CURRENT_DESCRIPTIVE_DNSE_REST_ADJUSTED_RETROSPECTIVE_RAW_AS_TRADED_NOT_PROMOTED,DIRECT_CANONICAL_MAPPING
SJE,2026-09-15,11.2,-0.034482758620689724,,,,,,,,,,,,,,,,,BELOW_MA20_MOMENTUM_NEGATIVE,,2026-09-15T16:50:03.746178+07:00,DELISTED,,,,,,,,2026-09-15,2026-09-15,0,EXCHANGE_STOCK_LIST_CANDIDATE_NOT_COMMON_EQUITY_PROVEN,HNX_LISTED,hnx_official_equity_universe/v1,,OFFICIAL_CURRENT_STOCK_LIST_CANDIDATE,,true,,EXACT_SESSION_RETAINED,CURRENT_DESCRIPTIVE_DNSE_REST_ADJUSTED_RETROSPECTIVE_RAW_AS_TRADED_NOT_PROMOTED,DIRECT_CANONICAL_MAPPING
SJG,2026-09-15,20.6,0.0,,,,,,,,,,,,,,,,,NEAR_MA20_NEUTRAL,,2026-09-15T16:50:03.746178+07:00,UPCOM,,,,,,,,2026-09-15,2026-09-15,0,EXCHANGE_STOCK_LIST_CANDIDATE_NOT_COMMON_EQUITY_PROVEN,UPCOM,hnx_official_equity_universe/v1,,OFFICIAL_CURRENT_STOCK_LIST_CANDIDATE,,true,,EXACT_SESSION_RETAINED,CURRENT_DESCRIPTIVE_DNSE_REST_ADJUSTED_RETROSPECTIVE_RAW_AS_TRADED_NOT_PROMOTED,DIRECT_CANONICAL_MAPPING
SJS,2026-09-15,56.5,0.0,,,,,,,,,,,,,,,,,ABOVE_MA20_MOMENTUM_NEGATIVE,,2026-09-15T16:50:03.746178+07:00,HSX,,,,,,,,2026-09-15,2026-09-15,0,OFFICIAL_STOCK_MASTER_SECURITY_TYPE_NOT_COMMON_EQUITY_PROVEN,HOSE,hose_public_stock_master/v1,,OFFICIAL_CURRENT_EXCHANGE_SECURITY,,true,,EXACT_SESSION_RETAINED,CURRENT_DESCRIPTIVE_DNSE_REST_ADJUSTED_RETROSPECTIVE_RAW_AS_TRADED_NOT_PROMOTED,DIRECT_CANONICAL_MAPPING
SKG,2026-09-15,7.32,-0.009472259810554773,,,,,,,,,,,,,,,,,BELOW_MA20_MOMENTUM_NEGATIVE,,2026-09-15T16:50:03.746178+07:00,HSX,,,,,,,,2026-09-15,2026-09-15,0,OFFICIAL_STOCK_MASTER_SECURITY_TYPE_NOT_COMMON_EQUITY_PROVEN,HOSE,hose_public_stock_master/v1,,OFFICIAL_CURRENT_EXCHANGE_SECURITY,,true,,EXACT_SESSION_RETAINED,CURRENT_DESCRIPTIVE_DNSE_REST_ADJUSTED_RETROSPECTIVE_RAW_AS_TRADED_NOT_PROMOTED,DIRECT_CANONICAL_MAPPING
SLS,2026-09-15,143.1,0.0006993006993005757,,,,,,,,,,,,,,,,,BELOW_MA20_MOMENTUM_NEGATIVE,,2026-09-15T16:50:03.746178+07:00,DELISTED,,,,,,,,2026-09-15,2026-09-15,0,EXCHANGE_STOCK_LIST_CANDIDATE_NOT_COMMON_EQUITY_PROVEN,HNX_LISTED,hnx_official_equity_universe/v1,,OFFICIAL_CURRENT_STOCK_LIST_CANDIDATE,,true,,EXACT_SESSION_RETAINED,CURRENT_DESCRIPTIVE_DNSE_REST_ADJUSTED_RETROSPECTIVE_RAW_AS_TRADED_NOT_PROMOTED,DIRECT_CANONICAL_MAPPING
SMA,2026-09-15,6.2,0.0,,,,,,,,,,,,,,,,,BELOW_MA20_MOMENTUM_NEGATIVE,,2026-09-15T16:50:03.746178+07:00,HSX,,,,,,,,2026-09-15,2026-09-15,0,OFFICIAL_STOCK_MASTER_SECURITY_TYPE_NOT_COMMON_EQUITY_PROVEN,HOSE,hose_public_stock_master/v1,,OFFICIAL_CURRENT_EXCHANGE_SECURITY,,true,,EXACT_SESSION_RETAINED,CURRENT_DESCRIPTIVE_DNSE_REST_ADJUSTED_RETROSPECTIVE_RAW_AS_TRADED_NOT_PROMOTED,DIRECT_CANONICAL_MAPPING
SMB,2026-09-15,40.45,0.00998751560549338,,,,,,,,,,,,,,,,,ABOVE_MA20_MOMENTUM_POSITIVE,,2026-09-15T16:50:03.746178+07:00,HSX,,,,,,,,2026-09-15,2026-09-15,0,OFFICIAL_STOCK_MASTER_SECURITY_TYPE_NOT_COMMON_EQUITY_PROVEN,HOSE,hose_public_stock_master/v1,,OFFICIAL_CURRENT_EXCHANGE_SECURITY,,true,,EXACT_SESSION_RETAINED,CURRENT_DESCRIPTIVE_DNSE_REST_ADJUSTED_RETROSPECTIVE_RAW_AS_TRADED_NOT_PROMOTED,DIRECT_CANONICAL_MAPPING
SMC,2026-09-15,10,0.019367991845056,,,,,,,,,,,,,,,,,BELOW_MA20_MOMENTUM_NEGATIVE,,2026-09-15T16:50:03.746178+07:00,HSX,,,,,,,,2026-09-15,2026-09-15,0,OFFICIAL_STOCK_MASTER_SECURITY_TYPE_NOT_COMMON_EQUITY_PROVEN,HOSE,hose_public_stock_master/v1,,OFFICIAL_CURRENT_EXCHANGE_SECURITY,,true,,EXACT_SESSION_RETAINED,CURRENT_DESCRIPTIVE_DNSE_REST_ADJUSTED_RETROSPECTIVE_RAW_AS_TRADED_NOT_PROMOTED,DIRECT_CANONICAL_MAPPING
SMN,2026-09-15,6.4,0.0,,,,,,,,,,,,,,,,,BELOW_MA20_MOMENTUM_NEGATIVE,,2026-09-15T16:50:03.746178+07:00,DELISTED,,,,,,,,2026-09-15,2026-09-15,0,EXCHANGE_STOCK_LIST_CANDIDATE_NOT_COMMON_EQUITY_PROVEN,HNX_LISTED,hnx_official_equity_universe/v1,,OFFICIAL_CURRENT_STOCK_LIST_CANDIDATE,,true,,EXACT_SESSION_RETAINED,CURRENT_DESCRIPTIVE_DNSE_REST_ADJUSTED_RETROSPECTIVE_RAW_AS_TRADED_NOT_PROMOTED,DIRECT_CANONICAL_MAPPING
SP2,2026-09-15,30,0.0,,,,,,,,,,,,,,,,,ABOVE_MA20_MOMENTUM_POSITIVE,,2026-09-15T16:50:03.746178+07:00,UPCOM,,,,,,,,2026-09-15,2026-09-15,0,EXCHANGE_STOCK_LIST_CANDIDATE_NOT_COMMON_EQUITY_PROVEN,UPCOM,hnx_official_equity_universe/v1,,OFFICIAL_CURRENT_STOCK_LIST_CANDIDATE,,true,,EXACT_SESSION_RETAINED,CURRENT_DESCRIPTIVE_DNSE_REST_ADJUSTED_RETROSPECTIVE_RAW_AS_TRADED_NOT_PROMOTED,DIRECT_CANONICAL_MAPPING
SPM,2026-09-15,8.78,0.06942752740560265,,,,,,,,,,,,,,,,,BELOW_MA20_MOMENTUM_NEGATIVE,,2026-09-15T16:50:03.746178+07:00,HSX,,,,,,,,2026-09-15,2026-09-15,0,OFFICIAL_STOCK_MASTER_SECURITY_TYPE_NOT_COMMON_EQUITY_PROVEN,HOSE,hose_public_stock_master/v1,,OFFICIAL_CURRENT_EXCHANGE_SECURITY,,true,,EXACT_SESSION_RETAINED,CURRENT_DESCRIPTIVE_DNSE_REST_ADJUSTED_RETROSPECTIVE_RAW_AS_TRADED_NOT_PROMOTED,DIRECT_CANONICAL_MAPPING
SRB,2026-09-15,1.4,0.07692307692307687,,,,,,,,,,,,,,,,,BELOW_MA20_MOMENTUM_NEGATIVE,,2026-09-15T16:50:03.746178+07:00,UPCOM,,,,,,,,2026-09-15,2026-09-15,0,EXCHANGE_STOCK_LIST_CANDIDATE_NOT_COMMON_EQUITY_PROVEN,UPCOM,hnx_official_equity_universe/v1,,OFFICIAL_CURRENT_STOCK_LIST_CANDIDATE,,true,,EXACT_SESSION_RETAINED,CURRENT_DESCRIPTIVE_DNSE_REST_ADJUSTED_RETROSPECTIVE_RAW_AS_TRADED_NOT_PROMOTED,DIRECT_CANONICAL_MAPPING
SRC,2026-09-15,35.5,0.0,,,,,,,,,,,,,,,,,BELOW_MA20_MOMENTUM_NEGATIVE,,2026-09-15T16:50:03.746178+07:00,HSX,,,,,,,,2026-09-15,2026-09-15,0,OFFICIAL_STOCK_MASTER_SECURITY_TYPE_NOT_COMMON_EQUITY_PROVEN,HOSE,hose_public_stock_master/v1,,OFFICIAL_CURRENT_EXCHANGE_SECURITY,,true,,EXACT_SESSION_RETAINED,CURRENT_DESCRIPTIVE_DNSE_REST_ADJUSTED_RETROSPECTIVE_RAW_AS_TRADED_NOT_PROMOTED,DIRECT_CANONICAL_MAPPING
SRF,2026-09-15,7.1,0.02898550724637672,,,,,,,,,,,,,,,,,NEAR_MA20_NEUTRAL,,2026-09-15T16:50:03.746178+07:00,HSX,,,,,,,,2026-09-15,2026-09-15,0,OFFICIAL_STOCK_MASTER_SECURITY_TYPE_NOT_COMMON_EQUITY_PROVEN,HOSE,hose_public_stock_master/v1,,OFFICIAL_CURRENT_EXCHANGE_SECURITY,,true,,EXACT_SESSION_RETAINED,CURRENT_DESCRIPTIVE_DNSE_REST_ADJUSTED_RETROSPECTIVE_RAW_AS_TRADED_NOT_PROMOTED,DIRECT_CANONICAL_MAPPING
SSB,2026-09-15,20.65,0.056265984654731316,,,,,,,,,,,,,,,,,ABOVE_MA20_MOMENTUM_POSITIVE,,2026-09-15T16:50:03.746178+07:00,HSX,,,,,,,,2026-09-15,2026-09-15,0,OFFICIAL_STOCK_MASTER_SECURITY_TYPE_NOT_COMMON_EQUITY_PROVEN,HOSE,hose_public_stock_master/v1,,OFFICIAL_CURRENT_EXCHANGE_SECURITY,,true,,EXACT_SESSION_RETAINED,CURRENT_DESCRIPTIVE_DNSE_REST_ADJUSTED_RETROSPECTIVE_RAW_AS_TRADED_NOT_PROMOTED,DIRECT_CANONICAL_MAPPING
SSC,2026-09-15,21.5,-0.00462962962962965,,,,,,,,,,,,,,,,,BELOW_MA20_MOMENTUM_NEGATIVE,,2026-09-15T16:50:03.746178+07:00,HSX,,,,,,,,2026-09-15,2026-09-15,0,OFFICIAL_STOCK_MASTER_SECURITY_TYPE_NOT_COMMON_EQUITY_PROVEN,HOSE,hose_public_stock_master/v1,,OFFICIAL_CURRENT_EXCHANGE_SECURITY,,true,,EXACT_SESSION_RETAINED,CURRENT_DESCRIPTIVE_DNSE_REST_ADJUSTED_RETROSPECTIVE_RAW_AS_TRADED_NOT_PROMOTED,DIRECT_CANONICAL_MAPPING
SSG,2026-09-15,5.6,0.0,,,,,,,,,,,,,,,,,BELOW_MA20_MOMENTUM_NEGATIVE,,2026-09-15T16:50:03.746178+07:00,UPCOM,,,,,,,,2026-09-15,2026-09-15,0,EXCHANGE_STOCK_LIST_CANDIDATE_NOT_COMMON_EQUITY_PROVEN,UPCOM,hnx_official_equity_universe/v1,,OFFICIAL_CURRENT_STOCK_LIST_CANDIDATE,,true,,EXACT_SESSION_RETAINED,CURRENT_DESCRIPTIVE_DNSE_REST_ADJUSTED_RETROSPECTIVE_RAW_AS_TRADED_NOT_PROMOTED,DIRECT_CANONICAL_MAPPING
SSI,2026-09-15,20.65,0.01724137931034475,,,,,,,,,,,,,,,,,BELOW_MA20_MOMENTUM_NEGATIVE,,2026-09-15T16:50:03.746178+07:00,HSX,securities,,,,,,,2026-09-15,2026-09-15,0,OFFICIAL_STOCK_MASTER_SECURITY_TYPE_NOT_COMMON_EQUITY_PROVEN,HOSE,hose_public_stock_master/v1,,OFFICIAL_CURRENT_EXCHANGE_SECURITY,,true,,EXACT_SESSION_RETAINED,CURRENT_DESCRIPTIVE_NOT_PROMOTED_RAW_AS_TRADED,DIRECT_CANONICAL_MAPPING
ST8,2026-09-15,2,0.010101010101010166,,,,,,,,,,,,,,,,,BELOW_MA20_MOMENTUM_NEGATIVE,,2026-09-15T16:50:03.746178+07:00,HSX,,,,,,,,2026-09-15,2026-09-15,0,OFFICIAL_STOCK_MASTER_SECURITY_TYPE_NOT_COMMON_EQUITY_PROVEN,HOSE,hose_public_stock_master/v1,,OFFICIAL_CURRENT_EXCHANGE_SECURITY,,true,,EXACT_SESSION_RETAINED,CURRENT_DESCRIPTIVE_DNSE_REST_ADJUSTED_RETROSPECTIVE_RAW_AS_TRADED_NOT_PROMOTED,DIRECT_CANONICAL_MAPPING
STB,2026-09-15,76,-0.005235602094240899,,,,,,,,,,,,,,,,,ABOVE_MA20_MOMENTUM_POSITIVE,,2026-09-15T16:50:03.746178+07:00,HSX,,,,,,,,2026-09-15,2026-09-15,0,OFFICIAL_STOCK_MASTER_SECURITY_TYPE_NOT_COMMON_EQUITY_PROVEN,HOSE,hose_public_stock_master/v1,,OFFICIAL_CURRENT_EXCHANGE_SECURITY,,true,,EXACT_SESSION_RETAINED,CURRENT_DESCRIPTIVE_DNSE_REST_ADJUSTED_RETROSPECTIVE_RAW_AS_TRADED_NOT_PROMOTED,DIRECT_CANONICAL_MAPPING
STG,2026-09-15,38,0.057023643949930314,,,,,,,,,,,,,,,,,ABOVE_MA20_MOMENTUM_NEGATIVE,,2026-09-15T16:50:03.746178+07:00,HSX,,,,,,,,2026-09-15,2026-09-15,0,OFFICIAL_STOCK_MASTER_SECURITY_TYPE_NOT_COMMON_EQUITY_PROVEN,HOSE,hose_public_stock_master/v1,,OFFICIAL_CURRENT_EXCHANGE_SECURITY,,true,,EXACT_SESSION_RETAINED,CURRENT_DESCRIPTIVE_DNSE_REST_ADJUSTED_RETROSPECTIVE_RAW_AS_TRADED_NOT_PROMOTED,DIRECT_CANONICAL_MAPPING
STK,2026-09-15,7.78,-0.0012836970474967568,,,,,,,,,,,,,,,,,BELOW_MA20_MOMENTUM_NEGATIVE,,2026-09-15T16:50:03.746178+07:00,HSX,,,,,,,,2026-09-15,2026-09-15,0,OFFICIAL_STOCK_MASTER_SECURITY_TYPE_NOT_COMMON_EQUITY_PROVEN,HOSE,hose_public_stock_master/v1,,OFFICIAL_CURRENT_EXCHANGE_SECURITY,,true,,EXACT_SESSION_RETAINED,CURRENT_DESCRIPTIVE_DNSE_REST_ADJUSTED_RETROSPECTIVE_RAW_AS_TRADED_NOT_PROMOTED,DIRECT_CANONICAL_MAPPING
SVC,2026-09-15,16.5,-0.014925373134328401,,,,,,,,,,,,,,,,,BELOW_MA20_MOMENTUM_NEGATIVE,,2026-09-15T16:50:03.746178+07:00,HSX,,,,,,,,2026-09-15,2026-09-15,0,OFFICIAL_STOCK_MASTER_SECURITY_TYPE_NOT_COMMON_EQUITY_PROVEN,HOSE,hose_public_stock_master/v1,,OFFICIAL_CURRENT_EXCHANGE_SECURITY,,true,,EXACT_SESSION_RETAINED,CURRENT_DESCRIPTIVE_DNSE_REST_ADJUSTED_RETROSPECTIVE_RAW_AS_TRADED_NOT_PROMOTED,DIRECT_CANONICAL_MAPPING
SVD,2026-09-15,5.02,0.0680851063829786,,,,,,,,,,,,,,,,,ABOVE_MA20_MOMENTUM_POSITIVE,,2026-09-15T16:50:03.746178+07:00,HSX,,,,,,,,2026-09-15,2026-09-15,0,OFFICIAL_STOCK_MASTER_SECURITY_TYPE_NOT_COMMON_EQUITY_PROVEN,HOSE,hose_public_stock_master/v1,,OFFICIAL_CURRENT_EXCHANGE_SECURITY,,true,,EXACT_SESSION_RETAINED,CURRENT_DESCRIPTIVE_DNSE_REST_ADJUSTED_RETROSPECTIVE_RAW_AS_TRADED_NOT_PROMOTED,DIRECT_CANONICAL_MAPPING
SVN,2026-09-15,3.5,0.02941176470588247,,,,,,,,,,,,,,,,,ABOVE_MA20_MOMENTUM_NEGATIVE,,2026-09-15T16:50:03.746178+07:00,DELISTED,,,,,,,,2026-09-15,2026-09-15,0,EXCHANGE_STOCK_LIST_CANDIDATE_NOT_COMMON_EQUITY_PROVEN,HNX_LISTED,hnx_official_equity_universe/v1,,OFFICIAL_CURRENT_STOCK_LIST_CANDIDATE,,true,,EXACT_SESSION_RETAINED,CURRENT_DESCRIPTIVE_DNSE_REST_ADJUSTED_RETROSPECTIVE_RAW_AS_TRADED_NOT_PROMOTED,DIRECT_CANONICAL_MAPPING
SVT,2026-09-15,9.01,-0.050579557428872546,,,,,,,,,,,,,,,,,BELOW_MA20_MOMENTUM_NEGATIVE,,2026-09-15T16:50:03.746178+07:00,HSX,,,,,,,,2026-09-15,2026-09-15,0,OFFICIAL_STOCK_MASTER_SECURITY_TYPE_NOT_COMMON_EQUITY_PROVEN,HOSE,hose_public_stock_master/v1,,OFFICIAL_CURRENT_EXCHANGE_SECURITY,,true,,EXACT_SESSION_RETAINED,CURRENT_DESCRIPTIVE_DNSE_REST_ADJUSTED_RETROSPECTIVE_RAW_AS_TRADED_NOT_PROMOTED,DIRECT_CANONICAL_MAPPING
SWC,2026-09-15,23.5,0.0,,,,,,,,,,,,,,,,,BELOW_MA20_MOMENTUM_NEGATIVE,,2026-09-15T16:50:03.746178+07:00,UPCOM,,,,,,,,2026-09-15,2026-09-15,0,EXCHANGE_STOCK_LIST_CANDIDATE_NOT_COMMON_EQUITY_PROVEN,UPCOM,hnx_official_equity_universe/v1,,OFFICIAL_CURRENT_STOCK_LIST_CANDIDATE,,true,,EXACT_SESSION_RETAINED,CURRENT_DESCRIPTIVE_DNSE_REST_ADJUSTED_RETROSPECTIVE_RAW_AS_TRADED_NOT_PROMOTED,DIRECT_CANONICAL_MAPPING
SZB,2026-09-15,40,0.0,,,,,,,,,,,,,,,,,ABOVE_MA20_MOMENTUM_POSITIVE,,2026-09-15T16:50:03.746178+07:00,DELISTED,,,,,,,,2026-09-15,2026-09-15,0,EXCHANGE_STOCK_LIST_CANDIDATE_NOT_COMMON_EQUITY_PROVEN,HNX_LISTED,hnx_official_equity_universe/v1,,OFFICIAL_CURRENT_STOCK_LIST_CANDIDATE,,true,,EXACT_SESSION_RETAINED,CURRENT_DESCRIPTIVE_DNSE_REST_ADJUSTED_RETROSPECTIVE_RAW_AS_TRADED_NOT_PROMOTED,DIRECT_CANONICAL_MAPPING
SZC,2026-09-15,17.55,-0.0028409090909091717,,,,,,,,,,,,,,,,,BELOW_MA20_MOMENTUM_NEGATIVE,,2026-09-15T16:50:03.746178+07:00,HSX,,,,,,,,2026-09-15,2026-09-15,0,OFFICIAL_STOCK_MASTER_SECURITY_TYPE_NOT_COMMON_EQUITY_PROVEN,HOSE,hose_public_stock_master/v1,,OFFICIAL_CURRENT_EXCHANGE_SECURITY,,true,,EXACT_SESSION_RETAINED,CURRENT_DESCRIPTIVE_DNSE_REST_ADJUSTED_RETROSPECTIVE_RAW_AS_TRADED_NOT_PROMOTED,DIRECT_CANONICAL_MAPPING
SZE,2026-09-15,8,0.03896103896103886,,,,,,,,,,,,,,,,,BELOW_MA20_MOMENTUM_NEGATIVE,,2026-09-15T16:50:03.746178+07:00,UPCOM,,,,,,,,2026-09-15,2026-09-15,0,EXCHANGE_STOCK_LIST_CANDIDATE_NOT_COMMON_EQUITY_PROVEN,UPCOM,hnx_official_equity_universe/v1,,OFFICIAL_CURRENT_STOCK_LIST_CANDIDATE,,true,,EXACT_SESSION_RETAINED,CURRENT_DESCRIPTIVE_DNSE_REST_ADJUSTED_RETROSPECTIVE_RAW_AS_TRADED_NOT_PROMOTED,DIRECT_CANONICAL_MAPPING
SZG,2026-09-15,33,0.0,,,,,,,,,,,,,,,,,BELOW_MA20_MOMENTUM_NEGATIVE,,2026-09-15T16:50:03.746178+07:00,UPCOM,,,,,,,,2026-09-15,2026-09-15,0,EXCHANGE_STOCK_LIST_CANDIDATE_NOT_COMMON_EQUITY_PROVEN,UPCOM,hnx_official_equity_universe/v1,,OFFICIAL_CURRENT_STOCK_LIST_CANDIDATE,,true,,EXACT_SESSION_RETAINED,CURRENT_DESCRIPTIVE_DNSE_REST_ADJUSTED_RETROSPECTIVE_RAW_AS_TRADED_NOT_PROMOTED,DIRECT_CANONICAL_MAPPING
SZL,2026-09-15,50.8,0.005940594059405946,,,,,,,,,,,,,,,,,ABOVE_MA20_MOMENTUM_POSITIVE,,2026-09-15T16:50:03.746178+07:00,HSX,,,,,,,,2026-09-15,2026-09-15,0,OFFICIAL_STOCK_MASTER_SECURITY_TYPE_NOT_COMMON_EQUITY_PROVEN,HOSE,hose_public_stock_master/v1,,OFFICIAL_CURRENT_EXCHANGE_SECURITY,,true,,EXACT_SESSION_RETAINED,CURRENT_DESCRIPTIVE_DNSE_REST_ADJUSTED_RETROSPECTIVE_RAW_AS_TRADED_NOT_PROMOTED,DIRECT_CANONICAL_MAPPING
TA9,2026-09-15,10.5,0.0,,,,,,,,,,,,,,,,,NEAR_MA20_NEUTRAL,,2026-09-15T16:50:03.746178+07:00,DELISTED,,,,,,,,2026-09-15,2026-09-15,0,EXCHANGE_STOCK_LIST_CANDIDATE_NOT_COMMON_EQUITY_PROVEN,HNX_LISTED,hnx_official_equity_universe/v1,,OFFICIAL_CURRENT_STOCK_LIST_CANDIDATE,,true,,EXACT_SESSION_RETAINED,CURRENT_DESCRIPTIVE_DNSE_REST_ADJUSTED_RETROSPECTIVE_RAW_AS_TRADED_NOT_PROMOTED,DIRECT_CANONICAL_MAPPING
TAL,2026-09-15,22.35,0.0,,,,,,,,,,,,,,,,,BELOW_MA20_MOMENTUM_NEGATIVE,,2026-09-15T16:50:03.746178+07:00,HSX,,,,,,,,2026-09-15,2026-09-15,0,OFFICIAL_STOCK_MASTER_SECURITY_TYPE_NOT_COMMON_EQUITY_PROVEN,HOSE,hose_public_stock_master/v1,,OFFICIAL_CURRENT_EXCHANGE_SECURITY,,true,,EXACT_SESSION_RETAINED,CURRENT_DESCRIPTIVE_DNSE_REST_ADJUSTED_RETROSPECTIVE_RAW_AS_TRADED_NOT_PROMOTED,DIRECT_CANONICAL_MAPPING
TBC,2026-09-15,31.55,0.0,,,,,,,,,,,,,,,,,BELOW_MA20_MOMENTUM_NEGATIVE,,2026-09-15T16:50:03.746178+07:00,HSX,,,,,,,,2026-09-15,2026-09-15,0,OFFICIAL_STOCK_MASTER_SECURITY_TYPE_NOT_COMMON_EQUITY_PROVEN,HOSE,hose_public_stock_master/v1,,OFFICIAL_CURRENT_EXCHANGE_SECURITY,,true,,EXACT_SESSION_RETAINED,CURRENT_DESCRIPTIVE_DNSE_REST_ADJUSTED_RETROSPECTIVE_RAW_AS_TRADED_NOT_PROMOTED,DIRECT_CANONICAL_MAPPING
TCB,2026-09-15,32.2,0.01098901098901095,,,,,,,,,,,,,,,,,BELOW_MA20_MOMENTUM_NEGATIVE,,2026-09-15T16:50:03.746178+07:00,HSX,bank,,,,,,,2026-09-15,2026-09-15,0,OFFICIAL_STOCK_MASTER_SECURITY_TYPE_NOT_COMMON_EQUITY_PROVEN,HOSE,hose_public_stock_master/v1,,OFFICIAL_CURRENT_EXCHANGE_SECURITY,,true,,EXACT_SESSION_RETAINED,CURRENT_DESCRIPTIVE_DNSE_REST_ADJUSTED_RETROSPECTIVE_RAW_AS_TRADED_NOT_PROMOTED,DIRECT_CANONICAL_MAPPING
TCH,2026-09-15,11.6,0.013100436681222849,,,,,,,,,,,,,,,,,BELOW_MA20_MOMENTUM_NEGATIVE,,2026-09-15T16:50:03.746178+07:00,HSX,,,,,,,,2026-09-15,2026-09-15,0,OFFICIAL_STOCK_MASTER_SECURITY_TYPE_NOT_COMMON_EQUITY_PROVEN,HOSE,hose_public_stock_master/v1,,OFFICIAL_CURRENT_EXCHANGE_SECURITY,,true,,EXACT_SESSION_RETAINED,CURRENT_DESCRIPTIVE_DNSE_REST_ADJUSTED_RETROSPECTIVE_RAW_AS_TRADED_NOT_PROMOTED,DIRECT_CANONICAL_MAPPING
TCI,2026-09-15,9.45,0.005319148936170137,,,,,,,,,,,,,,,,,BELOW_MA20_MOMENTUM_NEGATIVE,,2026-09-15T16:50:03.746178+07:00,HSX,,,,,,,,2026-09-15,2026-09-15,0,OFFICIAL_STOCK_MASTER_SECURITY_TYPE_NOT_COMMON_EQUITY_PROVEN,HOSE,hose_public_stock_master/v1,,OFFICIAL_CURRENT_EXCHANGE_SECURITY,,true,,EXACT_SESSION_RETAINED,CURRENT_DESCRIPTIVE_DNSE_REST_ADJUSTED_RETROSPECTIVE_RAW_AS_TRADED_NOT_PROMOTED,DIRECT_CANONICAL_MAPPING
TCL,2026-09-15,28.9,0.003472222222222099,,,,,,,,,,,,,,,,,BELOW_MA20_MOMENTUM_NEGATIVE,,2026-09-15T16:50:03.746178+07:00,HSX,,,,,,,,2026-09-15,2026-09-15,0,OFFICIAL_STOCK_MASTER_SECURITY_TYPE_NOT_COMMON_EQUITY_PROVEN,HOSE,hose_public_stock_master/v1,,OFFICIAL_CURRENT_EXCHANGE_SECURITY,,true,,EXACT_SESSION_RETAINED,CURRENT_DESCRIPTIVE_DNSE_REST_ADJUSTED_RETROSPECTIVE_RAW_AS_TRADED_NOT_PROMOTED,DIRECT_CANONICAL_MAPPING
TCM,2026-09-15,16.4,-0.0060606060606061,,,,,,,,,,,,,,,,,BELOW_MA20_MOMENTUM_NEGATIVE,,2026-09-15T16:50:03.746178+07:00,HSX,,,,,,,,2026-09-15,2026-09-15,0,OFFICIAL_STOCK_MASTER_SECURITY_TYPE_NOT_COMMON_EQUITY_PROVEN,HOSE,hose_public_stock_master/v1,,OFFICIAL_CURRENT_EXCHANGE_SECURITY,,true,,EXACT_SESSION_RETAINED,CURRENT_DESCRIPTIVE_DNSE_REST_ADJUSTED_RETROSPECTIVE_RAW_AS_TRADED_NOT_PROMOTED,DIRECT_CANONICAL_MAPPING
TCO,2026-09-15,10.6,0.0,,,,,,,,,,,,,,,,,BELOW_MA20_MOMENTUM_NEGATIVE,,2026-09-15T16:50:03.746178+07:00,HSX,,,,,,,,2026-09-15,2026-09-15,0,OFFICIAL_STOCK_MASTER_SECURITY_TYPE_NOT_COMMON_EQUITY_PROVEN,HOSE,hose_public_stock_master/v1,,OFFICIAL_CURRENT_EXCHANGE_SECURITY,,true,,EXACT_SESSION_RETAINED,CURRENT_DESCRIPTIVE_DNSE_REST_ADJUSTED_RETROSPECTIVE_RAW_AS_TRADED_NOT_PROMOTED,DIRECT_CANONICAL_MAPPING
TCR,2026-09-15,2.1,-0.023255813953488302,,,,,,,,,,,,,,,,,BELOW_MA20_MOMENTUM_NEGATIVE,,2026-09-15T16:50:03.746178+07:00,HSX,,,,,,,,2026-09-15,2026-09-15,0,OFFICIAL_STOCK_MASTER_SECURITY_TYPE_NOT_COMMON_EQUITY_PROVEN,HOSE,hose_public_stock_master/v1,,OFFICIAL_CURRENT_EXCHANGE_SECURITY,,true,,EXACT_SESSION_RETAINED,CURRENT_DESCRIPTIVE_DNSE_REST_ADJUSTED_RETROSPECTIVE_RAW_AS_TRADED_NOT_PROMOTED,DIRECT_CANONICAL_MAPPING
TCT,2026-09-15,17.85,-0.0027932960893852776,,,,,,,,,,,,,,,,,BELOW_MA20_MOMENTUM_NEGATIVE,,2026-09-15T16:50:03.746178+07:00,HSX,,,,,,,,2026-09-15,2026-09-15,0,OFFICIAL_STOCK_MASTER_SECURITY_TYPE_NOT_COMMON_EQUITY_PROVEN,HOSE,hose_public_stock_master/v1,,OFFICIAL_CURRENT_EXCHANGE_SECURITY,,true,,EXACT_SESSION_RETAINED,CURRENT_DESCRIPTIVE_DNSE_REST_ADJUSTED_RETROSPECTIVE_RAW_AS_TRADED_NOT_PROMOTED,DIRECT_CANONICAL_MAPPING
TCW,2026-09-15,29.6,-0.0033670033670032407,,,,,,,,,,,,,,,,,NEAR_MA20_NEUTRAL,,2026-09-15T16:50:03.746178+07:00,UPCOM,,,,,,,,2026-09-15,2026-09-15,0,EXCHANGE_STOCK_LIST_CANDIDATE_NOT_COMMON_EQUITY_PROVEN,UPCOM,hnx_official_equity_universe/v1,,OFFICIAL_CURRENT_STOCK_LIST_CANDIDATE,,true,,EXACT_SESSION_RETAINED,CURRENT_DESCRIPTIVE_DNSE_REST_ADJUSTED_RETROSPECTIVE_RAW_AS_TRADED_NOT_PROMOTED,DIRECT_CANONICAL_MAPPING
TCX,2026-09-15,38.4,0.005235602094240788,,,,,,,,,,,,,,,,,BELOW_MA20_MOMENTUM_NEGATIVE,,2026-09-15T16:50:03.746178+07:00,HSX,,,,,,,,2026-09-15,2026-09-15,0,OFFICIAL_STOCK_MASTER_SECURITY_TYPE_NOT_COMMON_EQUITY_PROVEN,HOSE,hose_public_stock_master/v1,,OFFICIAL_CURRENT_EXCHANGE_SECURITY,,true,,EXACT_SESSION_RETAINED,CURRENT_DESCRIPTIVE_DNSE_REST_ADJUSTED_RETROSPECTIVE_RAW_AS_TRADED_NOT_PROMOTED,DIRECT_CANONICAL_MAPPING
TD6,2026-09-15,6.1,0.016666666666666607,,,,,,,,,,,,,,,,,BELOW_MA20_MOMENTUM_NEGATIVE,,2026-09-15T16:50:03.746178+07:00,DELISTED,,,,,,,,2026-09-15,2026-09-15,0,EXCHANGE_STOCK_LIST_CANDIDATE_NOT_COMMON_EQUITY_PROVEN,HNX_LISTED,hnx_official_equity_universe/v1,,OFFICIAL_CURRENT_STOCK_LIST_CANDIDATE,,true,,EXACT_SESSION_RETAINED,CURRENT_DESCRIPTIVE_DNSE_REST_ADJUSTED_RETROSPECTIVE_RAW_AS_TRADED_NOT_PROMOTED,DIRECT_CANONICAL_MAPPING
TDB,2026-09-15,39.5,0.012820512820512775,,,,,,,,,,,,,,,,,ABOVE_MA20_MOMENTUM_POSITIVE,,2026-09-15T16:50:03.746178+07:00,UPCOM,,,,,,,,2026-09-15,2026-09-15,0,EXCHANGE_STOCK_LIST_CANDIDATE_NOT_COMMON_EQUITY_PROVEN,UPCOM,hnx_official_equity_universe/v1,,OFFICIAL_CURRENT_STOCK_LIST_CANDIDATE,,true,,EXACT_SESSION_RETAINED,CURRENT_DESCRIPTIVE_DNSE_REST_ADJUSTED_RETROSPECTIVE_RAW_AS_TRADED_NOT_PROMOTED,DIRECT_CANONICAL_MAPPING
TDC,2026-09-15,6.8,-0.011627906976744207,,,,,,,,,,,,,,,,,BELOW_MA20_MOMENTUM_NEGATIVE,,2026-09-15T16:50:03.746178+07:00,HSX,,,,,,,,2026-09-15,2026-09-15,0,OFFICIAL_STOCK_MASTER_SECURITY_TYPE_NOT_COMMON_EQUITY_PROVEN,HOSE,hose_public_stock_master/v1,,OFFICIAL_CURRENT_EXCHANGE_SECURITY,,true,,EXACT_SESSION_RETAINED,CURRENT_DESCRIPTIVE_DNSE_REST_ADJUSTED_RETROSPECTIVE_RAW_AS_TRADED_NOT_PROMOTED,DIRECT_CANONICAL_MAPPING
TDG,2026-09-15,2.16,-0.027027027027027084,,,,,,,,,,,,,,,,,BELOW_MA20_MOMENTUM_NEGATIVE,,2026-09-15T16:50:03.746178+07:00,HSX,,,,,,,,2026-09-15,2026-09-15,0,OFFICIAL_STOCK_MASTER_SECURITY_TYPE_NOT_COMMON_EQUITY_PROVEN,HOSE,hose_public_stock_master/v1,,OFFICIAL_CURRENT_EXCHANGE_SECURITY,,true,,EXACT_SESSION_RETAINED,CURRENT_DESCRIPTIVE_DNSE_REST_ADJUSTED_RETROSPECTIVE_RAW_AS_TRADED_NOT_PROMOTED,DIRECT_CANONICAL_MAPPING
TDH,2026-09-15,3.19,0.0,,,,,,,,,,,,,,,,,BELOW_MA20_MOMENTUM_NEGATIVE,,2026-09-15T16:50:03.746178+07:00,HSX,,,,,,,,2026-09-15,2026-09-15,0,OFFICIAL_STOCK_MASTER_SECURITY_TYPE_NOT_COMMON_EQUITY_PROVEN,HOSE,hose_public_stock_master/v1,,OFFICIAL_CURRENT_EXCHANGE_SECURITY,,true,,EXACT_SESSION_RETAINED,CURRENT_DESCRIPTIVE_DNSE_REST_ADJUSTED_RETROSPECTIVE_RAW_AS_TRADED_NOT_PROMOTED,DIRECT_CANONICAL_MAPPING
TDM,2026-09-15,57.1,-0.03220338983050841,,,,,,,,,,,,,,,,,ABOVE_MA20_MOMENTUM_POSITIVE,,2026-09-15T16:50:03.746178+07:00,HSX,,,,,,,,2026-09-15,2026-09-15,0,OFFICIAL_STOCK_MASTER_SECURITY_TYPE_NOT_COMMON_EQUITY_PROVEN,HOSE,hose_public_stock_master/v1,,OFFICIAL_CURRENT_EXCHANGE_SECURITY,,true,,EXACT_SESSION_RETAINED,CURRENT_DESCRIPTIVE_DNSE_REST_ADJUSTED_RETROSPECTIVE_RAW_AS_TRADED_NOT_PROMOTED,DIRECT_CANONICAL_MAPPING
TDP,2026-09-15,33.9,0.0,,,,,,,,,,,,,,,,,ABOVE_MA20_MOMENTUM_POSITIVE,,2026-09-15T16:50:03.746178+07:00,HSX,,,,,,,,2026-09-15,2026-09-15,0,OFFICIAL_STOCK_MASTER_SECURITY_TYPE_NOT_COMMON_EQUITY_PROVEN,HOSE,hose_public_stock_master/v1,,OFFICIAL_CURRENT_EXCHANGE_SECURITY,,true,,EXACT_SESSION_RETAINED,CURRENT_DESCRIPTIVE_DNSE_REST_ADJUSTED_RETROSPECTIVE_RAW_AS_TRADED_NOT_PROMOTED,DIRECT_CANONICAL_MAPPING
TDT,2026-09-15,6.6,-0.02941176470588236,,,,,,,,,,,,,,,,,ABOVE_MA20_MOMENTUM_POSITIVE,,2026-09-15T16:50:03.746178+07:00,DELISTED,,,,,,,,2026-09-15,2026-09-15,0,EXCHANGE_STOCK_LIST_CANDIDATE_NOT_COMMON_EQUITY_PROVEN,HNX_LISTED,hnx_official_equity_universe/v1,,OFFICIAL_CURRENT_STOCK_LIST_CANDIDATE,,true,,EXACT_SESSION_RETAINED,CURRENT_DESCRIPTIVE_DNSE_REST_ADJUSTED_RETROSPECTIVE_RAW_AS_TRADED_NOT_PROMOTED,DIRECT_CANONICAL_MAPPING
TEG,2026-09-15,5.93,0.0,,,,,,,,,,,,,,,,,BELOW_MA20_MOMENTUM_NEGATIVE,,2026-09-15T16:50:03.746178+07:00,HSX,,,,,,,,2026-09-15,2026-09-15,0,OFFICIAL_STOCK_MASTER_SECURITY_TYPE_NOT_COMMON_EQUITY_PROVEN,HOSE,hose_public_stock_master/v1,,OFFICIAL_CURRENT_EXCHANGE_SECURITY,,true,,EXACT_SESSION_RETAINED,CURRENT_DESCRIPTIVE_DNSE_REST_ADJUSTED_RETROSPECTIVE_RAW_AS_TRADED_NOT_PROMOTED,DIRECT_CANONICAL_MAPPING
TGP,2026-09-15,6.4,-0.01538461538461533,,,,,,,,,,,,,,,,,ABOVE_MA20_MOMENTUM_POSITIVE,,2026-09-15T16:50:03.746178+07:00,UPCOM,,,,,,,,2026-09-15,2026-09-15,0,EXCHANGE_STOCK_LIST_CANDIDATE_NOT_COMMON_EQUITY_PROVEN,UPCOM,hnx_official_equity_universe/v1,,OFFICIAL_CURRENT_STOCK_LIST_CANDIDATE,,true,,EXACT_SESSION_RETAINED,CURRENT_DESCRIPTIVE_DNSE_REST_ADJUSTED_RETROSPECTIVE_RAW_AS_TRADED_NOT_PROMOTED,DIRECT_CANONICAL_MAPPING
TH1,2026-09-15,5.9,0.0,,,,,,,,,,,,,,,,,ABOVE_MA20_MOMENTUM_POSITIVE,,2026-09-15T16:50:03.746178+07:00,UPCOM,,,,,,,,2026-09-15,2026-09-15,0,EXCHANGE_STOCK_LIST_CANDIDATE_NOT_COMMON_EQUITY_PROVEN,UPCOM,hnx_official_equity_universe/v1,,OFFICIAL_CURRENT_STOCK_LIST_CANDIDATE,,true,,EXACT_SESSION_RETAINED,CURRENT_DESCRIPTIVE_DNSE_REST_ADJUSTED_RETROSPECTIVE_RAW_AS_TRADED_NOT_PROMOTED,DIRECT_CANONICAL_MAPPING
THD,2026-09-15,129.5,0.0023219814241486336,,,,,,,,,,,,,,,,,ABOVE_MA20_MOMENTUM_POSITIVE,,2026-09-15T16:50:03.746178+07:00,DELISTED,,,,,,,,2026-09-15,2026-09-15,0,EXCHANGE_STOCK_LIST_CANDIDATE_NOT_COMMON_EQUITY_PROVEN,HNX_LISTED,hnx_official_equity_universe/v1,,OFFICIAL_CURRENT_STOCK_LIST_CANDIDATE,,true,,EXACT_SESSION_RETAINED,CURRENT_DESCRIPTIVE_DNSE_REST_ADJUSTED_RETROSPECTIVE_RAW_AS_TRADED_NOT_PROMOTED,DIRECT_CANONICAL_MAPPING
THG,2026-09-15,28.7,-0.00692041522491349,,,,,,,,,,,,,,,,,BELOW_MA20_MOMENTUM_NEGATIVE,,2026-09-15T16:50:03.746178+07:00,HSX,,,,,,,,2026-09-15,2026-09-15,0,OFFICIAL_STOCK_MASTER_SECURITY_TYPE_NOT_COMMON_EQUITY_PROVEN,HOSE,hose_public_stock_master/v1,,OFFICIAL_CURRENT_EXCHANGE_SECURITY,,true,,EXACT_SESSION_RETAINED,CURRENT_DESCRIPTIVE_DNSE_REST_ADJUSTED_RETROSPECTIVE_RAW_AS_TRADED_NOT_PROMOTED,DIRECT_CANONICAL_MAPPING
THM,2026-09-15,9.5,0.04395604395604402,,,,,,,,,,,,,,,,,ABOVE_MA20_MOMENTUM_POSITIVE,,2026-09-15T16:50:03.746178+07:00,UPCOM,,,,,,,,2026-09-15,2026-09-15,0,EXCHANGE_STOCK_LIST_CANDIDATE_NOT_COMMON_EQUITY_PROVEN,UPCOM,hnx_official_equity_universe/v1,,OFFICIAL_CURRENT_STOCK_LIST_CANDIDATE,,true,,EXACT_SESSION_RETAINED,CURRENT_DESCRIPTIVE_DNSE_REST_ADJUSTED_RETROSPECTIVE_RAW_AS_TRADED_NOT_PROMOTED,DIRECT_CANONICAL_MAPPING
THP,2026-09-15,9.5,0.0,,,,,,,,,,,,,,,,,ABOVE_MA20_MOMENTUM_POSITIVE,,2026-09-15T16:50:03.746178+07:00,UPCOM,,,,,,,,2026-09-15,2026-09-15,0,EXCHANGE_STOCK_LIST_CANDIDATE_NOT_COMMON_EQUITY_PROVEN,UPCOM,hnx_official_equity_universe/v1,,OFFICIAL_CURRENT_STOCK_LIST_CANDIDATE,,true,,EXACT_SESSION_RETAINED,CURRENT_DESCRIPTIVE_DNSE_REST_ADJUSTED_RETROSPECTIVE_RAW_AS_TRADED_NOT_PROMOTED,DIRECT_CANONICAL_MAPPING
THT,2026-09-15,7,0.014492753623188248,,,,,,,,,,,,,,,,,BELOW_MA20_MOMENTUM_NEGATIVE,,2026-09-15T16:50:03.746178+07:00,DELISTED,,,,,,,,2026-09-15,2026-09-15,0,EXCHANGE_STOCK_LIST_CANDIDATE_NOT_COMMON_EQUITY_PROVEN,HNX_LISTED,hnx_official_equity_universe/v1,,OFFICIAL_CURRENT_STOCK_LIST_CANDIDATE,,true,,EXACT_SESSION_RETAINED,CURRENT_DESCRIPTIVE_DNSE_REST_ADJUSTED_RETROSPECTIVE_RAW_AS_TRADED_NOT_PROMOTED,DIRECT_CANONICAL_MAPPING
TIG,2026-09-15,5.8,0.01754385964912264,,,,,,,,,,,,,,,,,BELOW_MA20_MOMENTUM_NEGATIVE,,2026-09-15T16:50:03.746178+07:00,DELISTED,,,,,,,,2026-09-15,2026-09-15,0,EXCHANGE_STOCK_LIST_CANDIDATE_NOT_COMMON_EQUITY_PROVEN,HNX_LISTED,hnx_official_equity_universe/v1,,OFFICIAL_CURRENT_STOCK_LIST_CANDIDATE,,true,,EXACT_SESSION_RETAINED,CURRENT_DESCRIPTIVE_DNSE_REST_ADJUSTED_RETROSPECTIVE_RAW_AS_TRADED_NOT_PROMOTED,DIRECT_CANONICAL_MAPPING
TIN,2026-09-15,96.1,-0.02929292929292937,,,,,,,,,,,,,,,,,BELOW_MA20_MOMENTUM_POSITIVE,,2026-09-15T16:50:03.746178+07:00,UPCOM,,,,,,,,2026-09-15,2026-09-15,0,EXCHANGE_STOCK_LIST_CANDIDATE_NOT_COMMON_EQUITY_PROVEN,UPCOM,hnx_official_equity_universe/v1,,OFFICIAL_CURRENT_STOCK_LIST_CANDIDATE,,true,,EXACT_SESSION_RETAINED,CURRENT_DESCRIPTIVE_DNSE_REST_ADJUSTED_RETROSPECTIVE_RAW_AS_TRADED_NOT_PROMOTED,DIRECT_CANONICAL_MAPPING
TIP,2026-09-15,16.1,0.006250000000000089,,,,,,,,,,,,,,,,,BELOW_MA20_MOMENTUM_NEGATIVE,,2026-09-15T16:50:03.746178+07:00,HSX,,,,,,,,2026-09-15,2026-09-15,0,OFFICIAL_STOCK_MASTER_SECURITY_TYPE_NOT_COMMON_EQUITY_PROVEN,HOSE,hose_public_stock_master/v1,,OFFICIAL_CURRENT_EXCHANGE_SECURITY,,true,,EXACT_SESSION_RETAINED,CURRENT_DESCRIPTIVE_DNSE_REST_ADJUSTED_RETROSPECTIVE_RAW_AS_TRADED_NOT_PROMOTED,DIRECT_CANONICAL_MAPPING
TIS,2026-09-15,4.3,0.07499999999999996,,,,,,,,,,,,,,,,,BELOW_MA20_MOMENTUM_NEGATIVE,,2026-09-15T16:50:03.746178+07:00,UPCOM,,,,,,,,2026-09-15,2026-09-15,0,EXCHANGE_STOCK_LIST_CANDIDATE_NOT_COMMON_EQUITY_PROVEN,UPCOM,hnx_official_equity_universe/v1,,OFFICIAL_CURRENT_STOCK_LIST_CANDIDATE,,true,,EXACT_SESSION_RETAINED,CURRENT_DESCRIPTIVE_DNSE_REST_ADJUSTED_RETROSPECTIVE_RAW_AS_TRADED_NOT_PROMOTED,DIRECT_CANONICAL_MAPPING
TJC,2026-09-15,8.5,0.011904761904761862,,,,,,,,,,,,,,,,,BELOW_MA20_MOMENTUM_NEGATIVE,,2026-09-15T16:50:03.746178+07:00,DELISTED,,,,,,,,2026-09-15,2026-09-15,0,EXCHANGE_STOCK_LIST_CANDIDATE_NOT_COMMON_EQUITY_PROVEN,HNX_LISTED,hnx_official_equity_universe/v1,,OFFICIAL_CURRENT_STOCK_LIST_CANDIDATE,,true,,EXACT_SESSION_RETAINED,CURRENT_DESCRIPTIVE_DNSE_REST_ADJUSTED_RETROSPECTIVE_RAW_AS_TRADED_NOT_PROMOTED,DIRECT_CANONICAL_MAPPING
TKU,2026-09-15,11.6,-0.008547008547008517,,,,,,,,,,,,,,,,,BELOW_MA20_MOMENTUM_NEGATIVE,,2026-09-15T16:50:03.746178+07:00,DELISTED,,,,,,,,2026-09-15,2026-09-15,0,EXCHANGE_STOCK_LIST_CANDIDATE_NOT_COMMON_EQUITY_PROVEN,HNX_LISTED,hnx_official_equity_universe/v1,,OFFICIAL_CURRENT_STOCK_LIST_CANDIDATE,,true,,EXACT_SESSION_RETAINED,CURRENT_DESCRIPTIVE_DNSE_REST_ADJUSTED_RETROSPECTIVE_RAW_AS_TRADED_NOT_PROMOTED,DIRECT_CANONICAL_MAPPING
TLD,2026-09-15,8.16,-0.003663003663003539,,,,,,,,,,,,,,,,,NEAR_MA20_NEUTRAL,,2026-09-15T16:50:03.746178+07:00,HSX,,,,,,,,2026-09-15,2026-09-15,0,OFFICIAL_STOCK_MASTER_SECURITY_TYPE_NOT_COMMON_EQUITY_PROVEN,HOSE,hose_public_stock_master/v1,,OFFICIAL_CURRENT_EXCHANGE_SECURITY,,true,,EXACT_SESSION_RETAINED,CURRENT_DESCRIPTIVE_DNSE_REST_ADJUSTED_RETROSPECTIVE_RAW_AS_TRADED_NOT_PROMOTED,DIRECT_CANONICAL_MAPPING
TLG,2026-09-15,53.5,0.030828516377649384,,,,,,,,,,,,,,,,,ABOVE_MA20_MOMENTUM_POSITIVE,,2026-09-15T16:50:03.746178+07:00,HSX,,,,,,,,2026-09-15,2026-09-15,0,OFFICIAL_STOCK_MASTER_SECURITY_TYPE_NOT_COMMON_EQUITY_PROVEN,HOSE,hose_public_stock_master/v1,,OFFICIAL_CURRENT_EXCHANGE_SECURITY,,true,,EXACT_SESSION_RETAINED,CURRENT_DESCRIPTIVE_DNSE_REST_ADJUSTED_RETROSPECTIVE_RAW_AS_TRADED_NOT_PROMOTED,DIRECT_CANONICAL_MAPPING
TLH,2026-09-15,3.65,-0.002732240437158584,,,,,,,,,,,,,,,,,BELOW_MA20_MOMENTUM_NEGATIVE,,2026-09-15T16:50:03.746178+07:00,HSX,,,,,,,,2026-09-15,2026-09-15,0,OFFICIAL_STOCK_MASTER_SECURITY_TYPE_NOT_COMMON_EQUITY_PROVEN,HOSE,hose_public_stock_master/v1,,OFFICIAL_CURRENT_EXCHANGE_SECURITY,,true,,EXACT_SESSION_RETAINED,CURRENT_DESCRIPTIVE_DNSE_REST_ADJUSTED_RETROSPECTIVE_RAW_AS_TRADED_NOT_PROMOTED,DIRECT_CANONICAL_MAPPING
TLP,2026-09-15,6.7,0.0,,,,,,,,,,,,,,,,,BELOW_MA20_MOMENTUM_NEGATIVE,,2026-09-15T16:50:03.746178+07:00,UPCOM,,,,,,,,2026-09-15,2026-09-15,0,EXCHANGE_STOCK_LIST_CANDIDATE_NOT_COMMON_EQUITY_PROVEN,UPCOM,hnx_official_equity_universe/v1,,OFFICIAL_CURRENT_STOCK_LIST_CANDIDATE,,true,,EXACT_SESSION_RETAINED,CURRENT_DESCRIPTIVE_DNSE_REST_ADJUSTED_RETROSPECTIVE_RAW_AS_TRADED_NOT_PROMOTED,DIRECT_CANONICAL_MAPPING
TMS,2026-09-15,34.9,0.02196193265007329,,,,,,,,,,,,,,,,,BELOW_MA20_MOMENTUM_NEGATIVE,,2026-09-15T16:50:03.746178+07:00,HSX,,,,,,,,2026-09-15,2026-09-15,0,OFFICIAL_STOCK_MASTER_SECURITY_TYPE_NOT_COMMON_EQUITY_PROVEN,HOSE,hose_public_stock_master/v1,,OFFICIAL_CURRENT_EXCHANGE_SECURITY,,true,,EXACT_SESSION_RETAINED,CURRENT_DESCRIPTIVE_DNSE_REST_ADJUSTED_RETROSPECTIVE_RAW_AS_TRADED_NOT_PROMOTED,DIRECT_CANONICAL_MAPPING
TMT,2026-09-15,10.55,-0.014018691588784882,,,,,,,,,,,,,,,,,BELOW_MA20_MOMENTUM_NEGATIVE,,2026-09-15T16:50:03.746178+07:00,HSX,,,,,,,,2026-09-15,2026-09-15,0,OFFICIAL_STOCK_MASTER_SECURITY_TYPE_NOT_COMMON_EQUITY_PROVEN,HOSE,hose_public_stock_master/v1,,OFFICIAL_CURRENT_EXCHANGE_SECURITY,,true,,EXACT_SESSION_RETAINED,CURRENT_DESCRIPTIVE_DNSE_REST_ADJUSTED_RETROSPECTIVE_RAW_AS_TRADED_NOT_PROMOTED,DIRECT_CANONICAL_MAPPING
TN1,2026-09-15,12.4,0.012244897959183598,,,,,,,,,,,,,,,,,BELOW_MA20_MOMENTUM_NEGATIVE,,2026-09-15T16:50:03.746178+07:00,HSX,,,,,,,,2026-09-15,2026-09-15,0,OFFICIAL_STOCK_MASTER_SECURITY_TYPE_NOT_COMMON_EQUITY_PROVEN,HOSE,hose_public_stock_master/v1,,OFFICIAL_CURRENT_EXCHANGE_SECURITY,,true,,EXACT_SESSION_RETAINED,CURRENT_DESCRIPTIVE_DNSE_REST_ADJUSTED_RETROSPECTIVE_RAW_AS_TRADED_NOT_PROMOTED,DIRECT_CANONICAL_MAPPING
TNC,2026-09-15,26.75,-0.044642857142857095,,,,,,,,,,,,,,,,,BELOW_MA20_MOMENTUM_NEGATIVE,,2026-09-15T16:50:03.746178+07:00,HSX,,,,,,,,2026-09-15,2026-09-15,0,OFFICIAL_STOCK_MASTER_SECURITY_TYPE_NOT_COMMON_EQUITY_PROVEN,HOSE,hose_public_stock_master/v1,,OFFICIAL_CURRENT_EXCHANGE_SECURITY,,true,,EXACT_SESSION_RETAINED,CURRENT_DESCRIPTIVE_DNSE_REST_ADJUSTED_RETROSPECTIVE_RAW_AS_TRADED_NOT_PROMOTED,DIRECT_CANONICAL_MAPPING
TNG,2026-09-15,16.1,0.006250000000000089,,,,,,,,,,,,,,,,,BELOW_MA20_MOMENTUM_NEGATIVE,,2026-09-15T16:50:03.746178+07:00,DELISTED,,,,,,,,2026-09-15,2026-09-15,0,EXCHANGE_STOCK_LIST_CANDIDATE_NOT_COMMON_EQUITY_PROVEN,HNX_LISTED,hnx_official_equity_universe/v1,,OFFICIAL_CURRENT_STOCK_LIST_CANDIDATE,,true,,EXACT_SESSION_RETAINED,CURRENT_DESCRIPTIVE_DNSE_REST_ADJUSTED_RETROSPECTIVE_RAW_AS_TRADED_NOT_PROMOTED,DIRECT_CANONICAL_MAPPING
TNH,2026-09-15,7.7,-0.014084507042253502,,,,,,,,,,,,,,,,,BELOW_MA20_MOMENTUM_NEGATIVE,,2026-09-15T16:50:03.746178+07:00,HSX,,,,,,,,2026-09-15,2026-09-15,0,OFFICIAL_STOCK_MASTER_SECURITY_TYPE_NOT_COMMON_EQUITY_PROVEN,HOSE,hose_public_stock_master/v1,,OFFICIAL_CURRENT_EXCHANGE_SECURITY,,true,,EXACT_SESSION_RETAINED,CURRENT_DESCRIPTIVE_DNSE_REST_ADJUSTED_RETROSPECTIVE_RAW_AS_TRADED_NOT_PROMOTED,DIRECT_CANONICAL_MAPPING
TNI,2026-09-15,5.56,0.014598540145985162,,,,,,,,,,,,,,,,,ABOVE_MA20_MOMENTUM_POSITIVE,,2026-09-15T16:50:03.746178+07:00,HSX,,,,,,,,2026-09-15,2026-09-15,0,OFFICIAL_STOCK_MASTER_SECURITY_TYPE_NOT_COMMON_EQUITY_PROVEN,HOSE,hose_public_stock_master/v1,,OFFICIAL_CURRENT_EXCHANGE_SECURITY,,true,,EXACT_SESSION_RETAINED,CURRENT_DESCRIPTIVE_DNSE_REST_ADJUSTED_RETROSPECTIVE_RAW_AS_TRADED_NOT_PROMOTED,DIRECT_CANONICAL_MAPPING
TNT,2026-09-15,9.97,0.007070707070707005,,,,,,,,,,,,,,,,,ABOVE_MA20_MOMENTUM_POSITIVE,,2026-09-15T16:50:03.746178+07:00,HSX,,,,,,,,2026-09-15,2026-09-15,0,OFFICIAL_STOCK_MASTER_SECURITY_TYPE_NOT_COMMON_EQUITY_PROVEN,HOSE,hose_public_stock_master/v1,,OFFICIAL_CURRENT_EXCHANGE_SECURITY,,true,,EXACT_SESSION_RETAINED,CURRENT_DESCRIPTIVE_DNSE_REST_ADJUSTED_RETROSPECTIVE_RAW_AS_TRADED_NOT_PROMOTED,DIRECT_CANONICAL_MAPPING
TNW,2026-09-15,13.7,-0.007246376811594346,,,,,,,,,,,,,,,,,ABOVE_MA20_MOMENTUM_POSITIVE,,2026-09-15T16:50:03.746178+07:00,UPCOM,,,,,,,,2026-09-15,2026-09-15,0,EXCHANGE_STOCK_LIST_CANDIDATE_NOT_COMMON_EQUITY_PROVEN,UPCOM,hnx_official_equity_universe/v1,,OFFICIAL_CURRENT_STOCK_LIST_CANDIDATE,,true,,EXACT_SESSION_RETAINED,CURRENT_DESCRIPTIVE_DNSE_REST_ADJUSTED_RETROSPECTIVE_RAW_AS_TRADED_NOT_PROMOTED,DIRECT_CANONICAL_MAPPING
TOS,2026-09-15,87,0.016355140186915973,,,,,,,,,,,,,,,,,BELOW_MA20_MOMENTUM_POSITIVE,,2026-09-15T16:50:03.746178+07:00,UPCOM,,,,,,,,2026-09-15,2026-09-15,0,EXCHANGE_STOCK_LIST_CANDIDATE_NOT_COMMON_EQUITY_PROVEN,UPCOM,hnx_official_equity_universe/v1,,OFFICIAL_CURRENT_STOCK_LIST_CANDIDATE,,true,,EXACT_SESSION_RETAINED,CURRENT_DESCRIPTIVE_DNSE_REST_ADJUSTED_RETROSPECTIVE_RAW_AS_TRADED_NOT_PROMOTED,DIRECT_CANONICAL_MAPPING
TOT,2026-09-15,14.2,0.0,,,,,,,,,,,,,,,,,ABOVE_MA20_MOMENTUM_POSITIVE,,2026-09-15T16:50:03.746178+07:00,DELISTED,,,,,,,,2026-09-15,2026-09-15,0,EXCHANGE_STOCK_LIST_CANDIDATE_NOT_COMMON_EQUITY_PROVEN,HNX_LISTED,hnx_official_equity_universe/v1,,OFFICIAL_CURRENT_STOCK_LIST_CANDIDATE,,true,,EXACT_SESSION_RETAINED,CURRENT_DESCRIPTIVE_DNSE_REST_ADJUSTED_RETROSPECTIVE_RAW_AS_TRADED_NOT_PROMOTED,DIRECT_CANONICAL_MAPPING
TPB,2026-09-15,14.15,0.010714285714285676,,,,,,,,,,,,,,,,,BELOW_MA20_MOMENTUM_NEGATIVE,,2026-09-15T16:50:03.746178+07:00,HSX,,,,,,,,2026-09-15,2026-09-15,0,OFFICIAL_STOCK_MASTER_SECURITY_TYPE_NOT_COMMON_EQUITY_PROVEN,HOSE,hose_public_stock_master/v1,,OFFICIAL_CURRENT_EXCHANGE_SECURITY,,true,,EXACT_SESSION_RETAINED,CURRENT_DESCRIPTIVE_DNSE_REST_ADJUSTED_RETROSPECTIVE_RAW_AS_TRADED_NOT_PROMOTED,DIRECT_CANONICAL_MAPPING
TPC,2026-09-15,13.6,-0.007299270072992692,,,,,,,,,,,,,,,,,ABOVE_MA20_MOMENTUM_POSITIVE,,2026-09-15T16:50:03.746178+07:00,HSX,,,,,,,,2026-09-15,2026-09-15,0,OFFICIAL_STOCK_MASTER_SECURITY_TYPE_NOT_COMMON_EQUITY_PROVEN,HOSE,hose_public_stock_master/v1,,OFFICIAL_CURRENT_EXCHANGE_SECURITY,,true,,EXACT_SESSION_RETAINED,CURRENT_DESCRIPTIVE_DNSE_REST_ADJUSTED_RETROSPECTIVE_RAW_AS_TRADED_NOT_PROMOTED,DIRECT_CANONICAL_MAPPING
TRA,2026-09-15,36.4,-0.016216216216216273,,,,,,,,,,,,,,,,,ABOVE_MA20_MOMENTUM_POSITIVE,,2026-09-15T16:50:03.746178+07:00,HSX,,,,,,,,2026-09-15,2026-09-15,0,OFFICIAL_STOCK_MASTER_SECURITY_TYPE_NOT_COMMON_EQUITY_PROVEN,HOSE,hose_public_stock_master/v1,,OFFICIAL_CURRENT_EXCHANGE_SECURITY,,true,,EXACT_SESSION_RETAINED,CURRENT_DESCRIPTIVE_DNSE_REST_ADJUSTED_RETROSPECTIVE_RAW_AS_TRADED_NOT_PROMOTED,DIRECT_CANONICAL_MAPPING
TRC,2026-09-15,21.55,0.06947890818858582,,,,,,,,,,,,,,,,,ABOVE_MA20_MOMENTUM_POSITIVE,,2026-09-15T16:50:03.746178+07:00,HSX,,,,,,,,2026-09-15,2026-09-15,0,OFFICIAL_STOCK_MASTER_SECURITY_TYPE_NOT_COMMON_EQUITY_PROVEN,HOSE,hose_public_stock_master/v1,,OFFICIAL_CURRENT_EXCHANGE_SECURITY,,true,,EXACT_SESSION_RETAINED,CURRENT_DESCRIPTIVE_DNSE_REST_ADJUSTED_RETROSPECTIVE_RAW_AS_TRADED_NOT_PROMOTED,DIRECT_CANONICAL_MAPPING
TRV,2026-09-15,10.8,0.0,,,,,,,,,,,,,,,,,BELOW_MA20_MOMENTUM_NEGATIVE,,2026-09-15T16:50:03.746178+07:00,UPCOM,,,,,,,,2026-09-15,2026-09-15,0,EXCHANGE_STOCK_LIST_CANDIDATE_NOT_COMMON_EQUITY_PROVEN,UPCOM,hnx_official_equity_universe/v1,,OFFICIAL_CURRENT_STOCK_LIST_CANDIDATE,,true,,EXACT_SESSION_RETAINED,CURRENT_DESCRIPTIVE_DNSE_REST_ADJUSTED_RETROSPECTIVE_RAW_AS_TRADED_NOT_PROMOTED,DIRECT_CANONICAL_MAPPING
TS3,2026-09-15,5.1,0.0,,,,,,,,,,,,,,,,,BELOW_MA20_MOMENTUM_NEGATIVE,,2026-09-15T16:50:03.746178+07:00,UPCOM,,,,,,,,2026-09-15,2026-09-15,0,EXCHANGE_STOCK_LIST_CANDIDATE_NOT_COMMON_EQUITY_PROVEN,UPCOM,hnx_official_equity_universe/v1,,OFFICIAL_CURRENT_STOCK_LIST_CANDIDATE,,true,,EXACT_SESSION_RETAINED,CURRENT_DESCRIPTIVE_DNSE_REST_ADJUSTED_RETROSPECTIVE_RAW_AS_TRADED_NOT_PROMOTED,DIRECT_CANONICAL_MAPPING
TSA,2026-09-15,15.7,0.0,,,,,,,,,,,,,,,,,ABOVE_MA20_MOMENTUM_POSITIVE,,2026-09-15T16:50:03.746178+07:00,HSX,,,,,,,,2026-09-15,2026-09-15,0,OFFICIAL_STOCK_MASTER_SECURITY_TYPE_NOT_COMMON_EQUITY_PROVEN,HOSE,hose_public_stock_master/v1,,OFFICIAL_CURRENT_EXCHANGE_SECURITY,,true,,EXACT_SESSION_RETAINED,CURRENT_DESCRIPTIVE_DNSE_REST_ADJUSTED_RETROSPECTIVE_RAW_AS_TRADED_NOT_PROMOTED,DIRECT_CANONICAL_MAPPING
TSC,2026-09-15,1.89,0.005319148936170137,,,,,,,,,,,,,,,,,BELOW_MA20_MOMENTUM_NEGATIVE,,2026-09-15T16:50:03.746178+07:00,HSX,,,,,,,,2026-09-15,2026-09-15,0,OFFICIAL_STOCK_MASTER_SECURITY_TYPE_NOT_COMMON_EQUITY_PROVEN,HOSE,hose_public_stock_master/v1,,OFFICIAL_CURRENT_EXCHANGE_SECURITY,,true,,EXACT_SESSION_RETAINED,CURRENT_DESCRIPTIVE_DNSE_REST_ADJUSTED_RETROSPECTIVE_RAW_AS_TRADED_NOT_PROMOTED,DIRECT_CANONICAL_MAPPING
TSD,2026-09-15,3.4,0.0,,,,,,,,,,,,,,,,,BELOW_MA20_MOMENTUM_NEGATIVE,,2026-09-15T16:50:03.746178+07:00,UPCOM,,,,,,,,2026-09-15,2026-09-15,0,EXCHANGE_STOCK_LIST_CANDIDATE_NOT_COMMON_EQUITY_PROVEN,UPCOM,hnx_official_equity_universe/v1,,OFFICIAL_CURRENT_STOCK_LIST_CANDIDATE,,true,,EXACT_SESSION_RETAINED,CURRENT_DESCRIPTIVE_DNSE_REST_ADJUSTED_RETROSPECTIVE_RAW_AS_TRADED_NOT_PROMOTED,DIRECT_CANONICAL_MAPPING
TT6,2026-09-15,12.5,0.1160714285714286,,,,,,,,,,,,,,,,,ABOVE_MA20_MOMENTUM_POSITIVE,,2026-09-15T16:50:03.746178+07:00,UPCOM,,,,,,,,2026-09-15,2026-09-15,0,EXCHANGE_STOCK_LIST_CANDIDATE_NOT_COMMON_EQUITY_PROVEN,UPCOM,hnx_official_equity_universe/v1,,OFFICIAL_CURRENT_STOCK_LIST_CANDIDATE,,true,,EXACT_SESSION_RETAINED,CURRENT_DESCRIPTIVE_DNSE_REST_ADJUSTED_RETROSPECTIVE_RAW_AS_TRADED_NOT_PROMOTED,DIRECT_CANONICAL_MAPPING
TTA,2026-09-15,11,-0.004524886877828149,,,,,,,,,,,,,,,,,NEAR_MA20_NEUTRAL,,2026-09-15T16:50:03.746178+07:00,HSX,,,,,,,,2026-09-15,2026-09-15,0,OFFICIAL_STOCK_MASTER_SECURITY_TYPE_NOT_COMMON_EQUITY_PROVEN,HOSE,hose_public_stock_master/v1,,OFFICIAL_CURRENT_EXCHANGE_SECURITY,,true,,EXACT_SESSION_RETAINED,CURRENT_DESCRIPTIVE_DNSE_REST_ADJUSTED_RETROSPECTIVE_RAW_AS_TRADED_NOT_PROMOTED,DIRECT_CANONICAL_MAPPING
TTF,2026-09-15,1.42,0.0,,,,,,,,,,,,,,,,,BELOW_MA20_MOMENTUM_NEGATIVE,,2026-09-15T16:50:03.746178+07:00,HSX,,,,,,,,2026-09-15,2026-09-15,0,OFFICIAL_STOCK_MASTER_SECURITY_TYPE_NOT_COMMON_EQUITY_PROVEN,HOSE,hose_public_stock_master/v1,,OFFICIAL_CURRENT_EXCHANGE_SECURITY,,true,,EXACT_SESSION_RETAINED,CURRENT_DESCRIPTIVE_DNSE_REST_ADJUSTED_RETROSPECTIVE_RAW_AS_TRADED_NOT_PROMOTED,DIRECT_CANONICAL_MAPPING
TTG,2026-09-15,22.2,0.062200956937799035,,,,,,,,,,,,,,,,,ABOVE_MA20_MOMENTUM_POSITIVE,,2026-09-15T16:50:03.746178+07:00,UPCOM,,,,,,,,2026-09-15,2026-09-15,0,EXCHANGE_STOCK_LIST_CANDIDATE_NOT_COMMON_EQUITY_PROVEN,UPCOM,hnx_official_equity_universe/v1,,OFFICIAL_CURRENT_STOCK_LIST_CANDIDATE,,true,,EXACT_SESSION_RETAINED,CURRENT_DESCRIPTIVE_DNSE_REST_ADJUSTED_RETROSPECTIVE_RAW_AS_TRADED_NOT_PROMOTED,DIRECT_CANONICAL_MAPPING
TTH,2026-09-15,2.2,0.0,,,,,,,,,,,,,,,,,BELOW_MA20_MOMENTUM_NEGATIVE,,2026-09-15T16:50:03.746178+07:00,DELISTED,,,,,,,,2026-09-15,2026-09-15,0,EXCHANGE_STOCK_LIST_CANDIDATE_NOT_COMMON_EQUITY_PROVEN,HNX_LISTED,hnx_official_equity_universe/v1,,OFFICIAL_CURRENT_STOCK_LIST_CANDIDATE,,true,,EXACT_SESSION_RETAINED,CURRENT_DESCRIPTIVE_DNSE_REST_ADJUSTED_RETROSPECTIVE_RAW_AS_TRADED_NOT_PROMOTED,DIRECT_CANONICAL_MAPPING
TTN,2026-09-15,12.3,0.025000000000000133,,,,,,,,,,,,,,,,,BELOW_MA20_MOMENTUM_NEGATIVE,,2026-09-15T16:50:03.746178+07:00,UPCOM,,,,,,,,2026-09-15,2026-09-15,0,EXCHANGE_STOCK_LIST_CANDIDATE_NOT_COMMON_EQUITY_PROVEN,UPCOM,hnx_official_equity_universe/v1,,OFFICIAL_CURRENT_STOCK_LIST_CANDIDATE,,true,,EXACT_SESSION_RETAINED,CURRENT_DESCRIPTIVE_DNSE_REST_ADJUSTED_RETROSPECTIVE_RAW_AS_TRADED_NOT_PROMOTED,DIRECT_CANONICAL_MAPPING
TV1,2026-09-15,20,0.005025125628140836,,,,,,,,,,,,,,,,,BELOW_MA20_MOMENTUM_NEGATIVE,,2026-09-15T16:50:03.746178+07:00,UPCOM,,,,,,,,2026-09-15,2026-09-15,0,EXCHANGE_STOCK_LIST_CANDIDATE_NOT_COMMON_EQUITY_PROVEN,UPCOM,hnx_official_equity_universe/v1,,OFFICIAL_CURRENT_STOCK_LIST_CANDIDATE,,true,,EXACT_SESSION_RETAINED,CURRENT_DESCRIPTIVE_DNSE_REST_ADJUSTED_RETROSPECTIVE_RAW_AS_TRADED_NOT_PROMOTED,DIRECT_CANONICAL_MAPPING
TV2,2026-09-15,25.75,0.0019455252918287869,,,,,,,,,,,,,,,,,BELOW_MA20_MOMENTUM_NEGATIVE,,2026-09-15T16:50:03.746178+07:00,HSX,,,,,,,,2026-09-15,2026-09-15,0,OFFICIAL_STOCK_MASTER_SECURITY_TYPE_NOT_COMMON_EQUITY_PROVEN,HOSE,hose_public_stock_master/v1,,OFFICIAL_CURRENT_EXCHANGE_SECURITY,,true,,EXACT_SESSION_RETAINED,CURRENT_DESCRIPTIVE_DNSE_REST_ADJUSTED_RETROSPECTIVE_RAW_AS_TRADED_NOT_PROMOTED,DIRECT_CANONICAL_MAPPING
TV4,2026-09-15,14,0.07692307692307687,,,,,,,,,,,,,,,,,BELOW_MA20_MOMENTUM_NEGATIVE,,2026-09-15T16:50:03.746178+07:00,DELISTED,,,,,,,,2026-09-15,2026-09-15,0,EXCHANGE_STOCK_LIST_CANDIDATE_NOT_COMMON_EQUITY_PROVEN,HNX_LISTED,hnx_official_equity_universe/v1,,OFFICIAL_CURRENT_STOCK_LIST_CANDIDATE,,true,,EXACT_SESSION_RETAINED,CURRENT_DESCRIPTIVE_DNSE_REST_ADJUSTED_RETROSPECTIVE_RAW_AS_TRADED_NOT_PROMOTED,DIRECT_CANONICAL_MAPPING
TVB,2026-09-15,5.96,0.0,,,,,,,,,,,,,,,,,BELOW_MA20_MOMENTUM_NEGATIVE,,2026-09-15T16:50:03.746178+07:00,HSX,,,,,,,,2026-09-15,2026-09-15,0,OFFICIAL_STOCK_MASTER_SECURITY_TYPE_NOT_COMMON_EQUITY_PROVEN,HOSE,hose_public_stock_master/v1,,OFFICIAL_CURRENT_EXCHANGE_SECURITY,,true,,EXACT_SESSION_RETAINED,CURRENT_DESCRIPTIVE_DNSE_REST_ADJUSTED_RETROSPECTIVE_RAW_AS_TRADED_NOT_PROMOTED,DIRECT_CANONICAL_MAPPING
TVC,2026-09-15,7.4,0.013698630136986356,,,,,,,,,,,,,,,,,BELOW_MA20_MOMENTUM_NEGATIVE,,2026-09-15T16:50:03.746178+07:00,DELISTED,,,,,,,,2026-09-15,2026-09-15,0,EXCHANGE_STOCK_LIST_CANDIDATE_NOT_COMMON_EQUITY_PROVEN,HNX_LISTED,hnx_official_equity_universe/v1,,OFFICIAL_CURRENT_STOCK_LIST_CANDIDATE,,true,,EXACT_SESSION_RETAINED,CURRENT_DESCRIPTIVE_DNSE_REST_ADJUSTED_RETROSPECTIVE_RAW_AS_TRADED_NOT_PROMOTED,DIRECT_CANONICAL_MAPPING
TVD,2026-09-15,8.7,0.0,,,,,,,,,,,,,,,,,BELOW_MA20_MOMENTUM_NEGATIVE,,2026-09-15T16:50:03.746178+07:00,DELISTED,,,,,,,,2026-09-15,2026-09-15,0,EXCHANGE_STOCK_LIST_CANDIDATE_NOT_COMMON_EQUITY_PROVEN,HNX_LISTED,hnx_official_equity_universe/v1,,OFFICIAL_CURRENT_STOCK_LIST_CANDIDATE,,true,,EXACT_SESSION_RETAINED,CURRENT_DESCRIPTIVE_DNSE_REST_ADJUSTED_RETROSPECTIVE_RAW_AS_TRADED_NOT_PROMOTED,DIRECT_CANONICAL_MAPPING
TVN,2026-09-15,9,0.011235955056179803,,,,,,,,,,,,,,,,,NEAR_MA20_NEUTRAL,,2026-09-15T16:50:03.746178+07:00,UPCOM,,,,,,,,2026-09-15,2026-09-15,0,EXCHANGE_STOCK_LIST_CANDIDATE_NOT_COMMON_EQUITY_PROVEN,UPCOM,hnx_official_equity_universe/v1,,OFFICIAL_CURRENT_STOCK_LIST_CANDIDATE,,true,,EXACT_SESSION_RETAINED,CURRENT_DESCRIPTIVE_DNSE_REST_ADJUSTED_RETROSPECTIVE_RAW_AS_TRADED_NOT_PROMOTED,DIRECT_CANONICAL_MAPPING
TVS,2026-09-15,14.35,0.014134275618374437,,,,,,,,,,,,,,,,,ABOVE_MA20_MOMENTUM_NEGATIVE,,2026-09-15T16:50:03.746178+07:00,HSX,,,,,,,,2026-09-15,2026-09-15,0,OFFICIAL_STOCK_MASTER_SECURITY_TYPE_NOT_COMMON_EQUITY_PROVEN,HOSE,hose_public_stock_master/v1,,OFFICIAL_CURRENT_EXCHANGE_SECURITY,,true,,EXACT_SESSION_RETAINED,CURRENT_DESCRIPTIVE_DNSE_REST_ADJUSTED_RETROSPECTIVE_RAW_AS_TRADED_NOT_PROMOTED,DIRECT_CANONICAL_MAPPING
TYA,2026-09-15,16.85,0.0,,,,,,,,,,,,,,,,,NEAR_MA20_NEUTRAL,,2026-09-15T16:50:03.746178+07:00,HSX,,,,,,,,2026-09-15,2026-09-15,0,OFFICIAL_STOCK_MASTER_SECURITY_TYPE_NOT_COMMON_EQUITY_PROVEN,HOSE,hose_public_stock_master/v1,,OFFICIAL_CURRENT_EXCHANGE_SECURITY,,true,,EXACT_SESSION_RETAINED,CURRENT_DESCRIPTIVE_DNSE_REST_ADJUSTED_RETROSPECTIVE_RAW_AS_TRADED_NOT_PROMOTED,DIRECT_CANONICAL_MAPPING
UDC,2026-09-15,2.9,-0.033333333333333326,,,,,,,,,,,,,,,,,BELOW_MA20_MOMENTUM_NEGATIVE,,2026-09-15T16:50:03.746178+07:00,UPCOM,,,,,,,,2026-09-15,2026-09-15,0,EXCHANGE_STOCK_LIST_CANDIDATE_NOT_COMMON_EQUITY_PROVEN,UPCOM,hnx_official_equity_universe/v1,,OFFICIAL_CURRENT_STOCK_LIST_CANDIDATE,,true,,EXACT_SESSION_RETAINED,CURRENT_DESCRIPTIVE_DNSE_REST_ADJUSTED_RETROSPECTIVE_RAW_AS_TRADED_NOT_PROMOTED,DIRECT_CANONICAL_MAPPING
UDJ,2026-09-15,6.6,0.0,,,,,,,,,,,,,,,,,BELOW_MA20_MOMENTUM_NEGATIVE,,2026-09-15T16:50:03.746178+07:00,UPCOM,,,,,,,,2026-09-15,2026-09-15,0,EXCHANGE_STOCK_LIST_CANDIDATE_NOT_COMMON_EQUITY_PROVEN,UPCOM,hnx_official_equity_universe/v1,,OFFICIAL_CURRENT_STOCK_LIST_CANDIDATE,,true,,EXACT_SESSION_RETAINED,CURRENT_DESCRIPTIVE_DNSE_REST_ADJUSTED_RETROSPECTIVE_RAW_AS_TRADED_NOT_PROMOTED,DIRECT_CANONICAL_MAPPING
UIC,2026-09-15,56,0.02376599634369292,,,,,,,,,,,,,,,,,BELOW_MA20_MOMENTUM_POSITIVE,,2026-09-15T16:50:03.746178+07:00,HSX,,,,,,,,2026-09-15,2026-09-15,0,OFFICIAL_STOCK_MASTER_SECURITY_TYPE_NOT_COMMON_EQUITY_PROVEN,HOSE,hose_public_stock_master/v1,,OFFICIAL_CURRENT_EXCHANGE_SECURITY,,true,,EXACT_SESSION_RETAINED,CURRENT_DESCRIPTIVE_DNSE_REST_ADJUSTED_RETROSPECTIVE_RAW_AS_TRADED_NOT_PROMOTED,DIRECT_CANONICAL_MAPPING
UNI,2026-09-15,6.9,0.078125,,,,,,,,,,,,,,,,,BELOW_MA20_MOMENTUM_NEGATIVE,,2026-09-15T16:50:03.746178+07:00,DELISTED,,,,,,,,2026-09-15,2026-09-15,0,EXCHANGE_STOCK_LIST_CANDIDATE_NOT_COMMON_EQUITY_PROVEN,HNX_LISTED,hnx_official_equity_universe/v1,,OFFICIAL_CURRENT_STOCK_LIST_CANDIDATE,,true,,EXACT_SESSION_RETAINED,CURRENT_DESCRIPTIVE_DNSE_REST_ADJUSTED_RETROSPECTIVE_RAW_AS_TRADED_NOT_PROMOTED,DIRECT_CANONICAL_MAPPING
USD,2026-09-15,16.7,0.0060240963855420215,,,,,,,,,,,,,,,,,ABOVE_MA20_MOMENTUM_POSITIVE,,2026-09-15T16:50:03.746178+07:00,UPCOM,,,,,,,,2026-09-15,2026-09-15,0,EXCHANGE_STOCK_LIST_CANDIDATE_NOT_COMMON_EQUITY_PROVEN,UPCOM,hnx_official_equity_universe/v1,,OFFICIAL_CURRENT_STOCK_LIST_CANDIDATE,,true,,EXACT_SESSION_RETAINED,CURRENT_DESCRIPTIVE_DNSE_REST_ADJUSTED_RETROSPECTIVE_RAW_AS_TRADED_NOT_PROMOTED,DIRECT_CANONICAL_MAPPING
VAB,2026-09-15,9.05,0.003325942350332678,,,,,,,,,,,,,,,,,BELOW_MA20_MOMENTUM_NEGATIVE,,2026-09-15T16:50:03.746178+07:00,HSX,,,,,,,,2026-09-15,2026-09-15,0,OFFICIAL_STOCK_MASTER_SECURITY_TYPE_NOT_COMMON_EQUITY_PROVEN,HOSE,hose_public_stock_master/v1,,OFFICIAL_CURRENT_EXCHANGE_SECURITY,,true,,EXACT_SESSION_RETAINED,CURRENT_DESCRIPTIVE_DNSE_REST_ADJUSTED_RETROSPECTIVE_RAW_AS_TRADED_NOT_PROMOTED,DIRECT_CANONICAL_MAPPING
VAF,2026-09-15,27,0.08000000000000007,,,,,,,,,,,,,,,,,ABOVE_MA20_MOMENTUM_POSITIVE,,2026-09-15T16:50:03.746178+07:00,UPCOM,,,,,,,,2026-09-15,2026-09-15,0,EXCHANGE_STOCK_LIST_CANDIDATE_NOT_COMMON_EQUITY_PROVEN,UPCOM,hnx_official_equity_universe/v1,,OFFICIAL_CURRENT_STOCK_LIST_CANDIDATE,,true,,EXACT_SESSION_RETAINED,CURRENT_DESCRIPTIVE_DNSE_REST_ADJUSTED_RETROSPECTIVE_RAW_AS_TRADED_NOT_PROMOTED,DIRECT_CANONICAL_MAPPING
VAV,2026-09-15,31.1,0.0,,,,,,,,,,,,,,,,,BELOW_MA20_MOMENTUM_NEGATIVE,,2026-09-15T16:50:03.746178+07:00,UPCOM,,,,,,,,2026-09-15,2026-09-15,0,EXCHANGE_STOCK_LIST_CANDIDATE_NOT_COMMON_EQUITY_PROVEN,UPCOM,hnx_official_equity_universe/v1,,OFFICIAL_CURRENT_STOCK_LIST_CANDIDATE,,true,,EXACT_SESSION_RETAINED,CURRENT_DESCRIPTIVE_DNSE_REST_ADJUSTED_RETROSPECTIVE_RAW_AS_TRADED_NOT_PROMOTED,DIRECT_CANONICAL_MAPPING
VBB,2026-09-15,11,0.0,,,,,,,,,,,,,,,,,NEAR_MA20_NEUTRAL,,2026-09-15T16:50:03.746178+07:00,HSX,,,,,,,,2026-09-15,2026-09-15,0,OFFICIAL_STOCK_MASTER_SECURITY_TYPE_NOT_COMMON_EQUITY_PROVEN,HOSE,hose_public_stock_master/v1,,OFFICIAL_CURRENT_EXCHANGE_SECURITY,,true,,EXACT_SESSION_RETAINED,CURRENT_DESCRIPTIVE_DNSE_REST_ADJUSTED_RETROSPECTIVE_RAW_AS_TRADED_NOT_PROMOTED,DIRECT_CANONICAL_MAPPING
VBH,2026-09-15,8.7,-0.1470588235294118,,,,,,,,,,,,,,,,,BELOW_MA20_MOMENTUM_POSITIVE,,2026-09-15T16:50:03.746178+07:00,UPCOM,,,,,,,,2026-09-15,2026-09-15,0,EXCHANGE_STOCK_LIST_CANDIDATE_NOT_COMMON_EQUITY_PROVEN,UPCOM,hnx_official_equity_universe/v1,,OFFICIAL_CURRENT_STOCK_LIST_CANDIDATE,,true,,EXACT_SESSION_RETAINED,CURRENT_DESCRIPTIVE_DNSE_REST_ADJUSTED_RETROSPECTIVE_RAW_AS_TRADED_NOT_PROMOTED,DIRECT_CANONICAL_MAPPING
VBT,2026-09-15,3.6,-0.12195121951219501,,,,,,,,,,,,,,,,,BELOW_MA20_MOMENTUM_NEGATIVE,,2026-09-15T16:50:03.746178+07:00,UPCOM,,,,,,,,2026-09-15,2026-09-15,0,EXCHANGE_STOCK_LIST_CANDIDATE_NOT_COMMON_EQUITY_PROVEN,UPCOM,hnx_official_equity_universe/v1,,OFFICIAL_CURRENT_STOCK_LIST_CANDIDATE,,true,,EXACT_SESSION_RETAINED,CURRENT_DESCRIPTIVE_DNSE_REST_ADJUSTED_RETROSPECTIVE_RAW_AS_TRADED_NOT_PROMOTED,DIRECT_CANONICAL_MAPPING
VC2,2026-09-15,3.2,0.032258064516129004,,,,,,,,,,,,,,,,,BELOW_MA20_MOMENTUM_NEGATIVE,,2026-09-15T16:50:03.746178+07:00,DELISTED,,,,,,,,2026-09-15,2026-09-15,0,EXCHANGE_STOCK_LIST_CANDIDATE_NOT_COMMON_EQUITY_PROVEN,HNX_LISTED,hnx_official_equity_universe/v1,,OFFICIAL_CURRENT_STOCK_LIST_CANDIDATE,,true,,EXACT_SESSION_RETAINED,CURRENT_DESCRIPTIVE_DNSE_REST_ADJUSTED_RETROSPECTIVE_RAW_AS_TRADED_NOT_PROMOTED,DIRECT_CANONICAL_MAPPING
VC3,2026-09-15,23.6,0.004255319148936287,,,,,,,,,,,,,,,,,BELOW_MA20_MOMENTUM_NEGATIVE,,2026-09-15T16:50:03.746178+07:00,DELISTED,,,,,,,,2026-09-15,2026-09-15,0,EXCHANGE_STOCK_LIST_CANDIDATE_NOT_COMMON_EQUITY_PROVEN,HNX_LISTED,hnx_official_equity_universe/v1,,OFFICIAL_CURRENT_STOCK_LIST_CANDIDATE,,true,,EXACT_SESSION_RETAINED,CURRENT_DESCRIPTIVE_DNSE_REST_ADJUSTED_RETROSPECTIVE_RAW_AS_TRADED_NOT_PROMOTED,DIRECT_CANONICAL_MAPPING
VC7,2026-09-15,6.9,0.014705882352941346,,,,,,,,,,,,,,,,,BELOW_MA20_MOMENTUM_NEGATIVE,,2026-09-15T16:50:03.746178+07:00,DELISTED,,,,,,,,2026-09-15,2026-09-15,0,EXCHANGE_STOCK_LIST_CANDIDATE_NOT_COMMON_EQUITY_PROVEN,HNX_LISTED,hnx_official_equity_universe/v1,,OFFICIAL_CURRENT_STOCK_LIST_CANDIDATE,,true,,EXACT_SESSION_RETAINED,CURRENT_DESCRIPTIVE_DNSE_REST_ADJUSTED_RETROSPECTIVE_RAW_AS_TRADED_NOT_PROMOTED,DIRECT_CANONICAL_MAPPING
VC9,2026-09-15,4.3,-0.022727272727272818,,,,,,,,,,,,,,,,,NEAR_MA20_NEUTRAL,,2026-09-15T16:50:03.746178+07:00,DELISTED,,,,,,,,2026-09-15,2026-09-15,0,EXCHANGE_STOCK_LIST_CANDIDATE_NOT_COMMON_EQUITY_PROVEN,HNX_LISTED,hnx_official_equity_universe/v1,,OFFICIAL_CURRENT_STOCK_LIST_CANDIDATE,,true,,EXACT_SESSION_RETAINED,CURRENT_DESCRIPTIVE_DNSE_REST_ADJUSTED_RETROSPECTIVE_RAW_AS_TRADED_NOT_PROMOTED,DIRECT_CANONICAL_MAPPING
VCA,2026-09-15,6.45,-0.006163328197226536,,,,,,,,,,,,,,,,,BELOW_MA20_MOMENTUM_NEGATIVE,,2026-09-15T16:50:03.746178+07:00,HSX,,,,,,,,2026-09-15,2026-09-15,0,OFFICIAL_STOCK_MASTER_SECURITY_TYPE_NOT_COMMON_EQUITY_PROVEN,HOSE,hose_public_stock_master/v1,,OFFICIAL_CURRENT_EXCHANGE_SECURITY,,true,,EXACT_SESSION_RETAINED,CURRENT_DESCRIPTIVE_DNSE_REST_ADJUSTED_RETROSPECTIVE_RAW_AS_TRADED_NOT_PROMOTED,DIRECT_CANONICAL_MAPPING
VCB,2026-09-15,60,0.02564102564102555,,,,,,,,,,,,,,,,,NEAR_MA20_NEUTRAL,,2026-09-15T16:50:03.746178+07:00,HSX,bank,,,,,,,2026-09-15,2026-09-15,0,OFFICIAL_STOCK_MASTER_SECURITY_TYPE_NOT_COMMON_EQUITY_PROVEN,HOSE,hose_public_stock_master/v1,,OFFICIAL_CURRENT_EXCHANGE_SECURITY,,true,,EXACT_SESSION_RETAINED,CURRENT_DESCRIPTIVE_DNSE_REST_ADJUSTED_RETROSPECTIVE_RAW_AS_TRADED_NOT_PROMOTED,DIRECT_CANONICAL_MAPPING
VCC,2026-09-15,9.6,0.02127659574468077,,,,,,,,,,,,,,,,,BELOW_MA20_MOMENTUM_NEGATIVE,,2026-09-15T16:50:03.746178+07:00,DELISTED,,,,,,,,2026-09-15,2026-09-15,0,EXCHANGE_STOCK_LIST_CANDIDATE_NOT_COMMON_EQUITY_PROVEN,HNX_LISTED,hnx_official_equity_universe/v1,,OFFICIAL_CURRENT_STOCK_LIST_CANDIDATE,,true,,EXACT_SESSION_RETAINED,CURRENT_DESCRIPTIVE_DNSE_REST_ADJUSTED_RETROSPECTIVE_RAW_AS_TRADED_NOT_PROMOTED,DIRECT_CANONICAL_MAPPING
VCF,2026-09-15,296,-0.0033670033670033517,,,,,,,,,,,,,,,,,NEAR_MA20_NEUTRAL,,2026-09-15T16:50:03.746178+07:00,HSX,,,,,,,,2026-09-15,2026-09-15,0,OFFICIAL_STOCK_MASTER_SECURITY_TYPE_NOT_COMMON_EQUITY_PROVEN,HOSE,hose_public_stock_master/v1,,OFFICIAL_CURRENT_EXCHANGE_SECURITY,,true,,EXACT_SESSION_RETAINED,CURRENT_DESCRIPTIVE_DNSE_REST_ADJUSTED_RETROSPECTIVE_RAW_AS_TRADED_NOT_PROMOTED,DIRECT_CANONICAL_MAPPING
VCG,2026-09-15,14.5,0.00694444444444442,,,,,,,,,,,,,,,,,BELOW_MA20_MOMENTUM_NEGATIVE,,2026-09-15T16:50:03.746178+07:00,HSX,,,,,,,,2026-09-15,2026-09-15,0,OFFICIAL_STOCK_MASTER_SECURITY_TYPE_NOT_COMMON_EQUITY_PROVEN,HOSE,hose_public_stock_master/v1,,OFFICIAL_CURRENT_EXCHANGE_SECURITY,,true,,EXACT_SESSION_RETAINED,CURRENT_DESCRIPTIVE_DNSE_REST_ADJUSTED_RETROSPECTIVE_RAW_AS_TRADED_NOT_PROMOTED,DIRECT_CANONICAL_MAPPING
VCI,2026-09-15,19.8,0.010204081632652962,,,,,,,,,,,,,,,,,BELOW_MA20_MOMENTUM_NEGATIVE,,2026-09-15T16:50:03.746178+07:00,HSX,,,,,,,,2026-09-15,2026-09-15,0,OFFICIAL_STOCK_MASTER_SECURITY_TYPE_NOT_COMMON_EQUITY_PROVEN,HOSE,hose_public_stock_master/v1,,OFFICIAL_CURRENT_EXCHANGE_SECURITY,,true,,EXACT_SESSION_RETAINED,CURRENT_DESCRIPTIVE_DNSE_REST_ADJUSTED_RETROSPECTIVE_RAW_AS_TRADED_NOT_PROMOTED,DIRECT_CANONICAL_MAPPING
VCK,2026-09-15,28.35,-0.0017605633802816323,,,,,,,,,,,,,,,,,BELOW_MA20_MOMENTUM_NEGATIVE,,2026-09-15T16:50:03.746178+07:00,HSX,,,,,,,,2026-09-15,2026-09-15,0,OFFICIAL_STOCK_MASTER_SECURITY_TYPE_NOT_COMMON_EQUITY_PROVEN,HOSE,hose_public_stock_master/v1,,OFFICIAL_CURRENT_EXCHANGE_SECURITY,,true,,EXACT_SESSION_RETAINED,CURRENT_DESCRIPTIVE_DNSE_REST_ADJUSTED_RETROSPECTIVE_RAW_AS_TRADED_NOT_PROMOTED,DIRECT_CANONICAL_MAPPING
VCM,2026-09-15,5.3,-0.07017543859649134,,,,,,,,,,,,,,,,,BELOW_MA20_MOMENTUM_NEGATIVE,,2026-09-15T16:50:03.746178+07:00,DELISTED,,,,,,,,2026-09-15,2026-09-15,0,EXCHANGE_STOCK_LIST_CANDIDATE_NOT_COMMON_EQUITY_PROVEN,HNX_LISTED,hnx_official_equity_universe/v1,,OFFICIAL_CURRENT_STOCK_LIST_CANDIDATE,,true,,EXACT_SESSION_RETAINED,CURRENT_DESCRIPTIVE_DNSE_REST_ADJUSTED_RETROSPECTIVE_RAW_AS_TRADED_NOT_PROMOTED,DIRECT_CANONICAL_MAPPING
VCP,2026-09-15,23.3,-0.004273504273504147,,,,,,,,,,,,,,,,,BELOW_MA20_MOMENTUM_NEGATIVE,,2026-09-15T16:50:03.746178+07:00,UPCOM,,,,,,,,2026-09-15,2026-09-15,0,EXCHANGE_STOCK_LIST_CANDIDATE_NOT_COMMON_EQUITY_PROVEN,UPCOM,hnx_official_equity_universe/v1,,OFFICIAL_CURRENT_STOCK_LIST_CANDIDATE,,true,,EXACT_SESSION_RETAINED,CURRENT_DESCRIPTIVE_DNSE_REST_ADJUSTED_RETROSPECTIVE_RAW_AS_TRADED_NOT_PROMOTED,DIRECT_CANONICAL_MAPPING
VCR,2026-09-15,48.1,-0.0041407867494822614,,,,,,,,,,,,,,,,,ABOVE_MA20_MOMENTUM_POSITIVE,,2026-09-15T16:50:03.746178+07:00,UPCOM,,,,,,,,2026-09-15,2026-09-15,0,EXCHANGE_STOCK_LIST_CANDIDATE_NOT_COMMON_EQUITY_PROVEN,UPCOM,hnx_official_equity_universe/v1,,OFFICIAL_CURRENT_STOCK_LIST_CANDIDATE,,true,,EXACT_SESSION_RETAINED,CURRENT_DESCRIPTIVE_DNSE_REST_ADJUSTED_RETROSPECTIVE_RAW_AS_TRADED_NOT_PROMOTED,DIRECT_CANONICAL_MAPPING
VCS,2026-09-15,31,0.0,,,,,,,,,,,,,,,,,BELOW_MA20_MOMENTUM_NEGATIVE,,2026-09-15T16:50:03.746178+07:00,DELISTED,,,,,,,,2026-09-15,2026-09-15,0,EXCHANGE_STOCK_LIST_CANDIDATE_NOT_COMMON_EQUITY_PROVEN,HNX_LISTED,hnx_official_equity_universe/v1,,OFFICIAL_CURRENT_STOCK_LIST_CANDIDATE,,true,,EXACT_SESSION_RETAINED,CURRENT_DESCRIPTIVE_DNSE_REST_ADJUSTED_RETROSPECTIVE_RAW_AS_TRADED_NOT_PROMOTED,DIRECT_CANONICAL_MAPPING
VDP,2026-09-15,24,-0.032258064516129115,,,,,,,,,,,,,,,,,BELOW_MA20_MOMENTUM_NEGATIVE,,2026-09-15T16:50:03.746178+07:00,HSX,,,,,,,,2026-09-15,2026-09-15,0,OFFICIAL_STOCK_MASTER_SECURITY_TYPE_NOT_COMMON_EQUITY_PROVEN,HOSE,hose_public_stock_master/v1,,OFFICIAL_CURRENT_EXCHANGE_SECURITY,,true,,EXACT_SESSION_RETAINED,CURRENT_DESCRIPTIVE_DNSE_REST_ADJUSTED_RETROSPECTIVE_RAW_AS_TRADED_NOT_PROMOTED,DIRECT_CANONICAL_MAPPING
VDS,2026-09-15,10.75,0.033653846153846034,,,,,,,,,,,,,,,,,BELOW_MA20_MOMENTUM_NEGATIVE,,2026-09-15T16:50:03.746178+07:00,HSX,,,,,,,,2026-09-15,2026-09-15,0,OFFICIAL_STOCK_MASTER_SECURITY_TYPE_NOT_COMMON_EQUITY_PROVEN,HOSE,hose_public_stock_master/v1,,OFFICIAL_CURRENT_EXCHANGE_SECURITY,,true,,EXACT_SESSION_RETAINED,CURRENT_DESCRIPTIVE_DNSE_REST_ADJUSTED_RETROSPECTIVE_RAW_AS_TRADED_NOT_PROMOTED,DIRECT_CANONICAL_MAPPING
VE1,2026-09-15,2.8,-0.034482758620689724,,,,,,,,,,,,,,,,,BELOW_MA20_MOMENTUM_NEGATIVE,,2026-09-15T16:50:03.746178+07:00,DELISTED,,,,,,,,2026-09-15,2026-09-15,0,EXCHANGE_STOCK_LIST_CANDIDATE_NOT_COMMON_EQUITY_PROVEN,HNX_LISTED,hnx_official_equity_universe/v1,,OFFICIAL_CURRENT_STOCK_LIST_CANDIDATE,,true,,EXACT_SESSION_RETAINED,CURRENT_DESCRIPTIVE_DNSE_REST_ADJUSTED_RETROSPECTIVE_RAW_AS_TRADED_NOT_PROMOTED,DIRECT_CANONICAL_MAPPING
VE9,2026-09-15,2.5,-0.03846153846153855,,,,,,,,,,,,,,,,,BELOW_MA20_MOMENTUM_NEGATIVE,,2026-09-15T16:50:03.746178+07:00,UPCOM,,,,,,,,2026-09-15,2026-09-15,0,EXCHANGE_STOCK_LIST_CANDIDATE_NOT_COMMON_EQUITY_PROVEN,UPCOM,hnx_official_equity_universe/v1,,OFFICIAL_CURRENT_STOCK_LIST_CANDIDATE,,true,,EXACT_SESSION_RETAINED,CURRENT_DESCRIPTIVE_DNSE_REST_ADJUSTED_RETROSPECTIVE_RAW_AS_TRADED_NOT_PROMOTED,DIRECT_CANONICAL_MAPPING
VEA,2026-09-15,35.8,0.0,,,,,,,,,,,,,,,,,ABOVE_MA20_MOMENTUM_POSITIVE,,2026-09-15T16:50:03.746178+07:00,UPCOM,,,,,,,,2026-09-15,2026-09-15,0,EXCHANGE_STOCK_LIST_CANDIDATE_NOT_COMMON_EQUITY_PROVEN,UPCOM,hnx_official_equity_universe/v1,,OFFICIAL_CURRENT_STOCK_LIST_CANDIDATE,,true,,EXACT_SESSION_RETAINED,CURRENT_DESCRIPTIVE_DNSE_REST_ADJUSTED_RETROSPECTIVE_RAW_AS_TRADED_NOT_PROMOTED,DIRECT_CANONICAL_MAPPING
VEF,2026-09-15,81,0.041131105398457546,,,,,,,,,,,,,,,,,BELOW_MA20_MOMENTUM_NEGATIVE,,2026-09-15T16:50:03.746178+07:00,UPCOM,,,,,,,,2026-09-15,2026-09-15,0,EXCHANGE_STOCK_LIST_CANDIDATE_NOT_COMMON_EQUITY_PROVEN,UPCOM,hnx_official_equity_universe/v1,,OFFICIAL_CURRENT_STOCK_LIST_CANDIDATE,,true,,EXACT_SESSION_RETAINED,CURRENT_DESCRIPTIVE_DNSE_REST_ADJUSTED_RETROSPECTIVE_RAW_AS_TRADED_NOT_PROMOTED,DIRECT_CANONICAL_MAPPING
VFG,2026-09-15,43.6,-0.0022883295194507935,,,,,,,,,,,,,,,,,BELOW_MA20_MOMENTUM_NEGATIVE,,2026-09-15T16:50:03.746178+07:00,HSX,,,,,,,,2026-09-15,2026-09-15,0,OFFICIAL_STOCK_MASTER_SECURITY_TYPE_NOT_COMMON_EQUITY_PROVEN,HOSE,hose_public_stock_master/v1,,OFFICIAL_CURRENT_EXCHANGE_SECURITY,,true,,EXACT_SESSION_RETAINED,CURRENT_DESCRIPTIVE_DNSE_REST_ADJUSTED_RETROSPECTIVE_RAW_AS_TRADED_NOT_PROMOTED,DIRECT_CANONICAL_MAPPING
VFR,2026-09-15,10.3,0.0957446808510638,,,,,,,,,,,,,,,,,NEAR_MA20_NEUTRAL,,2026-09-15T16:50:03.746178+07:00,UPCOM,,,,,,,,2026-09-15,2026-09-15,0,EXCHANGE_STOCK_LIST_CANDIDATE_NOT_COMMON_EQUITY_PROVEN,UPCOM,hnx_official_equity_universe/v1,,OFFICIAL_CURRENT_STOCK_LIST_CANDIDATE,,true,,EXACT_SESSION_RETAINED,CURRENT_DESCRIPTIVE_DNSE_REST_ADJUSTED_RETROSPECTIVE_RAW_AS_TRADED_NOT_PROMOTED,DIRECT_CANONICAL_MAPPING
VFS,2026-09-15,10.1,0.010000000000000009,,,,,,,,,,,,,,,,,BELOW_MA20_MOMENTUM_NEGATIVE,,2026-09-15T16:50:03.746178+07:00,DELISTED,,,,,,,,2026-09-15,2026-09-15,0,EXCHANGE_STOCK_LIST_CANDIDATE_NOT_COMMON_EQUITY_PROVEN,HNX_LISTED,hnx_official_equity_universe/v1,,OFFICIAL_CURRENT_STOCK_LIST_CANDIDATE,,true,,EXACT_SESSION_RETAINED,CURRENT_DESCRIPTIVE_DNSE_REST_ADJUSTED_RETROSPECTIVE_RAW_AS_TRADED_NOT_PROMOTED,DIRECT_CANONICAL_MAPPING
VGC,2026-09-15,39.8,0.039164490861618884,,,,,,,,,,,,,,,,,BELOW_MA20_MOMENTUM_NEGATIVE,,2026-09-15T16:50:03.746178+07:00,HSX,,,,,,,,2026-09-15,2026-09-15,0,OFFICIAL_STOCK_MASTER_SECURITY_TYPE_NOT_COMMON_EQUITY_PROVEN,HOSE,hose_public_stock_master/v1,,OFFICIAL_CURRENT_EXCHANGE_SECURITY,,true,,EXACT_SESSION_RETAINED,CURRENT_DESCRIPTIVE_DNSE_REST_ADJUSTED_RETROSPECTIVE_RAW_AS_TRADED_NOT_PROMOTED,DIRECT_CANONICAL_MAPPING
VGG,2026-09-15,38.7,0.03200000000000003,,,,,,,,,,,,,,,,,BELOW_MA20_MOMENTUM_NEGATIVE,,2026-09-15T16:50:03.746178+07:00,UPCOM,,,,,,,,2026-09-15,2026-09-15,0,EXCHANGE_STOCK_LIST_CANDIDATE_NOT_COMMON_EQUITY_PROVEN,UPCOM,hnx_official_equity_universe/v1,,OFFICIAL_CURRENT_STOCK_LIST_CANDIDATE,,true,,EXACT_SESSION_RETAINED,CURRENT_DESCRIPTIVE_DNSE_REST_ADJUSTED_RETROSPECTIVE_RAW_AS_TRADED_NOT_PROMOTED,DIRECT_CANONICAL_MAPPING
VGI,2026-09-15,83.9,0.010843373493975905,,,,,,,,,,,,,,,,,BELOW_MA20_MOMENTUM_POSITIVE,,2026-09-15T16:50:03.746178+07:00,UPCOM,,,,,,,,2026-09-15,2026-09-15,0,EXCHANGE_STOCK_LIST_CANDIDATE_NOT_COMMON_EQUITY_PROVEN,UPCOM,hnx_official_equity_universe/v1,,OFFICIAL_CURRENT_STOCK_LIST_CANDIDATE,,true,,EXACT_SESSION_RETAINED,CURRENT_DESCRIPTIVE_DNSE_REST_ADJUSTED_RETROSPECTIVE_RAW_AS_TRADED_NOT_PROMOTED,DIRECT_CANONICAL_MAPPING
VGP,2026-09-15,28.1,0.0035714285714285587,,,,,,,,,,,,,,,,,ABOVE_MA20_MOMENTUM_POSITIVE,,2026-09-15T16:50:03.746178+07:00,DELISTED,,,,,,,,2026-09-15,2026-09-15,0,EXCHANGE_STOCK_LIST_CANDIDATE_NOT_COMMON_EQUITY_PROVEN,HNX_LISTED,hnx_official_equity_universe/v1,,OFFICIAL_CURRENT_STOCK_LIST_CANDIDATE,,true,,EXACT_SESSION_RETAINED,CURRENT_DESCRIPTIVE_DNSE_REST_ADJUSTED_RETROSPECTIVE_RAW_AS_TRADED_NOT_PROMOTED,DIRECT_CANONICAL_MAPPING
VGR,2026-09-15,119,-0.024590163934426257,,,,,,,,,,,,,,,,,ABOVE_MA20_MOMENTUM_POSITIVE,,2026-09-15T16:50:03.746178+07:00,UPCOM,,,,,,,,2026-09-15,2026-09-15,0,EXCHANGE_STOCK_LIST_CANDIDATE_NOT_COMMON_EQUITY_PROVEN,UPCOM,hnx_official_equity_universe/v1,,OFFICIAL_CURRENT_STOCK_LIST_CANDIDATE,,true,,EXACT_SESSION_RETAINED,CURRENT_DESCRIPTIVE_DNSE_REST_ADJUSTED_RETROSPECTIVE_RAW_AS_TRADED_NOT_PROMOTED,DIRECT_CANONICAL_MAPPING
VGS,2026-09-15,16.2,0.006211180124223503,,,,,,,,,,,,,,,,,BELOW_MA20_MOMENTUM_NEGATIVE,,2026-09-15T16:50:03.746178+07:00,DELISTED,,,,,,,,2026-09-15,2026-09-15,0,EXCHANGE_STOCK_LIST_CANDIDATE_NOT_COMMON_EQUITY_PROVEN,HNX_LISTED,hnx_official_equity_universe/v1,,OFFICIAL_CURRENT_STOCK_LIST_CANDIDATE,,true,,EXACT_SESSION_RETAINED,CURRENT_DESCRIPTIVE_DNSE_REST_ADJUSTED_RETROSPECTIVE_RAW_AS_TRADED_NOT_PROMOTED,DIRECT_CANONICAL_MAPPING
VGT,2026-09-15,10.7,0.00943396226415083,,,,,,,,,,,,,,,,,BELOW_MA20_MOMENTUM_NEGATIVE,,2026-09-15T16:50:03.746178+07:00,UPCOM,,,,,,,,2026-09-15,2026-09-15,0,EXCHANGE_STOCK_LIST_CANDIDATE_NOT_COMMON_EQUITY_PROVEN,UPCOM,hnx_official_equity_universe/v1,,OFFICIAL_CURRENT_STOCK_LIST_CANDIDATE,,true,,EXACT_SESSION_RETAINED,CURRENT_DESCRIPTIVE_DNSE_REST_ADJUSTED_RETROSPECTIVE_RAW_AS_TRADED_NOT_PROMOTED,DIRECT_CANONICAL_MAPPING
VGV,2026-09-15,45.9,-0.0982318271119843,,,,,,,,,,,,,,,,,ABOVE_MA20_MOMENTUM_POSITIVE,,2026-09-15T16:50:03.746178+07:00,UPCOM,,,,,,,,2026-09-15,2026-09-15,0,EXCHANGE_STOCK_LIST_CANDIDATE_NOT_COMMON_EQUITY_PROVEN,UPCOM,hnx_official_equity_universe/v1,,OFFICIAL_CURRENT_STOCK_LIST_CANDIDATE,,true,,EXACT_SESSION_RETAINED,CURRENT_DESCRIPTIVE_DNSE_REST_ADJUSTED_RETROSPECTIVE_RAW_AS_TRADED_NOT_PROMOTED,DIRECT_CANONICAL_MAPPING
VHC,2026-09-15,50.7,0.007952286282306265,,,,,,,,,,,,,,,,,BELOW_MA20_MOMENTUM_NEGATIVE,,2026-09-15T16:50:03.746178+07:00,HSX,,,,,,,,2026-09-15,2026-09-15,0,OFFICIAL_STOCK_MASTER_SECURITY_TYPE_NOT_COMMON_EQUITY_PROVEN,HOSE,hose_public_stock_master/v1,,OFFICIAL_CURRENT_EXCHANGE_SECURITY,,true,,EXACT_SESSION_RETAINED,CURRENT_DESCRIPTIVE_DNSE_REST_ADJUSTED_RETROSPECTIVE_RAW_AS_TRADED_NOT_PROMOTED,DIRECT_CANONICAL_MAPPING
VHE,2026-09-15,2.9,0.03571428571428581,,,,,,,,,,,,,,,,,BELOW_MA20_MOMENTUM_NEGATIVE,,2026-09-15T16:50:03.746178+07:00,DELISTED,,,,,,,,2026-09-15,2026-09-15,0,EXCHANGE_STOCK_LIST_CANDIDATE_NOT_COMMON_EQUITY_PROVEN,HNX_LISTED,hnx_official_equity_universe/v1,,OFFICIAL_CURRENT_STOCK_LIST_CANDIDATE,,true,,EXACT_SESSION_RETAINED,CURRENT_DESCRIPTIVE_DNSE_REST_ADJUSTED_RETROSPECTIVE_RAW_AS_TRADED_NOT_PROMOTED,DIRECT_CANONICAL_MAPPING
VHG,2026-09-15,1.6,0.0,,,,,,,,,,,,,,,,,BELOW_MA20_MOMENTUM_NEGATIVE,,2026-09-15T16:50:03.746178+07:00,UPCOM,,,,,,,,2026-09-15,2026-09-15,0,EXCHANGE_STOCK_LIST_CANDIDATE_NOT_COMMON_EQUITY_PROVEN,UPCOM,hnx_official_equity_universe/v1,,OFFICIAL_CURRENT_STOCK_LIST_CANDIDATE,,true,,EXACT_SESSION_RETAINED,CURRENT_DESCRIPTIVE_DNSE_REST_ADJUSTED_RETROSPECTIVE_RAW_AS_TRADED_NOT_PROMOTED,DIRECT_CANONICAL_MAPPING
VHL,2026-09-15,9.5,0.021505376344086002,,,,,,,,,,,,,,,,,BELOW_MA20_MOMENTUM_NEGATIVE,,2026-09-15T16:50:03.746178+07:00,DELISTED,,,,,,,,2026-09-15,2026-09-15,0,EXCHANGE_STOCK_LIST_CANDIDATE_NOT_COMMON_EQUITY_PROVEN,HNX_LISTED,hnx_official_equity_universe/v1,,OFFICIAL_CURRENT_STOCK_LIST_CANDIDATE,,true,,EXACT_SESSION_RETAINED,CURRENT_DESCRIPTIVE_DNSE_REST_ADJUSTED_RETROSPECTIVE_RAW_AS_TRADED_NOT_PROMOTED,DIRECT_CANONICAL_MAPPING
VHM,2026-09-15,71.4,-0.004184100418409997,,,,,,,,,,,,,,,,,ABOVE_MA20_MOMENTUM_POSITIVE,,2026-09-15T16:50:03.746178+07:00,HSX,,,,,,,,2026-09-15,2026-09-15,0,OFFICIAL_STOCK_MASTER_SECURITY_TYPE_NOT_COMMON_EQUITY_PROVEN,HOSE,hose_public_stock_master/v1,,OFFICIAL_CURRENT_EXCHANGE_SECURITY,,true,,EXACT_SESSION_RETAINED,CURRENT_DESCRIPTIVE_DNSE_REST_ADJUSTED_RETROSPECTIVE_RAW_AS_TRADED_NOT_PROMOTED,DIRECT_CANONICAL_MAPPING
VIB,2026-09-15,13.5,0.018867924528301883,,,,,,,,,,,,,,,,,BELOW_MA20_MOMENTUM_NEGATIVE,,2026-09-15T16:50:03.746178+07:00,HSX,,,,,,,,2026-09-15,2026-09-15,0,OFFICIAL_STOCK_MASTER_SECURITY_TYPE_NOT_COMMON_EQUITY_PROVEN,HOSE,hose_public_stock_master/v1,,OFFICIAL_CURRENT_EXCHANGE_SECURITY,,true,,EXACT_SESSION_RETAINED,CURRENT_DESCRIPTIVE_DNSE_REST_ADJUSTED_RETROSPECTIVE_RAW_AS_TRADED_NOT_PROMOTED,DIRECT_CANONICAL_MAPPING
VIC,2026-09-15,241.3,-0.00041425020712504423,,,,,,,,,,,,,,,,,ABOVE_MA20_MOMENTUM_POSITIVE,,2026-09-15T16:50:03.746178+07:00,HSX,corporate,,,,,,,2026-09-15,2026-09-15,0,OFFICIAL_STOCK_MASTER_SECURITY_TYPE_NOT_COMMON_EQUITY_PROVEN,HOSE,hose_public_stock_master/v1,,OFFICIAL_CURRENT_EXCHANGE_SECURITY,,true,,EXACT_SESSION_RETAINED,CURRENT_DESCRIPTIVE_NOT_PROMOTED_RAW_AS_TRADED,DIRECT_CANONICAL_MAPPING
VID,2026-09-15,4.45,-0.008908685968819552,,,,,,,,,,,,,,,,,BELOW_MA20_MOMENTUM_NEGATIVE,,2026-09-15T16:50:03.746178+07:00,HSX,,,,,,,,2026-09-15,2026-09-15,0,OFFICIAL_STOCK_MASTER_SECURITY_TYPE_NOT_COMMON_EQUITY_PROVEN,HOSE,hose_public_stock_master/v1,,OFFICIAL_CURRENT_EXCHANGE_SECURITY,,true,,EXACT_SESSION_RETAINED,CURRENT_DESCRIPTIVE_DNSE_REST_ADJUSTED_RETROSPECTIVE_RAW_AS_TRADED_NOT_PROMOTED,DIRECT_CANONICAL_MAPPING
VIF,2026-09-15,15,-0.0066225165562913135,,,,,,,,,,,,,,,,,NEAR_MA20_NEUTRAL,,2026-09-15T16:50:03.746178+07:00,DELISTED,,,,,,,,2026-09-15,2026-09-15,0,EXCHANGE_STOCK_LIST_CANDIDATE_NOT_COMMON_EQUITY_PROVEN,HNX_LISTED,hnx_official_equity_universe/v1,,OFFICIAL_CURRENT_STOCK_LIST_CANDIDATE,,true,,EXACT_SESSION_RETAINED,CURRENT_DESCRIPTIVE_DNSE_REST_ADJUSTED_RETROSPECTIVE_RAW_AS_TRADED_NOT_PROMOTED,DIRECT_CANONICAL_MAPPING
VIG,2026-09-15,3.9,0.0,,,,,,,,,,,,,,,,,BELOW_MA20_MOMENTUM_NEGATIVE,,2026-09-15T16:50:03.746178+07:00,DELISTED,,,,,,,,2026-09-15,2026-09-15,0,EXCHANGE_STOCK_LIST_CANDIDATE_NOT_COMMON_EQUITY_PROVEN,HNX_LISTED,hnx_official_equity_universe/v1,,OFFICIAL_CURRENT_STOCK_LIST_CANDIDATE,,true,,EXACT_SESSION_RETAINED,CURRENT_DESCRIPTIVE_DNSE_REST_ADJUSTED_RETROSPECTIVE_RAW_AS_TRADED_NOT_PROMOTED,DIRECT_CANONICAL_MAPPING
VIM,2026-09-15,9,-0.08163265306122458,,,,,,,,,,,,,,,,,BELOW_MA20_MOMENTUM_NEGATIVE,,2026-09-15T16:50:03.746178+07:00,UPCOM,,,,,,,,2026-09-15,2026-09-15,0,EXCHANGE_STOCK_LIST_CANDIDATE_NOT_COMMON_EQUITY_PROVEN,UPCOM,hnx_official_equity_universe/v1,,OFFICIAL_CURRENT_STOCK_LIST_CANDIDATE,,true,,EXACT_SESSION_RETAINED,CURRENT_DESCRIPTIVE_DNSE_REST_ADJUSTED_RETROSPECTIVE_RAW_AS_TRADED_NOT_PROMOTED,DIRECT_CANONICAL_MAPPING
VIP,2026-09-15,9.68,0.005192107995846129,,,,,,,,,,,,,,,,,BELOW_MA20_MOMENTUM_NEGATIVE,,2026-09-15T16:50:03.746178+07:00,HSX,,,,,,,,2026-09-15,2026-09-15,0,OFFICIAL_STOCK_MASTER_SECURITY_TYPE_NOT_COMMON_EQUITY_PROVEN,HOSE,hose_public_stock_master/v1,,OFFICIAL_CURRENT_EXCHANGE_SECURITY,,true,,EXACT_SESSION_RETAINED,CURRENT_DESCRIPTIVE_DNSE_REST_ADJUSTED_RETROSPECTIVE_RAW_AS_TRADED_NOT_PROMOTED,DIRECT_CANONICAL_MAPPING
VIT,2026-09-15,26.4,0.06024096385542177,,,,,,,,,,,,,,,,,ABOVE_MA20_MOMENTUM_POSITIVE,,2026-09-15T16:50:03.746178+07:00,DELISTED,,,,,,,,2026-09-15,2026-09-15,0,EXCHANGE_STOCK_LIST_CANDIDATE_NOT_COMMON_EQUITY_PROVEN,HNX_LISTED,hnx_official_equity_universe/v1,,OFFICIAL_CURRENT_STOCK_LIST_CANDIDATE,,true,,EXACT_SESSION_RETAINED,CURRENT_DESCRIPTIVE_DNSE_REST_ADJUSTED_RETROSPECTIVE_RAW_AS_TRADED_NOT_PROMOTED,DIRECT_CANONICAL_MAPPING
VIW,2026-09-15,23.5,0.008583690987124415,,,,,,,,,,,,,,,,,ABOVE_MA20_MOMENTUM_POSITIVE,,2026-09-15T16:50:03.746178+07:00,UPCOM,,,,,,,,2026-09-15,2026-09-15,0,EXCHANGE_STOCK_LIST_CANDIDATE_NOT_COMMON_EQUITY_PROVEN,UPCOM,hnx_official_equity_universe/v1,,OFFICIAL_CURRENT_STOCK_LIST_CANDIDATE,,true,,EXACT_SESSION_RETAINED,CURRENT_DESCRIPTIVE_DNSE_REST_ADJUSTED_RETROSPECTIVE_RAW_AS_TRADED_NOT_PROMOTED,DIRECT_CANONICAL_MAPPING
VIX,2026-09-15,12.9,0.023809523809523947,,,,,,,,,,,,,,,,,BELOW_MA20_MOMENTUM_NEGATIVE,,2026-09-15T16:50:03.746178+07:00,HSX,,,,,,,,2026-09-15,2026-09-15,0,OFFICIAL_STOCK_MASTER_SECURITY_TYPE_NOT_COMMON_EQUITY_PROVEN,HOSE,hose_public_stock_master/v1,,OFFICIAL_CURRENT_EXCHANGE_SECURITY,,true,,EXACT_SESSION_RETAINED,CURRENT_DESCRIPTIVE_DNSE_REST_ADJUSTED_RETROSPECTIVE_RAW_AS_TRADED_NOT_PROMOTED,DIRECT_CANONICAL_MAPPING
VJC,2026-09-15,124.4,0.012205044751830707,,,,,,,,,,,,,,,,,BELOW_MA20_MOMENTUM_POSITIVE,,2026-09-15T16:50:03.746178+07:00,HSX,,,,,,,,2026-09-15,2026-09-15,0,OFFICIAL_STOCK_MASTER_SECURITY_TYPE_NOT_COMMON_EQUITY_PROVEN,HOSE,hose_public_stock_master/v1,,OFFICIAL_CURRENT_EXCHANGE_SECURITY,,true,,EXACT_SESSION_RETAINED,CURRENT_DESCRIPTIVE_DNSE_REST_ADJUSTED_RETROSPECTIVE_RAW_AS_TRADED_NOT_PROMOTED,DIRECT_CANONICAL_MAPPING
VLA,2026-09-15,7.1,-0.08974358974358976,,,,,,,,,,,,,,,,,BELOW_MA20_MOMENTUM_NEGATIVE,,2026-09-15T16:50:03.746178+07:00,DELISTED,,,,,,,,2026-09-15,2026-09-15,0,EXCHANGE_STOCK_LIST_CANDIDATE_NOT_COMMON_EQUITY_PROVEN,HNX_LISTED,hnx_official_equity_universe/v1,,OFFICIAL_CURRENT_STOCK_LIST_CANDIDATE,,true,,EXACT_SESSION_RETAINED,CURRENT_DESCRIPTIVE_DNSE_REST_ADJUSTED_RETROSPECTIVE_RAW_AS_TRADED_NOT_PROMOTED,DIRECT_CANONICAL_MAPPING
VLB,2026-09-15,47.6,-0.002096436058700246,,,,,,,,,,,,,,,,,ABOVE_MA20_MOMENTUM_POSITIVE,,2026-09-15T16:50:03.746178+07:00,UPCOM,,,,,,,,2026-09-15,2026-09-15,0,EXCHANGE_STOCK_LIST_CANDIDATE_NOT_COMMON_EQUITY_PROVEN,UPCOM,hnx_official_equity_universe/v1,,OFFICIAL_CURRENT_STOCK_LIST_CANDIDATE,,true,,EXACT_SESSION_RETAINED,CURRENT_DESCRIPTIVE_DNSE_REST_ADJUSTED_RETROSPECTIVE_RAW_AS_TRADED_NOT_PROMOTED,DIRECT_CANONICAL_MAPPING
VLC,2026-09-15,11.7,0.0,,,,,,,,,,,,,,,,,BELOW_MA20_MOMENTUM_NEGATIVE,,2026-09-15T16:50:03.746178+07:00,UPCOM,,,,,,,,2026-09-15,2026-09-15,0,EXCHANGE_STOCK_LIST_CANDIDATE_NOT_COMMON_EQUITY_PROVEN,UPCOM,hnx_official_equity_universe/v1,,OFFICIAL_CURRENT_STOCK_LIST_CANDIDATE,,true,,EXACT_SESSION_RETAINED,CURRENT_DESCRIPTIVE_DNSE_REST_ADJUSTED_RETROSPECTIVE_RAW_AS_TRADED_NOT_PROMOTED,DIRECT_CANONICAL_MAPPING
VLS,2026-09-15,10.1,0.02020202020202011,,,,,,,,,,,,,,,,,BELOW_MA20_MOMENTUM_NEGATIVE,,2026-09-15T16:50:03.746178+07:00,UPCOM,,,,,,,,2026-09-15,2026-09-15,0,EXCHANGE_STOCK_LIST_CANDIDATE_NOT_COMMON_EQUITY_PROVEN,UPCOM,hnx_official_equity_universe/v1,,OFFICIAL_CURRENT_STOCK_LIST_CANDIDATE,,true,,EXACT_SESSION_RETAINED,CURRENT_DESCRIPTIVE_DNSE_REST_ADJUSTED_RETROSPECTIVE_RAW_AS_TRADED_NOT_PROMOTED,DIRECT_CANONICAL_MAPPING
VMC,2026-09-15,3.7,-0.05128205128205121,,,,,,,,,,,,,,,,,BELOW_MA20_MOMENTUM_NEGATIVE,,2026-09-15T16:50:03.746178+07:00,DELISTED,,,,,,,,2026-09-15,2026-09-15,0,EXCHANGE_STOCK_LIST_CANDIDATE_NOT_COMMON_EQUITY_PROVEN,HNX_LISTED,hnx_official_equity_universe/v1,,OFFICIAL_CURRENT_STOCK_LIST_CANDIDATE,,true,,EXACT_SESSION_RETAINED,CURRENT_DESCRIPTIVE_DNSE_REST_ADJUSTED_RETROSPECTIVE_RAW_AS_TRADED_NOT_PROMOTED,DIRECT_CANONICAL_MAPPING
VMD,2026-09-15,13.55,0.0037037037037037646,,,,,,,,,,,,,,,,,BELOW_MA20_MOMENTUM_NEGATIVE,,2026-09-15T16:50:03.746178+07:00,HSX,,,,,,,,2026-09-15,2026-09-15,0,OFFICIAL_STOCK_MASTER_SECURITY_TYPE_NOT_COMMON_EQUITY_PROVEN,HOSE,hose_public_stock_master/v1,,OFFICIAL_CURRENT_EXCHANGE_SECURITY,,true,,EXACT_SESSION_RETAINED,CURRENT_DESCRIPTIVE_DNSE_REST_ADJUSTED_RETROSPECTIVE_RAW_AS_TRADED_NOT_PROMOTED,DIRECT_CANONICAL_MAPPING
VNA,2026-09-15,13.7,0.007352941176470562,,,,,,,,,,,,,,,,,BELOW_MA20_MOMENTUM_NEGATIVE,,2026-09-15T16:50:03.746178+07:00,UPCOM,,,,,,,,2026-09-15,2026-09-15,0,EXCHANGE_STOCK_LIST_CANDIDATE_NOT_COMMON_EQUITY_PROVEN,UPCOM,hnx_official_equity_universe/v1,,OFFICIAL_CURRENT_STOCK_LIST_CANDIDATE,,true,,EXACT_SESSION_RETAINED,CURRENT_DESCRIPTIVE_DNSE_REST_ADJUSTED_RETROSPECTIVE_RAW_AS_TRADED_NOT_PROMOTED,DIRECT_CANONICAL_MAPPING
VNB,2026-09-15,16.7,-0.04571428571428571,,,,,,,,,,,,,,,,,ABOVE_MA20_MOMENTUM_NEGATIVE,,2026-09-15T16:50:03.746178+07:00,UPCOM,,,,,,,,2026-09-15,2026-09-15,0,EXCHANGE_STOCK_LIST_CANDIDATE_NOT_COMMON_EQUITY_PROVEN,UPCOM,hnx_official_equity_universe/v1,,OFFICIAL_CURRENT_STOCK_LIST_CANDIDATE,,true,,EXACT_SESSION_RETAINED,CURRENT_DESCRIPTIVE_DNSE_REST_ADJUSTED_RETROSPECTIVE_RAW_AS_TRADED_NOT_PROMOTED,DIRECT_CANONICAL_MAPPING
VNC,2026-09-15,34.6,-0.00859598853868182,,,,,,,,,,,,,,,,,BELOW_MA20_MOMENTUM_POSITIVE,,2026-09-15T16:50:03.746178+07:00,DELISTED,,,,,,,,2026-09-15,2026-09-15,0,EXCHANGE_STOCK_LIST_CANDIDATE_NOT_COMMON_EQUITY_PROVEN,HNX_LISTED,hnx_official_equity_universe/v1,,OFFICIAL_CURRENT_STOCK_LIST_CANDIDATE,,true,,EXACT_SESSION_RETAINED,CURRENT_DESCRIPTIVE_DNSE_REST_ADJUSTED_RETROSPECTIVE_RAW_AS_TRADED_NOT_PROMOTED,DIRECT_CANONICAL_MAPPING
VND,2026-09-15,14.7,0.006849315068493178,,,,,,,,,,,,,,,,,BELOW_MA20_MOMENTUM_NEGATIVE,,2026-09-15T16:50:03.746178+07:00,HSX,,,,,,,,2026-09-15,2026-09-15,0,OFFICIAL_STOCK_MASTER_SECURITY_TYPE_NOT_COMMON_EQUITY_PROVEN,HOSE,hose_public_stock_master/v1,,OFFICIAL_CURRENT_EXCHANGE_SECURITY,,true,,EXACT_SESSION_RETAINED,CURRENT_DESCRIPTIVE_DNSE_REST_ADJUSTED_RETROSPECTIVE_RAW_AS_TRADED_NOT_PROMOTED,DIRECT_CANONICAL_MAPPING
VNE,2026-09-15,2.1,0.050000000000000044,,,,,,,,,,,,,,,,,BELOW_MA20_MOMENTUM_NEGATIVE,,2026-09-15T16:50:03.746178+07:00,UPCOM,,,,,,,,2026-09-15,2026-09-15,0,EXCHANGE_STOCK_LIST_CANDIDATE_NOT_COMMON_EQUITY_PROVEN,UPCOM,hnx_official_equity_universe/v1,,OFFICIAL_CURRENT_STOCK_LIST_CANDIDATE,,true,,EXACT_SESSION_RETAINED,CURRENT_DESCRIPTIVE_DNSE_REST_ADJUSTED_RETROSPECTIVE_RAW_AS_TRADED_NOT_PROMOTED,DIRECT_CANONICAL_MAPPING
VNF,2026-09-15,12.9,-0.007692307692307665,,,,,,,,,,,,,,,,,BELOW_MA20_MOMENTUM_NEGATIVE,,2026-09-15T16:50:03.746178+07:00,DELISTED,,,,,,,,2026-09-15,2026-09-15,0,EXCHANGE_STOCK_LIST_CANDIDATE_NOT_COMMON_EQUITY_PROVEN,HNX_LISTED,hnx_official_equity_universe/v1,,OFFICIAL_CURRENT_STOCK_LIST_CANDIDATE,,true,,EXACT_SESSION_RETAINED,CURRENT_DESCRIPTIVE_DNSE_REST_ADJUSTED_RETROSPECTIVE_RAW_AS_TRADED_NOT_PROMOTED,DIRECT_CANONICAL_MAPPING
VNG,2026-09-15,5.89,0.04804270462633453,,,,,,,,,,,,,,,,,BELOW_MA20_MOMENTUM_NEGATIVE,,2026-09-15T16:50:03.746178+07:00,HSX,,,,,,,,2026-09-15,2026-09-15,0,OFFICIAL_STOCK_MASTER_SECURITY_TYPE_NOT_COMMON_EQUITY_PROVEN,HOSE,hose_public_stock_master/v1,,OFFICIAL_CURRENT_EXCHANGE_SECURITY,,true,,EXACT_SESSION_RETAINED,CURRENT_DESCRIPTIVE_DNSE_REST_ADJUSTED_RETROSPECTIVE_RAW_AS_TRADED_NOT_PROMOTED,DIRECT_CANONICAL_MAPPING
VNI,2026-09-15,5.2,-0.11864406779661019,,,,,,,,,,,,,,,,,BELOW_MA20_MOMENTUM_NEGATIVE,,2026-09-15T16:50:03.746178+07:00,UPCOM,,,,,,,,2026-09-15,2026-09-15,0,EXCHANGE_STOCK_LIST_CANDIDATE_NOT_COMMON_EQUITY_PROVEN,UPCOM,hnx_official_equity_universe/v1,,OFFICIAL_CURRENT_STOCK_LIST_CANDIDATE,,true,,EXACT_SESSION_RETAINED,CURRENT_DESCRIPTIVE_DNSE_REST_ADJUSTED_RETROSPECTIVE_RAW_AS_TRADED_NOT_PROMOTED,DIRECT_CANONICAL_MAPPING
VNM,2026-09-15,59.7,0.006745362563237878,,,,,,,,,,,,,,,,,NEAR_MA20_NEUTRAL,,2026-09-15T16:50:03.746178+07:00,HSX,corporate,,,,,,,2026-09-15,2026-09-15,0,OFFICIAL_STOCK_MASTER_SECURITY_TYPE_NOT_COMMON_EQUITY_PROVEN,HOSE,hose_public_stock_master/v1,,OFFICIAL_CURRENT_EXCHANGE_SECURITY,,true,,EXACT_SESSION_RETAINED,CURRENT_DESCRIPTIVE_DNSE_REST_ADJUSTED_RETROSPECTIVE_RAW_AS_TRADED_NOT_PROMOTED,DIRECT_CANONICAL_MAPPING
VNP,2026-09-15,17.8,0.011363636363636243,,,,,,,,,,,,,,,,,ABOVE_MA20_MOMENTUM_POSITIVE,,2026-09-15T16:50:03.746178+07:00,UPCOM,,,,,,,,2026-09-15,2026-09-15,0,EXCHANGE_STOCK_LIST_CANDIDATE_NOT_COMMON_EQUITY_PROVEN,UPCOM,hnx_official_equity_universe/v1,,OFFICIAL_CURRENT_STOCK_LIST_CANDIDATE,,true,,EXACT_SESSION_RETAINED,CURRENT_DESCRIPTIVE_DNSE_REST_ADJUSTED_RETROSPECTIVE_RAW_AS_TRADED_NOT_PROMOTED,DIRECT_CANONICAL_MAPPING
VNR,2026-09-15,17.7,0.005681818181818121,,,,,,,,,,,,,,,,,BELOW_MA20_MOMENTUM_NEGATIVE,,2026-09-15T16:50:03.746178+07:00,DELISTED,,,,,,,,2026-09-15,2026-09-15,0,EXCHANGE_STOCK_LIST_CANDIDATE_NOT_COMMON_EQUITY_PROVEN,HNX_LISTED,hnx_official_equity_universe/v1,,OFFICIAL_CURRENT_STOCK_LIST_CANDIDATE,,true,,EXACT_SESSION_RETAINED,CURRENT_DESCRIPTIVE_DNSE_REST_ADJUSTED_RETROSPECTIVE_RAW_AS_TRADED_NOT_PROMOTED,DIRECT_CANONICAL_MAPPING
VNS,2026-09-15,6.15,-0.0016233766233766378,,,,,,,,,,,,,,,,,BELOW_MA20_MOMENTUM_NEGATIVE,,2026-09-15T16:50:03.746178+07:00,HSX,,,,,,,,2026-09-15,2026-09-15,0,OFFICIAL_STOCK_MASTER_SECURITY_TYPE_NOT_COMMON_EQUITY_PROVEN,HOSE,hose_public_stock_master/v1,,OFFICIAL_CURRENT_EXCHANGE_SECURITY,,true,,EXACT_SESSION_RETAINED,CURRENT_DESCRIPTIVE_DNSE_REST_ADJUSTED_RETROSPECTIVE_RAW_AS_TRADED_NOT_PROMOTED,DIRECT_CANONICAL_MAPPING
VNT,2026-09-15,35.3,-0.09254498714652959,,,,,,,,,,,,,,,,,ABOVE_MA20_MOMENTUM_POSITIVE,,2026-09-15T16:50:03.746178+07:00,DELISTED,,,,,,,,2026-09-15,2026-09-15,0,EXCHANGE_STOCK_LIST_CANDIDATE_NOT_COMMON_EQUITY_PROVEN,HNX_LISTED,hnx_official_equity_universe/v1,,OFFICIAL_CURRENT_STOCK_LIST_CANDIDATE,,true,,EXACT_SESSION_RETAINED,CURRENT_DESCRIPTIVE_DNSE_REST_ADJUSTED_RETROSPECTIVE_RAW_AS_TRADED_NOT_PROMOTED,DIRECT_CANONICAL_MAPPING
VNY,2026-09-15,6.4,0.14285714285714302,,,,,,,,,,,,,,,,,ABOVE_MA20_MOMENTUM_POSITIVE,,2026-09-15T16:50:03.746178+07:00,UPCOM,,,,,,,,2026-09-15,2026-09-15,0,EXCHANGE_STOCK_LIST_CANDIDATE_NOT_COMMON_EQUITY_PROVEN,UPCOM,hnx_official_equity_universe/v1,,OFFICIAL_CURRENT_STOCK_LIST_CANDIDATE,,true,,EXACT_SESSION_RETAINED,CURRENT_DESCRIPTIVE_DNSE_REST_ADJUSTED_RETROSPECTIVE_RAW_AS_TRADED_NOT_PROMOTED,DIRECT_CANONICAL_MAPPING
VNZ,2026-09-15,589,0.004262574595055524,,,,,,,,,,,,,,,,,ABOVE_MA20_MOMENTUM_POSITIVE,,2026-09-15T16:50:03.746178+07:00,UPCOM,,,,,,,,2026-09-15,2026-09-15,0,EXCHANGE_STOCK_LIST_CANDIDATE_NOT_COMMON_EQUITY_PROVEN,UPCOM,hnx_official_equity_universe/v1,,OFFICIAL_CURRENT_STOCK_LIST_CANDIDATE,,true,,EXACT_SESSION_RETAINED,CURRENT_DESCRIPTIVE_DNSE_REST_ADJUSTED_RETROSPECTIVE_RAW_AS_TRADED_NOT_PROMOTED,DIRECT_CANONICAL_MAPPING
VOS,2026-09-15,12.1,0.06607929515418509,,,,,,,,,,,,,,,,,BELOW_MA20_MOMENTUM_NEGATIVE,,2026-09-15T16:50:03.746178+07:00,HSX,,,,,,,,2026-09-15,2026-09-15,0,OFFICIAL_STOCK_MASTER_SECURITY_TYPE_NOT_COMMON_EQUITY_PROVEN,HOSE,hose_public_stock_master/v1,,OFFICIAL_CURRENT_EXCHANGE_SECURITY,,true,,EXACT_SESSION_RETAINED,CURRENT_DESCRIPTIVE_DNSE_REST_ADJUSTED_RETROSPECTIVE_RAW_AS_TRADED_NOT_PROMOTED,DIRECT_CANONICAL_MAPPING
VPB,2026-09-15,27.4,0.007352941176470562,,,,,,,,,,,,,,,,,NEAR_MA20_NEUTRAL,,2026-09-15T16:50:03.746178+07:00,HSX,,,,,,,,2026-09-15,2026-09-15,0,OFFICIAL_STOCK_MASTER_SECURITY_TYPE_NOT_COMMON_EQUITY_PROVEN,HOSE,hose_public_stock_master/v1,,OFFICIAL_CURRENT_EXCHANGE_SECURITY,,true,,EXACT_SESSION_RETAINED,CURRENT_DESCRIPTIVE_DNSE_REST_ADJUSTED_RETROSPECTIVE_RAW_AS_TRADED_NOT_PROMOTED,DIRECT_CANONICAL_MAPPING
VPD,2026-09-15,20.6,0.009803921568627638,,,,,,,,,,,,,,,,,BELOW_MA20_MOMENTUM_NEGATIVE,,2026-09-15T16:50:03.746178+07:00,HSX,,,,,,,,2026-09-15,2026-09-15,0,OFFICIAL_STOCK_MASTER_SECURITY_TYPE_NOT_COMMON_EQUITY_PROVEN,HOSE,hose_public_stock_master/v1,,OFFICIAL_CURRENT_EXCHANGE_SECURITY,,true,,EXACT_SESSION_RETAINED,CURRENT_DESCRIPTIVE_DNSE_REST_ADJUSTED_RETROSPECTIVE_RAW_AS_TRADED_NOT_PROMOTED,DIRECT_CANONICAL_MAPPING
VPG,2026-09-15,1.53,-0.006493506493506551,,,,,,,,,,,,,,,,,BELOW_MA20_MOMENTUM_NEGATIVE,,2026-09-15T16:50:03.746178+07:00,HSX,,,,,,,,2026-09-15,2026-09-15,0,OFFICIAL_STOCK_MASTER_SECURITY_TYPE_NOT_COMMON_EQUITY_PROVEN,HOSE,hose_public_stock_master/v1,,OFFICIAL_CURRENT_EXCHANGE_SECURITY,,true,,EXACT_SESSION_RETAINED,CURRENT_DESCRIPTIVE_DNSE_REST_ADJUSTED_RETROSPECTIVE_RAW_AS_TRADED_NOT_PROMOTED,DIRECT_CANONICAL_MAPPING
VPH,2026-09-15,2.9,0.0,,,,,,,,,,,,,,,,,BELOW_MA20_MOMENTUM_NEGATIVE,,2026-09-15T16:50:03.746178+07:00,HSX,,,,,,,,2026-09-15,2026-09-15,0,OFFICIAL_STOCK_MASTER_SECURITY_TYPE_NOT_COMMON_EQUITY_PROVEN,HOSE,hose_public_stock_master/v1,,OFFICIAL_CURRENT_EXCHANGE_SECURITY,,true,,EXACT_SESSION_RETAINED,CURRENT_DESCRIPTIVE_DNSE_REST_ADJUSTED_RETROSPECTIVE_RAW_AS_TRADED_NOT_PROMOTED,DIRECT_CANONICAL_MAPPING
VPI,2026-09-15,61,0.011608623548922115,,,,,,,,,,,,,,,,,ABOVE_MA20_MOMENTUM_POSITIVE,,2026-09-15T16:50:03.746178+07:00,HSX,,,,,,,,2026-09-15,2026-09-15,0,OFFICIAL_STOCK_MASTER_SECURITY_TYPE_NOT_COMMON_EQUITY_PROVEN,HOSE,hose_public_stock_master/v1,,OFFICIAL_CURRENT_EXCHANGE_SECURITY,,true,,EXACT_SESSION_RETAINED,CURRENT_DESCRIPTIVE_DNSE_REST_ADJUSTED_RETROSPECTIVE_RAW_AS_TRADED_NOT_PROMOTED,DIRECT_CANONICAL_MAPPING
VPL,2026-09-15,83.7,-0.005938242280285055,,,,,,,,,,,,,,,,,NEAR_MA20_NEUTRAL,,2026-09-15T16:50:03.746178+07:00,HSX,,,,,,,,2026-09-15,2026-09-15,0,OFFICIAL_STOCK_MASTER_SECURITY_TYPE_NOT_COMMON_EQUITY_PROVEN,HOSE,hose_public_stock_master/v1,,OFFICIAL_CURRENT_EXCHANGE_SECURITY,,true,,EXACT_SESSION_RETAINED,CURRENT_DESCRIPTIVE_DNSE_REST_ADJUSTED_RETROSPECTIVE_RAW_AS_TRADED_NOT_PROMOTED,DIRECT_CANONICAL_MAPPING
VPS,2026-09-15,8.4,-0.005917159763313529,,,,,,,,,,,,,,,,,BELOW_MA20_MOMENTUM_NEGATIVE,,2026-09-15T16:50:03.746178+07:00,HSX,,,,,,,,2026-09-15,2026-09-15,0,OFFICIAL_STOCK_MASTER_SECURITY_TYPE_NOT_COMMON_EQUITY_PROVEN,HOSE,hose_public_stock_master/v1,,OFFICIAL_CURRENT_EXCHANGE_SECURITY,,true,,EXACT_SESSION_RETAINED,CURRENT_DESCRIPTIVE_DNSE_REST_ADJUSTED_RETROSPECTIVE_RAW_AS_TRADED_NOT_PROMOTED,DIRECT_CANONICAL_MAPPING
VPX,2026-09-15,23.45,0.0,,,,,,,,,,,,,,,,,BELOW_MA20_MOMENTUM_NEGATIVE,,2026-09-15T16:50:03.746178+07:00,HSX,,,,,,,,2026-09-15,2026-09-15,0,OFFICIAL_STOCK_MASTER_SECURITY_TYPE_NOT_COMMON_EQUITY_PROVEN,HOSE,hose_public_stock_master/v1,,OFFICIAL_CURRENT_EXCHANGE_SECURITY,,true,,EXACT_SESSION_RETAINED,CURRENT_DESCRIPTIVE_DNSE_REST_ADJUSTED_RETROSPECTIVE_RAW_AS_TRADED_NOT_PROMOTED,DIRECT_CANONICAL_MAPPING
VRC,2026-09-15,11.15,-0.0387931034482758,,,,,,,,,,,,,,,,,BELOW_MA20_MOMENTUM_NEGATIVE,,2026-09-15T16:50:03.746178+07:00,HSX,,,,,,,,2026-09-15,2026-09-15,0,OFFICIAL_STOCK_MASTER_SECURITY_TYPE_NOT_COMMON_EQUITY_PROVEN,HOSE,hose_public_stock_master/v1,,OFFICIAL_CURRENT_EXCHANGE_SECURITY,,true,,EXACT_SESSION_RETAINED,CURRENT_DESCRIPTIVE_DNSE_REST_ADJUSTED_RETROSPECTIVE_RAW_AS_TRADED_NOT_PROMOTED,DIRECT_CANONICAL_MAPPING
VRE,2026-09-15,25.45,-0.011650485436893177,,,,,,,,,,,,,,,,,BELOW_MA20_MOMENTUM_NEGATIVE,,2026-09-15T16:50:03.746178+07:00,HSX,corporate,,,,,,,2026-09-15,2026-09-15,0,OFFICIAL_STOCK_MASTER_SECURITY_TYPE_NOT_COMMON_EQUITY_PROVEN,HOSE,hose_public_stock_master/v1,,OFFICIAL_CURRENT_EXCHANGE_SECURITY,,true,,EXACT_SESSION_RETAINED,CURRENT_DESCRIPTIVE_DNSE_REST_ADJUSTED_RETROSPECTIVE_RAW_AS_TRADED_NOT_PROMOTED,DIRECT_CANONICAL_MAPPING
VRG,2026-09-15,13,0.007751937984496138,,,,,,,,,,,,,,,,,BELOW_MA20_MOMENTUM_NEGATIVE,,2026-09-15T16:50:03.746178+07:00,UPCOM,,,,,,,,2026-09-15,2026-09-15,0,EXCHANGE_STOCK_LIST_CANDIDATE_NOT_COMMON_EQUITY_PROVEN,UPCOM,hnx_official_equity_universe/v1,,OFFICIAL_CURRENT_STOCK_LIST_CANDIDATE,,true,,EXACT_SESSION_RETAINED,CURRENT_DESCRIPTIVE_DNSE_REST_ADJUSTED_RETROSPECTIVE_RAW_AS_TRADED_NOT_PROMOTED,DIRECT_CANONICAL_MAPPING
VSC,2026-09-15,13.15,0.03543307086614189,,,,,,,,,,,,,,,,,BELOW_MA20_MOMENTUM_NEGATIVE,,2026-09-15T16:50:03.746178+07:00,HSX,,,,,,,,2026-09-15,2026-09-15,0,OFFICIAL_STOCK_MASTER_SECURITY_TYPE_NOT_COMMON_EQUITY_PROVEN,HOSE,hose_public_stock_master/v1,,OFFICIAL_CURRENT_EXCHANGE_SECURITY,,true,,EXACT_SESSION_RETAINED,CURRENT_DESCRIPTIVE_DNSE_REST_ADJUSTED_RETROSPECTIVE_RAW_AS_TRADED_NOT_PROMOTED,DIRECT_CANONICAL_MAPPING
VSE,2026-09-15,7.3,0.01388888888888884,,,,,,,,,,,,,,,,,BELOW_MA20_MOMENTUM_NEGATIVE,,2026-09-15T16:50:03.746178+07:00,UPCOM,,,,,,,,2026-09-15,2026-09-15,0,EXCHANGE_STOCK_LIST_CANDIDATE_NOT_COMMON_EQUITY_PROVEN,UPCOM,hnx_official_equity_universe/v1,,OFFICIAL_CURRENT_STOCK_LIST_CANDIDATE,,true,,EXACT_SESSION_RETAINED,CURRENT_DESCRIPTIVE_DNSE_REST_ADJUSTED_RETROSPECTIVE_RAW_AS_TRADED_NOT_PROMOTED,DIRECT_CANONICAL_MAPPING
VSF,2026-09-15,25.7,-0.011538461538461608,,,,,,,,,,,,,,,,,BELOW_MA20_MOMENTUM_NEGATIVE,,2026-09-15T16:50:03.746178+07:00,UPCOM,,,,,,,,2026-09-15,2026-09-15,0,EXCHANGE_STOCK_LIST_CANDIDATE_NOT_COMMON_EQUITY_PROVEN,UPCOM,hnx_official_equity_universe/v1,,OFFICIAL_CURRENT_STOCK_LIST_CANDIDATE,,true,,EXACT_SESSION_RETAINED,CURRENT_DESCRIPTIVE_DNSE_REST_ADJUSTED_RETROSPECTIVE_RAW_AS_TRADED_NOT_PROMOTED,DIRECT_CANONICAL_MAPPING
VSH,2026-09-15,41.2,0.0,,,,,,,,,,,,,,,,,NEAR_MA20_NEUTRAL,,2026-09-15T16:50:03.746178+07:00,HSX,,,,,,,,2026-09-15,2026-09-15,0,OFFICIAL_STOCK_MASTER_SECURITY_TYPE_NOT_COMMON_EQUITY_PROVEN,HOSE,hose_public_stock_master/v1,,OFFICIAL_CURRENT_EXCHANGE_SECURITY,,true,,EXACT_SESSION_RETAINED,CURRENT_DESCRIPTIVE_DNSE_REST_ADJUSTED_RETROSPECTIVE_RAW_AS_TRADED_NOT_PROMOTED,DIRECT_CANONICAL_MAPPING
VSI,2026-09-15,18.05,-0.024324324324324298,,,,,,,,,,,,,,,,,BELOW_MA20_MOMENTUM_NEGATIVE,,2026-09-15T16:50:03.746178+07:00,HSX,,,,,,,,2026-09-15,2026-09-15,0,OFFICIAL_STOCK_MASTER_SECURITY_TYPE_NOT_COMMON_EQUITY_PROVEN,HOSE,hose_public_stock_master/v1,,OFFICIAL_CURRENT_EXCHANGE_SECURITY,,true,,EXACT_SESSION_RETAINED,CURRENT_DESCRIPTIVE_DNSE_REST_ADJUSTED_RETROSPECTIVE_RAW_AS_TRADED_NOT_PROMOTED,DIRECT_CANONICAL_MAPPING
VSM,2026-09-15,15,-0.04458598726114649,,,,,,,,,,,,,,,,,NEAR_MA20_NEUTRAL,,2026-09-15T16:50:03.746178+07:00,DELISTED,,,,,,,,2026-09-15,2026-09-15,0,EXCHANGE_STOCK_LIST_CANDIDATE_NOT_COMMON_EQUITY_PROVEN,HNX_LISTED,hnx_official_equity_universe/v1,,OFFICIAL_CURRENT_STOCK_LIST_CANDIDATE,,true,,EXACT_SESSION_RETAINED,CURRENT_DESCRIPTIVE_DNSE_REST_ADJUSTED_RETROSPECTIVE_RAW_AS_TRADED_NOT_PROMOTED,DIRECT_CANONICAL_MAPPING
VTB,2026-09-15,13.1,0.0,,,,,,,,,,,,,,,,,BELOW_MA20_MOMENTUM_POSITIVE,,2026-09-15T16:50:03.746178+07:00,HSX,,,,,,,,2026-09-15,2026-09-15,0,OFFICIAL_STOCK_MASTER_SECURITY_TYPE_NOT_COMMON_EQUITY_PROVEN,HOSE,hose_public_stock_master/v1,,OFFICIAL_CURRENT_EXCHANGE_SECURITY,,true,,EXACT_SESSION_RETAINED,CURRENT_DESCRIPTIVE_DNSE_REST_ADJUSTED_RETROSPECTIVE_RAW_AS_TRADED_NOT_PROMOTED,DIRECT_CANONICAL_MAPPING
VTC,2026-09-15,10.5,0.009615384615384581,,,,,,,,,,,,,,,,,ABOVE_MA20_MOMENTUM_POSITIVE,,2026-09-15T16:50:03.746178+07:00,DELISTED,,,,,,,,2026-09-15,2026-09-15,0,EXCHANGE_STOCK_LIST_CANDIDATE_NOT_COMMON_EQUITY_PROVEN,HNX_LISTED,hnx_official_equity_universe/v1,,OFFICIAL_CURRENT_STOCK_LIST_CANDIDATE,,true,,EXACT_SESSION_RETAINED,CURRENT_DESCRIPTIVE_DNSE_REST_ADJUSTED_RETROSPECTIVE_RAW_AS_TRADED_NOT_PROMOTED,DIRECT_CANONICAL_MAPPING
VTD,2026-09-15,4.4,0.0,,,,,,,,,,,,,,,,,BELOW_MA20_MOMENTUM_NEGATIVE,,2026-09-15T16:50:03.746178+07:00,UPCOM,,,,,,,,2026-09-15,2026-09-15,0,EXCHANGE_STOCK_LIST_CANDIDATE_NOT_COMMON_EQUITY_PROVEN,UPCOM,hnx_official_equity_universe/v1,,OFFICIAL_CURRENT_STOCK_LIST_CANDIDATE,,true,,EXACT_SESSION_RETAINED,CURRENT_DESCRIPTIVE_DNSE_REST_ADJUSTED_RETROSPECTIVE_RAW_AS_TRADED_NOT_PROMOTED,DIRECT_CANONICAL_MAPPING
VTH,2026-09-15,10.4,0.061224489795918435,,,,,,,,,,,,,,,,,ABOVE_MA20_MOMENTUM_POSITIVE,,2026-09-15T16:50:03.746178+07:00,DELISTED,,,,,,,,2026-09-15,2026-09-15,0,EXCHANGE_STOCK_LIST_CANDIDATE_NOT_COMMON_EQUITY_PROVEN,HNX_LISTED,hnx_official_equity_universe/v1,,OFFICIAL_CURRENT_STOCK_LIST_CANDIDATE,,true,,EXACT_SESSION_RETAINED,CURRENT_DESCRIPTIVE_DNSE_REST_ADJUSTED_RETROSPECTIVE_RAW_AS_TRADED_NOT_PROMOTED,DIRECT_CANONICAL_MAPPING
VTK,2026-09-15,37.1,0.033426183844011303,,,,,,,,,,,,,,,,,BELOW_MA20_MOMENTUM_NEGATIVE,,2026-09-15T16:50:03.746178+07:00,UPCOM,,,,,,,,2026-09-15,2026-09-15,0,EXCHANGE_STOCK_LIST_CANDIDATE_NOT_COMMON_EQUITY_PROVEN,UPCOM,hnx_official_equity_universe/v1,,OFFICIAL_CURRENT_STOCK_LIST_CANDIDATE,,true,,EXACT_SESSION_RETAINED,CURRENT_DESCRIPTIVE_DNSE_REST_ADJUSTED_RETROSPECTIVE_RAW_AS_TRADED_NOT_PROMOTED,DIRECT_CANONICAL_MAPPING
VTO,2026-09-15,10.45,0.014563106796116276,,,,,,,,,,,,,,,,,BELOW_MA20_MOMENTUM_NEGATIVE,,2026-09-15T16:50:03.746178+07:00,HSX,,,,,,,,2026-09-15,2026-09-15,0,OFFICIAL_STOCK_MASTER_SECURITY_TYPE_NOT_COMMON_EQUITY_PROVEN,HOSE,hose_public_stock_master/v1,,OFFICIAL_CURRENT_EXCHANGE_SECURITY,,true,,EXACT_SESSION_RETAINED,CURRENT_DESCRIPTIVE_DNSE_REST_ADJUSTED_RETROSPECTIVE_RAW_AS_TRADED_NOT_PROMOTED,DIRECT_CANONICAL_MAPPING
VTP,2026-09-15,49.3,0.013360739979445091,,,,,,,,,,,,,,,,,BELOW_MA20_MOMENTUM_NEGATIVE,,2026-09-15T16:50:03.746178+07:00,HSX,,,,,,,,2026-09-15,2026-09-15,0,OFFICIAL_STOCK_MASTER_SECURITY_TYPE_NOT_COMMON_EQUITY_PROVEN,HOSE,hose_public_stock_master/v1,,OFFICIAL_CURRENT_EXCHANGE_SECURITY,,true,,EXACT_SESSION_RETAINED,CURRENT_DESCRIPTIVE_DNSE_REST_ADJUSTED_RETROSPECTIVE_RAW_AS_TRADED_NOT_PROMOTED,DIRECT_CANONICAL_MAPPING
VTR,2026-09-15,9.7,-0.010204081632653184,,,,,,,,,,,,,,,,,BELOW_MA20_MOMENTUM_NEGATIVE,,2026-09-15T16:50:03.746178+07:00,UPCOM,,,,,,,,2026-09-15,2026-09-15,0,EXCHANGE_STOCK_LIST_CANDIDATE_NOT_COMMON_EQUITY_PROVEN,UPCOM,hnx_official_equity_universe/v1,,OFFICIAL_CURRENT_STOCK_LIST_CANDIDATE,,true,,EXACT_SESSION_RETAINED,CURRENT_DESCRIPTIVE_DNSE_REST_ADJUSTED_RETROSPECTIVE_RAW_AS_TRADED_NOT_PROMOTED,DIRECT_CANONICAL_MAPPING
VTV,2026-09-15,14.1,-0.02083333333333337,,,,,,,,,,,,,,,,,NEAR_MA20_NEUTRAL,,2026-09-15T16:50:03.746178+07:00,DELISTED,,,,,,,,2026-09-15,2026-09-15,0,EXCHANGE_STOCK_LIST_CANDIDATE_NOT_COMMON_EQUITY_PROVEN,HNX_LISTED,hnx_official_equity_universe/v1,,OFFICIAL_CURRENT_STOCK_LIST_CANDIDATE,,true,,EXACT_SESSION_RETAINED,CURRENT_DESCRIPTIVE_DNSE_REST_ADJUSTED_RETROSPECTIVE_RAW_AS_TRADED_NOT_PROMOTED,DIRECT_CANONICAL_MAPPING
VTZ,2026-09-15,20.4,0.01492537313432818,,,,,,,,,,,,,,,,,ABOVE_MA20_MOMENTUM_POSITIVE,,2026-09-15T16:50:03.746178+07:00,DELISTED,,,,,,,,2026-09-15,2026-09-15,0,EXCHANGE_STOCK_LIST_CANDIDATE_NOT_COMMON_EQUITY_PROVEN,HNX_LISTED,hnx_official_equity_universe/v1,,OFFICIAL_CURRENT_STOCK_LIST_CANDIDATE,,true,,EXACT_SESSION_RETAINED,CURRENT_DESCRIPTIVE_DNSE_REST_ADJUSTED_RETROSPECTIVE_RAW_AS_TRADED_NOT_PROMOTED,DIRECT_CANONICAL_MAPPING
VVS,2026-09-15,83.6,0.0023980815347719453,,,,,,,,,,,,,,,,,ABOVE_MA20_MOMENTUM_POSITIVE,,2026-09-15T16:50:03.746178+07:00,HSX,,,,,,,,2026-09-15,2026-09-15,0,OFFICIAL_STOCK_MASTER_SECURITY_TYPE_NOT_COMMON_EQUITY_PROVEN,HOSE,hose_public_stock_master/v1,,OFFICIAL_CURRENT_EXCHANGE_SECURITY,,true,,EXACT_SESSION_RETAINED,CURRENT_DESCRIPTIVE_DNSE_REST_ADJUSTED_RETROSPECTIVE_RAW_AS_TRADED_NOT_PROMOTED,DIRECT_CANONICAL_MAPPING
WSB,2026-09-15,54.5,-0.005474452554744436,,,,,,,,,,,,,,,,,NEAR_MA20_NEUTRAL,,2026-09-15T16:50:03.746178+07:00,UPCOM,,,,,,,,2026-09-15,2026-09-15,0,EXCHANGE_STOCK_LIST_CANDIDATE_NOT_COMMON_EQUITY_PROVEN,UPCOM,hnx_official_equity_universe/v1,,OFFICIAL_CURRENT_STOCK_LIST_CANDIDATE,,true,,EXACT_SESSION_RETAINED,CURRENT_DESCRIPTIVE_DNSE_REST_ADJUSTED_RETROSPECTIVE_RAW_AS_TRADED_NOT_PROMOTED,DIRECT_CANONICAL_MAPPING
WSS,2026-09-15,5.9,0.0,,,,,,,,,,,,,,,,,BELOW_MA20_MOMENTUM_NEGATIVE,,2026-09-15T16:50:03.746178+07:00,DELISTED,,,,,,,,2026-09-15,2026-09-15,0,EXCHANGE_STOCK_LIST_CANDIDATE_NOT_COMMON_EQUITY_PROVEN,HNX_LISTED,hnx_official_equity_universe/v1,,OFFICIAL_CURRENT_STOCK_LIST_CANDIDATE,,true,,EXACT_SESSION_RETAINED,CURRENT_DESCRIPTIVE_DNSE_REST_ADJUSTED_RETROSPECTIVE_RAW_AS_TRADED_NOT_PROMOTED,DIRECT_CANONICAL_MAPPING
X20,2026-09-15,10.5,0.0,,,,,,,,,,,,,,,,,BELOW_MA20_MOMENTUM_NEGATIVE,,2026-09-15T16:50:03.746178+07:00,DELISTED,,,,,,,,2026-09-15,2026-09-15,0,EXCHANGE_STOCK_LIST_CANDIDATE_NOT_COMMON_EQUITY_PROVEN,HNX_LISTED,hnx_official_equity_universe/v1,,OFFICIAL_CURRENT_STOCK_LIST_CANDIDATE,,true,,EXACT_SESSION_RETAINED,CURRENT_DESCRIPTIVE_DNSE_REST_ADJUSTED_RETROSPECTIVE_RAW_AS_TRADED_NOT_PROMOTED,DIRECT_CANONICAL_MAPPING
XHC,2026-09-15,18,0.02857142857142847,,,,,,,,,,,,,,,,,ABOVE_MA20_MOMENTUM_POSITIVE,,2026-09-15T16:50:03.746178+07:00,UPCOM,,,,,,,,2026-09-15,2026-09-15,0,EXCHANGE_STOCK_LIST_CANDIDATE_NOT_COMMON_EQUITY_PROVEN,UPCOM,hnx_official_equity_universe/v1,,OFFICIAL_CURRENT_STOCK_LIST_CANDIDATE,,true,,EXACT_SESSION_RETAINED,CURRENT_DESCRIPTIVE_DNSE_REST_ADJUSTED_RETROSPECTIVE_RAW_AS_TRADED_NOT_PROMOTED,DIRECT_CANONICAL_MAPPING
XMP,2026-09-15,16.5,0.024844720496894235,,,,,,,,,,,,,,,,,ABOVE_MA20_MOMENTUM_POSITIVE,,2026-09-15T16:50:03.746178+07:00,UPCOM,,,,,,,,2026-09-15,2026-09-15,0,EXCHANGE_STOCK_LIST_CANDIDATE_NOT_COMMON_EQUITY_PROVEN,UPCOM,hnx_official_equity_universe/v1,,OFFICIAL_CURRENT_STOCK_LIST_CANDIDATE,,true,,EXACT_SESSION_RETAINED,CURRENT_DESCRIPTIVE_DNSE_REST_ADJUSTED_RETROSPECTIVE_RAW_AS_TRADED_NOT_PROMOTED,DIRECT_CANONICAL_MAPPING
YBC,2026-09-15,7,-0.125,,,,,,,,,,,,,,,,,BELOW_MA20_MOMENTUM_NEGATIVE,,2026-09-15T16:50:03.746178+07:00,UPCOM,,,,,,,,2026-09-15,2026-09-15,0,EXCHANGE_STOCK_LIST_CANDIDATE_NOT_COMMON_EQUITY_PROVEN,UPCOM,hnx_official_equity_universe/v1,,OFFICIAL_CURRENT_STOCK_LIST_CANDIDATE,,true,,EXACT_SESSION_RETAINED,CURRENT_DESCRIPTIVE_DNSE_REST_ADJUSTED_RETROSPECTIVE_RAW_AS_TRADED_NOT_PROMOTED,DIRECT_CANONICAL_MAPPING
YEG,2026-09-15,6.9,0.0014513788098695635,,,,,,,,,,,,,,,,,BELOW_MA20_MOMENTUM_NEGATIVE,,2026-09-15T16:50:03.746178+07:00,HSX,,,,,,,,2026-09-15,2026-09-15,0,OFFICIAL_STOCK_MASTER_SECURITY_TYPE_NOT_COMMON_EQUITY_PROVEN,HOSE,hose_public_stock_master/v1,,OFFICIAL_CURRENT_EXCHANGE_SECURITY,,true,,EXACT_SESSION_RETAINED,CURRENT_DESCRIPTIVE_DNSE_REST_ADJUSTED_RETROSPECTIVE_RAW_AS_TRADED_NOT_PROMOTED,DIRECT_CANONICAL_MAPPING
