ticker,date,close,chg_today_pct,gtgd20_ty,rel_vol,rsi14,macd_hist,bb_pctb,atr_pct,above_sma50,above_sma200,golden_cross,pct_from_52w_high,near_52w_high,pct_above_52w_low,ret_1m,ret_3m,ret_6m,ret_12m,structure,dist_swing_low_pct,source_generated_at,exchange,industry,foreign_room_pct,pe,pb,roe,free_float_est,margin_status,latest_price_date,reference_market_date,days_stale,instrument_type,listing_exchange,listing_source,listing_snapshot_hash,live_universe_status,live_universe_reason,is_live,rs_rating,canonical_observation_status,canonical_price_basis,canonical_field_availability
A32,,,,,,,,,,,,,,,,,,,,NOT_AVAILABLE,,,UPCOM,corporate,,,,,,,,,,EXCHANGE_STOCK_LIST_CANDIDATE_NOT_COMMON_EQUITY_PROVEN,UPCOM,hnx_official_equity_universe/v1,,OFFICIAL_CURRENT_STOCK_LIST_CANDIDATE,,false,,UNAVAILABLE_NO_EXACT_SESSION_OBSERVATION,,UNAVAILABLE
AAA,2026-10-01,7.16,0.0,,,,,,,,,,,,,,,,,BELOW_MA20_MOMENTUM_POSITIVE,,2026-10-01T16:19:50.765598+07:00,HSX,corporate,,,,,,,2026-10-01,2026-10-01,0,OFFICIAL_STOCK_MASTER_SECURITY_TYPE_NOT_COMMON_EQUITY_PROVEN,HOSE,hose_public_stock_master/v1,,OFFICIAL_CURRENT_EXCHANGE_SECURITY,,true,,EXACT_SESSION_RETAINED,CURRENT_DESCRIPTIVE_DNSE_REST_ADJUSTED_RETROSPECTIVE_RAW_AS_TRADED_NOT_PROMOTED,DIRECT_CANONICAL_MAPPING
AAH,2026-10-01,1.7,0.0,,,,,,,,,,,,,,,,,BELOW_MA20_MOMENTUM_NEGATIVE,,2026-10-01T16:19:50.765598+07:00,UPCOM,corporate,,,,,,,2026-10-01,2026-10-01,0,EXCHANGE_STOCK_LIST_CANDIDATE_NOT_COMMON_EQUITY_PROVEN,UPCOM,hnx_official_equity_universe/v1,,OFFICIAL_CURRENT_STOCK_LIST_CANDIDATE,,true,,EXACT_SESSION_RETAINED,CURRENT_DESCRIPTIVE_DNSE_REST_ADJUSTED_RETROSPECTIVE_RAW_AS_TRADED_NOT_PROMOTED,DIRECT_CANONICAL_MAPPING
AAM,2026-10-01,7.75,-0.0064102564102563875,,,,,,,,,,,,,,,,,ABOVE_MA20_MOMENTUM_POSITIVE,,2026-10-01T16:19:50.765598+07:00,HSX,corporate,,,,,,,2026-10-01,2026-10-01,0,OFFICIAL_STOCK_MASTER_SECURITY_TYPE_NOT_COMMON_EQUITY_PROVEN,HOSE,hose_public_stock_master/v1,,OFFICIAL_CURRENT_EXCHANGE_SECURITY,,true,,EXACT_SESSION_RETAINED,CURRENT_DESCRIPTIVE_DNSE_REST_ADJUSTED_RETROSPECTIVE_RAW_AS_TRADED_NOT_PROMOTED,DIRECT_CANONICAL_MAPPING
AAN,2026-10-01,15.75,-0.0031645569620253333,,,,,,,,,,,,,,,,,NEAR_MA20_NEUTRAL,,2026-10-01T16:19:50.765598+07:00,HSX,corporate,,,,,,,2026-10-01,2026-10-01,0,OFFICIAL_STOCK_MASTER_SECURITY_TYPE_NOT_COMMON_EQUITY_PROVEN,HOSE,hose_public_stock_master/v1,,OFFICIAL_CURRENT_EXCHANGE_SECURITY,,true,,EXACT_SESSION_RETAINED,CURRENT_DESCRIPTIVE_DNSE_REST_ADJUSTED_RETROSPECTIVE_RAW_AS_TRADED_NOT_PROMOTED,DIRECT_CANONICAL_MAPPING
AAS,2026-10-01,9.9,-0.010000000000000009,,,,,,,,,,,,,,,,,ABOVE_MA20_MOMENTUM_POSITIVE,,2026-10-01T16:19:50.765598+07:00,UPCOM,securities,,,,,,,2026-10-01,2026-10-01,0,EXCHANGE_STOCK_LIST_CANDIDATE_NOT_COMMON_EQUITY_PROVEN,UPCOM,hnx_official_equity_universe/v1,,OFFICIAL_CURRENT_STOCK_LIST_CANDIDATE,,true,,EXACT_SESSION_RETAINED,CURRENT_DESCRIPTIVE_DNSE_REST_ADJUSTED_RETROSPECTIVE_RAW_AS_TRADED_NOT_PROMOTED,DIRECT_CANONICAL_MAPPING
AAT,2026-10-01,1.87,0.0,,,,,,,,,,,,,,,,,BELOW_MA20_MOMENTUM_NEGATIVE,,2026-10-01T16:19:50.765598+07:00,HSX,corporate,,,,,,,2026-10-01,2026-10-01,0,OFFICIAL_STOCK_MASTER_SECURITY_TYPE_NOT_COMMON_EQUITY_PROVEN,HOSE,hose_public_stock_master/v1,,OFFICIAL_CURRENT_EXCHANGE_SECURITY,,true,,EXACT_SESSION_RETAINED,CURRENT_DESCRIPTIVE_DNSE_REST_ADJUSTED_RETROSPECTIVE_RAW_AS_TRADED_NOT_PROMOTED,DIRECT_CANONICAL_MAPPING
AAV,2026-10-01,6,0.016949152542372836,,,,,,,,,,,,,,,,,NEAR_MA20_NEUTRAL,,2026-10-01T16:19:50.765598+07:00,UPCOM,corporate,,,,,,,2026-10-01,2026-10-01,0,EXCHANGE_STOCK_LIST_CANDIDATE_NOT_COMMON_EQUITY_PROVEN,UPCOM,hnx_official_equity_universe/v1,,OFFICIAL_CURRENT_STOCK_LIST_CANDIDATE,,true,,EXACT_SESSION_RETAINED,CURRENT_DESCRIPTIVE_DNSE_REST_ADJUSTED_RETROSPECTIVE_RAW_AS_TRADED_NOT_PROMOTED,DIRECT_CANONICAL_MAPPING
ABB,2026-10-01,17.8,-0.016574585635359185,,,,,,,,,,,,,,,,,NEAR_MA20_NEUTRAL,,2026-10-01T16:19:50.765598+07:00,UPCOM,bank,,,,,,,2026-10-01,2026-10-01,0,EXCHANGE_STOCK_LIST_CANDIDATE_NOT_COMMON_EQUITY_PROVEN,UPCOM,hnx_official_equity_universe/v1,,OFFICIAL_CURRENT_STOCK_LIST_CANDIDATE,,true,,EXACT_SESSION_RETAINED,CURRENT_DESCRIPTIVE_DNSE_REST_ADJUSTED_RETROSPECTIVE_RAW_AS_TRADED_NOT_PROMOTED,DIRECT_CANONICAL_MAPPING
ABC,2026-10-01,10.1,-0.009803921568627416,,,,,,,,,,,,,,,,,NEAR_MA20_NEUTRAL,,2026-10-01T16:19:50.765598+07:00,UPCOM,corporate,,,,,,,2026-10-01,2026-10-01,0,EXCHANGE_STOCK_LIST_CANDIDATE_NOT_COMMON_EQUITY_PROVEN,UPCOM,hnx_official_equity_universe/v1,,OFFICIAL_CURRENT_STOCK_LIST_CANDIDATE,,true,,EXACT_SESSION_RETAINED,CURRENT_DESCRIPTIVE_DNSE_REST_ADJUSTED_RETROSPECTIVE_RAW_AS_TRADED_NOT_PROMOTED,DIRECT_CANONICAL_MAPPING
ABI,2026-10-01,19.2,-0.005181347150259086,,,,,,,,,,,,,,,,,NEAR_MA20_NEUTRAL,,2026-10-01T16:19:50.765598+07:00,UPCOM,insurance,,,,,,,2026-10-01,2026-10-01,0,EXCHANGE_STOCK_LIST_CANDIDATE_NOT_COMMON_EQUITY_PROVEN,UPCOM,hnx_official_equity_universe/v1,,OFFICIAL_CURRENT_STOCK_LIST_CANDIDATE,,true,,EXACT_SESSION_RETAINED,CURRENT_DESCRIPTIVE_DNSE_REST_ADJUSTED_RETROSPECTIVE_RAW_AS_TRADED_NOT_PROMOTED,DIRECT_CANONICAL_MAPPING
ABR,,,,,,,,,,,,,,,,,,,,NOT_AVAILABLE,,,HSX,corporate,,,,,,,,,,OFFICIAL_STOCK_MASTER_SECURITY_TYPE_NOT_COMMON_EQUITY_PROVEN,HOSE,hose_public_stock_master/v1,,OFFICIAL_CURRENT_EXCHANGE_SECURITY,,false,,UNAVAILABLE_NO_EXACT_SESSION_OBSERVATION,,UNAVAILABLE
ABS,2026-10-01,2.89,0.0,,,,,,,,,,,,,,,,,NEAR_MA20_NEUTRAL,,2026-10-01T16:19:50.765598+07:00,HSX,corporate,,,,,,,2026-10-01,2026-10-01,0,OFFICIAL_STOCK_MASTER_SECURITY_TYPE_NOT_COMMON_EQUITY_PROVEN,HOSE,hose_public_stock_master/v1,,OFFICIAL_CURRENT_EXCHANGE_SECURITY,,true,,EXACT_SESSION_RETAINED,CURRENT_DESCRIPTIVE_DNSE_REST_ADJUSTED_RETROSPECTIVE_RAW_AS_TRADED_NOT_PROMOTED,DIRECT_CANONICAL_MAPPING
ABT,2026-10-01,50,0.002004008016032177,,,,,,,,,,,,,,,,,NEAR_MA20_NEUTRAL,,2026-10-01T16:19:50.765598+07:00,HSX,corporate,,,,,,,2026-10-01,2026-10-01,0,OFFICIAL_STOCK_MASTER_SECURITY_TYPE_NOT_COMMON_EQUITY_PROVEN,HOSE,hose_public_stock_master/v1,,OFFICIAL_CURRENT_EXCHANGE_SECURITY,,true,,EXACT_SESSION_RETAINED,CURRENT_DESCRIPTIVE_DNSE_REST_ADJUSTED_RETROSPECTIVE_RAW_AS_TRADED_NOT_PROMOTED,DIRECT_CANONICAL_MAPPING
ABW,2026-10-01,14.6,-0.006802721088435382,,,,,,,,,,,,,,,,,ABOVE_MA20_MOMENTUM_POSITIVE,,2026-10-01T16:19:50.765598+07:00,UPCOM,securities,,,,,,,2026-10-01,2026-10-01,0,EXCHANGE_STOCK_LIST_CANDIDATE_NOT_COMMON_EQUITY_PROVEN,UPCOM,hnx_official_equity_universe/v1,,OFFICIAL_CURRENT_STOCK_LIST_CANDIDATE,,true,,EXACT_SESSION_RETAINED,CURRENT_DESCRIPTIVE_DNSE_REST_ADJUSTED_RETROSPECTIVE_RAW_AS_TRADED_NOT_PROMOTED,DIRECT_CANONICAL_MAPPING
ACB,2026-10-01,21.1,0.0,,,,,,,,,,,,,,,,,BELOW_MA20_MOMENTUM_NEGATIVE,,2026-10-01T16:19:50.765598+07:00,HSX,bank,,,,,,,2026-10-01,2026-10-01,0,OFFICIAL_STOCK_MASTER_SECURITY_TYPE_NOT_COMMON_EQUITY_PROVEN,HOSE,hose_public_stock_master/v1,,OFFICIAL_CURRENT_EXCHANGE_SECURITY,,true,,EXACT_SESSION_RETAINED,CURRENT_DESCRIPTIVE_DNSE_REST_ADJUSTED_RETROSPECTIVE_RAW_AS_TRADED_NOT_PROMOTED,DIRECT_CANONICAL_MAPPING
ACC,2026-10-01,4.19,-0.009456264775413725,,,,,,,,,,,,,,,,,BELOW_MA20_MOMENTUM_NEGATIVE,,2026-10-01T16:19:50.765598+07:00,HSX,corporate,,,,,,,2026-10-01,2026-10-01,0,OFFICIAL_STOCK_MASTER_SECURITY_TYPE_NOT_COMMON_EQUITY_PROVEN,HOSE,hose_public_stock_master/v1,,OFFICIAL_CURRENT_EXCHANGE_SECURITY,,true,,EXACT_SESSION_RETAINED,CURRENT_DESCRIPTIVE_DNSE_REST_ADJUSTED_RETROSPECTIVE_RAW_AS_TRADED_NOT_PROMOTED,DIRECT_CANONICAL_MAPPING
ACE,2026-10-01,29.1,0.0034482758620690834,,,,,,,,,,,,,,,,,BELOW_MA20_MOMENTUM_NEGATIVE,,2026-10-01T16:19:50.765598+07:00,UPCOM,corporate,,,,,,,2026-10-01,2026-10-01,0,EXCHANGE_STOCK_LIST_CANDIDATE_NOT_COMMON_EQUITY_PROVEN,UPCOM,hnx_official_equity_universe/v1,,OFFICIAL_CURRENT_STOCK_LIST_CANDIDATE,,true,,EXACT_SESSION_RETAINED,CURRENT_DESCRIPTIVE_DNSE_REST_ADJUSTED_RETROSPECTIVE_RAW_AS_TRADED_NOT_PROMOTED,DIRECT_CANONICAL_MAPPING
ACG,2026-10-01,31.3,-0.0031847133757960666,,,,,,,,,,,,,,,,,NEAR_MA20_NEUTRAL,,2026-10-01T16:19:50.765598+07:00,HSX,corporate,,,,,,,2026-10-01,2026-10-01,0,OFFICIAL_STOCK_MASTER_SECURITY_TYPE_NOT_COMMON_EQUITY_PROVEN,HOSE,hose_public_stock_master/v1,,OFFICIAL_CURRENT_EXCHANGE_SECURITY,,true,,EXACT_SESSION_RETAINED,CURRENT_DESCRIPTIVE_DNSE_REST_ADJUSTED_RETROSPECTIVE_RAW_AS_TRADED_NOT_PROMOTED,DIRECT_CANONICAL_MAPPING
ACL,2026-10-01,11.2,-0.01754385964912286,,,,,,,,,,,,,,,,,NEAR_MA20_NEUTRAL,,2026-10-01T16:19:50.765598+07:00,HSX,corporate,,,,,,,2026-10-01,2026-10-01,0,OFFICIAL_STOCK_MASTER_SECURITY_TYPE_NOT_COMMON_EQUITY_PROVEN,HOSE,hose_public_stock_master/v1,,OFFICIAL_CURRENT_EXCHANGE_SECURITY,,true,,EXACT_SESSION_RETAINED,CURRENT_DESCRIPTIVE_DNSE_REST_ADJUSTED_RETROSPECTIVE_RAW_AS_TRADED_NOT_PROMOTED,DIRECT_CANONICAL_MAPPING
ACM,,,,,,,,,,,,,,,,,,,,NOT_AVAILABLE,,,UPCOM,,,,,,,,,,,EXCHANGE_STOCK_LIST_CANDIDATE_NOT_COMMON_EQUITY_PROVEN,UPCOM,hnx_official_equity_universe/v1,,OFFICIAL_CURRENT_STOCK_LIST_CANDIDATE,,false,,UNAVAILABLE_NO_EXACT_SESSION_OBSERVATION,,UNAVAILABLE
ACS,,,,,,,,,,,,,,,,,,,,NOT_AVAILABLE,,,UPCOM,,,,,,,,,,,EXCHANGE_STOCK_LIST_CANDIDATE_NOT_COMMON_EQUITY_PROVEN,UPCOM,hnx_official_equity_universe/v1,,OFFICIAL_CURRENT_STOCK_LIST_CANDIDATE,,false,,UNAVAILABLE_NO_EXACT_SESSION_OBSERVATION,,UNAVAILABLE
ACV,2026-10-01,39.2,0.0,,,,,,,,,,,,,,,,,NEAR_MA20_NEUTRAL,,2026-10-01T16:19:50.765598+07:00,UPCOM,,,,,,,,2026-10-01,2026-10-01,0,EXCHANGE_STOCK_LIST_CANDIDATE_NOT_COMMON_EQUITY_PROVEN,UPCOM,hnx_official_equity_universe/v1,,OFFICIAL_CURRENT_STOCK_LIST_CANDIDATE,,true,,EXACT_SESSION_RETAINED,CURRENT_DESCRIPTIVE_DNSE_REST_ADJUSTED_RETROSPECTIVE_RAW_AS_TRADED_NOT_PROMOTED,DIRECT_CANONICAL_MAPPING
ADC,2026-10-01,15.2,0.0,,,,,,,,,,,,,,,,,BELOW_MA20_MOMENTUM_NEGATIVE,,2026-10-01T16:19:50.765598+07:00,DELISTED,,,,,,,,2026-10-01,2026-10-01,0,EXCHANGE_STOCK_LIST_CANDIDATE_NOT_COMMON_EQUITY_PROVEN,HNX_LISTED,hnx_official_equity_universe/v1,,OFFICIAL_CURRENT_STOCK_LIST_CANDIDATE,,true,,EXACT_SESSION_RETAINED,CURRENT_DESCRIPTIVE_DNSE_REST_ADJUSTED_RETROSPECTIVE_RAW_AS_TRADED_NOT_PROMOTED,DIRECT_CANONICAL_MAPPING
ADG,2026-10-01,8.62,0.051219512195122,,,,,,,,,,,,,,,,,ABOVE_MA20_MOMENTUM_POSITIVE,,2026-10-01T16:19:50.765598+07:00,HSX,,,,,,,,2026-10-01,2026-10-01,0,OFFICIAL_STOCK_MASTER_SECURITY_TYPE_NOT_COMMON_EQUITY_PROVEN,HOSE,hose_public_stock_master/v1,,OFFICIAL_CURRENT_EXCHANGE_SECURITY,,true,,EXACT_SESSION_RETAINED,CURRENT_DESCRIPTIVE_DNSE_REST_ADJUSTED_RETROSPECTIVE_RAW_AS_TRADED_NOT_PROMOTED,DIRECT_CANONICAL_MAPPING
ADP,2026-10-01,23.6,-0.008403361344537785,,,,,,,,,,,,,,,,,NEAR_MA20_NEUTRAL,,2026-10-01T16:19:50.765598+07:00,HSX,,,,,,,,2026-10-01,2026-10-01,0,OFFICIAL_STOCK_MASTER_SECURITY_TYPE_NOT_COMMON_EQUITY_PROVEN,HOSE,hose_public_stock_master/v1,,OFFICIAL_CURRENT_EXCHANGE_SECURITY,,true,,EXACT_SESSION_RETAINED,CURRENT_DESCRIPTIVE_DNSE_REST_ADJUSTED_RETROSPECTIVE_RAW_AS_TRADED_NOT_PROMOTED,DIRECT_CANONICAL_MAPPING
ADS,2026-10-01,7.78,-0.0012836970474967568,,,,,,,,,,,,,,,,,BELOW_MA20_MOMENTUM_NEGATIVE,,2026-10-01T16:19:50.765598+07:00,HSX,,,,,,,,2026-10-01,2026-10-01,0,OFFICIAL_STOCK_MASTER_SECURITY_TYPE_NOT_COMMON_EQUITY_PROVEN,HOSE,hose_public_stock_master/v1,,OFFICIAL_CURRENT_EXCHANGE_SECURITY,,true,,EXACT_SESSION_RETAINED,CURRENT_DESCRIPTIVE_DNSE_REST_ADJUSTED_RETROSPECTIVE_RAW_AS_TRADED_NOT_PROMOTED,DIRECT_CANONICAL_MAPPING
AFX,2026-10-01,9.78,-0.0020408163265307477,,,,,,,,,,,,,,,,,NEAR_MA20_NEUTRAL,,2026-10-01T16:19:50.765598+07:00,HSX,,,,,,,,2026-10-01,2026-10-01,0,OFFICIAL_STOCK_MASTER_SECURITY_TYPE_NOT_COMMON_EQUITY_PROVEN,HOSE,hose_public_stock_master/v1,,OFFICIAL_CURRENT_EXCHANGE_SECURITY,,true,,EXACT_SESSION_RETAINED,CURRENT_DESCRIPTIVE_DNSE_REST_ADJUSTED_RETROSPECTIVE_RAW_AS_TRADED_NOT_PROMOTED,DIRECT_CANONICAL_MAPPING
AG1,2026-10-01,12,0.016949152542372836,,,,,,,,,,,,,,,,,ABOVE_MA20_MOMENTUM_NEGATIVE,,2026-10-01T16:19:50.765598+07:00,UPCOM,,,,,,,,2026-10-01,2026-10-01,0,EXCHANGE_STOCK_LIST_CANDIDATE_NOT_COMMON_EQUITY_PROVEN,UPCOM,hnx_official_equity_universe/v1,,OFFICIAL_CURRENT_STOCK_LIST_CANDIDATE,,true,,EXACT_SESSION_RETAINED,CURRENT_DESCRIPTIVE_DNSE_REST_ADJUSTED_RETROSPECTIVE_RAW_AS_TRADED_NOT_PROMOTED,DIRECT_CANONICAL_MAPPING
AGE,,,,,,,,,,,,,,,,,,,,NOT_AVAILABLE,,,DELISTED,,,,,,,,,,,INSTRUMENT_CLASS_UNRESOLVED,DELISTED,,,STOCKLOOKUP_ONLY_UNRESOLVED,,false,,UNAVAILABLE_NO_EXACT_SESSION_OBSERVATION,,UNAVAILABLE
AGF,,,,,,,,,,,,,,,,,,,,NOT_AVAILABLE,,,UPCOM,,,,,,,,,,,EXCHANGE_STOCK_LIST_CANDIDATE_NOT_COMMON_EQUITY_PROVEN,UPCOM,hnx_official_equity_universe/v1,,OFFICIAL_CURRENT_STOCK_LIST_CANDIDATE,,false,,UNAVAILABLE_NO_EXACT_SESSION_OBSERVATION,,UNAVAILABLE
AGG,2026-10-01,9,0.0,,,,,,,,,,,,,,,,,BELOW_MA20_MOMENTUM_NEGATIVE,,2026-10-01T16:19:50.765598+07:00,HSX,,,,,,,,2026-10-01,2026-10-01,0,OFFICIAL_STOCK_MASTER_SECURITY_TYPE_NOT_COMMON_EQUITY_PROVEN,HOSE,hose_public_stock_master/v1,,OFFICIAL_CURRENT_EXCHANGE_SECURITY,,true,,EXACT_SESSION_RETAINED,CURRENT_DESCRIPTIVE_DNSE_REST_ADJUSTED_RETROSPECTIVE_RAW_AS_TRADED_NOT_PROMOTED,DIRECT_CANONICAL_MAPPING
AGM,,,,,,,,,,,,,,,,,,,,NOT_AVAILABLE,,,UPCOM,,,,,,,,,,,EXCHANGE_STOCK_LIST_CANDIDATE_NOT_COMMON_EQUITY_PROVEN,UPCOM,hnx_official_equity_universe/v1,,OFFICIAL_CURRENT_STOCK_LIST_CANDIDATE,,false,,UNAVAILABLE_NO_EXACT_SESSION_OBSERVATION,,UNAVAILABLE
AGP,2026-10-01,27.5,0.0073260073260073,,,,,,,,,,,,,,,,,BELOW_MA20_MOMENTUM_NEGATIVE,,2026-10-01T16:19:50.765598+07:00,UPCOM,,,,,,,,2026-10-01,2026-10-01,0,EXCHANGE_STOCK_LIST_CANDIDATE_NOT_COMMON_EQUITY_PROVEN,UPCOM,hnx_official_equity_universe/v1,,OFFICIAL_CURRENT_STOCK_LIST_CANDIDATE,,true,,EXACT_SESSION_RETAINED,CURRENT_DESCRIPTIVE_DNSE_REST_ADJUSTED_RETROSPECTIVE_RAW_AS_TRADED_NOT_PROMOTED,DIRECT_CANONICAL_MAPPING
AGR,2026-10-01,11.9,-0.004184100418409997,,,,,,,,,,,,,,,,,BELOW_MA20_MOMENTUM_NEGATIVE,,2026-10-01T16:19:50.765598+07:00,HSX,,,,,,,,2026-10-01,2026-10-01,0,OFFICIAL_STOCK_MASTER_SECURITY_TYPE_NOT_COMMON_EQUITY_PROVEN,HOSE,hose_public_stock_master/v1,,OFFICIAL_CURRENT_EXCHANGE_SECURITY,,true,,EXACT_SESSION_RETAINED,CURRENT_DESCRIPTIVE_DNSE_REST_ADJUSTED_RETROSPECTIVE_RAW_AS_TRADED_NOT_PROMOTED,DIRECT_CANONICAL_MAPPING
AGX,2026-10-01,145,-0.058441558441558406,,,,,,,,,,,,,,,,,NEAR_MA20_NEUTRAL,,2026-10-01T16:19:50.765598+07:00,UPCOM,,,,,,,,2026-10-01,2026-10-01,0,EXCHANGE_STOCK_LIST_CANDIDATE_NOT_COMMON_EQUITY_PROVEN,UPCOM,hnx_official_equity_universe/v1,,OFFICIAL_CURRENT_STOCK_LIST_CANDIDATE,,true,,EXACT_SESSION_RETAINED,CURRENT_DESCRIPTIVE_DNSE_REST_ADJUSTED_RETROSPECTIVE_RAW_AS_TRADED_NOT_PROMOTED,DIRECT_CANONICAL_MAPPING
AIC,2026-10-01,7.7,0.0,,,,,,,,,,,,,,,,,BELOW_MA20_MOMENTUM_NEGATIVE,,2026-10-01T16:19:50.765598+07:00,UPCOM,,,,,,,,2026-10-01,2026-10-01,0,EXCHANGE_STOCK_LIST_CANDIDATE_NOT_COMMON_EQUITY_PROVEN,UPCOM,hnx_official_equity_universe/v1,,OFFICIAL_CURRENT_STOCK_LIST_CANDIDATE,,true,,EXACT_SESSION_RETAINED,CURRENT_DESCRIPTIVE_DNSE_REST_ADJUSTED_RETROSPECTIVE_RAW_AS_TRADED_NOT_PROMOTED,DIRECT_CANONICAL_MAPPING
AIG,2026-10-01,47.2,-0.020746887966805017,,,,,,,,,,,,,,,,,BELOW_MA20_MOMENTUM_NEGATIVE,,2026-10-01T16:19:50.765598+07:00,UPCOM,,,,,,,,2026-10-01,2026-10-01,0,EXCHANGE_STOCK_LIST_CANDIDATE_NOT_COMMON_EQUITY_PROVEN,UPCOM,hnx_official_equity_universe/v1,,OFFICIAL_CURRENT_STOCK_LIST_CANDIDATE,,true,,EXACT_SESSION_RETAINED,CURRENT_DESCRIPTIVE_DNSE_REST_ADJUSTED_RETROSPECTIVE_RAW_AS_TRADED_NOT_PROMOTED,DIRECT_CANONICAL_MAPPING
ALC,2026-10-01,21.3,0.0,,,,,,,,,,,,,,,,,NEAR_MA20_NEUTRAL,,2026-10-01T16:19:50.765598+07:00,UPCOM,,,,,,,,2026-10-01,2026-10-01,0,EXCHANGE_STOCK_LIST_CANDIDATE_NOT_COMMON_EQUITY_PROVEN,UPCOM,hnx_official_equity_universe/v1,,OFFICIAL_CURRENT_STOCK_LIST_CANDIDATE,,true,,EXACT_SESSION_RETAINED,CURRENT_DESCRIPTIVE_DNSE_REST_ADJUSTED_RETROSPECTIVE_RAW_AS_TRADED_NOT_PROMOTED,DIRECT_CANONICAL_MAPPING
ALT,,,,,,,,,,,,,,,,,,,,NOT_AVAILABLE,,,DELISTED,,,,,,,,,,,EXCHANGE_STOCK_LIST_CANDIDATE_NOT_COMMON_EQUITY_PROVEN,HNX_LISTED,hnx_official_equity_universe/v1,,OFFICIAL_CURRENT_STOCK_LIST_CANDIDATE,,false,,UNAVAILABLE_NO_EXACT_SESSION_OBSERVATION,,UNAVAILABLE
ALV,2026-10-01,7.1,0.044117647058823595,,,,,,,,,,,,,,,,,ABOVE_MA20_MOMENTUM_POSITIVE,,2026-10-01T16:19:50.765598+07:00,UPCOM,,,,,,,,2026-10-01,2026-10-01,0,EXCHANGE_STOCK_LIST_CANDIDATE_NOT_COMMON_EQUITY_PROVEN,UPCOM,hnx_official_equity_universe/v1,,OFFICIAL_CURRENT_STOCK_LIST_CANDIDATE,,true,,EXACT_SESSION_RETAINED,CURRENT_DESCRIPTIVE_DNSE_REST_ADJUSTED_RETROSPECTIVE_RAW_AS_TRADED_NOT_PROMOTED,DIRECT_CANONICAL_MAPPING
AMC,,,,,,,,,,,,,,,,,,,,NOT_AVAILABLE,,,DELISTED,,,,,,,,,,,EXCHANGE_STOCK_LIST_CANDIDATE_NOT_COMMON_EQUITY_PROVEN,HNX_LISTED,hnx_official_equity_universe/v1,,OFFICIAL_CURRENT_STOCK_LIST_CANDIDATE,,false,,UNAVAILABLE_NO_EXACT_SESSION_OBSERVATION,,UNAVAILABLE
AMD,,,,,,,,,,,,,,,,,,,,NOT_AVAILABLE,,,DELISTED,,,,,,,,,,,INSTRUMENT_CLASS_UNRESOLVED,DELISTED,,,STOCKLOOKUP_ONLY_UNRESOLVED,,false,,UNAVAILABLE_NO_EXACT_SESSION_OBSERVATION,,UNAVAILABLE
AME,,,,,,,,,,,,,,,,,,,,NOT_AVAILABLE,,,DELISTED,,,,,,,,,,,EXCHANGE_STOCK_LIST_CANDIDATE_NOT_COMMON_EQUITY_PROVEN,HNX_LISTED,hnx_official_equity_universe/v1,,OFFICIAL_CURRENT_STOCK_LIST_CANDIDATE,,false,,UNAVAILABLE_NO_EXACT_SESSION_OBSERVATION,,UNAVAILABLE
AMP,,,,,,,,,,,,,,,,,,,,NOT_AVAILABLE,,,UPCOM,,,,,,,,,,,EXCHANGE_STOCK_LIST_CANDIDATE_NOT_COMMON_EQUITY_PROVEN,UPCOM,hnx_official_equity_universe/v1,,OFFICIAL_CURRENT_STOCK_LIST_CANDIDATE,,false,,UNAVAILABLE_NO_EXACT_SESSION_OBSERVATION,,UNAVAILABLE
AMS,2026-10-01,7.2,0.014084507042253502,,,,,,,,,,,,,,,,,NEAR_MA20_NEUTRAL,,2026-10-01T16:19:50.765598+07:00,UPCOM,,,,,,,,2026-10-01,2026-10-01,0,EXCHANGE_STOCK_LIST_CANDIDATE_NOT_COMMON_EQUITY_PROVEN,UPCOM,hnx_official_equity_universe/v1,,OFFICIAL_CURRENT_STOCK_LIST_CANDIDATE,,true,,EXACT_SESSION_RETAINED,CURRENT_DESCRIPTIVE_DNSE_REST_ADJUSTED_RETROSPECTIVE_RAW_AS_TRADED_NOT_PROMOTED,DIRECT_CANONICAL_MAPPING
AMV,2026-10-01,1.2,0.0,,,,,,,,,,,,,,,,,ABOVE_MA20_MOMENTUM_NEGATIVE,,2026-10-01T16:19:50.765598+07:00,DELISTED,,,,,,,,2026-10-01,2026-10-01,0,EXCHANGE_STOCK_LIST_CANDIDATE_NOT_COMMON_EQUITY_PROVEN,HNX_LISTED,hnx_official_equity_universe/v1,,OFFICIAL_CURRENT_STOCK_LIST_CANDIDATE,,true,,EXACT_SESSION_RETAINED,CURRENT_DESCRIPTIVE_DNSE_REST_ADJUSTED_RETROSPECTIVE_RAW_AS_TRADED_NOT_PROMOTED,DIRECT_CANONICAL_MAPPING
ANI,,,,,,,,,,,,,,,,,,,,NOT_AVAILABLE,,,UPCOM,,,,,,,,,,,EXCHANGE_STOCK_LIST_CANDIDATE_NOT_COMMON_EQUITY_PROVEN,UPCOM,hnx_official_equity_universe/v1,,OFFICIAL_CURRENT_STOCK_LIST_CANDIDATE,,false,,UNAVAILABLE_NO_EXACT_SESSION_OBSERVATION,,UNAVAILABLE
ANT,2026-10-01,18.85,0.005333333333333412,,,,,,,,,,,,,,,,,ABOVE_MA20_MOMENTUM_POSITIVE,,2026-10-01T16:19:50.765598+07:00,HSX,,,,,,,,2026-10-01,2026-10-01,0,OFFICIAL_STOCK_MASTER_SECURITY_TYPE_NOT_COMMON_EQUITY_PROVEN,HOSE,hose_public_stock_master/v1,,OFFICIAL_CURRENT_EXCHANGE_SECURITY,,true,,EXACT_SESSION_RETAINED,CURRENT_DESCRIPTIVE_DNSE_REST_ADJUSTED_RETROSPECTIVE_RAW_AS_TRADED_NOT_PROMOTED,DIRECT_CANONICAL_MAPPING
ANV,2026-10-01,15.9,0.022508038585209,,,,,,,,,,,,,,,,,NEAR_MA20_NEUTRAL,,2026-10-01T16:19:50.765598+07:00,HSX,,,,,,,,2026-10-01,2026-10-01,0,OFFICIAL_STOCK_MASTER_SECURITY_TYPE_NOT_COMMON_EQUITY_PROVEN,HOSE,hose_public_stock_master/v1,,OFFICIAL_CURRENT_EXCHANGE_SECURITY,,true,,EXACT_SESSION_RETAINED,CURRENT_DESCRIPTIVE_DNSE_REST_ADJUSTED_RETROSPECTIVE_RAW_AS_TRADED_NOT_PROMOTED,DIRECT_CANONICAL_MAPPING
APC,,,,,,,,,,,,,,,,,,,,NOT_AVAILABLE,,,UPCOM,,,,,,,,,,,EXCHANGE_STOCK_LIST_CANDIDATE_NOT_COMMON_EQUITY_PROVEN,UPCOM,hnx_official_equity_universe/v1,,OFFICIAL_CURRENT_STOCK_LIST_CANDIDATE,,false,,UNAVAILABLE_NO_EXACT_SESSION_OBSERVATION,,UNAVAILABLE
APF,2026-10-01,44.1,-0.006756756756756688,,,,,,,,,,,,,,,,,NEAR_MA20_NEUTRAL,,2026-10-01T16:19:50.765598+07:00,UPCOM,,,,,,,,2026-10-01,2026-10-01,0,EXCHANGE_STOCK_LIST_CANDIDATE_NOT_COMMON_EQUITY_PROVEN,UPCOM,hnx_official_equity_universe/v1,,OFFICIAL_CURRENT_STOCK_LIST_CANDIDATE,,true,,EXACT_SESSION_RETAINED,CURRENT_DESCRIPTIVE_DNSE_REST_ADJUSTED_RETROSPECTIVE_RAW_AS_TRADED_NOT_PROMOTED,DIRECT_CANONICAL_MAPPING
APG,2026-10-01,4.3,-0.011494252873563204,,,,,,,,,,,,,,,,,BELOW_MA20_MOMENTUM_NEGATIVE,,2026-10-01T16:19:50.765598+07:00,HSX,,,,,,,,2026-10-01,2026-10-01,0,OFFICIAL_STOCK_MASTER_SECURITY_TYPE_NOT_COMMON_EQUITY_PROVEN,HOSE,hose_public_stock_master/v1,,OFFICIAL_CURRENT_EXCHANGE_SECURITY,,true,,EXACT_SESSION_RETAINED,CURRENT_DESCRIPTIVE_DNSE_REST_ADJUSTED_RETROSPECTIVE_RAW_AS_TRADED_NOT_PROMOTED,DIRECT_CANONICAL_MAPPING
APH,2026-10-01,6.96,0.029585798816567976,,,,,,,,,,,,,,,,,ABOVE_MA20_MOMENTUM_POSITIVE,,2026-10-01T16:19:50.765598+07:00,HSX,,,,,,,,2026-10-01,2026-10-01,0,OFFICIAL_STOCK_MASTER_SECURITY_TYPE_NOT_COMMON_EQUITY_PROVEN,HOSE,hose_public_stock_master/v1,,OFFICIAL_CURRENT_EXCHANGE_SECURITY,,true,,EXACT_SESSION_RETAINED,CURRENT_DESCRIPTIVE_DNSE_REST_ADJUSTED_RETROSPECTIVE_RAW_AS_TRADED_NOT_PROMOTED,DIRECT_CANONICAL_MAPPING
API,2026-10-01,4.3,0.0,,,,,,,,,,,,,,,,,BELOW_MA20_MOMENTUM_NEGATIVE,,2026-10-01T16:19:50.765598+07:00,DELISTED,,,,,,,,2026-10-01,2026-10-01,0,EXCHANGE_STOCK_LIST_CANDIDATE_NOT_COMMON_EQUITY_PROVEN,HNX_LISTED,hnx_official_equity_universe/v1,,OFFICIAL_CURRENT_STOCK_LIST_CANDIDATE,,true,,EXACT_SESSION_RETAINED,CURRENT_DESCRIPTIVE_DNSE_REST_ADJUSTED_RETROSPECTIVE_RAW_AS_TRADED_NOT_PROMOTED,DIRECT_CANONICAL_MAPPING
APL,,,,,,,,,,,,,,,,,,,,NOT_AVAILABLE,,,UPCOM,,,,,,,,,,,EXCHANGE_STOCK_LIST_CANDIDATE_NOT_COMMON_EQUITY_PROVEN,UPCOM,hnx_official_equity_universe/v1,,OFFICIAL_CURRENT_STOCK_LIST_CANDIDATE,,false,,UNAVAILABLE_NO_EXACT_SESSION_OBSERVATION,,UNAVAILABLE
APP,2026-10-01,3.9,0.026315789473684292,,,,,,,,,,,,,,,,,NEAR_MA20_NEUTRAL,,2026-10-01T16:19:50.765598+07:00,UPCOM,,,,,,,,2026-10-01,2026-10-01,0,EXCHANGE_STOCK_LIST_CANDIDATE_NOT_COMMON_EQUITY_PROVEN,UPCOM,hnx_official_equity_universe/v1,,OFFICIAL_CURRENT_STOCK_LIST_CANDIDATE,,true,,EXACT_SESSION_RETAINED,CURRENT_DESCRIPTIVE_DNSE_REST_ADJUSTED_RETROSPECTIVE_RAW_AS_TRADED_NOT_PROMOTED,DIRECT_CANONICAL_MAPPING
APS,2026-10-01,5.3,0.0,,,,,,,,,,,,,,,,,BELOW_MA20_MOMENTUM_NEGATIVE,,2026-10-01T16:19:50.765598+07:00,DELISTED,,,,,,,,2026-10-01,2026-10-01,0,EXCHANGE_STOCK_LIST_CANDIDATE_NOT_COMMON_EQUITY_PROVEN,HNX_LISTED,hnx_official_equity_universe/v1,,OFFICIAL_CURRENT_STOCK_LIST_CANDIDATE,,true,,EXACT_SESSION_RETAINED,CURRENT_DESCRIPTIVE_DNSE_REST_ADJUSTED_RETROSPECTIVE_RAW_AS_TRADED_NOT_PROMOTED,DIRECT_CANONICAL_MAPPING
APT,,,,,,,,,,,,,,,,,,,,NOT_AVAILABLE,,,UPCOM,,,,,,,,,,,EXCHANGE_STOCK_LIST_CANDIDATE_NOT_COMMON_EQUITY_PROVEN,UPCOM,hnx_official_equity_universe/v1,,OFFICIAL_CURRENT_STOCK_LIST_CANDIDATE,,false,,UNAVAILABLE_NO_EXACT_SESSION_OBSERVATION,,UNAVAILABLE
ARM,,,,,,,,,,,,,,,,,,,,NOT_AVAILABLE,,,DELISTED,,,,,,,,,,,EXCHANGE_STOCK_LIST_CANDIDATE_NOT_COMMON_EQUITY_PROVEN,HNX_LISTED,hnx_official_equity_universe/v1,,OFFICIAL_CURRENT_STOCK_LIST_CANDIDATE,,false,,UNAVAILABLE_NO_EXACT_SESSION_OBSERVATION,,UNAVAILABLE
ART,,,,,,,,,,,,,,,,,,,,NOT_AVAILABLE,,,UPCOM,,,,,,,,,,,EXCHANGE_STOCK_LIST_CANDIDATE_NOT_COMMON_EQUITY_PROVEN,UPCOM,hnx_official_equity_universe/v1,,OFFICIAL_CURRENT_STOCK_LIST_CANDIDATE,,false,,UNAVAILABLE_NO_EXACT_SESSION_OBSERVATION,,UNAVAILABLE
ASA,,,,,,,,,,,,,,,,,,,,NOT_AVAILABLE,,,DELISTED,,,,,,,,,,,INSTRUMENT_CLASS_UNRESOLVED,DELISTED,,,STOCKLOOKUP_ONLY_UNRESOLVED,,false,,UNAVAILABLE_NO_EXACT_SESSION_OBSERVATION,,UNAVAILABLE
ASG,,,,,,,,,,,,,,,,,,,,NOT_AVAILABLE,,,HSX,,,,,,,,,,,OFFICIAL_STOCK_MASTER_SECURITY_TYPE_NOT_COMMON_EQUITY_PROVEN,HOSE,hose_public_stock_master/v1,,OFFICIAL_CURRENT_EXCHANGE_SECURITY,,false,,UNAVAILABLE_NO_EXACT_SESSION_OBSERVATION,,UNAVAILABLE
ASM,2026-10-01,5.02,0.010060362173038184,,,,,,,,,,,,,,,,,BELOW_MA20_MOMENTUM_NEGATIVE,,2026-10-01T16:19:50.765598+07:00,HSX,,,,,,,,2026-10-01,2026-10-01,0,OFFICIAL_STOCK_MASTER_SECURITY_TYPE_NOT_COMMON_EQUITY_PROVEN,HOSE,hose_public_stock_master/v1,,OFFICIAL_CURRENT_EXCHANGE_SECURITY,,true,,EXACT_SESSION_RETAINED,CURRENT_DESCRIPTIVE_DNSE_REST_ADJUSTED_RETROSPECTIVE_RAW_AS_TRADED_NOT_PROMOTED,DIRECT_CANONICAL_MAPPING
ASP,2026-10-01,16.2,0.006211180124223503,,,,,,,,,,,,,,,,,ABOVE_MA20_MOMENTUM_POSITIVE,,2026-10-01T16:19:50.765598+07:00,HSX,,,,,,,,2026-10-01,2026-10-01,0,OFFICIAL_STOCK_MASTER_SECURITY_TYPE_NOT_COMMON_EQUITY_PROVEN,HOSE,hose_public_stock_master/v1,,OFFICIAL_CURRENT_EXCHANGE_SECURITY,,true,,EXACT_SESSION_RETAINED,CURRENT_DESCRIPTIVE_DNSE_REST_ADJUSTED_RETROSPECTIVE_RAW_AS_TRADED_NOT_PROMOTED,DIRECT_CANONICAL_MAPPING
AST,2026-10-01,60.5,0.0185185185185186,,,,,,,,,,,,,,,,,BELOW_MA20_MOMENTUM_NEGATIVE,,2026-10-01T16:19:50.765598+07:00,HSX,,,,,,,,2026-10-01,2026-10-01,0,OFFICIAL_STOCK_MASTER_SECURITY_TYPE_NOT_COMMON_EQUITY_PROVEN,HOSE,hose_public_stock_master/v1,,OFFICIAL_CURRENT_EXCHANGE_SECURITY,,true,,EXACT_SESSION_RETAINED,CURRENT_DESCRIPTIVE_DNSE_REST_ADJUSTED_RETROSPECTIVE_RAW_AS_TRADED_NOT_PROMOTED,DIRECT_CANONICAL_MAPPING
ATA,,,,,,,,,,,,,,,,,,,,NOT_AVAILABLE,,,UPCOM,,,,,,,,,,,EXCHANGE_STOCK_LIST_CANDIDATE_NOT_COMMON_EQUITY_PROVEN,UPCOM,hnx_official_equity_universe/v1,,OFFICIAL_CURRENT_STOCK_LIST_CANDIDATE,,false,,UNAVAILABLE_NO_EXACT_SESSION_OBSERVATION,,UNAVAILABLE
ATB,,,,,,,,,,,,,,,,,,,,NOT_AVAILABLE,,,DELISTED,,,,,,,,,,,INSTRUMENT_CLASS_UNRESOLVED,DELISTED,,,STOCKLOOKUP_ONLY_UNRESOLVED,,false,,UNAVAILABLE_NO_EXACT_SESSION_OBSERVATION,,UNAVAILABLE
ATG,,,,,,,,,,,,,,,,,,,,NOT_AVAILABLE,,,UPCOM,,,,,,,,,,,EXCHANGE_STOCK_LIST_CANDIDATE_NOT_COMMON_EQUITY_PROVEN,UPCOM,hnx_official_equity_universe/v1,,OFFICIAL_CURRENT_STOCK_LIST_CANDIDATE,,false,,UNAVAILABLE_NO_EXACT_SESSION_OBSERVATION,,UNAVAILABLE
ATS,,,,,,,,,,,,,,,,,,,,NOT_AVAILABLE,,,DELISTED,,,,,,,,,,,EXCHANGE_STOCK_LIST_CANDIDATE_NOT_COMMON_EQUITY_PROVEN,HNX_LISTED,hnx_official_equity_universe/v1,,OFFICIAL_CURRENT_STOCK_LIST_CANDIDATE,,false,,UNAVAILABLE_NO_EXACT_SESSION_OBSERVATION,,UNAVAILABLE
AVC,2026-10-01,38.1,-0.03544303797468351,,,,,,,,,,,,,,,,,NEAR_MA20_NEUTRAL,,2026-10-01T16:19:50.765598+07:00,UPCOM,,,,,,,,2026-10-01,2026-10-01,0,EXCHANGE_STOCK_LIST_CANDIDATE_NOT_COMMON_EQUITY_PROVEN,UPCOM,hnx_official_equity_universe/v1,,OFFICIAL_CURRENT_STOCK_LIST_CANDIDATE,,true,,EXACT_SESSION_RETAINED,CURRENT_DESCRIPTIVE_DNSE_REST_ADJUSTED_RETROSPECTIVE_RAW_AS_TRADED_NOT_PROMOTED,DIRECT_CANONICAL_MAPPING
AVF,,,,,,,,,,,,,,,,,,,,NOT_AVAILABLE,,,DELISTED,,,,,,,,,,,INSTRUMENT_CLASS_UNRESOLVED,DELISTED,,,STOCKLOOKUP_ONLY_UNRESOLVED,,false,,UNAVAILABLE_NO_EXACT_SESSION_OBSERVATION,,UNAVAILABLE
AVG,2026-10-01,7.5,0.0,,,,,,,,,,,,,,,,,NEAR_MA20_NEUTRAL,,2026-10-01T16:19:50.765598+07:00,UPCOM,,,,,,,,2026-10-01,2026-10-01,0,EXCHANGE_STOCK_LIST_CANDIDATE_NOT_COMMON_EQUITY_PROVEN,UPCOM,hnx_official_equity_universe/v1,,OFFICIAL_CURRENT_STOCK_LIST_CANDIDATE,,true,,EXACT_SESSION_RETAINED,CURRENT_DESCRIPTIVE_DNSE_REST_ADJUSTED_RETROSPECTIVE_RAW_AS_TRADED_NOT_PROMOTED,DIRECT_CANONICAL_MAPPING
B82,,,,,,,,,,,,,,,,,,,,NOT_AVAILABLE,,,DELISTED,,,,,,,,,,,INSTRUMENT_CLASS_UNRESOLVED,DELISTED,,,STOCKLOOKUP_ONLY_UNRESOLVED,,false,,UNAVAILABLE_NO_EXACT_SESSION_OBSERVATION,,UNAVAILABLE
BAB,2026-10-01,10.6,-0.0185185185185186,,,,,,,,,,,,,,,,,NEAR_MA20_NEUTRAL,,2026-10-01T16:19:50.765598+07:00,DELISTED,,,,,,,,2026-10-01,2026-10-01,0,EXCHANGE_STOCK_LIST_CANDIDATE_NOT_COMMON_EQUITY_PROVEN,HNX_LISTED,hnx_official_equity_universe/v1,,OFFICIAL_CURRENT_STOCK_LIST_CANDIDATE,,true,,EXACT_SESSION_RETAINED,CURRENT_DESCRIPTIVE_DNSE_REST_ADJUSTED_RETROSPECTIVE_RAW_AS_TRADED_NOT_PROMOTED,DIRECT_CANONICAL_MAPPING
BAF,2026-10-01,31.2,-0.009523809523809601,,,,,,,,,,,,,,,,,BELOW_MA20_MOMENTUM_NEGATIVE,,2026-10-01T16:19:50.765598+07:00,HSX,,,,,,,,2026-10-01,2026-10-01,0,OFFICIAL_STOCK_MASTER_SECURITY_TYPE_NOT_COMMON_EQUITY_PROVEN,HOSE,hose_public_stock_master/v1,,OFFICIAL_CURRENT_EXCHANGE_SECURITY,,true,,EXACT_SESSION_RETAINED,CURRENT_DESCRIPTIVE_DNSE_REST_ADJUSTED_RETROSPECTIVE_RAW_AS_TRADED_NOT_PROMOTED,DIRECT_CANONICAL_MAPPING
BAL,,,,,,,,,,,,,,,,,,,,NOT_AVAILABLE,,,UPCOM,,,,,,,,,,,EXCHANGE_STOCK_LIST_CANDIDATE_NOT_COMMON_EQUITY_PROVEN,UPCOM,hnx_official_equity_universe/v1,,OFFICIAL_CURRENT_STOCK_LIST_CANDIDATE,,false,,UNAVAILABLE_NO_EXACT_SESSION_OBSERVATION,,UNAVAILABLE
BAX,2026-10-01,28.5,-0.017241379310344862,,,,,,,,,,,,,,,,,BELOW_MA20_MOMENTUM_NEGATIVE,,2026-10-01T16:19:50.765598+07:00,DELISTED,,,,,,,,2026-10-01,2026-10-01,0,EXCHANGE_STOCK_LIST_CANDIDATE_NOT_COMMON_EQUITY_PROVEN,HNX_LISTED,hnx_official_equity_universe/v1,,OFFICIAL_CURRENT_STOCK_LIST_CANDIDATE,,true,,EXACT_SESSION_RETAINED,CURRENT_DESCRIPTIVE_DNSE_REST_ADJUSTED_RETROSPECTIVE_RAW_AS_TRADED_NOT_PROMOTED,DIRECT_CANONICAL_MAPPING
BBC,,,,,,,,,,,,,,,,,,,,NOT_AVAILABLE,,,DELISTED,,,,,,,,,,,INSTRUMENT_CLASS_UNRESOLVED,DELISTED,,,STOCKLOOKUP_ONLY_UNRESOLVED,,false,,UNAVAILABLE_NO_EXACT_SESSION_OBSERVATION,,UNAVAILABLE
BBH,,,,,,,,,,,,,,,,,,,,NOT_AVAILABLE,,,UPCOM,,,,,,,,,,,EXCHANGE_STOCK_LIST_CANDIDATE_NOT_COMMON_EQUITY_PROVEN,UPCOM,hnx_official_equity_universe/v1,,OFFICIAL_CURRENT_STOCK_LIST_CANDIDATE,,false,,UNAVAILABLE_NO_EXACT_SESSION_OBSERVATION,,UNAVAILABLE
BBM,,,,,,,,,,,,,,,,,,,,NOT_AVAILABLE,,,UPCOM,,,,,,,,,,,EXCHANGE_STOCK_LIST_CANDIDATE_NOT_COMMON_EQUITY_PROVEN,UPCOM,hnx_official_equity_universe/v1,,OFFICIAL_CURRENT_STOCK_LIST_CANDIDATE,,false,,UNAVAILABLE_NO_EXACT_SESSION_OBSERVATION,,UNAVAILABLE
BBS,,,,,,,,,,,,,,,,,,,,NOT_AVAILABLE,,,DELISTED,,,,,,,,,,,EXCHANGE_STOCK_LIST_CANDIDATE_NOT_COMMON_EQUITY_PROVEN,HNX_LISTED,hnx_official_equity_universe/v1,,OFFICIAL_CURRENT_STOCK_LIST_CANDIDATE,,false,,UNAVAILABLE_NO_EXACT_SESSION_OBSERVATION,,UNAVAILABLE
BBT,2026-10-01,13.1,-0.1266666666666667,,,,,,,,,,,,,,,,,BELOW_MA20_MOMENTUM_POSITIVE,,2026-10-01T16:19:50.765598+07:00,UPCOM,,,,,,,,2026-10-01,2026-10-01,0,EXCHANGE_STOCK_LIST_CANDIDATE_NOT_COMMON_EQUITY_PROVEN,UPCOM,hnx_official_equity_universe/v1,,OFFICIAL_CURRENT_STOCK_LIST_CANDIDATE,,true,,EXACT_SESSION_RETAINED,CURRENT_DESCRIPTIVE_DNSE_REST_ADJUSTED_RETROSPECTIVE_RAW_AS_TRADED_NOT_PROMOTED,DIRECT_CANONICAL_MAPPING
BCA,2026-10-01,18.3,0.016666666666666607,,,,,,,,,,,,,,,,,BELOW_MA20_MOMENTUM_NEGATIVE,,2026-10-01T16:19:50.765598+07:00,UPCOM,,,,,,,,2026-10-01,2026-10-01,0,EXCHANGE_STOCK_LIST_CANDIDATE_NOT_COMMON_EQUITY_PROVEN,UPCOM,hnx_official_equity_universe/v1,,OFFICIAL_CURRENT_STOCK_LIST_CANDIDATE,,true,,EXACT_SESSION_RETAINED,CURRENT_DESCRIPTIVE_DNSE_REST_ADJUSTED_RETROSPECTIVE_RAW_AS_TRADED_NOT_PROMOTED,DIRECT_CANONICAL_MAPPING
BCB,,,,,,,,,,,,,,,,,,,,NOT_AVAILABLE,,,UPCOM,,,,,,,,,,,EXCHANGE_STOCK_LIST_CANDIDATE_NOT_COMMON_EQUITY_PROVEN,UPCOM,hnx_official_equity_universe/v1,,OFFICIAL_CURRENT_STOCK_LIST_CANDIDATE,,false,,UNAVAILABLE_NO_EXACT_SESSION_OBSERVATION,,UNAVAILABLE
BCC,2026-10-01,5.6,0.0,,,,,,,,,,,,,,,,,NEAR_MA20_NEUTRAL,,2026-10-01T16:19:50.765598+07:00,DELISTED,,,,,,,,2026-10-01,2026-10-01,0,EXCHANGE_STOCK_LIST_CANDIDATE_NOT_COMMON_EQUITY_PROVEN,HNX_LISTED,hnx_official_equity_universe/v1,,OFFICIAL_CURRENT_STOCK_LIST_CANDIDATE,,true,,EXACT_SESSION_RETAINED,CURRENT_DESCRIPTIVE_DNSE_REST_ADJUSTED_RETROSPECTIVE_RAW_AS_TRADED_NOT_PROMOTED,DIRECT_CANONICAL_MAPPING
BCE,2026-10-01,5.28,-0.022222222222222254,,,,,,,,,,,,,,,,,BELOW_MA20_MOMENTUM_NEGATIVE,,2026-10-01T16:19:50.765598+07:00,HSX,,,,,,,,2026-10-01,2026-10-01,0,OFFICIAL_STOCK_MASTER_SECURITY_TYPE_NOT_COMMON_EQUITY_PROVEN,HOSE,hose_public_stock_master/v1,,OFFICIAL_CURRENT_EXCHANGE_SECURITY,,true,,EXACT_SESSION_RETAINED,CURRENT_DESCRIPTIVE_DNSE_REST_ADJUSTED_RETROSPECTIVE_RAW_AS_TRADED_NOT_PROMOTED,DIRECT_CANONICAL_MAPPING
BCF,,,,,,,,,,,,,,,,,,,,NOT_AVAILABLE,,,DELISTED,,,,,,,,,,,EXCHANGE_STOCK_LIST_CANDIDATE_NOT_COMMON_EQUITY_PROVEN,HNX_LISTED,hnx_official_equity_universe/v1,,OFFICIAL_CURRENT_STOCK_LIST_CANDIDATE,,false,,UNAVAILABLE_NO_EXACT_SESSION_OBSERVATION,,UNAVAILABLE
BCG,,,,,,,,,,,,,,,,,,,,NOT_AVAILABLE,,,UPCOM,,,,,,,,,,,INSTRUMENT_CLASS_UNRESOLVED,UPCOM,,,STOCKLOOKUP_ONLY_UNRESOLVED,,false,,UNAVAILABLE_NO_EXACT_SESSION_OBSERVATION,,UNAVAILABLE
BCM,2026-10-01,39.5,-0.005037783375314908,,,,,,,,,,,,,,,,,BELOW_MA20_MOMENTUM_NEGATIVE,,2026-10-01T16:19:50.765598+07:00,HSX,,,,,,,,2026-10-01,2026-10-01,0,OFFICIAL_STOCK_MASTER_SECURITY_TYPE_NOT_COMMON_EQUITY_PROVEN,HOSE,hose_public_stock_master/v1,,OFFICIAL_CURRENT_EXCHANGE_SECURITY,,true,,EXACT_SESSION_RETAINED,CURRENT_DESCRIPTIVE_DNSE_REST_ADJUSTED_RETROSPECTIVE_RAW_AS_TRADED_NOT_PROMOTED,DIRECT_CANONICAL_MAPPING
BCP,2026-10-01,8,-0.05882352941176472,,,,,,,,,,,,,,,,,BELOW_MA20_MOMENTUM_NEGATIVE,,2026-10-01T16:19:50.765598+07:00,UPCOM,,,,,,,,2026-10-01,2026-10-01,0,EXCHANGE_STOCK_LIST_CANDIDATE_NOT_COMMON_EQUITY_PROVEN,UPCOM,hnx_official_equity_universe/v1,,OFFICIAL_CURRENT_STOCK_LIST_CANDIDATE,,true,,EXACT_SESSION_RETAINED,CURRENT_DESCRIPTIVE_DNSE_REST_ADJUSTED_RETROSPECTIVE_RAW_AS_TRADED_NOT_PROMOTED,DIRECT_CANONICAL_MAPPING
BCR,,,,,,,,,,,,,,,,,,,,NOT_AVAILABLE,,,UPCOM,,,,,,,,,,,INSTRUMENT_CLASS_UNRESOLVED,UPCOM,,,STOCKLOOKUP_ONLY_UNRESOLVED,,false,,UNAVAILABLE_NO_EXACT_SESSION_OBSERVATION,,UNAVAILABLE
BCV,,,,,,,,,,,,,,,,,,,,NOT_AVAILABLE,,,UPCOM,,,,,,,,,,,EXCHANGE_STOCK_LIST_CANDIDATE_NOT_COMMON_EQUITY_PROVEN,UPCOM,hnx_official_equity_universe/v1,,OFFICIAL_CURRENT_STOCK_LIST_CANDIDATE,,false,,UNAVAILABLE_NO_EXACT_SESSION_OBSERVATION,,UNAVAILABLE
BDB,,,,,,,,,,,,,,,,,,,,NOT_AVAILABLE,,,DELISTED,,,,,,,,,,,INSTRUMENT_CLASS_UNRESOLVED,DELISTED,,,STOCKLOOKUP_ONLY_UNRESOLVED,,false,,UNAVAILABLE_NO_EXACT_SESSION_OBSERVATION,,UNAVAILABLE
BDG,2026-10-01,26,0.019607843137254832,,,,,,,,,,,,,,,,,NEAR_MA20_NEUTRAL,,2026-10-01T16:19:50.765598+07:00,UPCOM,,,,,,,,2026-10-01,2026-10-01,0,EXCHANGE_STOCK_LIST_CANDIDATE_NOT_COMMON_EQUITY_PROVEN,UPCOM,hnx_official_equity_universe/v1,,OFFICIAL_CURRENT_STOCK_LIST_CANDIDATE,,true,,EXACT_SESSION_RETAINED,CURRENT_DESCRIPTIVE_DNSE_REST_ADJUSTED_RETROSPECTIVE_RAW_AS_TRADED_NOT_PROMOTED,DIRECT_CANONICAL_MAPPING
BDT,2026-10-01,8.5,0.02409638554216853,,,,,,,,,,,,,,,,,BELOW_MA20_MOMENTUM_NEGATIVE,,2026-10-01T16:19:50.765598+07:00,UPCOM,,,,,,,,2026-10-01,2026-10-01,0,EXCHANGE_STOCK_LIST_CANDIDATE_NOT_COMMON_EQUITY_PROVEN,UPCOM,hnx_official_equity_universe/v1,,OFFICIAL_CURRENT_STOCK_LIST_CANDIDATE,,true,,EXACT_SESSION_RETAINED,CURRENT_DESCRIPTIVE_DNSE_REST_ADJUSTED_RETROSPECTIVE_RAW_AS_TRADED_NOT_PROMOTED,DIRECT_CANONICAL_MAPPING
BDW,,,,,,,,,,,,,,,,,,,,NOT_AVAILABLE,,,UPCOM,,,,,,,,,,,EXCHANGE_STOCK_LIST_CANDIDATE_NOT_COMMON_EQUITY_PROVEN,UPCOM,hnx_official_equity_universe/v1,,OFFICIAL_CURRENT_STOCK_LIST_CANDIDATE,,false,,UNAVAILABLE_NO_EXACT_SESSION_OBSERVATION,,UNAVAILABLE
BED,,,,,,,,,,,,,,,,,,,,NOT_AVAILABLE,,,DELISTED,,,,,,,,,,,EXCHANGE_STOCK_LIST_CANDIDATE_NOT_COMMON_EQUITY_PROVEN,HNX_LISTED,hnx_official_equity_universe/v1,,OFFICIAL_CURRENT_STOCK_LIST_CANDIDATE,,false,,UNAVAILABLE_NO_EXACT_SESSION_OBSERVATION,,UNAVAILABLE
BEL,,,,,,,,,,,,,,,,,,,,NOT_AVAILABLE,,,UPCOM,,,,,,,,,,,EXCHANGE_STOCK_LIST_CANDIDATE_NOT_COMMON_EQUITY_PROVEN,UPCOM,hnx_official_equity_universe/v1,,OFFICIAL_CURRENT_STOCK_LIST_CANDIDATE,,false,,UNAVAILABLE_NO_EXACT_SESSION_OBSERVATION,,UNAVAILABLE
BFC,2026-10-01,53.9,0.06944444444444442,,,,,,,,,,,,,,,,,ABOVE_MA20_MOMENTUM_POSITIVE,,2026-10-01T16:19:50.765598+07:00,HSX,,,,,,,,2026-10-01,2026-10-01,0,OFFICIAL_STOCK_MASTER_SECURITY_TYPE_NOT_COMMON_EQUITY_PROVEN,HOSE,hose_public_stock_master/v1,,OFFICIAL_CURRENT_EXCHANGE_SECURITY,,true,,EXACT_SESSION_RETAINED,CURRENT_DESCRIPTIVE_DNSE_REST_ADJUSTED_RETROSPECTIVE_RAW_AS_TRADED_NOT_PROMOTED,DIRECT_CANONICAL_MAPPING
BGE,,,,,,,,,,,,,,,,,,,,NOT_AVAILABLE,,,UPCOM,,,,,,,,,,,EXCHANGE_STOCK_LIST_CANDIDATE_NOT_COMMON_EQUITY_PROVEN,UPCOM,hnx_official_equity_universe/v1,,OFFICIAL_CURRENT_STOCK_LIST_CANDIDATE,,false,,UNAVAILABLE_NO_EXACT_SESSION_OBSERVATION,,UNAVAILABLE
BGW,,,,,,,,,,,,,,,,,,,,NOT_AVAILABLE,,,UPCOM,,,,,,,,,,,EXCHANGE_STOCK_LIST_CANDIDATE_NOT_COMMON_EQUITY_PROVEN,UPCOM,hnx_official_equity_universe/v1,,OFFICIAL_CURRENT_STOCK_LIST_CANDIDATE,,false,,UNAVAILABLE_NO_EXACT_SESSION_OBSERVATION,,UNAVAILABLE
BHA,,,,,,,,,,,,,,,,,,,,NOT_AVAILABLE,,,UPCOM,,,,,,,,,,,EXCHANGE_STOCK_LIST_CANDIDATE_NOT_COMMON_EQUITY_PROVEN,UPCOM,hnx_official_equity_universe/v1,,OFFICIAL_CURRENT_STOCK_LIST_CANDIDATE,,false,,UNAVAILABLE_NO_EXACT_SESSION_OBSERVATION,,UNAVAILABLE
BHC,,,,,,,,,,,,,,,,,,,,NOT_AVAILABLE,,,UPCOM,,,,,,,,,,,EXCHANGE_STOCK_LIST_CANDIDATE_NOT_COMMON_EQUITY_PROVEN,UPCOM,hnx_official_equity_universe/v1,,OFFICIAL_CURRENT_STOCK_LIST_CANDIDATE,,false,,UNAVAILABLE_NO_EXACT_SESSION_OBSERVATION,,UNAVAILABLE
BHG,,,,,,,,,,,,,,,,,,,,NOT_AVAILABLE,,,UPCOM,,,,,,,,,,,EXCHANGE_STOCK_LIST_CANDIDATE_NOT_COMMON_EQUITY_PROVEN,UPCOM,hnx_official_equity_universe/v1,,OFFICIAL_CURRENT_STOCK_LIST_CANDIDATE,,false,,UNAVAILABLE_NO_EXACT_SESSION_OBSERVATION,,UNAVAILABLE
BHH,,,,,,,,,,,,,,,,,,,,NOT_AVAILABLE,,,UPCOM,,,,,,,,,,,EXCHANGE_STOCK_LIST_CANDIDATE_NOT_COMMON_EQUITY_PROVEN,UPCOM,hnx_official_equity_universe/v1,,OFFICIAL_CURRENT_STOCK_LIST_CANDIDATE,,false,,UNAVAILABLE_NO_EXACT_SESSION_OBSERVATION,,UNAVAILABLE
BHI,2026-10-01,6.9,0.014705882352941346,,,,,,,,,,,,,,,,,BELOW_MA20_MOMENTUM_NEGATIVE,,2026-10-01T16:19:50.765598+07:00,UPCOM,,,,,,,,2026-10-01,2026-10-01,0,EXCHANGE_STOCK_LIST_CANDIDATE_NOT_COMMON_EQUITY_PROVEN,UPCOM,hnx_official_equity_universe/v1,,OFFICIAL_CURRENT_STOCK_LIST_CANDIDATE,,true,,EXACT_SESSION_RETAINED,CURRENT_DESCRIPTIVE_DNSE_REST_ADJUSTED_RETROSPECTIVE_RAW_AS_TRADED_NOT_PROMOTED,DIRECT_CANONICAL_MAPPING
BHK,,,,,,,,,,,,,,,,,,,,NOT_AVAILABLE,,,UPCOM,,,,,,,,,,,EXCHANGE_STOCK_LIST_CANDIDATE_NOT_COMMON_EQUITY_PROVEN,UPCOM,hnx_official_equity_universe/v1,,OFFICIAL_CURRENT_STOCK_LIST_CANDIDATE,,false,,UNAVAILABLE_NO_EXACT_SESSION_OBSERVATION,,UNAVAILABLE
BHN,2026-10-01,27.6,0.0,,,,,,,,,,,,,,,,,NEAR_MA20_NEUTRAL,,2026-10-01T16:19:50.765598+07:00,HSX,,,,,,,,2026-10-01,2026-10-01,0,OFFICIAL_STOCK_MASTER_SECURITY_TYPE_NOT_COMMON_EQUITY_PROVEN,HOSE,hose_public_stock_master/v1,,OFFICIAL_CURRENT_EXCHANGE_SECURITY,,true,,EXACT_SESSION_RETAINED,CURRENT_DESCRIPTIVE_DNSE_REST_ADJUSTED_RETROSPECTIVE_RAW_AS_TRADED_NOT_PROMOTED,DIRECT_CANONICAL_MAPPING
BHP,2026-10-01,8.8,0.10000000000000009,,,,,,,,,,,,,,,,,NEAR_MA20_NEUTRAL,,2026-10-01T16:19:50.765598+07:00,UPCOM,,,,,,,,2026-10-01,2026-10-01,0,EXCHANGE_STOCK_LIST_CANDIDATE_NOT_COMMON_EQUITY_PROVEN,UPCOM,hnx_official_equity_universe/v1,,OFFICIAL_CURRENT_STOCK_LIST_CANDIDATE,,true,,EXACT_SESSION_RETAINED,CURRENT_DESCRIPTIVE_DNSE_REST_ADJUSTED_RETROSPECTIVE_RAW_AS_TRADED_NOT_PROMOTED,DIRECT_CANONICAL_MAPPING
BHT,,,,,,,,,,,,,,,,,,,,NOT_AVAILABLE,,,DELISTED,,,,,,,,,,,INSTRUMENT_CLASS_UNRESOLVED,DELISTED,,,STOCKLOOKUP_ONLY_UNRESOLVED,,false,,UNAVAILABLE_NO_EXACT_SESSION_OBSERVATION,,UNAVAILABLE
BIC,2026-10-01,21.55,0.0,,,,,,,,,,,,,,,,,NEAR_MA20_NEUTRAL,,2026-10-01T16:19:50.765598+07:00,HSX,,,,,,,,2026-10-01,2026-10-01,0,OFFICIAL_STOCK_MASTER_SECURITY_TYPE_NOT_COMMON_EQUITY_PROVEN,HOSE,hose_public_stock_master/v1,,OFFICIAL_CURRENT_EXCHANGE_SECURITY,,true,,EXACT_SESSION_RETAINED,CURRENT_DESCRIPTIVE_DNSE_REST_ADJUSTED_RETROSPECTIVE_RAW_AS_TRADED_NOT_PROMOTED,DIRECT_CANONICAL_MAPPING
BID,2026-10-01,35.45,-0.013908205841446475,,,,,,,,,,,,,,,,,NEAR_MA20_NEUTRAL,,2026-10-01T16:19:50.765598+07:00,HSX,bank,,,,,,,2026-10-01,2026-10-01,0,OFFICIAL_STOCK_MASTER_SECURITY_TYPE_NOT_COMMON_EQUITY_PROVEN,HOSE,hose_public_stock_master/v1,,OFFICIAL_CURRENT_EXCHANGE_SECURITY,,true,,EXACT_SESSION_RETAINED,CURRENT_DESCRIPTIVE_DNSE_REST_ADJUSTED_RETROSPECTIVE_RAW_AS_TRADED_NOT_PROMOTED,DIRECT_CANONICAL_MAPPING
BIG,2026-10-01,4.6,-0.021276595744680993,,,,,,,,,,,,,,,,,BELOW_MA20_MOMENTUM_NEGATIVE,,2026-10-01T16:19:50.765598+07:00,UPCOM,,,,,,,,2026-10-01,2026-10-01,0,EXCHANGE_STOCK_LIST_CANDIDATE_NOT_COMMON_EQUITY_PROVEN,UPCOM,hnx_official_equity_universe/v1,,OFFICIAL_CURRENT_STOCK_LIST_CANDIDATE,,true,,EXACT_SESSION_RETAINED,CURRENT_DESCRIPTIVE_DNSE_REST_ADJUSTED_RETROSPECTIVE_RAW_AS_TRADED_NOT_PROMOTED,DIRECT_CANONICAL_MAPPING
BII,,,,,,,,,,,,,,,,,,,,NOT_AVAILABLE,,,DELISTED,,,,,,,,,,,INSTRUMENT_CLASS_UNRESOLVED,DELISTED,,,STOCKLOOKUP_ONLY_UNRESOLVED,,false,,UNAVAILABLE_NO_EXACT_SESSION_OBSERVATION,,UNAVAILABLE
BIO,2026-10-01,12.2,0.060869565217391175,,,,,,,,,,,,,,,,,BELOW_MA20_MOMENTUM_NEGATIVE,,2026-10-01T16:19:50.765598+07:00,UPCOM,,,,,,,,2026-10-01,2026-10-01,0,EXCHANGE_STOCK_LIST_CANDIDATE_NOT_COMMON_EQUITY_PROVEN,UPCOM,hnx_official_equity_universe/v1,,OFFICIAL_CURRENT_STOCK_LIST_CANDIDATE,,true,,EXACT_SESSION_RETAINED,CURRENT_DESCRIPTIVE_DNSE_REST_ADJUSTED_RETROSPECTIVE_RAW_AS_TRADED_NOT_PROMOTED,DIRECT_CANONICAL_MAPPING
BKC,2026-10-01,13.2,0.007633587786259444,,,,,,,,,,,,,,,,,NEAR_MA20_NEUTRAL,,2026-10-01T16:19:50.765598+07:00,DELISTED,,,,,,,,2026-10-01,2026-10-01,0,EXCHANGE_STOCK_LIST_CANDIDATE_NOT_COMMON_EQUITY_PROVEN,HNX_LISTED,hnx_official_equity_universe/v1,,OFFICIAL_CURRENT_STOCK_LIST_CANDIDATE,,true,,EXACT_SESSION_RETAINED,CURRENT_DESCRIPTIVE_DNSE_REST_ADJUSTED_RETROSPECTIVE_RAW_AS_TRADED_NOT_PROMOTED,DIRECT_CANONICAL_MAPPING
BKG,2026-10-01,1.68,0.0,,,,,,,,,,,,,,,,,BELOW_MA20_MOMENTUM_NEGATIVE,,2026-10-01T16:19:50.765598+07:00,HSX,,,,,,,,2026-10-01,2026-10-01,0,OFFICIAL_STOCK_MASTER_SECURITY_TYPE_NOT_COMMON_EQUITY_PROVEN,HOSE,hose_public_stock_master/v1,,OFFICIAL_CURRENT_EXCHANGE_SECURITY,,true,,EXACT_SESSION_RETAINED,CURRENT_DESCRIPTIVE_DNSE_REST_ADJUSTED_RETROSPECTIVE_RAW_AS_TRADED_NOT_PROMOTED,DIRECT_CANONICAL_MAPPING
BKH,,,,,,,,,,,,,,,,,,,,NOT_AVAILABLE,,,DELISTED,,,,,,,,,,,INSTRUMENT_CLASS_UNRESOLVED,DELISTED,,,STOCKLOOKUP_ONLY_UNRESOLVED,,false,,UNAVAILABLE_NO_EXACT_SESSION_OBSERVATION,,UNAVAILABLE
BLF,2026-10-01,2.7,0.03846153846153855,,,,,,,,,,,,,,,,,ABOVE_MA20_MOMENTUM_NEGATIVE,,2026-10-01T16:19:50.765598+07:00,UPCOM,,,,,,,,2026-10-01,2026-10-01,0,EXCHANGE_STOCK_LIST_CANDIDATE_NOT_COMMON_EQUITY_PROVEN,UPCOM,hnx_official_equity_universe/v1,,OFFICIAL_CURRENT_STOCK_LIST_CANDIDATE,,true,,EXACT_SESSION_RETAINED,CURRENT_DESCRIPTIVE_DNSE_REST_ADJUSTED_RETROSPECTIVE_RAW_AS_TRADED_NOT_PROMOTED,DIRECT_CANONICAL_MAPPING
BLI,2026-10-01,8.2,0.0,,,,,,,,,,,,,,,,,NEAR_MA20_NEUTRAL,,2026-10-01T16:19:50.765598+07:00,UPCOM,,,,,,,,2026-10-01,2026-10-01,0,EXCHANGE_STOCK_LIST_CANDIDATE_NOT_COMMON_EQUITY_PROVEN,UPCOM,hnx_official_equity_universe/v1,,OFFICIAL_CURRENT_STOCK_LIST_CANDIDATE,,true,,EXACT_SESSION_RETAINED,CURRENT_DESCRIPTIVE_DNSE_REST_ADJUSTED_RETROSPECTIVE_RAW_AS_TRADED_NOT_PROMOTED,DIRECT_CANONICAL_MAPPING
BLN,,,,,,,,,,,,,,,,,,,,NOT_AVAILABLE,,,UPCOM,,,,,,,,,,,EXCHANGE_STOCK_LIST_CANDIDATE_NOT_COMMON_EQUITY_PROVEN,UPCOM,hnx_official_equity_universe/v1,,OFFICIAL_CURRENT_STOCK_LIST_CANDIDATE,,false,,UNAVAILABLE_NO_EXACT_SESSION_OBSERVATION,,UNAVAILABLE
BLT,2026-10-01,19,0.05555555555555558,,,,,,,,,,,,,,,,,ABOVE_MA20_MOMENTUM_NEGATIVE,,2026-10-01T16:19:50.765598+07:00,UPCOM,,,,,,,,2026-10-01,2026-10-01,0,EXCHANGE_STOCK_LIST_CANDIDATE_NOT_COMMON_EQUITY_PROVEN,UPCOM,hnx_official_equity_universe/v1,,OFFICIAL_CURRENT_STOCK_LIST_CANDIDATE,,true,,EXACT_SESSION_RETAINED,CURRENT_DESCRIPTIVE_DNSE_REST_ADJUSTED_RETROSPECTIVE_RAW_AS_TRADED_NOT_PROMOTED,DIRECT_CANONICAL_MAPPING
BLW,,,,,,,,,,,,,,,,,,,,NOT_AVAILABLE,,,DELISTED,,,,,,,,,,,INSTRUMENT_CLASS_UNRESOLVED,DELISTED,,,STOCKLOOKUP_ONLY_UNRESOLVED,,false,,UNAVAILABLE_NO_EXACT_SESSION_OBSERVATION,,UNAVAILABLE
BMC,2026-10-01,10,-0.04761904761904767,,,,,,,,,,,,,,,,,BELOW_MA20_MOMENTUM_NEGATIVE,,2026-10-01T16:19:50.765598+07:00,HSX,,,,,,,,2026-10-01,2026-10-01,0,OFFICIAL_STOCK_MASTER_SECURITY_TYPE_NOT_COMMON_EQUITY_PROVEN,HOSE,hose_public_stock_master/v1,,OFFICIAL_CURRENT_EXCHANGE_SECURITY,,true,,EXACT_SESSION_RETAINED,CURRENT_DESCRIPTIVE_DNSE_REST_ADJUSTED_RETROSPECTIVE_RAW_AS_TRADED_NOT_PROMOTED,DIRECT_CANONICAL_MAPPING
BMD,,,,,,,,,,,,,,,,,,,,NOT_AVAILABLE,,,UPCOM,,,,,,,,,,,EXCHANGE_STOCK_LIST_CANDIDATE_NOT_COMMON_EQUITY_PROVEN,UPCOM,hnx_official_equity_universe/v1,,OFFICIAL_CURRENT_STOCK_LIST_CANDIDATE,,false,,UNAVAILABLE_NO_EXACT_SESSION_OBSERVATION,,UNAVAILABLE
BMF,,,,,,,,,,,,,,,,,,,,NOT_AVAILABLE,,,UPCOM,,,,,,,,,,,EXCHANGE_STOCK_LIST_CANDIDATE_NOT_COMMON_EQUITY_PROVEN,UPCOM,hnx_official_equity_universe/v1,,OFFICIAL_CURRENT_STOCK_LIST_CANDIDATE,,false,,UNAVAILABLE_NO_EXACT_SESSION_OBSERVATION,,UNAVAILABLE
BMG,,,,,,,,,,,,,,,,,,,,NOT_AVAILABLE,,,UPCOM,,,,,,,,,,,EXCHANGE_STOCK_LIST_CANDIDATE_NOT_COMMON_EQUITY_PROVEN,UPCOM,hnx_official_equity_universe/v1,,OFFICIAL_CURRENT_STOCK_LIST_CANDIDATE,,false,,UNAVAILABLE_NO_EXACT_SESSION_OBSERVATION,,UNAVAILABLE
BMI,2026-10-01,13.75,-0.02135231316725983,,,,,,,,,,,,,,,,,NEAR_MA20_NEUTRAL,,2026-10-01T16:19:50.765598+07:00,HSX,,,,,,,,2026-10-01,2026-10-01,0,OFFICIAL_STOCK_MASTER_SECURITY_TYPE_NOT_COMMON_EQUITY_PROVEN,HOSE,hose_public_stock_master/v1,,OFFICIAL_CURRENT_EXCHANGE_SECURITY,,true,,EXACT_SESSION_RETAINED,CURRENT_DESCRIPTIVE_DNSE_REST_ADJUSTED_RETROSPECTIVE_RAW_AS_TRADED_NOT_PROMOTED,DIRECT_CANONICAL_MAPPING
BMJ,,,,,,,,,,,,,,,,,,,,NOT_AVAILABLE,,,UPCOM,,,,,,,,,,,EXCHANGE_STOCK_LIST_CANDIDATE_NOT_COMMON_EQUITY_PROVEN,UPCOM,hnx_official_equity_universe/v1,,OFFICIAL_CURRENT_STOCK_LIST_CANDIDATE,,false,,UNAVAILABLE_NO_EXACT_SESSION_OBSERVATION,,UNAVAILABLE
BMK,2026-10-01,10.8,0.2134831460674158,,,,,,,,,,,,,,,,,ABOVE_MA20_MOMENTUM_POSITIVE,,2026-10-01T16:19:50.765598+07:00,UPCOM,,,,,,,,2026-10-01,2026-10-01,0,EXCHANGE_STOCK_LIST_CANDIDATE_NOT_COMMON_EQUITY_PROVEN,UPCOM,hnx_official_equity_universe/v1,,OFFICIAL_CURRENT_STOCK_LIST_CANDIDATE,,true,,EXACT_SESSION_RETAINED,CURRENT_DESCRIPTIVE_DNSE_REST_ADJUSTED_RETROSPECTIVE_RAW_AS_TRADED_NOT_PROMOTED,DIRECT_CANONICAL_MAPPING
BMN,,,,,,,,,,,,,,,,,,,,NOT_AVAILABLE,,,DELISTED,,,,,,,,,,,INSTRUMENT_CLASS_UNRESOLVED,DELISTED,,,STOCKLOOKUP_ONLY_UNRESOLVED,,false,,UNAVAILABLE_NO_EXACT_SESSION_OBSERVATION,,UNAVAILABLE
BMP,2026-10-01,143.1,0.0,,,,,,,,,,,,,,,,,NEAR_MA20_NEUTRAL,,2026-10-01T16:19:50.765598+07:00,HSX,,,,,,,,2026-10-01,2026-10-01,0,OFFICIAL_STOCK_MASTER_SECURITY_TYPE_NOT_COMMON_EQUITY_PROVEN,HOSE,hose_public_stock_master/v1,,OFFICIAL_CURRENT_EXCHANGE_SECURITY,,true,,EXACT_SESSION_RETAINED,CURRENT_DESCRIPTIVE_DNSE_REST_ADJUSTED_RETROSPECTIVE_RAW_AS_TRADED_NOT_PROMOTED,DIRECT_CANONICAL_MAPPING
BMS,2026-10-01,12.1,-0.008196721311475419,,,,,,,,,,,,,,,,,BELOW_MA20_MOMENTUM_NEGATIVE,,2026-10-01T16:19:50.765598+07:00,UPCOM,,,,,,,,2026-10-01,2026-10-01,0,EXCHANGE_STOCK_LIST_CANDIDATE_NOT_COMMON_EQUITY_PROVEN,UPCOM,hnx_official_equity_universe/v1,,OFFICIAL_CURRENT_STOCK_LIST_CANDIDATE,,true,,EXACT_SESSION_RETAINED,CURRENT_DESCRIPTIVE_DNSE_REST_ADJUSTED_RETROSPECTIVE_RAW_AS_TRADED_NOT_PROMOTED,DIRECT_CANONICAL_MAPPING
BMV,,,,,,,,,,,,,,,,,,,,NOT_AVAILABLE,,,UPCOM,,,,,,,,,,,EXCHANGE_STOCK_LIST_CANDIDATE_NOT_COMMON_EQUITY_PROVEN,UPCOM,hnx_official_equity_universe/v1,,OFFICIAL_CURRENT_STOCK_LIST_CANDIDATE,,false,,UNAVAILABLE_NO_EXACT_SESSION_OBSERVATION,,UNAVAILABLE
BNA,,,,,,,,,,,,,,,,,,,,NOT_AVAILABLE,,,DELISTED,,,,,,,,,,,EXCHANGE_STOCK_LIST_CANDIDATE_NOT_COMMON_EQUITY_PROVEN,HNX_LISTED,hnx_official_equity_universe/v1,,OFFICIAL_CURRENT_STOCK_LIST_CANDIDATE,,false,,UNAVAILABLE_NO_EXACT_SESSION_OBSERVATION,,UNAVAILABLE
BNW,2026-10-01,16.9,-0.005882352941176561,,,,,,,,,,,,,,,,,BELOW_MA20_MOMENTUM_NEGATIVE,,2026-10-01T16:19:50.765598+07:00,UPCOM,,,,,,,,2026-10-01,2026-10-01,0,EXCHANGE_STOCK_LIST_CANDIDATE_NOT_COMMON_EQUITY_PROVEN,UPCOM,hnx_official_equity_universe/v1,,OFFICIAL_CURRENT_STOCK_LIST_CANDIDATE,,true,,EXACT_SESSION_RETAINED,CURRENT_DESCRIPTIVE_DNSE_REST_ADJUSTED_RETROSPECTIVE_RAW_AS_TRADED_NOT_PROMOTED,DIRECT_CANONICAL_MAPPING
BOT,,,,,,,,,,,,,,,,,,,,NOT_AVAILABLE,,,UPCOM,,,,,,,,,,,EXCHANGE_STOCK_LIST_CANDIDATE_NOT_COMMON_EQUITY_PROVEN,UPCOM,hnx_official_equity_universe/v1,,OFFICIAL_CURRENT_STOCK_LIST_CANDIDATE,,false,,UNAVAILABLE_NO_EXACT_SESSION_OBSERVATION,,UNAVAILABLE
BPC,,,,,,,,,,,,,,,,,,,,NOT_AVAILABLE,,,DELISTED,,,,,,,,,,,EXCHANGE_STOCK_LIST_CANDIDATE_NOT_COMMON_EQUITY_PROVEN,HNX_LISTED,hnx_official_equity_universe/v1,,OFFICIAL_CURRENT_STOCK_LIST_CANDIDATE,,false,,UNAVAILABLE_NO_EXACT_SESSION_OBSERVATION,,UNAVAILABLE
BQB,,,,,,,,,,,,,,,,,,,,NOT_AVAILABLE,,,UPCOM,,,,,,,,,,,EXCHANGE_STOCK_LIST_CANDIDATE_NOT_COMMON_EQUITY_PROVEN,UPCOM,hnx_official_equity_universe/v1,,OFFICIAL_CURRENT_STOCK_LIST_CANDIDATE,,false,,UNAVAILABLE_NO_EXACT_SESSION_OBSERVATION,,UNAVAILABLE
BQP,,,,,,,,,,,,,,,,,,,,NOT_AVAILABLE,,,UPCOM,,,,,,,,,,,EXCHANGE_STOCK_LIST_CANDIDATE_NOT_COMMON_EQUITY_PROVEN,UPCOM,hnx_official_equity_universe/v1,,OFFICIAL_CURRENT_STOCK_LIST_CANDIDATE,,false,,UNAVAILABLE_NO_EXACT_SESSION_OBSERVATION,,UNAVAILABLE
BRC,2026-10-01,11,0.0,,,,,,,,,,,,,,,,,NEAR_MA20_NEUTRAL,,2026-10-01T16:19:50.765598+07:00,HSX,,,,,,,,2026-10-01,2026-10-01,0,OFFICIAL_STOCK_MASTER_SECURITY_TYPE_NOT_COMMON_EQUITY_PROVEN,HOSE,hose_public_stock_master/v1,,OFFICIAL_CURRENT_EXCHANGE_SECURITY,,true,,EXACT_SESSION_RETAINED,CURRENT_DESCRIPTIVE_DNSE_REST_ADJUSTED_RETROSPECTIVE_RAW_AS_TRADED_NOT_PROMOTED,DIRECT_CANONICAL_MAPPING
BRR,,,,,,,,,,,,,,,,,,,,NOT_AVAILABLE,,,UPCOM,,,,,,,,,,,EXCHANGE_STOCK_LIST_CANDIDATE_NOT_COMMON_EQUITY_PROVEN,UPCOM,hnx_official_equity_universe/v1,,OFFICIAL_CURRENT_STOCK_LIST_CANDIDATE,,false,,UNAVAILABLE_NO_EXACT_SESSION_OBSERVATION,,UNAVAILABLE
BRS,2026-10-01,18.5,0.0,,,,,,,,,,,,,,,,,BELOW_MA20_MOMENTUM_NEGATIVE,,2026-10-01T16:19:50.765598+07:00,UPCOM,,,,,,,,2026-10-01,2026-10-01,0,EXCHANGE_STOCK_LIST_CANDIDATE_NOT_COMMON_EQUITY_PROVEN,UPCOM,hnx_official_equity_universe/v1,,OFFICIAL_CURRENT_STOCK_LIST_CANDIDATE,,true,,EXACT_SESSION_RETAINED,CURRENT_DESCRIPTIVE_DNSE_REST_ADJUSTED_RETROSPECTIVE_RAW_AS_TRADED_NOT_PROMOTED,DIRECT_CANONICAL_MAPPING
BSA,2026-10-01,19.9,-0.0050000000000001155,,,,,,,,,,,,,,,,,NEAR_MA20_NEUTRAL,,2026-10-01T16:19:50.765598+07:00,UPCOM,,,,,,,,2026-10-01,2026-10-01,0,EXCHANGE_STOCK_LIST_CANDIDATE_NOT_COMMON_EQUITY_PROVEN,UPCOM,hnx_official_equity_universe/v1,,OFFICIAL_CURRENT_STOCK_LIST_CANDIDATE,,true,,EXACT_SESSION_RETAINED,CURRENT_DESCRIPTIVE_DNSE_REST_ADJUSTED_RETROSPECTIVE_RAW_AS_TRADED_NOT_PROMOTED,DIRECT_CANONICAL_MAPPING
BSC,,,,,,,,,,,,,,,,,,,,NOT_AVAILABLE,,,DELISTED,,,,,,,,,,,INSTRUMENT_CLASS_UNRESOLVED,DELISTED,,,STOCKLOOKUP_ONLY_UNRESOLVED,,false,,UNAVAILABLE_NO_EXACT_SESSION_OBSERVATION,,UNAVAILABLE
BSD,,,,,,,,,,,,,,,,,,,,NOT_AVAILABLE,,,UPCOM,,,,,,,,,,,EXCHANGE_STOCK_LIST_CANDIDATE_NOT_COMMON_EQUITY_PROVEN,UPCOM,hnx_official_equity_universe/v1,,OFFICIAL_CURRENT_STOCK_LIST_CANDIDATE,,false,,UNAVAILABLE_NO_EXACT_SESSION_OBSERVATION,,UNAVAILABLE
BSG,,,,,,,,,,,,,,,,,,,,NOT_AVAILABLE,,,UPCOM,,,,,,,,,,,EXCHANGE_STOCK_LIST_CANDIDATE_NOT_COMMON_EQUITY_PROVEN,UPCOM,hnx_official_equity_universe/v1,,OFFICIAL_CURRENT_STOCK_LIST_CANDIDATE,,false,,UNAVAILABLE_NO_EXACT_SESSION_OBSERVATION,,UNAVAILABLE
BSH,,,,,,,,,,,,,,,,,,,,NOT_AVAILABLE,,,UPCOM,,,,,,,,,,,EXCHANGE_STOCK_LIST_CANDIDATE_NOT_COMMON_EQUITY_PROVEN,UPCOM,hnx_official_equity_universe/v1,,OFFICIAL_CURRENT_STOCK_LIST_CANDIDATE,,false,,UNAVAILABLE_NO_EXACT_SESSION_OBSERVATION,,UNAVAILABLE
BSI,2026-10-01,25.6,-0.005825242718446533,,,,,,,,,,,,,,,,,BELOW_MA20_MOMENTUM_NEGATIVE,,2026-10-01T16:19:50.765598+07:00,HSX,,,,,,,,2026-10-01,2026-10-01,0,OFFICIAL_STOCK_MASTER_SECURITY_TYPE_NOT_COMMON_EQUITY_PROVEN,HOSE,hose_public_stock_master/v1,,OFFICIAL_CURRENT_EXCHANGE_SECURITY,,true,,EXACT_SESSION_RETAINED,CURRENT_DESCRIPTIVE_DNSE_REST_ADJUSTED_RETROSPECTIVE_RAW_AS_TRADED_NOT_PROMOTED,DIRECT_CANONICAL_MAPPING
BSL,2026-10-01,12.3,0.0,,,,,,,,,,,,,,,,,NEAR_MA20_NEUTRAL,,2026-10-01T16:19:50.765598+07:00,UPCOM,,,,,,,,2026-10-01,2026-10-01,0,EXCHANGE_STOCK_LIST_CANDIDATE_NOT_COMMON_EQUITY_PROVEN,UPCOM,hnx_official_equity_universe/v1,,OFFICIAL_CURRENT_STOCK_LIST_CANDIDATE,,true,,EXACT_SESSION_RETAINED,CURRENT_DESCRIPTIVE_DNSE_REST_ADJUSTED_RETROSPECTIVE_RAW_AS_TRADED_NOT_PROMOTED,DIRECT_CANONICAL_MAPPING
BSP,,,,,,,,,,,,,,,,,,,,NOT_AVAILABLE,,,UPCOM,,,,,,,,,,,EXCHANGE_STOCK_LIST_CANDIDATE_NOT_COMMON_EQUITY_PROVEN,UPCOM,hnx_official_equity_universe/v1,,OFFICIAL_CURRENT_STOCK_LIST_CANDIDATE,,false,,UNAVAILABLE_NO_EXACT_SESSION_OBSERVATION,,UNAVAILABLE
BSQ,2026-10-01,16.5,0.0,,,,,,,,,,,,,,,,,BELOW_MA20_MOMENTUM_NEGATIVE,,2026-10-01T16:19:50.765598+07:00,UPCOM,,,,,,,,2026-10-01,2026-10-01,0,EXCHANGE_STOCK_LIST_CANDIDATE_NOT_COMMON_EQUITY_PROVEN,UPCOM,hnx_official_equity_universe/v1,,OFFICIAL_CURRENT_STOCK_LIST_CANDIDATE,,true,,EXACT_SESSION_RETAINED,CURRENT_DESCRIPTIVE_DNSE_REST_ADJUSTED_RETROSPECTIVE_RAW_AS_TRADED_NOT_PROMOTED,DIRECT_CANONICAL_MAPPING
BSR,2026-10-01,31.35,-0.0015923566878980333,,,,,,,,,,,,,,,,,ABOVE_MA20_MOMENTUM_POSITIVE,,2026-10-01T16:19:50.765598+07:00,HSX,,,,,,,,2026-10-01,2026-10-01,0,OFFICIAL_STOCK_MASTER_SECURITY_TYPE_NOT_COMMON_EQUITY_PROVEN,HOSE,hose_public_stock_master/v1,,OFFICIAL_CURRENT_EXCHANGE_SECURITY,,true,,EXACT_SESSION_RETAINED,CURRENT_DESCRIPTIVE_DNSE_REST_ADJUSTED_RETROSPECTIVE_RAW_AS_TRADED_NOT_PROMOTED,DIRECT_CANONICAL_MAPPING
BST,,,,,,,,,,,,,,,,,,,,NOT_AVAILABLE,,,DELISTED,,,,,,,,,,,INSTRUMENT_CLASS_UNRESOLVED,DELISTED,,,STOCKLOOKUP_ONLY_UNRESOLVED,,false,,UNAVAILABLE_NO_EXACT_SESSION_OBSERVATION,,UNAVAILABLE
BT1,,,,,,,,,,,,,,,,,,,,NOT_AVAILABLE,,,UPCOM,,,,,,,,,,,EXCHANGE_STOCK_LIST_CANDIDATE_NOT_COMMON_EQUITY_PROVEN,UPCOM,hnx_official_equity_universe/v1,,OFFICIAL_CURRENT_STOCK_LIST_CANDIDATE,,false,,UNAVAILABLE_NO_EXACT_SESSION_OBSERVATION,,UNAVAILABLE
BT6,,,,,,,,,,,,,,,,,,,,NOT_AVAILABLE,,,UPCOM,,,,,,,,,,,EXCHANGE_STOCK_LIST_CANDIDATE_NOT_COMMON_EQUITY_PROVEN,UPCOM,hnx_official_equity_universe/v1,,OFFICIAL_CURRENT_STOCK_LIST_CANDIDATE,,false,,UNAVAILABLE_NO_EXACT_SESSION_OBSERVATION,,UNAVAILABLE
BTB,2026-10-01,4.6,0.0,,,,,,,,,,,,,,,,,NEAR_MA20_NEUTRAL,,2026-10-01T16:19:50.765598+07:00,UPCOM,,,,,,,,2026-10-01,2026-10-01,0,EXCHANGE_STOCK_LIST_CANDIDATE_NOT_COMMON_EQUITY_PROVEN,UPCOM,hnx_official_equity_universe/v1,,OFFICIAL_CURRENT_STOCK_LIST_CANDIDATE,,true,,EXACT_SESSION_RETAINED,CURRENT_DESCRIPTIVE_DNSE_REST_ADJUSTED_RETROSPECTIVE_RAW_AS_TRADED_NOT_PROMOTED,DIRECT_CANONICAL_MAPPING
BTD,,,,,,,,,,,,,,,,,,,,NOT_AVAILABLE,,,UPCOM,,,,,,,,,,,EXCHANGE_STOCK_LIST_CANDIDATE_NOT_COMMON_EQUITY_PROVEN,UPCOM,hnx_official_equity_universe/v1,,OFFICIAL_CURRENT_STOCK_LIST_CANDIDATE,,false,,UNAVAILABLE_NO_EXACT_SESSION_OBSERVATION,,UNAVAILABLE
BTG,,,,,,,,,,,,,,,,,,,,NOT_AVAILABLE,,,UPCOM,,,,,,,,,,,EXCHANGE_STOCK_LIST_CANDIDATE_NOT_COMMON_EQUITY_PROVEN,UPCOM,hnx_official_equity_universe/v1,,OFFICIAL_CURRENT_STOCK_LIST_CANDIDATE,,false,,UNAVAILABLE_NO_EXACT_SESSION_OBSERVATION,,UNAVAILABLE
BTH,2026-10-01,18.3,-0.010810810810810811,,,,,,,,,,,,,,,,,BELOW_MA20_MOMENTUM_NEGATIVE,,2026-10-01T16:19:50.765598+07:00,UPCOM,,,,,,,,2026-10-01,2026-10-01,0,EXCHANGE_STOCK_LIST_CANDIDATE_NOT_COMMON_EQUITY_PROVEN,UPCOM,hnx_official_equity_universe/v1,,OFFICIAL_CURRENT_STOCK_LIST_CANDIDATE,,true,,EXACT_SESSION_RETAINED,CURRENT_DESCRIPTIVE_DNSE_REST_ADJUSTED_RETROSPECTIVE_RAW_AS_TRADED_NOT_PROMOTED,DIRECT_CANONICAL_MAPPING
BTN,2026-10-01,2.5,0.0,,,,,,,,,,,,,,,,,BELOW_MA20_MOMENTUM_NEGATIVE,,2026-10-01T16:19:50.765598+07:00,UPCOM,,,,,,,,2026-10-01,2026-10-01,0,EXCHANGE_STOCK_LIST_CANDIDATE_NOT_COMMON_EQUITY_PROVEN,UPCOM,hnx_official_equity_universe/v1,,OFFICIAL_CURRENT_STOCK_LIST_CANDIDATE,,true,,EXACT_SESSION_RETAINED,CURRENT_DESCRIPTIVE_DNSE_REST_ADJUSTED_RETROSPECTIVE_RAW_AS_TRADED_NOT_PROMOTED,DIRECT_CANONICAL_MAPPING
BTP,2026-10-01,7.29,-0.001369863013698569,,,,,,,,,,,,,,,,,NEAR_MA20_NEUTRAL,,2026-10-01T16:19:50.765598+07:00,HSX,,,,,,,,2026-10-01,2026-10-01,0,OFFICIAL_STOCK_MASTER_SECURITY_TYPE_NOT_COMMON_EQUITY_PROVEN,HOSE,hose_public_stock_master/v1,,OFFICIAL_CURRENT_EXCHANGE_SECURITY,,true,,EXACT_SESSION_RETAINED,CURRENT_DESCRIPTIVE_DNSE_REST_ADJUSTED_RETROSPECTIVE_RAW_AS_TRADED_NOT_PROMOTED,DIRECT_CANONICAL_MAPPING
BTS,2026-10-01,4.4,-0.022222222222222143,,,,,,,,,,,,,,,,,BELOW_MA20_MOMENTUM_NEGATIVE,,2026-10-01T16:19:50.765598+07:00,DELISTED,,,,,,,,2026-10-01,2026-10-01,0,EXCHANGE_STOCK_LIST_CANDIDATE_NOT_COMMON_EQUITY_PROVEN,HNX_LISTED,hnx_official_equity_universe/v1,,OFFICIAL_CURRENT_STOCK_LIST_CANDIDATE,,true,,EXACT_SESSION_RETAINED,CURRENT_DESCRIPTIVE_DNSE_REST_ADJUSTED_RETROSPECTIVE_RAW_AS_TRADED_NOT_PROMOTED,DIRECT_CANONICAL_MAPPING
BTT,2026-10-01,39.5,0.0,,,,,,,,,,,,,,,,,NEAR_MA20_NEUTRAL,,2026-10-01T16:19:50.765598+07:00,HSX,,,,,,,,2026-10-01,2026-10-01,0,OFFICIAL_STOCK_MASTER_SECURITY_TYPE_NOT_COMMON_EQUITY_PROVEN,HOSE,hose_public_stock_master/v1,,OFFICIAL_CURRENT_EXCHANGE_SECURITY,,true,,EXACT_SESSION_RETAINED,CURRENT_DESCRIPTIVE_DNSE_REST_ADJUSTED_RETROSPECTIVE_RAW_AS_TRADED_NOT_PROMOTED,DIRECT_CANONICAL_MAPPING
BTU,,,,,,,,,,,,,,,,,,,,NOT_AVAILABLE,,,UPCOM,,,,,,,,,,,EXCHANGE_STOCK_LIST_CANDIDATE_NOT_COMMON_EQUITY_PROVEN,UPCOM,hnx_official_equity_universe/v1,,OFFICIAL_CURRENT_STOCK_LIST_CANDIDATE,,false,,UNAVAILABLE_NO_EXACT_SESSION_OBSERVATION,,UNAVAILABLE
BTV,,,,,,,,,,,,,,,,,,,,NOT_AVAILABLE,,,UPCOM,,,,,,,,,,,EXCHANGE_STOCK_LIST_CANDIDATE_NOT_COMMON_EQUITY_PROVEN,UPCOM,hnx_official_equity_universe/v1,,OFFICIAL_CURRENT_STOCK_LIST_CANDIDATE,,false,,UNAVAILABLE_NO_EXACT_SESSION_OBSERVATION,,UNAVAILABLE
BTW,,,,,,,,,,,,,,,,,,,,NOT_AVAILABLE,,,DELISTED,,,,,,,,,,,EXCHANGE_STOCK_LIST_CANDIDATE_NOT_COMMON_EQUITY_PROVEN,HNX_LISTED,hnx_official_equity_universe/v1,,OFFICIAL_CURRENT_STOCK_LIST_CANDIDATE,,false,,UNAVAILABLE_NO_EXACT_SESSION_OBSERVATION,,UNAVAILABLE
BVB,2026-10-01,10.5,-0.004739336492891044,,,,,,,,,,,,,,,,,BELOW_MA20_MOMENTUM_NEGATIVE,,2026-10-01T16:19:50.765598+07:00,HSX,,,,,,,,2026-10-01,2026-10-01,0,OFFICIAL_STOCK_MASTER_SECURITY_TYPE_NOT_COMMON_EQUITY_PROVEN,HOSE,hose_public_stock_master/v1,,OFFICIAL_CURRENT_EXCHANGE_SECURITY,,true,,EXACT_SESSION_RETAINED,CURRENT_DESCRIPTIVE_DNSE_REST_ADJUSTED_RETROSPECTIVE_RAW_AS_TRADED_NOT_PROMOTED,DIRECT_CANONICAL_MAPPING
BVG,2026-10-01,2.8,0.03703703703703698,,,,,,,,,,,,,,,,,NEAR_MA20_NEUTRAL,,2026-10-01T16:19:50.765598+07:00,UPCOM,,,,,,,,2026-10-01,2026-10-01,0,EXCHANGE_STOCK_LIST_CANDIDATE_NOT_COMMON_EQUITY_PROVEN,UPCOM,hnx_official_equity_universe/v1,,OFFICIAL_CURRENT_STOCK_LIST_CANDIDATE,,true,,EXACT_SESSION_RETAINED,CURRENT_DESCRIPTIVE_DNSE_REST_ADJUSTED_RETROSPECTIVE_RAW_AS_TRADED_NOT_PROMOTED,DIRECT_CANONICAL_MAPPING
BVH,2026-10-01,74.5,0.0,,,,,,,,,,,,,,,,,ABOVE_MA20_MOMENTUM_POSITIVE,,2026-10-01T16:19:50.765598+07:00,HSX,insurance,,,,,,,2026-10-01,2026-10-01,0,OFFICIAL_STOCK_MASTER_SECURITY_TYPE_NOT_COMMON_EQUITY_PROVEN,HOSE,hose_public_stock_master/v1,,OFFICIAL_CURRENT_EXCHANGE_SECURITY,,true,,EXACT_SESSION_RETAINED,CURRENT_DESCRIPTIVE_DNSE_REST_ADJUSTED_RETROSPECTIVE_RAW_AS_TRADED_NOT_PROMOTED,DIRECT_CANONICAL_MAPPING
BVL,2026-10-01,13,-0.03703703703703709,,,,,,,,,,,,,,,,,NEAR_MA20_NEUTRAL,,2026-10-01T16:19:50.765598+07:00,UPCOM,,,,,,,,2026-10-01,2026-10-01,0,EXCHANGE_STOCK_LIST_CANDIDATE_NOT_COMMON_EQUITY_PROVEN,UPCOM,hnx_official_equity_universe/v1,,OFFICIAL_CURRENT_STOCK_LIST_CANDIDATE,,true,,EXACT_SESSION_RETAINED,CURRENT_DESCRIPTIVE_DNSE_REST_ADJUSTED_RETROSPECTIVE_RAW_AS_TRADED_NOT_PROMOTED,DIRECT_CANONICAL_MAPPING
BVN,,,,,,,,,,,,,,,,,,,,NOT_AVAILABLE,,,UPCOM,,,,,,,,,,,EXCHANGE_STOCK_LIST_CANDIDATE_NOT_COMMON_EQUITY_PROVEN,UPCOM,hnx_official_equity_universe/v1,,OFFICIAL_CURRENT_STOCK_LIST_CANDIDATE,,false,,UNAVAILABLE_NO_EXACT_SESSION_OBSERVATION,,UNAVAILABLE
BVS,2026-10-01,26.3,0.003816793893129722,,,,,,,,,,,,,,,,,BELOW_MA20_MOMENTUM_NEGATIVE,,2026-10-01T16:19:50.765598+07:00,DELISTED,,,,,,,,2026-10-01,2026-10-01,0,EXCHANGE_STOCK_LIST_CANDIDATE_NOT_COMMON_EQUITY_PROVEN,HNX_LISTED,hnx_official_equity_universe/v1,,OFFICIAL_CURRENT_STOCK_LIST_CANDIDATE,,true,,EXACT_SESSION_RETAINED,CURRENT_DESCRIPTIVE_DNSE_REST_ADJUSTED_RETROSPECTIVE_RAW_AS_TRADED_NOT_PROMOTED,DIRECT_CANONICAL_MAPPING
BWA,,,,,,,,,,,,,,,,,,,,NOT_AVAILABLE,,,UPCOM,,,,,,,,,,,EXCHANGE_STOCK_LIST_CANDIDATE_NOT_COMMON_EQUITY_PROVEN,UPCOM,hnx_official_equity_universe/v1,,OFFICIAL_CURRENT_STOCK_LIST_CANDIDATE,,false,,UNAVAILABLE_NO_EXACT_SESSION_OBSERVATION,,UNAVAILABLE
BWE,2026-10-01,40.95,0.003676470588235503,,,,,,,,,,,,,,,,,NEAR_MA20_NEUTRAL,,2026-10-01T16:19:50.765598+07:00,HSX,,,,,,,,2026-10-01,2026-10-01,0,OFFICIAL_STOCK_MASTER_SECURITY_TYPE_NOT_COMMON_EQUITY_PROVEN,HOSE,hose_public_stock_master/v1,,OFFICIAL_CURRENT_EXCHANGE_SECURITY,,true,,EXACT_SESSION_RETAINED,CURRENT_DESCRIPTIVE_DNSE_REST_ADJUSTED_RETROSPECTIVE_RAW_AS_TRADED_NOT_PROMOTED,DIRECT_CANONICAL_MAPPING
BWS,2026-10-01,28.5,-0.017241379310344862,,,,,,,,,,,,,,,,,BELOW_MA20_MOMENTUM_NEGATIVE,,2026-10-01T16:19:50.765598+07:00,UPCOM,,,,,,,,2026-10-01,2026-10-01,0,EXCHANGE_STOCK_LIST_CANDIDATE_NOT_COMMON_EQUITY_PROVEN,UPCOM,hnx_official_equity_universe/v1,,OFFICIAL_CURRENT_STOCK_LIST_CANDIDATE,,true,,EXACT_SESSION_RETAINED,CURRENT_DESCRIPTIVE_DNSE_REST_ADJUSTED_RETROSPECTIVE_RAW_AS_TRADED_NOT_PROMOTED,DIRECT_CANONICAL_MAPPING
BXH,2026-10-01,20,-0.014778325123152691,,,,,,,,,,,,,,,,,ABOVE_MA20_MOMENTUM_POSITIVE,,2026-10-01T16:19:50.765598+07:00,DELISTED,,,,,,,,2026-10-01,2026-10-01,0,EXCHANGE_STOCK_LIST_CANDIDATE_NOT_COMMON_EQUITY_PROVEN,HNX_LISTED,hnx_official_equity_universe/v1,,OFFICIAL_CURRENT_STOCK_LIST_CANDIDATE,,true,,EXACT_SESSION_RETAINED,CURRENT_DESCRIPTIVE_DNSE_REST_ADJUSTED_RETROSPECTIVE_RAW_AS_TRADED_NOT_PROMOTED,DIRECT_CANONICAL_MAPPING
C12,,,,,,,,,,,,,,,,,,,,NOT_AVAILABLE,,,DELISTED,,,,,,,,,,,INSTRUMENT_CLASS_UNRESOLVED,DELISTED,,,STOCKLOOKUP_ONLY_UNRESOLVED,,false,,UNAVAILABLE_NO_EXACT_SESSION_OBSERVATION,,UNAVAILABLE
C21,,,,,,,,,,,,,,,,,,,,NOT_AVAILABLE,,,UPCOM,,,,,,,,,,,EXCHANGE_STOCK_LIST_CANDIDATE_NOT_COMMON_EQUITY_PROVEN,UPCOM,hnx_official_equity_universe/v1,,OFFICIAL_CURRENT_STOCK_LIST_CANDIDATE,,false,,UNAVAILABLE_NO_EXACT_SESSION_OBSERVATION,,UNAVAILABLE
C22,,,,,,,,,,,,,,,,,,,,NOT_AVAILABLE,,,UPCOM,,,,,,,,,,,EXCHANGE_STOCK_LIST_CANDIDATE_NOT_COMMON_EQUITY_PROVEN,UPCOM,hnx_official_equity_universe/v1,,OFFICIAL_CURRENT_STOCK_LIST_CANDIDATE,,false,,UNAVAILABLE_NO_EXACT_SESSION_OBSERVATION,,UNAVAILABLE
C32,2026-10-01,15.05,0.0033333333333334103,,,,,,,,,,,,,,,,,BELOW_MA20_MOMENTUM_NEGATIVE,,2026-10-01T16:19:50.765598+07:00,HSX,,,,,,,,2026-10-01,2026-10-01,0,OFFICIAL_STOCK_MASTER_SECURITY_TYPE_NOT_COMMON_EQUITY_PROVEN,HOSE,hose_public_stock_master/v1,,OFFICIAL_CURRENT_EXCHANGE_SECURITY,,true,,EXACT_SESSION_RETAINED,CURRENT_DESCRIPTIVE_DNSE_REST_ADJUSTED_RETROSPECTIVE_RAW_AS_TRADED_NOT_PROMOTED,DIRECT_CANONICAL_MAPPING
C47,2026-10-01,8.25,0.0,,,,,,,,,,,,,,,,,BELOW_MA20_MOMENTUM_NEGATIVE,,2026-10-01T16:19:50.765598+07:00,HSX,,,,,,,,2026-10-01,2026-10-01,0,OFFICIAL_STOCK_MASTER_SECURITY_TYPE_NOT_COMMON_EQUITY_PROVEN,HOSE,hose_public_stock_master/v1,,OFFICIAL_CURRENT_EXCHANGE_SECURITY,,true,,EXACT_SESSION_RETAINED,CURRENT_DESCRIPTIVE_DNSE_REST_ADJUSTED_RETROSPECTIVE_RAW_AS_TRADED_NOT_PROMOTED,DIRECT_CANONICAL_MAPPING
C4G,2026-10-01,4.7,0.0,,,,,,,,,,,,,,,,,BELOW_MA20_MOMENTUM_NEGATIVE,,2026-10-01T16:19:50.765598+07:00,UPCOM,,,,,,,,2026-10-01,2026-10-01,0,EXCHANGE_STOCK_LIST_CANDIDATE_NOT_COMMON_EQUITY_PROVEN,UPCOM,hnx_official_equity_universe/v1,,OFFICIAL_CURRENT_STOCK_LIST_CANDIDATE,,true,,EXACT_SESSION_RETAINED,CURRENT_DESCRIPTIVE_DNSE_REST_ADJUSTED_RETROSPECTIVE_RAW_AS_TRADED_NOT_PROMOTED,DIRECT_CANONICAL_MAPPING
C69,2026-10-01,16.8,0.005988023952095967,,,,,,,,,,,,,,,,,NEAR_MA20_NEUTRAL,,2026-10-01T16:19:50.765598+07:00,DELISTED,,,,,,,,2026-10-01,2026-10-01,0,EXCHANGE_STOCK_LIST_CANDIDATE_NOT_COMMON_EQUITY_PROVEN,HNX_LISTED,hnx_official_equity_universe/v1,,OFFICIAL_CURRENT_STOCK_LIST_CANDIDATE,,true,,EXACT_SESSION_RETAINED,CURRENT_DESCRIPTIVE_DNSE_REST_ADJUSTED_RETROSPECTIVE_RAW_AS_TRADED_NOT_PROMOTED,DIRECT_CANONICAL_MAPPING
C92,2026-10-01,3.1,0.0,,,,,,,,,,,,,,,,,BELOW_MA20_MOMENTUM_NEGATIVE,,2026-10-01T16:19:50.765598+07:00,UPCOM,,,,,,,,2026-10-01,2026-10-01,0,EXCHANGE_STOCK_LIST_CANDIDATE_NOT_COMMON_EQUITY_PROVEN,UPCOM,hnx_official_equity_universe/v1,,OFFICIAL_CURRENT_STOCK_LIST_CANDIDATE,,true,,EXACT_SESSION_RETAINED,CURRENT_DESCRIPTIVE_DNSE_REST_ADJUSTED_RETROSPECTIVE_RAW_AS_TRADED_NOT_PROMOTED,DIRECT_CANONICAL_MAPPING
CAB,,,,,,,,,,,,,,,,,,,,NOT_AVAILABLE,,,DELISTED,,,,,,,,,,,INSTRUMENT_CLASS_UNRESOLVED,DELISTED,,,STOCKLOOKUP_ONLY_UNRESOLVED,,false,,UNAVAILABLE_NO_EXACT_SESSION_OBSERVATION,,UNAVAILABLE
CAD,,,,,,,,,,,,,,,,,,,,NOT_AVAILABLE,,,UPCOM,,,,,,,,,,,EXCHANGE_STOCK_LIST_CANDIDATE_NOT_COMMON_EQUITY_PROVEN,UPCOM,hnx_official_equity_universe/v1,,OFFICIAL_CURRENT_STOCK_LIST_CANDIDATE,,false,,UNAVAILABLE_NO_EXACT_SESSION_OBSERVATION,,UNAVAILABLE
CAG,2026-10-01,6,0.0,,,,,,,,,,,,,,,,,NEAR_MA20_NEUTRAL,,2026-10-01T16:19:50.765598+07:00,DELISTED,,,,,,,,2026-10-01,2026-10-01,0,EXCHANGE_STOCK_LIST_CANDIDATE_NOT_COMMON_EQUITY_PROVEN,HNX_LISTED,hnx_official_equity_universe/v1,,OFFICIAL_CURRENT_STOCK_LIST_CANDIDATE,,true,,EXACT_SESSION_RETAINED,CURRENT_DESCRIPTIVE_DNSE_REST_ADJUSTED_RETROSPECTIVE_RAW_AS_TRADED_NOT_PROMOTED,DIRECT_CANONICAL_MAPPING
CAN,,,,,,,,,,,,,,,,,,,,NOT_AVAILABLE,,,DELISTED,,,,,,,,,,,EXCHANGE_STOCK_LIST_CANDIDATE_NOT_COMMON_EQUITY_PROVEN,HNX_LISTED,hnx_official_equity_universe/v1,,OFFICIAL_CURRENT_STOCK_LIST_CANDIDATE,,false,,UNAVAILABLE_NO_EXACT_SESSION_OBSERVATION,,UNAVAILABLE
CAP,2026-10-01,41.5,0.0024154589371980784,,,,,,,,,,,,,,,,,NEAR_MA20_NEUTRAL,,2026-10-01T16:19:50.765598+07:00,DELISTED,,,,,,,,2026-10-01,2026-10-01,0,EXCHANGE_STOCK_LIST_CANDIDATE_NOT_COMMON_EQUITY_PROVEN,HNX_LISTED,hnx_official_equity_universe/v1,,OFFICIAL_CURRENT_STOCK_LIST_CANDIDATE,,true,,EXACT_SESSION_RETAINED,CURRENT_DESCRIPTIVE_DNSE_REST_ADJUSTED_RETROSPECTIVE_RAW_AS_TRADED_NOT_PROMOTED,DIRECT_CANONICAL_MAPPING
CAR,2026-10-01,20.5,0.09625668449197855,,,,,,,,,,,,,,,,,ABOVE_MA20_MOMENTUM_POSITIVE,,2026-10-01T16:19:50.765598+07:00,DELISTED,,,,,,,,2026-10-01,2026-10-01,0,EXCHANGE_STOCK_LIST_CANDIDATE_NOT_COMMON_EQUITY_PROVEN,HNX_LISTED,hnx_official_equity_universe/v1,,OFFICIAL_CURRENT_STOCK_LIST_CANDIDATE,,true,,EXACT_SESSION_RETAINED,CURRENT_DESCRIPTIVE_DNSE_REST_ADJUSTED_RETROSPECTIVE_RAW_AS_TRADED_NOT_PROMOTED,DIRECT_CANONICAL_MAPPING
CAT,2026-10-01,14,-0.007092198581560294,,,,,,,,,,,,,,,,,NEAR_MA20_NEUTRAL,,2026-10-01T16:19:50.765598+07:00,UPCOM,,,,,,,,2026-10-01,2026-10-01,0,EXCHANGE_STOCK_LIST_CANDIDATE_NOT_COMMON_EQUITY_PROVEN,UPCOM,hnx_official_equity_universe/v1,,OFFICIAL_CURRENT_STOCK_LIST_CANDIDATE,,true,,EXACT_SESSION_RETAINED,CURRENT_DESCRIPTIVE_DNSE_REST_ADJUSTED_RETROSPECTIVE_RAW_AS_TRADED_NOT_PROMOTED,DIRECT_CANONICAL_MAPPING
CAV,,,,,,,,,,,,,,,,,,,,NOT_AVAILABLE,,,DELISTED,,,,,,,,,,,INSTRUMENT_CLASS_UNRESOLVED,DELISTED,,,STOCKLOOKUP_ONLY_UNRESOLVED,,false,,UNAVAILABLE_NO_EXACT_SESSION_OBSERVATION,,UNAVAILABLE
CBI,,,,,,,,,,,,,,,,,,,,NOT_AVAILABLE,,,UPCOM,,,,,,,,,,,EXCHANGE_STOCK_LIST_CANDIDATE_NOT_COMMON_EQUITY_PROVEN,UPCOM,hnx_official_equity_universe/v1,,OFFICIAL_CURRENT_STOCK_LIST_CANDIDATE,,false,,UNAVAILABLE_NO_EXACT_SESSION_OBSERVATION,,UNAVAILABLE
CBS,2026-10-01,21.8,0.0,,,,,,,,,,,,,,,,,BELOW_MA20_MOMENTUM_NEGATIVE,,2026-10-01T16:19:50.765598+07:00,UPCOM,,,,,,,,2026-10-01,2026-10-01,0,EXCHANGE_STOCK_LIST_CANDIDATE_NOT_COMMON_EQUITY_PROVEN,UPCOM,hnx_official_equity_universe/v1,,OFFICIAL_CURRENT_STOCK_LIST_CANDIDATE,,true,,EXACT_SESSION_RETAINED,CURRENT_DESCRIPTIVE_DNSE_REST_ADJUSTED_RETROSPECTIVE_RAW_AS_TRADED_NOT_PROMOTED,DIRECT_CANONICAL_MAPPING
CC1,,,,,,,,,,,,,,,,,,,,NOT_AVAILABLE,,,UPCOM,,,,,,,,,,,EXCHANGE_STOCK_LIST_CANDIDATE_NOT_COMMON_EQUITY_PROVEN,UPCOM,hnx_official_equity_universe/v1,,OFFICIAL_CURRENT_STOCK_LIST_CANDIDATE,,false,,UNAVAILABLE_NO_EXACT_SESSION_OBSERVATION,,UNAVAILABLE
CC4,,,,,,,,,,,,,,,,,,,,NOT_AVAILABLE,,,DELISTED,,,,,,,,,,,INSTRUMENT_CLASS_UNRESOLVED,DELISTED,,,STOCKLOOKUP_ONLY_UNRESOLVED,,false,,UNAVAILABLE_NO_EXACT_SESSION_OBSERVATION,,UNAVAILABLE
CCA,2026-10-01,14.5,0.021126760563380254,,,,,,,,,,,,,,,,,ABOVE_MA20_MOMENTUM_POSITIVE,,2026-10-01T16:19:50.765598+07:00,UPCOM,,,,,,,,2026-10-01,2026-10-01,0,EXCHANGE_STOCK_LIST_CANDIDATE_NOT_COMMON_EQUITY_PROVEN,UPCOM,hnx_official_equity_universe/v1,,OFFICIAL_CURRENT_STOCK_LIST_CANDIDATE,,true,,EXACT_SESSION_RETAINED,CURRENT_DESCRIPTIVE_DNSE_REST_ADJUSTED_RETROSPECTIVE_RAW_AS_TRADED_NOT_PROMOTED,DIRECT_CANONICAL_MAPPING
CCC,2026-10-01,5.89,-0.06951026856240128,,,,,,,,,,,,,,,,,BELOW_MA20_MOMENTUM_NEGATIVE,,2026-10-01T16:19:50.765598+07:00,HSX,,,,,,,,2026-10-01,2026-10-01,0,OFFICIAL_STOCK_MASTER_SECURITY_TYPE_NOT_COMMON_EQUITY_PROVEN,HOSE,hose_public_stock_master/v1,,OFFICIAL_CURRENT_EXCHANGE_SECURITY,,true,,EXACT_SESSION_RETAINED,CURRENT_DESCRIPTIVE_DNSE_REST_ADJUSTED_RETROSPECTIVE_RAW_AS_TRADED_NOT_PROMOTED,DIRECT_CANONICAL_MAPPING
CCI,,,,,,,,,,,,,,,,,,,,NOT_AVAILABLE,,,HSX,,,,,,,,,,,OFFICIAL_STOCK_MASTER_SECURITY_TYPE_NOT_COMMON_EQUITY_PROVEN,HOSE,hose_public_stock_master/v1,,OFFICIAL_CURRENT_EXCHANGE_SECURITY,,false,,UNAVAILABLE_NO_EXACT_SESSION_OBSERVATION,,UNAVAILABLE
CCL,2026-10-01,3.3,-0.0119760479041916,,,,,,,,,,,,,,,,,BELOW_MA20_MOMENTUM_NEGATIVE,,2026-10-01T16:19:50.765598+07:00,HSX,,,,,,,,2026-10-01,2026-10-01,0,OFFICIAL_STOCK_MASTER_SECURITY_TYPE_NOT_COMMON_EQUITY_PROVEN,HOSE,hose_public_stock_master/v1,,OFFICIAL_CURRENT_EXCHANGE_SECURITY,,true,,EXACT_SESSION_RETAINED,CURRENT_DESCRIPTIVE_DNSE_REST_ADJUSTED_RETROSPECTIVE_RAW_AS_TRADED_NOT_PROMOTED,DIRECT_CANONICAL_MAPPING
CCM,,,,,,,,,,,,,,,,,,,,NOT_AVAILABLE,,,UPCOM,,,,,,,,,,,EXCHANGE_STOCK_LIST_CANDIDATE_NOT_COMMON_EQUITY_PROVEN,UPCOM,hnx_official_equity_universe/v1,,OFFICIAL_CURRENT_STOCK_LIST_CANDIDATE,,false,,UNAVAILABLE_NO_EXACT_SESSION_OBSERVATION,,UNAVAILABLE
CCP,,,,,,,,,,,,,,,,,,,,NOT_AVAILABLE,,,UPCOM,,,,,,,,,,,EXCHANGE_STOCK_LIST_CANDIDATE_NOT_COMMON_EQUITY_PROVEN,UPCOM,hnx_official_equity_universe/v1,,OFFICIAL_CURRENT_STOCK_LIST_CANDIDATE,,false,,UNAVAILABLE_NO_EXACT_SESSION_OBSERVATION,,UNAVAILABLE
CCR,,,,,,,,,,,,,,,,,,,,NOT_AVAILABLE,,,DELISTED,,,,,,,,,,,EXCHANGE_STOCK_LIST_CANDIDATE_NOT_COMMON_EQUITY_PROVEN,HNX_LISTED,hnx_official_equity_universe/v1,,OFFICIAL_CURRENT_STOCK_LIST_CANDIDATE,,false,,UNAVAILABLE_NO_EXACT_SESSION_OBSERVATION,,UNAVAILABLE
CCS,,,,,,,,,,,,,,,,,,,,NOT_AVAILABLE,,,UPCOM,,,,,,,,,,,EXCHANGE_STOCK_LIST_CANDIDATE_NOT_COMMON_EQUITY_PROVEN,UPCOM,hnx_official_equity_universe/v1,,OFFICIAL_CURRENT_STOCK_LIST_CANDIDATE,,false,,UNAVAILABLE_NO_EXACT_SESSION_OBSERVATION,,UNAVAILABLE
CCT,2026-10-01,7.7,-0.14444444444444438,,,,,,,,,,,,,,,,,BELOW_MA20_MOMENTUM_NEGATIVE,,2026-10-01T16:19:50.765598+07:00,UPCOM,,,,,,,,2026-10-01,2026-10-01,0,EXCHANGE_STOCK_LIST_CANDIDATE_NOT_COMMON_EQUITY_PROVEN,UPCOM,hnx_official_equity_universe/v1,,OFFICIAL_CURRENT_STOCK_LIST_CANDIDATE,,true,,EXACT_SESSION_RETAINED,CURRENT_DESCRIPTIVE_DNSE_REST_ADJUSTED_RETROSPECTIVE_RAW_AS_TRADED_NOT_PROMOTED,DIRECT_CANONICAL_MAPPING
CCV,,,,,,,,,,,,,,,,,,,,NOT_AVAILABLE,,,UPCOM,,,,,,,,,,,EXCHANGE_STOCK_LIST_CANDIDATE_NOT_COMMON_EQUITY_PROVEN,UPCOM,hnx_official_equity_universe/v1,,OFFICIAL_CURRENT_STOCK_LIST_CANDIDATE,,false,,UNAVAILABLE_NO_EXACT_SESSION_OBSERVATION,,UNAVAILABLE
CDC,2026-10-01,20.7,-0.018957345971564066,,,,,,,,,,,,,,,,,ABOVE_MA20_MOMENTUM_POSITIVE,,2026-10-01T16:19:50.765598+07:00,HSX,,,,,,,,2026-10-01,2026-10-01,0,OFFICIAL_STOCK_MASTER_SECURITY_TYPE_NOT_COMMON_EQUITY_PROVEN,HOSE,hose_public_stock_master/v1,,OFFICIAL_CURRENT_EXCHANGE_SECURITY,,true,,EXACT_SESSION_RETAINED,CURRENT_DESCRIPTIVE_DNSE_REST_ADJUSTED_RETROSPECTIVE_RAW_AS_TRADED_NOT_PROMOTED,DIRECT_CANONICAL_MAPPING
CDG,,,,,,,,,,,,,,,,,,,,NOT_AVAILABLE,,,UPCOM,,,,,,,,,,,EXCHANGE_STOCK_LIST_CANDIDATE_NOT_COMMON_EQUITY_PROVEN,UPCOM,hnx_official_equity_universe/v1,,OFFICIAL_CURRENT_STOCK_LIST_CANDIDATE,,false,,UNAVAILABLE_NO_EXACT_SESSION_OBSERVATION,,UNAVAILABLE
CDH,,,,,,,,,,,,,,,,,,,,NOT_AVAILABLE,,,DELISTED,,,,,,,,,,,INSTRUMENT_CLASS_UNRESOLVED,DELISTED,,,STOCKLOOKUP_ONLY_UNRESOLVED,,false,,UNAVAILABLE_NO_EXACT_SESSION_OBSERVATION,,UNAVAILABLE
CDN,2026-10-01,25.7,0.028000000000000025,,,,,,,,,,,,,,,,,ABOVE_MA20_MOMENTUM_POSITIVE,,2026-10-01T16:19:50.765598+07:00,DELISTED,,,,,,,,2026-10-01,2026-10-01,0,EXCHANGE_STOCK_LIST_CANDIDATE_NOT_COMMON_EQUITY_PROVEN,HNX_LISTED,hnx_official_equity_universe/v1,,OFFICIAL_CURRENT_STOCK_LIST_CANDIDATE,,true,,EXACT_SESSION_RETAINED,CURRENT_DESCRIPTIVE_DNSE_REST_ADJUSTED_RETROSPECTIVE_RAW_AS_TRADED_NOT_PROMOTED,DIRECT_CANONICAL_MAPPING
CDO,,,,,,,,,,,,,,,,,,,,NOT_AVAILABLE,,,UPCOM,,,,,,,,,,,EXCHANGE_STOCK_LIST_CANDIDATE_NOT_COMMON_EQUITY_PROVEN,UPCOM,hnx_official_equity_universe/v1,,OFFICIAL_CURRENT_STOCK_LIST_CANDIDATE,,false,,UNAVAILABLE_NO_EXACT_SESSION_OBSERVATION,,UNAVAILABLE
CDP,,,,,,,,,,,,,,,,,,,,NOT_AVAILABLE,,,UPCOM,,,,,,,,,,,EXCHANGE_STOCK_LIST_CANDIDATE_NOT_COMMON_EQUITY_PROVEN,UPCOM,hnx_official_equity_universe/v1,,OFFICIAL_CURRENT_STOCK_LIST_CANDIDATE,,false,,UNAVAILABLE_NO_EXACT_SESSION_OBSERVATION,,UNAVAILABLE
CDR,,,,,,,,,,,,,,,,,,,,NOT_AVAILABLE,,,UPCOM,,,,,,,,,,,EXCHANGE_STOCK_LIST_CANDIDATE_NOT_COMMON_EQUITY_PROVEN,UPCOM,hnx_official_equity_universe/v1,,OFFICIAL_CURRENT_STOCK_LIST_CANDIDATE,,false,,UNAVAILABLE_NO_EXACT_SESSION_OBSERVATION,,UNAVAILABLE
CE1,,,,,,,,,,,,,,,,,,,,NOT_AVAILABLE,,,DELISTED,,,,,,,,,,,INSTRUMENT_CLASS_UNRESOLVED,DELISTED,,,STOCKLOOKUP_ONLY_UNRESOLVED,,false,,UNAVAILABLE_NO_EXACT_SESSION_OBSERVATION,,UNAVAILABLE
CEE,,,,,,,,,,,,,,,,,,,,NOT_AVAILABLE,,,DELISTED,,,,,,,,,,,INSTRUMENT_CLASS_UNRESOLVED,DELISTED,,,STOCKLOOKUP_ONLY_UNRESOLVED,,false,,UNAVAILABLE_NO_EXACT_SESSION_OBSERVATION,,UNAVAILABLE
CEG,,,,,,,,,,,,,,,,,,,,NOT_AVAILABLE,,,DELISTED,,,,,,,,,,,INSTRUMENT_CLASS_UNRESOLVED,DELISTED,,,STOCKLOOKUP_ONLY_UNRESOLVED,,false,,UNAVAILABLE_NO_EXACT_SESSION_OBSERVATION,,UNAVAILABLE
CEN,,,,,,,,,,,,,,,,,,,,NOT_AVAILABLE,,,UPCOM,,,,,,,,,,,EXCHANGE_STOCK_LIST_CANDIDATE_NOT_COMMON_EQUITY_PROVEN,UPCOM,hnx_official_equity_universe/v1,,OFFICIAL_CURRENT_STOCK_LIST_CANDIDATE,,false,,UNAVAILABLE_NO_EXACT_SESSION_OBSERVATION,,UNAVAILABLE
CEO,2026-10-01,10.8,0.0,,,,,,,,,,,,,,,,,BELOW_MA20_MOMENTUM_NEGATIVE,,2026-10-01T16:19:50.765598+07:00,DELISTED,,,,,,,,2026-10-01,2026-10-01,0,EXCHANGE_STOCK_LIST_CANDIDATE_NOT_COMMON_EQUITY_PROVEN,HNX_LISTED,hnx_official_equity_universe/v1,,OFFICIAL_CURRENT_STOCK_LIST_CANDIDATE,,true,,EXACT_SESSION_RETAINED,CURRENT_DESCRIPTIVE_DNSE_REST_ADJUSTED_RETROSPECTIVE_RAW_AS_TRADED_NOT_PROMOTED,DIRECT_CANONICAL_MAPPING
CET,,,,,,,,,,,,,,,,,,,,NOT_AVAILABLE,,,DELISTED,,,,,,,,,,,EXCHANGE_STOCK_LIST_CANDIDATE_NOT_COMMON_EQUITY_PROVEN,HNX_LISTED,hnx_official_equity_universe/v1,,OFFICIAL_CURRENT_STOCK_LIST_CANDIDATE,,false,,UNAVAILABLE_NO_EXACT_SESSION_OBSERVATION,,UNAVAILABLE
CFM,2026-10-01,10.5,0.12903225806451601,,,,,,,,,,,,,,,,,ABOVE_MA20_MOMENTUM_POSITIVE,,2026-10-01T16:19:50.765598+07:00,UPCOM,,,,,,,,2026-10-01,2026-10-01,0,EXCHANGE_STOCK_LIST_CANDIDATE_NOT_COMMON_EQUITY_PROVEN,UPCOM,hnx_official_equity_universe/v1,,OFFICIAL_CURRENT_STOCK_LIST_CANDIDATE,,true,,EXACT_SESSION_RETAINED,CURRENT_DESCRIPTIVE_DNSE_REST_ADJUSTED_RETROSPECTIVE_RAW_AS_TRADED_NOT_PROMOTED,DIRECT_CANONICAL_MAPPING
CFV,,,,,,,,,,,,,,,,,,,,NOT_AVAILABLE,,,UPCOM,,,,,,,,,,,EXCHANGE_STOCK_LIST_CANDIDATE_NOT_COMMON_EQUITY_PROVEN,UPCOM,hnx_official_equity_universe/v1,,OFFICIAL_CURRENT_STOCK_LIST_CANDIDATE,,false,,UNAVAILABLE_NO_EXACT_SESSION_OBSERVATION,,UNAVAILABLE
CGL,,,,,,,,,,,,,,,,,,,,NOT_AVAILABLE,,,DELISTED,,,,,,,,,,,INSTRUMENT_CLASS_UNRESOLVED,DELISTED,,,STOCKLOOKUP_ONLY_UNRESOLVED,,false,,UNAVAILABLE_NO_EXACT_SESSION_OBSERVATION,,UNAVAILABLE
CGV,2026-10-01,3,0.0,,,,,,,,,,,,,,,,,BELOW_MA20_MOMENTUM_NEGATIVE,,2026-10-01T16:19:50.765598+07:00,UPCOM,,,,,,,,2026-10-01,2026-10-01,0,EXCHANGE_STOCK_LIST_CANDIDATE_NOT_COMMON_EQUITY_PROVEN,UPCOM,hnx_official_equity_universe/v1,,OFFICIAL_CURRENT_STOCK_LIST_CANDIDATE,,true,,EXACT_SESSION_RETAINED,CURRENT_DESCRIPTIVE_DNSE_REST_ADJUSTED_RETROSPECTIVE_RAW_AS_TRADED_NOT_PROMOTED,DIRECT_CANONICAL_MAPPING
CH5,,,,,,,,,,,,,,,,,,,,NOT_AVAILABLE,,,UPCOM,,,,,,,,,,,EXCHANGE_STOCK_LIST_CANDIDATE_NOT_COMMON_EQUITY_PROVEN,UPCOM,hnx_official_equity_universe/v1,,OFFICIAL_CURRENT_STOCK_LIST_CANDIDATE,,false,,UNAVAILABLE_NO_EXACT_SESSION_OBSERVATION,,UNAVAILABLE
CHC,,,,,,,,,,,,,,,,,,,,NOT_AVAILABLE,,,UPCOM,,,,,,,,,,,EXCHANGE_STOCK_LIST_CANDIDATE_NOT_COMMON_EQUITY_PROVEN,UPCOM,hnx_official_equity_universe/v1,,OFFICIAL_CURRENT_STOCK_LIST_CANDIDATE,,false,,UNAVAILABLE_NO_EXACT_SESSION_OBSERVATION,,UNAVAILABLE
CHP,2026-10-01,26.5,0.001890359168241984,,,,,,,,,,,,,,,,,NEAR_MA20_NEUTRAL,,2026-10-01T16:19:50.765598+07:00,HSX,,,,,,,,2026-10-01,2026-10-01,0,OFFICIAL_STOCK_MASTER_SECURITY_TYPE_NOT_COMMON_EQUITY_PROVEN,HOSE,hose_public_stock_master/v1,,OFFICIAL_CURRENT_EXCHANGE_SECURITY,,true,,EXACT_SESSION_RETAINED,CURRENT_DESCRIPTIVE_DNSE_REST_ADJUSTED_RETROSPECTIVE_RAW_AS_TRADED_NOT_PROMOTED,DIRECT_CANONICAL_MAPPING
CHS,,,,,,,,,,,,,,,,,,,,NOT_AVAILABLE,,,UPCOM,,,,,,,,,,,EXCHANGE_STOCK_LIST_CANDIDATE_NOT_COMMON_EQUITY_PROVEN,UPCOM,hnx_official_equity_universe/v1,,OFFICIAL_CURRENT_STOCK_LIST_CANDIDATE,,false,,UNAVAILABLE_NO_EXACT_SESSION_OBSERVATION,,UNAVAILABLE
CI5,,,,,,,,,,,,,,,,,,,,NOT_AVAILABLE,,,UPCOM,,,,,,,,,,,EXCHANGE_STOCK_LIST_CANDIDATE_NOT_COMMON_EQUITY_PROVEN,UPCOM,hnx_official_equity_universe/v1,,OFFICIAL_CURRENT_STOCK_LIST_CANDIDATE,,false,,UNAVAILABLE_NO_EXACT_SESSION_OBSERVATION,,UNAVAILABLE
CIA,2026-10-01,9,-0.01098901098901095,,,,,,,,,,,,,,,,,NEAR_MA20_NEUTRAL,,2026-10-01T16:19:50.765598+07:00,DELISTED,,,,,,,,2026-10-01,2026-10-01,0,EXCHANGE_STOCK_LIST_CANDIDATE_NOT_COMMON_EQUITY_PROVEN,HNX_LISTED,hnx_official_equity_universe/v1,,OFFICIAL_CURRENT_STOCK_LIST_CANDIDATE,,true,,EXACT_SESSION_RETAINED,CURRENT_DESCRIPTIVE_DNSE_REST_ADJUSTED_RETROSPECTIVE_RAW_AS_TRADED_NOT_PROMOTED,DIRECT_CANONICAL_MAPPING
CID,2026-10-01,7.8,0.1470588235294117,,,,,,,,,,,,,,,,,NEAR_MA20_NEUTRAL,,2026-10-01T16:19:50.765598+07:00,UPCOM,,,,,,,,2026-10-01,2026-10-01,0,EXCHANGE_STOCK_LIST_CANDIDATE_NOT_COMMON_EQUITY_PROVEN,UPCOM,hnx_official_equity_universe/v1,,OFFICIAL_CURRENT_STOCK_LIST_CANDIDATE,,true,,EXACT_SESSION_RETAINED,CURRENT_DESCRIPTIVE_DNSE_REST_ADJUSTED_RETROSPECTIVE_RAW_AS_TRADED_NOT_PROMOTED,DIRECT_CANONICAL_MAPPING
CIG,2026-10-01,7.1,0.0014104372355430161,,,,,,,,,,,,,,,,,NEAR_MA20_NEUTRAL,,2026-10-01T16:19:50.765598+07:00,HSX,,,,,,,,2026-10-01,2026-10-01,0,OFFICIAL_STOCK_MASTER_SECURITY_TYPE_NOT_COMMON_EQUITY_PROVEN,HOSE,hose_public_stock_master/v1,,OFFICIAL_CURRENT_EXCHANGE_SECURITY,,true,,EXACT_SESSION_RETAINED,CURRENT_DESCRIPTIVE_DNSE_REST_ADJUSTED_RETROSPECTIVE_RAW_AS_TRADED_NOT_PROMOTED,DIRECT_CANONICAL_MAPPING
CII,2026-10-01,12.25,0.008230452674897082,,,,,,,,,,,,,,,,,BELOW_MA20_MOMENTUM_NEGATIVE,,2026-10-01T16:19:50.765598+07:00,HSX,,,,,,,,2026-10-01,2026-10-01,0,OFFICIAL_STOCK_MASTER_SECURITY_TYPE_NOT_COMMON_EQUITY_PROVEN,HOSE,hose_public_stock_master/v1,,OFFICIAL_CURRENT_EXCHANGE_SECURITY,,true,,EXACT_SESSION_RETAINED,CURRENT_DESCRIPTIVE_DNSE_REST_ADJUSTED_RETROSPECTIVE_RAW_AS_TRADED_NOT_PROMOTED,DIRECT_CANONICAL_MAPPING
CIP,2026-10-01,1.6,0.06666666666666665,,,,,,,,,,,,,,,,,ABOVE_MA20_MOMENTUM_POSITIVE,,2026-10-01T16:19:50.765598+07:00,UPCOM,,,,,,,,2026-10-01,2026-10-01,0,EXCHANGE_STOCK_LIST_CANDIDATE_NOT_COMMON_EQUITY_PROVEN,UPCOM,hnx_official_equity_universe/v1,,OFFICIAL_CURRENT_STOCK_LIST_CANDIDATE,,true,,EXACT_SESSION_RETAINED,CURRENT_DESCRIPTIVE_DNSE_REST_ADJUSTED_RETROSPECTIVE_RAW_AS_TRADED_NOT_PROMOTED,DIRECT_CANONICAL_MAPPING
CJC,,,,,,,,,,,,,,,,,,,,NOT_AVAILABLE,,,DELISTED,,,,,,,,,,,EXCHANGE_STOCK_LIST_CANDIDATE_NOT_COMMON_EQUITY_PROVEN,HNX_LISTED,hnx_official_equity_universe/v1,,OFFICIAL_CURRENT_STOCK_LIST_CANDIDATE,,false,,UNAVAILABLE_NO_EXACT_SESSION_OBSERVATION,,UNAVAILABLE
CK8,,,,,,,,,,,,,,,,,,,,NOT_AVAILABLE,,,UPCOM,,,,,,,,,,,EXCHANGE_STOCK_LIST_CANDIDATE_NOT_COMMON_EQUITY_PROVEN,UPCOM,hnx_official_equity_universe/v1,,OFFICIAL_CURRENT_STOCK_LIST_CANDIDATE,,false,,UNAVAILABLE_NO_EXACT_SESSION_OBSERVATION,,UNAVAILABLE
CKA,2026-10-01,48.8,-0.010141987829614618,,,,,,,,,,,,,,,,,BELOW_MA20_MOMENTUM_NEGATIVE,,2026-10-01T16:19:50.765598+07:00,UPCOM,,,,,,,,2026-10-01,2026-10-01,0,EXCHANGE_STOCK_LIST_CANDIDATE_NOT_COMMON_EQUITY_PROVEN,UPCOM,hnx_official_equity_universe/v1,,OFFICIAL_CURRENT_STOCK_LIST_CANDIDATE,,true,,EXACT_SESSION_RETAINED,CURRENT_DESCRIPTIVE_DNSE_REST_ADJUSTED_RETROSPECTIVE_RAW_AS_TRADED_NOT_PROMOTED,DIRECT_CANONICAL_MAPPING
CKD,,,,,,,,,,,,,,,,,,,,NOT_AVAILABLE,,,UPCOM,,,,,,,,,,,EXCHANGE_STOCK_LIST_CANDIDATE_NOT_COMMON_EQUITY_PROVEN,UPCOM,hnx_official_equity_universe/v1,,OFFICIAL_CURRENT_STOCK_LIST_CANDIDATE,,false,,UNAVAILABLE_NO_EXACT_SESSION_OBSERVATION,,UNAVAILABLE
CKG,2026-10-01,5.6,0.0,,,,,,,,,,,,,,,,,NEAR_MA20_NEUTRAL,,2026-10-01T16:19:50.765598+07:00,HSX,,,,,,,,2026-10-01,2026-10-01,0,OFFICIAL_STOCK_MASTER_SECURITY_TYPE_NOT_COMMON_EQUITY_PROVEN,HOSE,hose_public_stock_master/v1,,OFFICIAL_CURRENT_EXCHANGE_SECURITY,,true,,EXACT_SESSION_RETAINED,CURRENT_DESCRIPTIVE_DNSE_REST_ADJUSTED_RETROSPECTIVE_RAW_AS_TRADED_NOT_PROMOTED,DIRECT_CANONICAL_MAPPING
CKV,,,,,,,,,,,,,,,,,,,,NOT_AVAILABLE,,,DELISTED,,,,,,,,,,,EXCHANGE_STOCK_LIST_CANDIDATE_NOT_COMMON_EQUITY_PROVEN,HNX_LISTED,hnx_official_equity_universe/v1,,OFFICIAL_CURRENT_STOCK_LIST_CANDIDATE,,false,,UNAVAILABLE_NO_EXACT_SESSION_OBSERVATION,,UNAVAILABLE
CLC,2026-10-01,54,0.0,,,,,,,,,,,,,,,,,NEAR_MA20_NEUTRAL,,2026-10-01T16:19:50.765598+07:00,HSX,,,,,,,,2026-10-01,2026-10-01,0,OFFICIAL_STOCK_MASTER_SECURITY_TYPE_NOT_COMMON_EQUITY_PROVEN,HOSE,hose_public_stock_master/v1,,OFFICIAL_CURRENT_EXCHANGE_SECURITY,,true,,EXACT_SESSION_RETAINED,CURRENT_DESCRIPTIVE_DNSE_REST_ADJUSTED_RETROSPECTIVE_RAW_AS_TRADED_NOT_PROMOTED,DIRECT_CANONICAL_MAPPING
CLG,,,,,,,,,,,,,,,,,,,,NOT_AVAILABLE,,,DELISTED,,,,,,,,,,,INSTRUMENT_CLASS_UNRESOLVED,DELISTED,,,STOCKLOOKUP_ONLY_UNRESOLVED,,false,,UNAVAILABLE_NO_EXACT_SESSION_OBSERVATION,,UNAVAILABLE
CLH,,,,,,,,,,,,,,,,,,,,NOT_AVAILABLE,,,DELISTED,,,,,,,,,,,EXCHANGE_STOCK_LIST_CANDIDATE_NOT_COMMON_EQUITY_PROVEN,HNX_LISTED,hnx_official_equity_universe/v1,,OFFICIAL_CURRENT_STOCK_LIST_CANDIDATE,,false,,UNAVAILABLE_NO_EXACT_SESSION_OBSERVATION,,UNAVAILABLE
CLI,2026-10-01,25.3,0.0,,,,,,,,,,,,,,,,,ABOVE_MA20_MOMENTUM_POSITIVE,,2026-10-01T16:19:50.765598+07:00,UPCOM,,,,,,,,2026-10-01,2026-10-01,0,EXCHANGE_STOCK_LIST_CANDIDATE_NOT_COMMON_EQUITY_PROVEN,UPCOM,hnx_official_equity_universe/v1,,OFFICIAL_CURRENT_STOCK_LIST_CANDIDATE,,true,,EXACT_SESSION_RETAINED,CURRENT_DESCRIPTIVE_DNSE_REST_ADJUSTED_RETROSPECTIVE_RAW_AS_TRADED_NOT_PROMOTED,DIRECT_CANONICAL_MAPPING
CLL,2026-10-01,26.95,0.0,,,,,,,,,,,,,,,,,NEAR_MA20_NEUTRAL,,2026-10-01T16:19:50.765598+07:00,HSX,,,,,,,,2026-10-01,2026-10-01,0,OFFICIAL_STOCK_MASTER_SECURITY_TYPE_NOT_COMMON_EQUITY_PROVEN,HOSE,hose_public_stock_master/v1,,OFFICIAL_CURRENT_EXCHANGE_SECURITY,,true,,EXACT_SESSION_RETAINED,CURRENT_DESCRIPTIVE_DNSE_REST_ADJUSTED_RETROSPECTIVE_RAW_AS_TRADED_NOT_PROMOTED,DIRECT_CANONICAL_MAPPING
CLM,,,,,,,,,,,,,,,,,,,,NOT_AVAILABLE,,,DELISTED,,,,,,,,,,,EXCHANGE_STOCK_LIST_CANDIDATE_NOT_COMMON_EQUITY_PROVEN,HNX_LISTED,hnx_official_equity_universe/v1,,OFFICIAL_CURRENT_STOCK_LIST_CANDIDATE,,false,,UNAVAILABLE_NO_EXACT_SESSION_OBSERVATION,,UNAVAILABLE
CLW,,,,,,,,,,,,,,,,,,,,NOT_AVAILABLE,,,HSX,,,,,,,,,,,OFFICIAL_STOCK_MASTER_SECURITY_TYPE_NOT_COMMON_EQUITY_PROVEN,HOSE,hose_public_stock_master/v1,,OFFICIAL_CURRENT_EXCHANGE_SECURITY,,false,,UNAVAILABLE_NO_EXACT_SESSION_OBSERVATION,,UNAVAILABLE
CLX,2026-10-01,13.1,0.007692307692307665,,,,,,,,,,,,,,,,,NEAR_MA20_NEUTRAL,,2026-10-01T16:19:50.765598+07:00,UPCOM,,,,,,,,2026-10-01,2026-10-01,0,EXCHANGE_STOCK_LIST_CANDIDATE_NOT_COMMON_EQUITY_PROVEN,UPCOM,hnx_official_equity_universe/v1,,OFFICIAL_CURRENT_STOCK_LIST_CANDIDATE,,true,,EXACT_SESSION_RETAINED,CURRENT_DESCRIPTIVE_DNSE_REST_ADJUSTED_RETROSPECTIVE_RAW_AS_TRADED_NOT_PROMOTED,DIRECT_CANONICAL_MAPPING
CMC,,,,,,,,,,,,,,,,,,,,NOT_AVAILABLE,,,DELISTED,,,,,,,,,,,EXCHANGE_STOCK_LIST_CANDIDATE_NOT_COMMON_EQUITY_PROVEN,HNX_LISTED,hnx_official_equity_universe/v1,,OFFICIAL_CURRENT_STOCK_LIST_CANDIDATE,,false,,UNAVAILABLE_NO_EXACT_SESSION_OBSERVATION,,UNAVAILABLE
CMD,2026-10-01,17.8,0.0,,,,,,,,,,,,,,,,,NEAR_MA20_NEUTRAL,,2026-10-01T16:19:50.765598+07:00,UPCOM,,,,,,,,2026-10-01,2026-10-01,0,EXCHANGE_STOCK_LIST_CANDIDATE_NOT_COMMON_EQUITY_PROVEN,UPCOM,hnx_official_equity_universe/v1,,OFFICIAL_CURRENT_STOCK_LIST_CANDIDATE,,true,,EXACT_SESSION_RETAINED,CURRENT_DESCRIPTIVE_DNSE_REST_ADJUSTED_RETROSPECTIVE_RAW_AS_TRADED_NOT_PROMOTED,DIRECT_CANONICAL_MAPPING
CMF,,,,,,,,,,,,,,,,,,,,NOT_AVAILABLE,,,UPCOM,,,,,,,,,,,EXCHANGE_STOCK_LIST_CANDIDATE_NOT_COMMON_EQUITY_PROVEN,UPCOM,hnx_official_equity_universe/v1,,OFFICIAL_CURRENT_STOCK_LIST_CANDIDATE,,false,,UNAVAILABLE_NO_EXACT_SESSION_OBSERVATION,,UNAVAILABLE
CMG,2026-10-01,21.2,0.0,,,,,,,,,,,,,,,,,BELOW_MA20_MOMENTUM_NEGATIVE,,2026-10-01T16:19:50.765598+07:00,HSX,,,,,,,,2026-10-01,2026-10-01,0,OFFICIAL_STOCK_MASTER_SECURITY_TYPE_NOT_COMMON_EQUITY_PROVEN,HOSE,hose_public_stock_master/v1,,OFFICIAL_CURRENT_EXCHANGE_SECURITY,,true,,EXACT_SESSION_RETAINED,CURRENT_DESCRIPTIVE_DNSE_REST_ADJUSTED_RETROSPECTIVE_RAW_AS_TRADED_NOT_PROMOTED,DIRECT_CANONICAL_MAPPING
CMI,,,,,,,,,,,,,,,,,,,,NOT_AVAILABLE,,,UPCOM,,,,,,,,,,,EXCHANGE_STOCK_LIST_CANDIDATE_NOT_COMMON_EQUITY_PROVEN,UPCOM,hnx_official_equity_universe/v1,,OFFICIAL_CURRENT_STOCK_LIST_CANDIDATE,,false,,UNAVAILABLE_NO_EXACT_SESSION_OBSERVATION,,UNAVAILABLE
CMK,,,,,,,,,,,,,,,,,,,,NOT_AVAILABLE,,,UPCOM,,,,,,,,,,,EXCHANGE_STOCK_LIST_CANDIDATE_NOT_COMMON_EQUITY_PROVEN,UPCOM,hnx_official_equity_universe/v1,,OFFICIAL_CURRENT_STOCK_LIST_CANDIDATE,,false,,UNAVAILABLE_NO_EXACT_SESSION_OBSERVATION,,UNAVAILABLE
CMM,2026-10-01,14.9,0.0,,,,,,,,,,,,,,,,,BELOW_MA20_MOMENTUM_NEGATIVE,,2026-10-01T16:19:50.765598+07:00,UPCOM,,,,,,,,2026-10-01,2026-10-01,0,EXCHANGE_STOCK_LIST_CANDIDATE_NOT_COMMON_EQUITY_PROVEN,UPCOM,hnx_official_equity_universe/v1,,OFFICIAL_CURRENT_STOCK_LIST_CANDIDATE,,true,,EXACT_SESSION_RETAINED,CURRENT_DESCRIPTIVE_DNSE_REST_ADJUSTED_RETROSPECTIVE_RAW_AS_TRADED_NOT_PROMOTED,DIRECT_CANONICAL_MAPPING
CMN,2026-10-01,14.9,-0.006666666666666599,,,,,,,,,,,,,,,,,BELOW_MA20_MOMENTUM_NEGATIVE,,2026-10-01T16:19:50.765598+07:00,UPCOM,,,,,,,,2026-10-01,2026-10-01,0,EXCHANGE_STOCK_LIST_CANDIDATE_NOT_COMMON_EQUITY_PROVEN,UPCOM,hnx_official_equity_universe/v1,,OFFICIAL_CURRENT_STOCK_LIST_CANDIDATE,,true,,EXACT_SESSION_RETAINED,CURRENT_DESCRIPTIVE_DNSE_REST_ADJUSTED_RETROSPECTIVE_RAW_AS_TRADED_NOT_PROMOTED,DIRECT_CANONICAL_MAPPING
CMS,2026-10-01,5.4,0.03846153846153855,,,,,,,,,,,,,,,,,NEAR_MA20_NEUTRAL,,2026-10-01T16:19:50.765598+07:00,DELISTED,,,,,,,,2026-10-01,2026-10-01,0,EXCHANGE_STOCK_LIST_CANDIDATE_NOT_COMMON_EQUITY_PROVEN,HNX_LISTED,hnx_official_equity_universe/v1,,OFFICIAL_CURRENT_STOCK_LIST_CANDIDATE,,true,,EXACT_SESSION_RETAINED,CURRENT_DESCRIPTIVE_DNSE_REST_ADJUSTED_RETROSPECTIVE_RAW_AS_TRADED_NOT_PROMOTED,DIRECT_CANONICAL_MAPPING
CMT,,,,,,,,,,,,,,,,,,,,NOT_AVAILABLE,,,UPCOM,,,,,,,,,,,EXCHANGE_STOCK_LIST_CANDIDATE_NOT_COMMON_EQUITY_PROVEN,UPCOM,hnx_official_equity_universe/v1,,OFFICIAL_CURRENT_STOCK_LIST_CANDIDATE,,false,,UNAVAILABLE_NO_EXACT_SESSION_OBSERVATION,,UNAVAILABLE
CMV,,,,,,,,,,,,,,,,,,,,NOT_AVAILABLE,,,HSX,,,,,,,,,,,OFFICIAL_STOCK_MASTER_SECURITY_TYPE_NOT_COMMON_EQUITY_PROVEN,HOSE,hose_public_stock_master/v1,,OFFICIAL_CURRENT_EXCHANGE_SECURITY,,false,,UNAVAILABLE_NO_EXACT_SESSION_OBSERVATION,,UNAVAILABLE
CMW,,,,,,,,,,,,,,,,,,,,NOT_AVAILABLE,,,UPCOM,,,,,,,,,,,EXCHANGE_STOCK_LIST_CANDIDATE_NOT_COMMON_EQUITY_PROVEN,UPCOM,hnx_official_equity_universe/v1,,OFFICIAL_CURRENT_STOCK_LIST_CANDIDATE,,false,,UNAVAILABLE_NO_EXACT_SESSION_OBSERVATION,,UNAVAILABLE
CMX,2026-10-01,4.54,-0.017316017316017285,,,,,,,,,,,,,,,,,BELOW_MA20_MOMENTUM_NEGATIVE,,2026-10-01T16:19:50.765598+07:00,HSX,,,,,,,,2026-10-01,2026-10-01,0,OFFICIAL_STOCK_MASTER_SECURITY_TYPE_NOT_COMMON_EQUITY_PROVEN,HOSE,hose_public_stock_master/v1,,OFFICIAL_CURRENT_EXCHANGE_SECURITY,,true,,EXACT_SESSION_RETAINED,CURRENT_DESCRIPTIVE_DNSE_REST_ADJUSTED_RETROSPECTIVE_RAW_AS_TRADED_NOT_PROMOTED,DIRECT_CANONICAL_MAPPING
CNC,2026-10-01,29.8,0.04561403508771922,,,,,,,,,,,,,,,,,ABOVE_MA20_MOMENTUM_POSITIVE,,2026-10-01T16:19:50.765598+07:00,UPCOM,,,,,,,,2026-10-01,2026-10-01,0,EXCHANGE_STOCK_LIST_CANDIDATE_NOT_COMMON_EQUITY_PROVEN,UPCOM,hnx_official_equity_universe/v1,,OFFICIAL_CURRENT_STOCK_LIST_CANDIDATE,,true,,EXACT_SESSION_RETAINED,CURRENT_DESCRIPTIVE_DNSE_REST_ADJUSTED_RETROSPECTIVE_RAW_AS_TRADED_NOT_PROMOTED,DIRECT_CANONICAL_MAPPING
CNG,2026-10-01,21.4,0.0,,,,,,,,,,,,,,,,,BELOW_MA20_MOMENTUM_POSITIVE,,2026-10-01T16:19:50.765598+07:00,HSX,,,,,,,,2026-10-01,2026-10-01,0,OFFICIAL_STOCK_MASTER_SECURITY_TYPE_NOT_COMMON_EQUITY_PROVEN,HOSE,hose_public_stock_master/v1,,OFFICIAL_CURRENT_EXCHANGE_SECURITY,,true,,EXACT_SESSION_RETAINED,CURRENT_DESCRIPTIVE_DNSE_REST_ADJUSTED_RETROSPECTIVE_RAW_AS_TRADED_NOT_PROMOTED,DIRECT_CANONICAL_MAPPING
CNN,,,,,,,,,,,,,,,,,,,,NOT_AVAILABLE,,,UPCOM,,,,,,,,,,,EXCHANGE_STOCK_LIST_CANDIDATE_NOT_COMMON_EQUITY_PROVEN,UPCOM,hnx_official_equity_universe/v1,,OFFICIAL_CURRENT_STOCK_LIST_CANDIDATE,,false,,UNAVAILABLE_NO_EXACT_SESSION_OBSERVATION,,UNAVAILABLE
CNT,2026-10-01,4.9,-0.019999999999999907,,,,,,,,,,,,,,,,,NEAR_MA20_NEUTRAL,,2026-10-01T16:19:50.765598+07:00,UPCOM,,,,,,,,2026-10-01,2026-10-01,0,EXCHANGE_STOCK_LIST_CANDIDATE_NOT_COMMON_EQUITY_PROVEN,UPCOM,hnx_official_equity_universe/v1,,OFFICIAL_CURRENT_STOCK_LIST_CANDIDATE,,true,,EXACT_SESSION_RETAINED,CURRENT_DESCRIPTIVE_DNSE_REST_ADJUSTED_RETROSPECTIVE_RAW_AS_TRADED_NOT_PROMOTED,DIRECT_CANONICAL_MAPPING
COM,,,,,,,,,,,,,,,,,,,,NOT_AVAILABLE,,,HSX,,,,,,,,,,,OFFICIAL_STOCK_MASTER_SECURITY_TYPE_NOT_COMMON_EQUITY_PROVEN,HOSE,hose_public_stock_master/v1,,OFFICIAL_CURRENT_EXCHANGE_SECURITY,,false,,UNAVAILABLE_NO_EXACT_SESSION_OBSERVATION,,UNAVAILABLE
CPA,,,,,,,,,,,,,,,,,,,,NOT_AVAILABLE,,,UPCOM,,,,,,,,,,,EXCHANGE_STOCK_LIST_CANDIDATE_NOT_COMMON_EQUITY_PROVEN,UPCOM,hnx_official_equity_universe/v1,,OFFICIAL_CURRENT_STOCK_LIST_CANDIDATE,,false,,UNAVAILABLE_NO_EXACT_SESSION_OBSERVATION,,UNAVAILABLE
CPC,,,,,,,,,,,,,,,,,,,,NOT_AVAILABLE,,,DELISTED,,,,,,,,,,,EXCHANGE_STOCK_LIST_CANDIDATE_NOT_COMMON_EQUITY_PROVEN,HNX_LISTED,hnx_official_equity_universe/v1,,OFFICIAL_CURRENT_STOCK_LIST_CANDIDATE,,false,,UNAVAILABLE_NO_EXACT_SESSION_OBSERVATION,,UNAVAILABLE
CPI,,,,,,,,,,,,,,,,,,,,NOT_AVAILABLE,,,UPCOM,,,,,,,,,,,EXCHANGE_STOCK_LIST_CANDIDATE_NOT_COMMON_EQUITY_PROVEN,UPCOM,hnx_official_equity_universe/v1,,OFFICIAL_CURRENT_STOCK_LIST_CANDIDATE,,false,,UNAVAILABLE_NO_EXACT_SESSION_OBSERVATION,,UNAVAILABLE
CQN,2026-10-01,29.6,0.0,,,,,,,,,,,,,,,,,NEAR_MA20_NEUTRAL,,2026-10-01T16:19:50.765598+07:00,UPCOM,,,,,,,,2026-10-01,2026-10-01,0,EXCHANGE_STOCK_LIST_CANDIDATE_NOT_COMMON_EQUITY_PROVEN,UPCOM,hnx_official_equity_universe/v1,,OFFICIAL_CURRENT_STOCK_LIST_CANDIDATE,,true,,EXACT_SESSION_RETAINED,CURRENT_DESCRIPTIVE_DNSE_REST_ADJUSTED_RETROSPECTIVE_RAW_AS_TRADED_NOT_PROMOTED,DIRECT_CANONICAL_MAPPING
CQT,2026-10-01,6.9,0.0,,,,,,,,,,,,,,,,,ABOVE_MA20_MOMENTUM_POSITIVE,,2026-10-01T16:19:50.765598+07:00,UPCOM,,,,,,,,2026-10-01,2026-10-01,0,EXCHANGE_STOCK_LIST_CANDIDATE_NOT_COMMON_EQUITY_PROVEN,UPCOM,hnx_official_equity_universe/v1,,OFFICIAL_CURRENT_STOCK_LIST_CANDIDATE,,true,,EXACT_SESSION_RETAINED,CURRENT_DESCRIPTIVE_DNSE_REST_ADJUSTED_RETROSPECTIVE_RAW_AS_TRADED_NOT_PROMOTED,DIRECT_CANONICAL_MAPPING
CRC,2026-10-01,5.1,0.0,,,,,,,,,,,,,,,,,NEAR_MA20_NEUTRAL,,2026-10-01T16:19:50.765598+07:00,HSX,,,,,,,,2026-10-01,2026-10-01,0,OFFICIAL_STOCK_MASTER_SECURITY_TYPE_NOT_COMMON_EQUITY_PROVEN,HOSE,hose_public_stock_master/v1,,OFFICIAL_CURRENT_EXCHANGE_SECURITY,,true,,EXACT_SESSION_RETAINED,CURRENT_DESCRIPTIVE_DNSE_REST_ADJUSTED_RETROSPECTIVE_RAW_AS_TRADED_NOT_PROMOTED,DIRECT_CANONICAL_MAPPING
CRE,2026-10-01,6.34,0.006349206349206327,,,,,,,,,,,,,,,,,NEAR_MA20_NEUTRAL,,2026-10-01T16:19:50.765598+07:00,HSX,,,,,,,,2026-10-01,2026-10-01,0,OFFICIAL_STOCK_MASTER_SECURITY_TYPE_NOT_COMMON_EQUITY_PROVEN,HOSE,hose_public_stock_master/v1,,OFFICIAL_CURRENT_EXCHANGE_SECURITY,,true,,EXACT_SESSION_RETAINED,CURRENT_DESCRIPTIVE_DNSE_REST_ADJUSTED_RETROSPECTIVE_RAW_AS_TRADED_NOT_PROMOTED,DIRECT_CANONICAL_MAPPING
CRV,,,,,,,,,,,,,,,,,,,,NOT_AVAILABLE,,,HSX,,,,,,,,,,,OFFICIAL_STOCK_MASTER_SECURITY_TYPE_NOT_COMMON_EQUITY_PROVEN,HOSE,hose_public_stock_master/v1,,OFFICIAL_CURRENT_EXCHANGE_SECURITY,,false,,UNAVAILABLE_NO_EXACT_SESSION_OBSERVATION,,UNAVAILABLE
CSC,2026-10-01,9.5,0.05555555555555558,,,,,,,,,,,,,,,,,ABOVE_MA20_MOMENTUM_NEGATIVE,,2026-10-01T16:19:50.765598+07:00,DELISTED,,,,,,,,2026-10-01,2026-10-01,0,EXCHANGE_STOCK_LIST_CANDIDATE_NOT_COMMON_EQUITY_PROVEN,HNX_LISTED,hnx_official_equity_universe/v1,,OFFICIAL_CURRENT_STOCK_LIST_CANDIDATE,,true,,EXACT_SESSION_RETAINED,CURRENT_DESCRIPTIVE_DNSE_REST_ADJUSTED_RETROSPECTIVE_RAW_AS_TRADED_NOT_PROMOTED,DIRECT_CANONICAL_MAPPING
CSI,2026-10-01,14.3,-0.020547945205479423,,,,,,,,,,,,,,,,,BELOW_MA20_MOMENTUM_NEGATIVE,,2026-10-01T16:19:50.765598+07:00,UPCOM,,,,,,,,2026-10-01,2026-10-01,0,EXCHANGE_STOCK_LIST_CANDIDATE_NOT_COMMON_EQUITY_PROVEN,UPCOM,hnx_official_equity_universe/v1,,OFFICIAL_CURRENT_STOCK_LIST_CANDIDATE,,true,,EXACT_SESSION_RETAINED,CURRENT_DESCRIPTIVE_DNSE_REST_ADJUSTED_RETROSPECTIVE_RAW_AS_TRADED_NOT_PROMOTED,DIRECT_CANONICAL_MAPPING
CSM,2026-10-01,12.85,0.011811023622047223,,,,,,,,,,,,,,,,,NEAR_MA20_NEUTRAL,,2026-10-01T16:19:50.765598+07:00,HSX,,,,,,,,2026-10-01,2026-10-01,0,OFFICIAL_STOCK_MASTER_SECURITY_TYPE_NOT_COMMON_EQUITY_PROVEN,HOSE,hose_public_stock_master/v1,,OFFICIAL_CURRENT_EXCHANGE_SECURITY,,true,,EXACT_SESSION_RETAINED,CURRENT_DESCRIPTIVE_DNSE_REST_ADJUSTED_RETROSPECTIVE_RAW_AS_TRADED_NOT_PROMOTED,DIRECT_CANONICAL_MAPPING
CST,2026-10-01,10.3,0.0,,,,,,,,,,,,,,,,,NEAR_MA20_NEUTRAL,,2026-10-01T16:19:50.765598+07:00,DELISTED,,,,,,,,2026-10-01,2026-10-01,0,EXCHANGE_STOCK_LIST_CANDIDATE_NOT_COMMON_EQUITY_PROVEN,HNX_LISTED,hnx_official_equity_universe/v1,,OFFICIAL_CURRENT_STOCK_LIST_CANDIDATE,,true,,EXACT_SESSION_RETAINED,CURRENT_DESCRIPTIVE_DNSE_REST_ADJUSTED_RETROSPECTIVE_RAW_AS_TRADED_NOT_PROMOTED,DIRECT_CANONICAL_MAPPING
CSV,2026-10-01,19.95,-0.0025000000000000577,,,,,,,,,,,,,,,,,BELOW_MA20_MOMENTUM_NEGATIVE,,2026-10-01T16:19:50.765598+07:00,HSX,,,,,,,,2026-10-01,2026-10-01,0,OFFICIAL_STOCK_MASTER_SECURITY_TYPE_NOT_COMMON_EQUITY_PROVEN,HOSE,hose_public_stock_master/v1,,OFFICIAL_CURRENT_EXCHANGE_SECURITY,,true,,EXACT_SESSION_RETAINED,CURRENT_DESCRIPTIVE_DNSE_REST_ADJUSTED_RETROSPECTIVE_RAW_AS_TRADED_NOT_PROMOTED,DIRECT_CANONICAL_MAPPING
CT3,,,,,,,,,,,,,,,,,,,,NOT_AVAILABLE,,,UPCOM,,,,,,,,,,,EXCHANGE_STOCK_LIST_CANDIDATE_NOT_COMMON_EQUITY_PROVEN,UPCOM,hnx_official_equity_universe/v1,,OFFICIAL_CURRENT_STOCK_LIST_CANDIDATE,,false,,UNAVAILABLE_NO_EXACT_SESSION_OBSERVATION,,UNAVAILABLE
CT6,,,,,,,,,,,,,,,,,,,,NOT_AVAILABLE,,,UPCOM,,,,,,,,,,,EXCHANGE_STOCK_LIST_CANDIDATE_NOT_COMMON_EQUITY_PROVEN,UPCOM,hnx_official_equity_universe/v1,,OFFICIAL_CURRENT_STOCK_LIST_CANDIDATE,,false,,UNAVAILABLE_NO_EXACT_SESSION_OBSERVATION,,UNAVAILABLE
CTA,,,,,,,,,,,,,,,,,,,,NOT_AVAILABLE,,,DELISTED,,,,,,,,,,,INSTRUMENT_CLASS_UNRESOLVED,DELISTED,,,STOCKLOOKUP_ONLY_UNRESOLVED,,false,,UNAVAILABLE_NO_EXACT_SESSION_OBSERVATION,,UNAVAILABLE
CTB,2026-10-01,16.6,0.0060606060606061,,,,,,,,,,,,,,,,,NEAR_MA20_NEUTRAL,,2026-10-01T16:19:50.765598+07:00,DELISTED,,,,,,,,2026-10-01,2026-10-01,0,EXCHANGE_STOCK_LIST_CANDIDATE_NOT_COMMON_EQUITY_PROVEN,HNX_LISTED,hnx_official_equity_universe/v1,,OFFICIAL_CURRENT_STOCK_LIST_CANDIDATE,,true,,EXACT_SESSION_RETAINED,CURRENT_DESCRIPTIVE_DNSE_REST_ADJUSTED_RETROSPECTIVE_RAW_AS_TRADED_NOT_PROMOTED,DIRECT_CANONICAL_MAPPING
CTC,,,,,,,,,,,,,,,,,,,,NOT_AVAILABLE,,,DELISTED,,,,,,,,,,,INSTRUMENT_CLASS_UNRESOLVED,DELISTED,,,STOCKLOOKUP_ONLY_UNRESOLVED,,false,,UNAVAILABLE_NO_EXACT_SESSION_OBSERVATION,,UNAVAILABLE
CTD,2026-10-01,59.3,0.011945392491467421,,,,,,,,,,,,,,,,,NEAR_MA20_NEUTRAL,,2026-10-01T16:19:50.765598+07:00,HSX,,,,,,,,2026-10-01,2026-10-01,0,OFFICIAL_STOCK_MASTER_SECURITY_TYPE_NOT_COMMON_EQUITY_PROVEN,HOSE,hose_public_stock_master/v1,,OFFICIAL_CURRENT_EXCHANGE_SECURITY,,true,,EXACT_SESSION_RETAINED,CURRENT_DESCRIPTIVE_DNSE_REST_ADJUSTED_RETROSPECTIVE_RAW_AS_TRADED_NOT_PROMOTED,DIRECT_CANONICAL_MAPPING
CTF,2026-10-01,18.2,0.0,,,,,,,,,,,,,,,,,BELOW_MA20_MOMENTUM_NEGATIVE,,2026-10-01T16:19:50.765598+07:00,HSX,,,,,,,,2026-10-01,2026-10-01,0,OFFICIAL_STOCK_MASTER_SECURITY_TYPE_NOT_COMMON_EQUITY_PROVEN,HOSE,hose_public_stock_master/v1,,OFFICIAL_CURRENT_EXCHANGE_SECURITY,,true,,EXACT_SESSION_RETAINED,CURRENT_DESCRIPTIVE_DNSE_REST_ADJUSTED_RETROSPECTIVE_RAW_AS_TRADED_NOT_PROMOTED,DIRECT_CANONICAL_MAPPING
CTG,2026-10-01,30.05,0.0016666666666667052,,,,,,,,,,,,,,,,,NEAR_MA20_NEUTRAL,,2026-10-01T16:19:50.765598+07:00,HSX,,,,,,,,2026-10-01,2026-10-01,0,OFFICIAL_STOCK_MASTER_SECURITY_TYPE_NOT_COMMON_EQUITY_PROVEN,HOSE,hose_public_stock_master/v1,,OFFICIAL_CURRENT_EXCHANGE_SECURITY,,true,,EXACT_SESSION_RETAINED,CURRENT_DESCRIPTIVE_DNSE_REST_ADJUSTED_RETROSPECTIVE_RAW_AS_TRADED_NOT_PROMOTED,DIRECT_CANONICAL_MAPPING
CTI,2026-10-01,15.5,0.003236245954692629,,,,,,,,,,,,,,,,,BELOW_MA20_MOMENTUM_NEGATIVE,,2026-10-01T16:19:50.765598+07:00,HSX,,,,,,,,2026-10-01,2026-10-01,0,OFFICIAL_STOCK_MASTER_SECURITY_TYPE_NOT_COMMON_EQUITY_PROVEN,HOSE,hose_public_stock_master/v1,,OFFICIAL_CURRENT_EXCHANGE_SECURITY,,true,,EXACT_SESSION_RETAINED,CURRENT_DESCRIPTIVE_DNSE_REST_ADJUSTED_RETROSPECTIVE_RAW_AS_TRADED_NOT_PROMOTED,DIRECT_CANONICAL_MAPPING
CTN,,,,,,,,,,,,,,,,,,,,NOT_AVAILABLE,,,DELISTED,,,,,,,,,,,INSTRUMENT_CLASS_UNRESOLVED,DELISTED,,,STOCKLOOKUP_ONLY_UNRESOLVED,,false,,UNAVAILABLE_NO_EXACT_SESSION_OBSERVATION,,UNAVAILABLE
CTP,2026-10-01,7,0.04477611940298498,,,,,,,,,,,,,,,,,ABOVE_MA20_MOMENTUM_POSITIVE,,2026-10-01T16:19:50.765598+07:00,DELISTED,,,,,,,,2026-10-01,2026-10-01,0,EXCHANGE_STOCK_LIST_CANDIDATE_NOT_COMMON_EQUITY_PROVEN,HNX_LISTED,hnx_official_equity_universe/v1,,OFFICIAL_CURRENT_STOCK_LIST_CANDIDATE,,true,,EXACT_SESSION_RETAINED,CURRENT_DESCRIPTIVE_DNSE_REST_ADJUSTED_RETROSPECTIVE_RAW_AS_TRADED_NOT_PROMOTED,DIRECT_CANONICAL_MAPPING
CTR,2026-10-01,71.5,-0.0013966480446926388,,,,,,,,,,,,,,,,,BELOW_MA20_MOMENTUM_NEGATIVE,,2026-10-01T16:19:50.765598+07:00,HSX,,,,,,,,2026-10-01,2026-10-01,0,OFFICIAL_STOCK_MASTER_SECURITY_TYPE_NOT_COMMON_EQUITY_PROVEN,HOSE,hose_public_stock_master/v1,,OFFICIAL_CURRENT_EXCHANGE_SECURITY,,true,,EXACT_SESSION_RETAINED,CURRENT_DESCRIPTIVE_DNSE_REST_ADJUSTED_RETROSPECTIVE_RAW_AS_TRADED_NOT_PROMOTED,DIRECT_CANONICAL_MAPPING
CTS,2026-10-01,20.2,-0.009803921568627416,,,,,,,,,,,,,,,,,BELOW_MA20_MOMENTUM_NEGATIVE,,2026-10-01T16:19:50.765598+07:00,HSX,,,,,,,,2026-10-01,2026-10-01,0,OFFICIAL_STOCK_MASTER_SECURITY_TYPE_NOT_COMMON_EQUITY_PROVEN,HOSE,hose_public_stock_master/v1,,OFFICIAL_CURRENT_EXCHANGE_SECURITY,,true,,EXACT_SESSION_RETAINED,CURRENT_DESCRIPTIVE_DNSE_REST_ADJUSTED_RETROSPECTIVE_RAW_AS_TRADED_NOT_PROMOTED,DIRECT_CANONICAL_MAPPING
CTT,,,,,,,,,,,,,,,,,,,,NOT_AVAILABLE,,,DELISTED,,,,,,,,,,,EXCHANGE_STOCK_LIST_CANDIDATE_NOT_COMMON_EQUITY_PROVEN,HNX_LISTED,hnx_official_equity_universe/v1,,OFFICIAL_CURRENT_STOCK_LIST_CANDIDATE,,false,,UNAVAILABLE_NO_EXACT_SESSION_OBSERVATION,,UNAVAILABLE
CTW,,,,,,,,,,,,,,,,,,,,NOT_AVAILABLE,,,UPCOM,,,,,,,,,,,EXCHANGE_STOCK_LIST_CANDIDATE_NOT_COMMON_EQUITY_PROVEN,UPCOM,hnx_official_equity_universe/v1,,OFFICIAL_CURRENT_STOCK_LIST_CANDIDATE,,false,,UNAVAILABLE_NO_EXACT_SESSION_OBSERVATION,,UNAVAILABLE
CTX,2026-10-01,4.3,-0.06521739130434778,,,,,,,,,,,,,,,,,BELOW_MA20_MOMENTUM_NEGATIVE,,2026-10-01T16:19:50.765598+07:00,UPCOM,,,,,,,,2026-10-01,2026-10-01,0,EXCHANGE_STOCK_LIST_CANDIDATE_NOT_COMMON_EQUITY_PROVEN,UPCOM,hnx_official_equity_universe/v1,,OFFICIAL_CURRENT_STOCK_LIST_CANDIDATE,,true,,EXACT_SESSION_RETAINED,CURRENT_DESCRIPTIVE_DNSE_REST_ADJUSTED_RETROSPECTIVE_RAW_AS_TRADED_NOT_PROMOTED,DIRECT_CANONICAL_MAPPING
CVN,2026-10-01,1.2,0.0,,,,,,,,,,,,,,,,,BELOW_MA20_MOMENTUM_NEGATIVE,,2026-10-01T16:19:50.765598+07:00,UPCOM,,,,,,,,2026-10-01,2026-10-01,0,EXCHANGE_STOCK_LIST_CANDIDATE_NOT_COMMON_EQUITY_PROVEN,UPCOM,hnx_official_equity_universe/v1,,OFFICIAL_CURRENT_STOCK_LIST_CANDIDATE,,true,,EXACT_SESSION_RETAINED,CURRENT_DESCRIPTIVE_DNSE_REST_ADJUSTED_RETROSPECTIVE_RAW_AS_TRADED_NOT_PROMOTED,DIRECT_CANONICAL_MAPPING
CVT,2026-10-01,26.35,0.011516314779270731,,,,,,,,,,,,,,,,,NEAR_MA20_NEUTRAL,,2026-10-01T16:19:50.765598+07:00,HSX,,,,,,,,2026-10-01,2026-10-01,0,OFFICIAL_STOCK_MASTER_SECURITY_TYPE_NOT_COMMON_EQUITY_PROVEN,HOSE,hose_public_stock_master/v1,,OFFICIAL_CURRENT_EXCHANGE_SECURITY,,true,,EXACT_SESSION_RETAINED,CURRENT_DESCRIPTIVE_DNSE_REST_ADJUSTED_RETROSPECTIVE_RAW_AS_TRADED_NOT_PROMOTED,DIRECT_CANONICAL_MAPPING
CX8,,,,,,,,,,,,,,,,,,,,NOT_AVAILABLE,,,DELISTED,,,,,,,,,,,EXCHANGE_STOCK_LIST_CANDIDATE_NOT_COMMON_EQUITY_PROVEN,HNX_LISTED,hnx_official_equity_universe/v1,,OFFICIAL_CURRENT_STOCK_LIST_CANDIDATE,,false,,UNAVAILABLE_NO_EXACT_SESSION_OBSERVATION,,UNAVAILABLE
CYC,,,,,,,,,,,,,,,,,,,,NOT_AVAILABLE,,,DELISTED,,,,,,,,,,,INSTRUMENT_CLASS_UNRESOLVED,DELISTED,,,STOCKLOOKUP_ONLY_UNRESOLVED,,false,,UNAVAILABLE_NO_EXACT_SESSION_OBSERVATION,,UNAVAILABLE
D11,2026-10-01,11.3,-0.017391304347825987,,,,,,,,,,,,,,,,,NEAR_MA20_NEUTRAL,,2026-10-01T16:19:50.765598+07:00,DELISTED,,,,,,,,2026-10-01,2026-10-01,0,EXCHANGE_STOCK_LIST_CANDIDATE_NOT_COMMON_EQUITY_PROVEN,HNX_LISTED,hnx_official_equity_universe/v1,,OFFICIAL_CURRENT_STOCK_LIST_CANDIDATE,,true,,EXACT_SESSION_RETAINED,CURRENT_DESCRIPTIVE_DNSE_REST_ADJUSTED_RETROSPECTIVE_RAW_AS_TRADED_NOT_PROMOTED,DIRECT_CANONICAL_MAPPING
D17,,,,,,,,,,,,,,,,,,,,NOT_AVAILABLE,,,DELISTED,,,,,,,,,,,INSTRUMENT_CLASS_UNRESOLVED,DELISTED,,,STOCKLOOKUP_ONLY_UNRESOLVED,,false,,UNAVAILABLE_NO_EXACT_SESSION_OBSERVATION,,UNAVAILABLE
D2D,2026-10-01,22.4,-0.01969365426695857,,,,,,,,,,,,,,,,,BELOW_MA20_MOMENTUM_NEGATIVE,,2026-10-01T16:19:50.765598+07:00,HSX,,,,,,,,2026-10-01,2026-10-01,0,OFFICIAL_STOCK_MASTER_SECURITY_TYPE_NOT_COMMON_EQUITY_PROVEN,HOSE,hose_public_stock_master/v1,,OFFICIAL_CURRENT_EXCHANGE_SECURITY,,true,,EXACT_SESSION_RETAINED,CURRENT_DESCRIPTIVE_DNSE_REST_ADJUSTED_RETROSPECTIVE_RAW_AS_TRADED_NOT_PROMOTED,DIRECT_CANONICAL_MAPPING
DAC,,,,,,,,,,,,,,,,,,,,NOT_AVAILABLE,,,UPCOM,,,,,,,,,,,EXCHANGE_STOCK_LIST_CANDIDATE_NOT_COMMON_EQUITY_PROVEN,UPCOM,hnx_official_equity_universe/v1,,OFFICIAL_CURRENT_STOCK_LIST_CANDIDATE,,false,,UNAVAILABLE_NO_EXACT_SESSION_OBSERVATION,,UNAVAILABLE
DAD,2026-10-01,13.8,0.0,,,,,,,,,,,,,,,,,BELOW_MA20_MOMENTUM_NEGATIVE,,2026-10-01T16:19:50.765598+07:00,DELISTED,,,,,,,,2026-10-01,2026-10-01,0,EXCHANGE_STOCK_LIST_CANDIDATE_NOT_COMMON_EQUITY_PROVEN,HNX_LISTED,hnx_official_equity_universe/v1,,OFFICIAL_CURRENT_STOCK_LIST_CANDIDATE,,true,,EXACT_SESSION_RETAINED,CURRENT_DESCRIPTIVE_DNSE_REST_ADJUSTED_RETROSPECTIVE_RAW_AS_TRADED_NOT_PROMOTED,DIRECT_CANONICAL_MAPPING
DAE,,,,,,,,,,,,,,,,,,,,NOT_AVAILABLE,,,DELISTED,,,,,,,,,,,EXCHANGE_STOCK_LIST_CANDIDATE_NOT_COMMON_EQUITY_PROVEN,HNX_LISTED,hnx_official_equity_universe/v1,,OFFICIAL_CURRENT_STOCK_LIST_CANDIDATE,,false,,UNAVAILABLE_NO_EXACT_SESSION_OBSERVATION,,UNAVAILABLE
DAG,,,,,,,,,,,,,,,,,,,,NOT_AVAILABLE,,,UPCOM,,,,,,,,,,,EXCHANGE_STOCK_LIST_CANDIDATE_NOT_COMMON_EQUITY_PROVEN,UPCOM,hnx_official_equity_universe/v1,,OFFICIAL_CURRENT_STOCK_LIST_CANDIDATE,,false,,UNAVAILABLE_NO_EXACT_SESSION_OBSERVATION,,UNAVAILABLE
DAH,2026-10-01,2.18,-0.03539823008849541,,,,,,,,,,,,,,,,,NEAR_MA20_NEUTRAL,,2026-10-01T16:19:50.765598+07:00,HSX,,,,,,,,2026-10-01,2026-10-01,0,OFFICIAL_STOCK_MASTER_SECURITY_TYPE_NOT_COMMON_EQUITY_PROVEN,HOSE,hose_public_stock_master/v1,,OFFICIAL_CURRENT_EXCHANGE_SECURITY,,true,,EXACT_SESSION_RETAINED,CURRENT_DESCRIPTIVE_DNSE_REST_ADJUSTED_RETROSPECTIVE_RAW_AS_TRADED_NOT_PROMOTED,DIRECT_CANONICAL_MAPPING
DAN,,,,,,,,,,,,,,,,,,,,NOT_AVAILABLE,,,UPCOM,,,,,,,,,,,EXCHANGE_STOCK_LIST_CANDIDATE_NOT_COMMON_EQUITY_PROVEN,UPCOM,hnx_official_equity_universe/v1,,OFFICIAL_CURRENT_STOCK_LIST_CANDIDATE,,false,,UNAVAILABLE_NO_EXACT_SESSION_OBSERVATION,,UNAVAILABLE
DAR,,,,,,,,,,,,,,,,,,,,NOT_AVAILABLE,,,DELISTED,,,,,,,,,,,INSTRUMENT_CLASS_UNRESOLVED,DELISTED,,,STOCKLOOKUP_ONLY_UNRESOLVED,,false,,UNAVAILABLE_NO_EXACT_SESSION_OBSERVATION,,UNAVAILABLE
DAS,2026-10-01,9.4,-0.1454545454545454,,,,,,,,,,,,,,,,,BELOW_MA20_MOMENTUM_NEGATIVE,,2026-10-01T16:19:50.765598+07:00,UPCOM,,,,,,,,2026-10-01,2026-10-01,0,EXCHANGE_STOCK_LIST_CANDIDATE_NOT_COMMON_EQUITY_PROVEN,UPCOM,hnx_official_equity_universe/v1,,OFFICIAL_CURRENT_STOCK_LIST_CANDIDATE,,true,,EXACT_SESSION_RETAINED,CURRENT_DESCRIPTIVE_DNSE_REST_ADJUSTED_RETROSPECTIVE_RAW_AS_TRADED_NOT_PROMOTED,DIRECT_CANONICAL_MAPPING
DAT,,,,,,,,,,,,,,,,,,,,NOT_AVAILABLE,,,HSX,,,,,,,,,,,OFFICIAL_STOCK_MASTER_SECURITY_TYPE_NOT_COMMON_EQUITY_PROVEN,HOSE,hose_public_stock_master/v1,,OFFICIAL_CURRENT_EXCHANGE_SECURITY,,false,,UNAVAILABLE_NO_EXACT_SESSION_OBSERVATION,,UNAVAILABLE
DBC,2026-10-01,15,-0.019607843137254943,,,,,,,,,,,,,,,,,BELOW_MA20_MOMENTUM_NEGATIVE,,2026-10-01T16:19:50.765598+07:00,HSX,,,,,,,,2026-10-01,2026-10-01,0,OFFICIAL_STOCK_MASTER_SECURITY_TYPE_NOT_COMMON_EQUITY_PROVEN,HOSE,hose_public_stock_master/v1,,OFFICIAL_CURRENT_EXCHANGE_SECURITY,,true,,EXACT_SESSION_RETAINED,CURRENT_DESCRIPTIVE_DNSE_REST_ADJUSTED_RETROSPECTIVE_RAW_AS_TRADED_NOT_PROMOTED,DIRECT_CANONICAL_MAPPING
DBD,2026-10-01,46.75,0.025219298245614086,,,,,,,,,,,,,,,,,NEAR_MA20_NEUTRAL,,2026-10-01T16:19:50.765598+07:00,HSX,,,,,,,,2026-10-01,2026-10-01,0,OFFICIAL_STOCK_MASTER_SECURITY_TYPE_NOT_COMMON_EQUITY_PROVEN,HOSE,hose_public_stock_master/v1,,OFFICIAL_CURRENT_EXCHANGE_SECURITY,,true,,EXACT_SESSION_RETAINED,CURRENT_DESCRIPTIVE_DNSE_REST_ADJUSTED_RETROSPECTIVE_RAW_AS_TRADED_NOT_PROMOTED,DIRECT_CANONICAL_MAPPING
DBH,,,,,,,,,,,,,,,,,,,,NOT_AVAILABLE,,,DELISTED,,,,,,,,,,,INSTRUMENT_CLASS_UNRESOLVED,DELISTED,,,STOCKLOOKUP_ONLY_UNRESOLVED,,false,,UNAVAILABLE_NO_EXACT_SESSION_OBSERVATION,,UNAVAILABLE
DBM,,,,,,,,,,,,,,,,,,,,NOT_AVAILABLE,,,UPCOM,,,,,,,,,,,EXCHANGE_STOCK_LIST_CANDIDATE_NOT_COMMON_EQUITY_PROVEN,UPCOM,hnx_official_equity_universe/v1,,OFFICIAL_CURRENT_STOCK_LIST_CANDIDATE,,false,,UNAVAILABLE_NO_EXACT_SESSION_OBSERVATION,,UNAVAILABLE
DBT,2026-10-01,13.2,0.0,,,,,,,,,,,,,,,,,NEAR_MA20_NEUTRAL,,2026-10-01T16:19:50.765598+07:00,HSX,,,,,,,,2026-10-01,2026-10-01,0,OFFICIAL_STOCK_MASTER_SECURITY_TYPE_NOT_COMMON_EQUITY_PROVEN,HOSE,hose_public_stock_master/v1,,OFFICIAL_CURRENT_EXCHANGE_SECURITY,,true,,EXACT_SESSION_RETAINED,CURRENT_DESCRIPTIVE_DNSE_REST_ADJUSTED_RETROSPECTIVE_RAW_AS_TRADED_NOT_PROMOTED,DIRECT_CANONICAL_MAPPING
DC1,2026-10-01,4.9,-0.09259259259259256,,,,,,,,,,,,,,,,,BELOW_MA20_MOMENTUM_NEGATIVE,,2026-10-01T16:19:50.765598+07:00,UPCOM,,,,,,,,2026-10-01,2026-10-01,0,EXCHANGE_STOCK_LIST_CANDIDATE_NOT_COMMON_EQUITY_PROVEN,UPCOM,hnx_official_equity_universe/v1,,OFFICIAL_CURRENT_STOCK_LIST_CANDIDATE,,true,,EXACT_SESSION_RETAINED,CURRENT_DESCRIPTIVE_DNSE_REST_ADJUSTED_RETROSPECTIVE_RAW_AS_TRADED_NOT_PROMOTED,DIRECT_CANONICAL_MAPPING
DC2,,,,,,,,,,,,,,,,,,,,NOT_AVAILABLE,,,DELISTED,,,,,,,,,,,EXCHANGE_STOCK_LIST_CANDIDATE_NOT_COMMON_EQUITY_PROVEN,HNX_LISTED,hnx_official_equity_universe/v1,,OFFICIAL_CURRENT_STOCK_LIST_CANDIDATE,,false,,UNAVAILABLE_NO_EXACT_SESSION_OBSERVATION,,UNAVAILABLE
DC4,2026-10-01,6.2,-0.0016103059581320522,,,,,,,,,,,,,,,,,BELOW_MA20_MOMENTUM_NEGATIVE,,2026-10-01T16:19:50.765598+07:00,HSX,,,,,,,,2026-10-01,2026-10-01,0,OFFICIAL_STOCK_MASTER_SECURITY_TYPE_NOT_COMMON_EQUITY_PROVEN,HOSE,hose_public_stock_master/v1,,OFFICIAL_CURRENT_EXCHANGE_SECURITY,,true,,EXACT_SESSION_RETAINED,CURRENT_DESCRIPTIVE_DNSE_REST_ADJUSTED_RETROSPECTIVE_RAW_AS_TRADED_NOT_PROMOTED,DIRECT_CANONICAL_MAPPING
DCF,,,,,,,,,,,,,,,,,,,,NOT_AVAILABLE,,,UPCOM,,,,,,,,,,,EXCHANGE_STOCK_LIST_CANDIDATE_NOT_COMMON_EQUITY_PROVEN,UPCOM,hnx_official_equity_universe/v1,,OFFICIAL_CURRENT_STOCK_LIST_CANDIDATE,,false,,UNAVAILABLE_NO_EXACT_SESSION_OBSERVATION,,UNAVAILABLE
DCG,,,,,,,,,,,,,,,,,,,,NOT_AVAILABLE,,,UPCOM,,,,,,,,,,,EXCHANGE_STOCK_LIST_CANDIDATE_NOT_COMMON_EQUITY_PROVEN,UPCOM,hnx_official_equity_universe/v1,,OFFICIAL_CURRENT_STOCK_LIST_CANDIDATE,,false,,UNAVAILABLE_NO_EXACT_SESSION_OBSERVATION,,UNAVAILABLE
DCH,,,,,,,,,,,,,,,,,,,,NOT_AVAILABLE,,,UPCOM,,,,,,,,,,,EXCHANGE_STOCK_LIST_CANDIDATE_NOT_COMMON_EQUITY_PROVEN,UPCOM,hnx_official_equity_universe/v1,,OFFICIAL_CURRENT_STOCK_LIST_CANDIDATE,,false,,UNAVAILABLE_NO_EXACT_SESSION_OBSERVATION,,UNAVAILABLE
DCL,2026-10-01,46.5,0.06896551724137923,,,,,,,,,,,,,,,,,ABOVE_MA20_MOMENTUM_POSITIVE,,2026-10-01T16:19:50.765598+07:00,HSX,,,,,,,,2026-10-01,2026-10-01,0,OFFICIAL_STOCK_MASTER_SECURITY_TYPE_NOT_COMMON_EQUITY_PROVEN,HOSE,hose_public_stock_master/v1,,OFFICIAL_CURRENT_EXCHANGE_SECURITY,,true,,EXACT_SESSION_RETAINED,CURRENT_DESCRIPTIVE_DNSE_REST_ADJUSTED_RETROSPECTIVE_RAW_AS_TRADED_NOT_PROMOTED,DIRECT_CANONICAL_MAPPING
DCM,2026-10-01,33.7,0.005970149253731405,,,,,,,,,,,,,,,,,NEAR_MA20_NEUTRAL,,2026-10-01T16:19:50.765598+07:00,HSX,,,,,,,,2026-10-01,2026-10-01,0,OFFICIAL_STOCK_MASTER_SECURITY_TYPE_NOT_COMMON_EQUITY_PROVEN,HOSE,hose_public_stock_master/v1,,OFFICIAL_CURRENT_EXCHANGE_SECURITY,,true,,EXACT_SESSION_RETAINED,CURRENT_DESCRIPTIVE_DNSE_REST_ADJUSTED_RETROSPECTIVE_RAW_AS_TRADED_NOT_PROMOTED,DIRECT_CANONICAL_MAPPING
DCR,,,,,,,,,,,,,,,,,,,,NOT_AVAILABLE,,,UPCOM,,,,,,,,,,,EXCHANGE_STOCK_LIST_CANDIDATE_NOT_COMMON_EQUITY_PROVEN,UPCOM,hnx_official_equity_universe/v1,,OFFICIAL_CURRENT_STOCK_LIST_CANDIDATE,,false,,UNAVAILABLE_NO_EXACT_SESSION_OBSERVATION,,UNAVAILABLE
DCS,,,,,,,,,,,,,,,,,,,,NOT_AVAILABLE,,,UPCOM,,,,,,,,,,,EXCHANGE_STOCK_LIST_CANDIDATE_NOT_COMMON_EQUITY_PROVEN,UPCOM,hnx_official_equity_universe/v1,,OFFICIAL_CURRENT_STOCK_LIST_CANDIDATE,,false,,UNAVAILABLE_NO_EXACT_SESSION_OBSERVATION,,UNAVAILABLE
DCT,,,,,,,,,,,,,,,,,,,,NOT_AVAILABLE,,,UPCOM,,,,,,,,,,,EXCHANGE_STOCK_LIST_CANDIDATE_NOT_COMMON_EQUITY_PROVEN,UPCOM,hnx_official_equity_universe/v1,,OFFICIAL_CURRENT_STOCK_LIST_CANDIDATE,,false,,UNAVAILABLE_NO_EXACT_SESSION_OBSERVATION,,UNAVAILABLE
DCV,,,,,,,,,,,,,,,,,,,,NOT_AVAILABLE,,,UPCOM,,,,,,,,,,,EXCHANGE_STOCK_LIST_CANDIDATE_NOT_COMMON_EQUITY_PROVEN,UPCOM,hnx_official_equity_universe/v1,,OFFICIAL_CURRENT_STOCK_LIST_CANDIDATE,,false,,UNAVAILABLE_NO_EXACT_SESSION_OBSERVATION,,UNAVAILABLE
DDB,2026-10-01,9.1,0.022471910112359383,,,,,,,,,,,,,,,,,NEAR_MA20_NEUTRAL,,2026-10-01T16:19:50.765598+07:00,UPCOM,,,,,,,,2026-10-01,2026-10-01,0,EXCHANGE_STOCK_LIST_CANDIDATE_NOT_COMMON_EQUITY_PROVEN,UPCOM,hnx_official_equity_universe/v1,,OFFICIAL_CURRENT_STOCK_LIST_CANDIDATE,,true,,EXACT_SESSION_RETAINED,CURRENT_DESCRIPTIVE_DNSE_REST_ADJUSTED_RETROSPECTIVE_RAW_AS_TRADED_NOT_PROMOTED,DIRECT_CANONICAL_MAPPING
DDG,2026-10-01,1,0.0,,,,,,,,,,,,,,,,,ABOVE_MA20_MOMENTUM_POSITIVE,,2026-10-01T16:19:50.765598+07:00,UPCOM,,,,,,,,2026-10-01,2026-10-01,0,EXCHANGE_STOCK_LIST_CANDIDATE_NOT_COMMON_EQUITY_PROVEN,UPCOM,hnx_official_equity_universe/v1,,OFFICIAL_CURRENT_STOCK_LIST_CANDIDATE,,true,,EXACT_SESSION_RETAINED,CURRENT_DESCRIPTIVE_DNSE_REST_ADJUSTED_RETROSPECTIVE_RAW_AS_TRADED_NOT_PROMOTED,DIRECT_CANONICAL_MAPPING
DDH,,,,,,,,,,,,,,,,,,,,NOT_AVAILABLE,,,UPCOM,,,,,,,,,,,EXCHANGE_STOCK_LIST_CANDIDATE_NOT_COMMON_EQUITY_PROVEN,UPCOM,hnx_official_equity_universe/v1,,OFFICIAL_CURRENT_STOCK_LIST_CANDIDATE,,false,,UNAVAILABLE_NO_EXACT_SESSION_OBSERVATION,,UNAVAILABLE
DDM,,,,,,,,,,,,,,,,,,,,NOT_AVAILABLE,,,UPCOM,,,,,,,,,,,EXCHANGE_STOCK_LIST_CANDIDATE_NOT_COMMON_EQUITY_PROVEN,UPCOM,hnx_official_equity_universe/v1,,OFFICIAL_CURRENT_STOCK_LIST_CANDIDATE,,false,,UNAVAILABLE_NO_EXACT_SESSION_OBSERVATION,,UNAVAILABLE
DDN,,,,,,,,,,,,,,,,,,,,NOT_AVAILABLE,,,UPCOM,,,,,,,,,,,EXCHANGE_STOCK_LIST_CANDIDATE_NOT_COMMON_EQUITY_PROVEN,UPCOM,hnx_official_equity_universe/v1,,OFFICIAL_CURRENT_STOCK_LIST_CANDIDATE,,false,,UNAVAILABLE_NO_EXACT_SESSION_OBSERVATION,,UNAVAILABLE
DDV,2026-10-01,16,-0.012345679012345623,,,,,,,,,,,,,,,,,BELOW_MA20_MOMENTUM_NEGATIVE,,2026-10-01T16:19:50.765598+07:00,UPCOM,,,,,,,,2026-10-01,2026-10-01,0,EXCHANGE_STOCK_LIST_CANDIDATE_NOT_COMMON_EQUITY_PROVEN,UPCOM,hnx_official_equity_universe/v1,,OFFICIAL_CURRENT_STOCK_LIST_CANDIDATE,,true,,EXACT_SESSION_RETAINED,CURRENT_DESCRIPTIVE_DNSE_REST_ADJUSTED_RETROSPECTIVE_RAW_AS_TRADED_NOT_PROMOTED,DIRECT_CANONICAL_MAPPING
DFC,,,,,,,,,,,,,,,,,,,,NOT_AVAILABLE,,,UPCOM,,,,,,,,,,,EXCHANGE_STOCK_LIST_CANDIDATE_NOT_COMMON_EQUITY_PROVEN,UPCOM,hnx_official_equity_universe/v1,,OFFICIAL_CURRENT_STOCK_LIST_CANDIDATE,,false,,UNAVAILABLE_NO_EXACT_SESSION_OBSERVATION,,UNAVAILABLE
DFF,,,,,,,,,,,,,,,,,,,,NOT_AVAILABLE,,,UPCOM,,,,,,,,,,,EXCHANGE_STOCK_LIST_CANDIDATE_NOT_COMMON_EQUITY_PROVEN,UPCOM,hnx_official_equity_universe/v1,,OFFICIAL_CURRENT_STOCK_LIST_CANDIDATE,,false,,UNAVAILABLE_NO_EXACT_SESSION_OBSERVATION,,UNAVAILABLE
DGC,2026-10-01,35.4,-0.01666666666666672,,,,,,,,,,,,,,,,,BELOW_MA20_MOMENTUM_NEGATIVE,,2026-10-01T16:19:50.765598+07:00,HSX,,,,,,,,2026-10-01,2026-10-01,0,OFFICIAL_STOCK_MASTER_SECURITY_TYPE_NOT_COMMON_EQUITY_PROVEN,HOSE,hose_public_stock_master/v1,,OFFICIAL_CURRENT_EXCHANGE_SECURITY,,true,,EXACT_SESSION_RETAINED,CURRENT_DESCRIPTIVE_DNSE_REST_ADJUSTED_RETROSPECTIVE_RAW_AS_TRADED_NOT_PROMOTED,DIRECT_CANONICAL_MAPPING
DGT,2026-10-01,4.1,-0.023809523809523947,,,,,,,,,,,,,,,,,ABOVE_MA20_MOMENTUM_POSITIVE,,2026-10-01T16:19:50.765598+07:00,UPCOM,,,,,,,,2026-10-01,2026-10-01,0,EXCHANGE_STOCK_LIST_CANDIDATE_NOT_COMMON_EQUITY_PROVEN,UPCOM,hnx_official_equity_universe/v1,,OFFICIAL_CURRENT_STOCK_LIST_CANDIDATE,,true,,EXACT_SESSION_RETAINED,CURRENT_DESCRIPTIVE_DNSE_REST_ADJUSTED_RETROSPECTIVE_RAW_AS_TRADED_NOT_PROMOTED,DIRECT_CANONICAL_MAPPING
DGW,2026-10-01,45.2,0.0,,,,,,,,,,,,,,,,,NEAR_MA20_NEUTRAL,,2026-10-01T16:19:50.765598+07:00,HSX,,,,,,,,2026-10-01,2026-10-01,0,OFFICIAL_STOCK_MASTER_SECURITY_TYPE_NOT_COMMON_EQUITY_PROVEN,HOSE,hose_public_stock_master/v1,,OFFICIAL_CURRENT_EXCHANGE_SECURITY,,true,,EXACT_SESSION_RETAINED,CURRENT_DESCRIPTIVE_DNSE_REST_ADJUSTED_RETROSPECTIVE_RAW_AS_TRADED_NOT_PROMOTED,DIRECT_CANONICAL_MAPPING
DHA,2026-10-01,52.6,-0.013133208255159401,,,,,,,,,,,,,,,,,NEAR_MA20_NEUTRAL,,2026-10-01T16:19:50.765598+07:00,HSX,,,,,,,,2026-10-01,2026-10-01,0,OFFICIAL_STOCK_MASTER_SECURITY_TYPE_NOT_COMMON_EQUITY_PROVEN,HOSE,hose_public_stock_master/v1,,OFFICIAL_CURRENT_EXCHANGE_SECURITY,,true,,EXACT_SESSION_RETAINED,CURRENT_DESCRIPTIVE_DNSE_REST_ADJUSTED_RETROSPECTIVE_RAW_AS_TRADED_NOT_PROMOTED,DIRECT_CANONICAL_MAPPING
DHB,2026-10-01,12,-0.008264462809917328,,,,,,,,,,,,,,,,,NEAR_MA20_NEUTRAL,,2026-10-01T16:19:50.765598+07:00,UPCOM,,,,,,,,2026-10-01,2026-10-01,0,EXCHANGE_STOCK_LIST_CANDIDATE_NOT_COMMON_EQUITY_PROVEN,UPCOM,hnx_official_equity_universe/v1,,OFFICIAL_CURRENT_STOCK_LIST_CANDIDATE,,true,,EXACT_SESSION_RETAINED,CURRENT_DESCRIPTIVE_DNSE_REST_ADJUSTED_RETROSPECTIVE_RAW_AS_TRADED_NOT_PROMOTED,DIRECT_CANONICAL_MAPPING
DHC,2026-10-01,39.05,-0.015132408575031508,,,,,,,,,,,,,,,,,ABOVE_MA20_MOMENTUM_POSITIVE,,2026-10-01T16:19:50.765598+07:00,HSX,,,,,,,,2026-10-01,2026-10-01,0,OFFICIAL_STOCK_MASTER_SECURITY_TYPE_NOT_COMMON_EQUITY_PROVEN,HOSE,hose_public_stock_master/v1,,OFFICIAL_CURRENT_EXCHANGE_SECURITY,,true,,EXACT_SESSION_RETAINED,CURRENT_DESCRIPTIVE_DNSE_REST_ADJUSTED_RETROSPECTIVE_RAW_AS_TRADED_NOT_PROMOTED,DIRECT_CANONICAL_MAPPING
DHD,2026-10-01,26.8,0.007518796992481258,,,,,,,,,,,,,,,,,NEAR_MA20_NEUTRAL,,2026-10-01T16:19:50.765598+07:00,UPCOM,,,,,,,,2026-10-01,2026-10-01,0,EXCHANGE_STOCK_LIST_CANDIDATE_NOT_COMMON_EQUITY_PROVEN,UPCOM,hnx_official_equity_universe/v1,,OFFICIAL_CURRENT_STOCK_LIST_CANDIDATE,,true,,EXACT_SESSION_RETAINED,CURRENT_DESCRIPTIVE_DNSE_REST_ADJUSTED_RETROSPECTIVE_RAW_AS_TRADED_NOT_PROMOTED,DIRECT_CANONICAL_MAPPING
DHG,2026-10-01,89.5,-0.00444938820912133,,,,,,,,,,,,,,,,,NEAR_MA20_NEUTRAL,,2026-10-01T16:19:50.765598+07:00,HSX,,,,,,,,2026-10-01,2026-10-01,0,OFFICIAL_STOCK_MASTER_SECURITY_TYPE_NOT_COMMON_EQUITY_PROVEN,HOSE,hose_public_stock_master/v1,,OFFICIAL_CURRENT_EXCHANGE_SECURITY,,true,,EXACT_SESSION_RETAINED,CURRENT_DESCRIPTIVE_DNSE_REST_ADJUSTED_RETROSPECTIVE_RAW_AS_TRADED_NOT_PROMOTED,DIRECT_CANONICAL_MAPPING
DHM,2026-10-01,6.7,0.009036144578313365,,,,,,,,,,,,,,,,,BELOW_MA20_MOMENTUM_NEGATIVE,,2026-10-01T16:19:50.765598+07:00,HSX,,,,,,,,2026-10-01,2026-10-01,0,OFFICIAL_STOCK_MASTER_SECURITY_TYPE_NOT_COMMON_EQUITY_PROVEN,HOSE,hose_public_stock_master/v1,,OFFICIAL_CURRENT_EXCHANGE_SECURITY,,true,,EXACT_SESSION_RETAINED,CURRENT_DESCRIPTIVE_DNSE_REST_ADJUSTED_RETROSPECTIVE_RAW_AS_TRADED_NOT_PROMOTED,DIRECT_CANONICAL_MAPPING
DHN,,,,,,,,,,,,,,,,,,,,NOT_AVAILABLE,,,UPCOM,,,,,,,,,,,EXCHANGE_STOCK_LIST_CANDIDATE_NOT_COMMON_EQUITY_PROVEN,UPCOM,hnx_official_equity_universe/v1,,OFFICIAL_CURRENT_STOCK_LIST_CANDIDATE,,false,,UNAVAILABLE_NO_EXACT_SESSION_OBSERVATION,,UNAVAILABLE
DHP,,,,,,,,,,,,,,,,,,,,NOT_AVAILABLE,,,DELISTED,,,,,,,,,,,EXCHANGE_STOCK_LIST_CANDIDATE_NOT_COMMON_EQUITY_PROVEN,HNX_LISTED,hnx_official_equity_universe/v1,,OFFICIAL_CURRENT_STOCK_LIST_CANDIDATE,,false,,UNAVAILABLE_NO_EXACT_SESSION_OBSERVATION,,UNAVAILABLE
DHT,2026-10-01,54.3,0.05436893203883497,,,,,,,,,,,,,,,,,NEAR_MA20_NEUTRAL,,2026-10-01T16:19:50.765598+07:00,DELISTED,,,,,,,,2026-10-01,2026-10-01,0,EXCHANGE_STOCK_LIST_CANDIDATE_NOT_COMMON_EQUITY_PROVEN,HNX_LISTED,hnx_official_equity_universe/v1,,OFFICIAL_CURRENT_STOCK_LIST_CANDIDATE,,true,,EXACT_SESSION_RETAINED,CURRENT_DESCRIPTIVE_DNSE_REST_ADJUSTED_RETROSPECTIVE_RAW_AS_TRADED_NOT_PROMOTED,DIRECT_CANONICAL_MAPPING
DIC,,,,,,,,,,,,,,,,,,,,NOT_AVAILABLE,,,UPCOM,,,,,,,,,,,EXCHANGE_STOCK_LIST_CANDIDATE_NOT_COMMON_EQUITY_PROVEN,UPCOM,hnx_official_equity_universe/v1,,OFFICIAL_CURRENT_STOCK_LIST_CANDIDATE,,false,,UNAVAILABLE_NO_EXACT_SESSION_OBSERVATION,,UNAVAILABLE
DID,2026-10-01,3.2,0.032258064516129004,,,,,,,,,,,,,,,,,BELOW_MA20_MOMENTUM_NEGATIVE,,2026-10-01T16:19:50.765598+07:00,UPCOM,,,,,,,,2026-10-01,2026-10-01,0,EXCHANGE_STOCK_LIST_CANDIDATE_NOT_COMMON_EQUITY_PROVEN,UPCOM,hnx_official_equity_universe/v1,,OFFICIAL_CURRENT_STOCK_LIST_CANDIDATE,,true,,EXACT_SESSION_RETAINED,CURRENT_DESCRIPTIVE_DNSE_REST_ADJUSTED_RETROSPECTIVE_RAW_AS_TRADED_NOT_PROMOTED,DIRECT_CANONICAL_MAPPING
DIG,2026-10-01,9.55,-0.002089864158829613,,,,,,,,,,,,,,,,,BELOW_MA20_MOMENTUM_NEGATIVE,,2026-10-01T16:19:50.765598+07:00,HSX,,,,,,,,2026-10-01,2026-10-01,0,OFFICIAL_STOCK_MASTER_SECURITY_TYPE_NOT_COMMON_EQUITY_PROVEN,HOSE,hose_public_stock_master/v1,,OFFICIAL_CURRENT_EXCHANGE_SECURITY,,true,,EXACT_SESSION_RETAINED,CURRENT_DESCRIPTIVE_DNSE_REST_ADJUSTED_RETROSPECTIVE_RAW_AS_TRADED_NOT_PROMOTED,DIRECT_CANONICAL_MAPPING
DIH,2026-10-01,7.1,-0.01388888888888895,,,,,,,,,,,,,,,,,NEAR_MA20_NEUTRAL,,2026-10-01T16:19:50.765598+07:00,DELISTED,,,,,,,,2026-10-01,2026-10-01,0,EXCHANGE_STOCK_LIST_CANDIDATE_NOT_COMMON_EQUITY_PROVEN,HNX_LISTED,hnx_official_equity_universe/v1,,OFFICIAL_CURRENT_STOCK_LIST_CANDIDATE,,true,,EXACT_SESSION_RETAINED,CURRENT_DESCRIPTIVE_DNSE_REST_ADJUSTED_RETROSPECTIVE_RAW_AS_TRADED_NOT_PROMOTED,DIRECT_CANONICAL_MAPPING
DKC,,,,,,,,,,,,,,,,,,,,NOT_AVAILABLE,,,UPCOM,,,,,,,,,,,EXCHANGE_STOCK_LIST_CANDIDATE_NOT_COMMON_EQUITY_PROVEN,UPCOM,hnx_official_equity_universe/v1,,OFFICIAL_CURRENT_STOCK_LIST_CANDIDATE,,false,,UNAVAILABLE_NO_EXACT_SESSION_OBSERVATION,,UNAVAILABLE
DKG,,,,,,,,,,,,,,,,,,,,NOT_AVAILABLE,,,UPCOM,,,,,,,,,,,EXCHANGE_STOCK_LIST_CANDIDATE_NOT_COMMON_EQUITY_PROVEN,UPCOM,hnx_official_equity_universe/v1,,OFFICIAL_CURRENT_STOCK_LIST_CANDIDATE,,false,,UNAVAILABLE_NO_EXACT_SESSION_OBSERVATION,,UNAVAILABLE
DKW,,,,,,,,,,,,,,,,,,,,NOT_AVAILABLE,,,DELISTED,,,,,,,,,,,INSTRUMENT_CLASS_UNRESOLVED,DELISTED,,,STOCKLOOKUP_ONLY_UNRESOLVED,,false,,UNAVAILABLE_NO_EXACT_SESSION_OBSERVATION,,UNAVAILABLE
DL1,2026-10-01,4,-0.024390243902438935,,,,,,,,,,,,,,,,,BELOW_MA20_MOMENTUM_NEGATIVE,,2026-10-01T16:19:50.765598+07:00,DELISTED,,,,,,,,2026-10-01,2026-10-01,0,EXCHANGE_STOCK_LIST_CANDIDATE_NOT_COMMON_EQUITY_PROVEN,HNX_LISTED,hnx_official_equity_universe/v1,,OFFICIAL_CURRENT_STOCK_LIST_CANDIDATE,,true,,EXACT_SESSION_RETAINED,CURRENT_DESCRIPTIVE_DNSE_REST_ADJUSTED_RETROSPECTIVE_RAW_AS_TRADED_NOT_PROMOTED,DIRECT_CANONICAL_MAPPING
DLD,,,,,,,,,,,,,,,,,,,,NOT_AVAILABLE,,,UPCOM,,,,,,,,,,,EXCHANGE_STOCK_LIST_CANDIDATE_NOT_COMMON_EQUITY_PROVEN,UPCOM,hnx_official_equity_universe/v1,,OFFICIAL_CURRENT_STOCK_LIST_CANDIDATE,,false,,UNAVAILABLE_NO_EXACT_SESSION_OBSERVATION,,UNAVAILABLE
DLG,2026-10-01,2,0.005025125628140614,,,,,,,,,,,,,,,,,BELOW_MA20_MOMENTUM_NEGATIVE,,2026-10-01T16:19:50.765598+07:00,HSX,,,,,,,,2026-10-01,2026-10-01,0,OFFICIAL_STOCK_MASTER_SECURITY_TYPE_NOT_COMMON_EQUITY_PROVEN,HOSE,hose_public_stock_master/v1,,OFFICIAL_CURRENT_EXCHANGE_SECURITY,,true,,EXACT_SESSION_RETAINED,CURRENT_DESCRIPTIVE_DNSE_REST_ADJUSTED_RETROSPECTIVE_RAW_AS_TRADED_NOT_PROMOTED,DIRECT_CANONICAL_MAPPING
DLR,,,,,,,,,,,,,,,,,,,,NOT_AVAILABLE,,,UPCOM,,,,,,,,,,,EXCHANGE_STOCK_LIST_CANDIDATE_NOT_COMMON_EQUITY_PROVEN,UPCOM,hnx_official_equity_universe/v1,,OFFICIAL_CURRENT_STOCK_LIST_CANDIDATE,,false,,UNAVAILABLE_NO_EXACT_SESSION_OBSERVATION,,UNAVAILABLE
DLT,,,,,,,,,,,,,,,,,,,,NOT_AVAILABLE,,,UPCOM,,,,,,,,,,,EXCHANGE_STOCK_LIST_CANDIDATE_NOT_COMMON_EQUITY_PROVEN,UPCOM,hnx_official_equity_universe/v1,,OFFICIAL_CURRENT_STOCK_LIST_CANDIDATE,,false,,UNAVAILABLE_NO_EXACT_SESSION_OBSERVATION,,UNAVAILABLE
DM7,,,,,,,,,,,,,,,,,,,,NOT_AVAILABLE,,,UPCOM,,,,,,,,,,,EXCHANGE_STOCK_LIST_CANDIDATE_NOT_COMMON_EQUITY_PROVEN,UPCOM,hnx_official_equity_universe/v1,,OFFICIAL_CURRENT_STOCK_LIST_CANDIDATE,,false,,UNAVAILABLE_NO_EXACT_SESSION_OBSERVATION,,UNAVAILABLE
DMC,2026-10-01,56.5,-0.012237762237762295,,,,,,,,,,,,,,,,,NEAR_MA20_NEUTRAL,,2026-10-01T16:19:50.765598+07:00,HSX,,,,,,,,2026-10-01,2026-10-01,0,OFFICIAL_STOCK_MASTER_SECURITY_TYPE_NOT_COMMON_EQUITY_PROVEN,HOSE,hose_public_stock_master/v1,,OFFICIAL_CURRENT_EXCHANGE_SECURITY,,true,,EXACT_SESSION_RETAINED,CURRENT_DESCRIPTIVE_DNSE_REST_ADJUSTED_RETROSPECTIVE_RAW_AS_TRADED_NOT_PROMOTED,DIRECT_CANONICAL_MAPPING
DMN,2026-10-01,8,0.0,,,,,,,,,,,,,,,,,NEAR_MA20_NEUTRAL,,2026-10-01T16:19:50.765598+07:00,UPCOM,,,,,,,,2026-10-01,2026-10-01,0,EXCHANGE_STOCK_LIST_CANDIDATE_NOT_COMMON_EQUITY_PROVEN,UPCOM,hnx_official_equity_universe/v1,,OFFICIAL_CURRENT_STOCK_LIST_CANDIDATE,,true,,EXACT_SESSION_RETAINED,CURRENT_DESCRIPTIVE_DNSE_REST_ADJUSTED_RETROSPECTIVE_RAW_AS_TRADED_NOT_PROMOTED,DIRECT_CANONICAL_MAPPING
DMS,,,,,,,,,,,,,,,,,,,,NOT_AVAILABLE,,,DELISTED,,,,,,,,,,,INSTRUMENT_CLASS_UNRESOLVED,DELISTED,,,STOCKLOOKUP_ONLY_UNRESOLVED,,false,,UNAVAILABLE_NO_EXACT_SESSION_OBSERVATION,,UNAVAILABLE
DNA,,,,,,,,,,,,,,,,,,,,NOT_AVAILABLE,,,UPCOM,,,,,,,,,,,EXCHANGE_STOCK_LIST_CANDIDATE_NOT_COMMON_EQUITY_PROVEN,UPCOM,hnx_official_equity_universe/v1,,OFFICIAL_CURRENT_STOCK_LIST_CANDIDATE,,false,,UNAVAILABLE_NO_EXACT_SESSION_OBSERVATION,,UNAVAILABLE
DNC,,,,,,,,,,,,,,,,,,,,NOT_AVAILABLE,,,DELISTED,,,,,,,,,,,EXCHANGE_STOCK_LIST_CANDIDATE_NOT_COMMON_EQUITY_PROVEN,HNX_LISTED,hnx_official_equity_universe/v1,,OFFICIAL_CURRENT_STOCK_LIST_CANDIDATE,,false,,UNAVAILABLE_NO_EXACT_SESSION_OBSERVATION,,UNAVAILABLE
DND,,,,,,,,,,,,,,,,,,,,NOT_AVAILABLE,,,UPCOM,,,,,,,,,,,EXCHANGE_STOCK_LIST_CANDIDATE_NOT_COMMON_EQUITY_PROVEN,UPCOM,hnx_official_equity_universe/v1,,OFFICIAL_CURRENT_STOCK_LIST_CANDIDATE,,false,,UNAVAILABLE_NO_EXACT_SESSION_OBSERVATION,,UNAVAILABLE
DNE,,,,,,,,,,,,,,,,,,,,NOT_AVAILABLE,,,UPCOM,,,,,,,,,,,EXCHANGE_STOCK_LIST_CANDIDATE_NOT_COMMON_EQUITY_PROVEN,UPCOM,hnx_official_equity_universe/v1,,OFFICIAL_CURRENT_STOCK_LIST_CANDIDATE,,false,,UNAVAILABLE_NO_EXACT_SESSION_OBSERVATION,,UNAVAILABLE
DNH,2026-10-01,51,0.020000000000000018,,,,,,,,,,,,,,,,,ABOVE_MA20_MOMENTUM_POSITIVE,,2026-10-01T16:19:50.765598+07:00,UPCOM,,,,,,,,2026-10-01,2026-10-01,0,EXCHANGE_STOCK_LIST_CANDIDATE_NOT_COMMON_EQUITY_PROVEN,UPCOM,hnx_official_equity_universe/v1,,OFFICIAL_CURRENT_STOCK_LIST_CANDIDATE,,true,,EXACT_SESSION_RETAINED,CURRENT_DESCRIPTIVE_DNSE_REST_ADJUSTED_RETROSPECTIVE_RAW_AS_TRADED_NOT_PROMOTED,DIRECT_CANONICAL_MAPPING
DNL,,,,,,,,,,,,,,,,,,,,NOT_AVAILABLE,,,UPCOM,,,,,,,,,,,EXCHANGE_STOCK_LIST_CANDIDATE_NOT_COMMON_EQUITY_PROVEN,UPCOM,hnx_official_equity_universe/v1,,OFFICIAL_CURRENT_STOCK_LIST_CANDIDATE,,false,,UNAVAILABLE_NO_EXACT_SESSION_OBSERVATION,,UNAVAILABLE
DNM,,,,,,,,,,,,,,,,,,,,NOT_AVAILABLE,,,UPCOM,,,,,,,,,,,EXCHANGE_STOCK_LIST_CANDIDATE_NOT_COMMON_EQUITY_PROVEN,UPCOM,hnx_official_equity_universe/v1,,OFFICIAL_CURRENT_STOCK_LIST_CANDIDATE,,false,,UNAVAILABLE_NO_EXACT_SESSION_OBSERVATION,,UNAVAILABLE
DNN,,,,,,,,,,,,,,,,,,,,NOT_AVAILABLE,,,UPCOM,,,,,,,,,,,EXCHANGE_STOCK_LIST_CANDIDATE_NOT_COMMON_EQUITY_PROVEN,UPCOM,hnx_official_equity_universe/v1,,OFFICIAL_CURRENT_STOCK_LIST_CANDIDATE,,false,,UNAVAILABLE_NO_EXACT_SESSION_OBSERVATION,,UNAVAILABLE
DNP,2026-10-01,19.9,-0.0050000000000001155,,,,,,,,,,,,,,,,,BELOW_MA20_MOMENTUM_NEGATIVE,,2026-10-01T16:19:50.765598+07:00,DELISTED,,,,,,,,2026-10-01,2026-10-01,0,EXCHANGE_STOCK_LIST_CANDIDATE_NOT_COMMON_EQUITY_PROVEN,HNX_LISTED,hnx_official_equity_universe/v1,,OFFICIAL_CURRENT_STOCK_LIST_CANDIDATE,,true,,EXACT_SESSION_RETAINED,CURRENT_DESCRIPTIVE_DNSE_REST_ADJUSTED_RETROSPECTIVE_RAW_AS_TRADED_NOT_PROMOTED,DIRECT_CANONICAL_MAPPING
DNT,,,,,,,,,,,,,,,,,,,,NOT_AVAILABLE,,,UPCOM,,,,,,,,,,,EXCHANGE_STOCK_LIST_CANDIDATE_NOT_COMMON_EQUITY_PROVEN,UPCOM,hnx_official_equity_universe/v1,,OFFICIAL_CURRENT_STOCK_LIST_CANDIDATE,,false,,UNAVAILABLE_NO_EXACT_SESSION_OBSERVATION,,UNAVAILABLE
DNW,2026-10-01,31,0.058020477815699634,,,,,,,,,,,,,,,,,NEAR_MA20_NEUTRAL,,2026-10-01T16:19:50.765598+07:00,UPCOM,,,,,,,,2026-10-01,2026-10-01,0,EXCHANGE_STOCK_LIST_CANDIDATE_NOT_COMMON_EQUITY_PROVEN,UPCOM,hnx_official_equity_universe/v1,,OFFICIAL_CURRENT_STOCK_LIST_CANDIDATE,,true,,EXACT_SESSION_RETAINED,CURRENT_DESCRIPTIVE_DNSE_REST_ADJUSTED_RETROSPECTIVE_RAW_AS_TRADED_NOT_PROMOTED,DIRECT_CANONICAL_MAPPING
DOC,,,,,,,,,,,,,,,,,,,,NOT_AVAILABLE,,,UPCOM,,,,,,,,,,,EXCHANGE_STOCK_LIST_CANDIDATE_NOT_COMMON_EQUITY_PROVEN,UPCOM,hnx_official_equity_universe/v1,,OFFICIAL_CURRENT_STOCK_LIST_CANDIDATE,,false,,UNAVAILABLE_NO_EXACT_SESSION_OBSERVATION,,UNAVAILABLE
DOP,,,,,,,,,,,,,,,,,,,,NOT_AVAILABLE,,,UPCOM,,,,,,,,,,,EXCHANGE_STOCK_LIST_CANDIDATE_NOT_COMMON_EQUITY_PROVEN,UPCOM,hnx_official_equity_universe/v1,,OFFICIAL_CURRENT_STOCK_LIST_CANDIDATE,,false,,UNAVAILABLE_NO_EXACT_SESSION_OBSERVATION,,UNAVAILABLE
DP1,2026-10-01,28.3,-0.0035211267605632646,,,,,,,,,,,,,,,,,NEAR_MA20_NEUTRAL,,2026-10-01T16:19:50.765598+07:00,UPCOM,,,,,,,,2026-10-01,2026-10-01,0,EXCHANGE_STOCK_LIST_CANDIDATE_NOT_COMMON_EQUITY_PROVEN,UPCOM,hnx_official_equity_universe/v1,,OFFICIAL_CURRENT_STOCK_LIST_CANDIDATE,,true,,EXACT_SESSION_RETAINED,CURRENT_DESCRIPTIVE_DNSE_REST_ADJUSTED_RETROSPECTIVE_RAW_AS_TRADED_NOT_PROMOTED,DIRECT_CANONICAL_MAPPING
DP2,,,,,,,,,,,,,,,,,,,,NOT_AVAILABLE,,,UPCOM,,,,,,,,,,,EXCHANGE_STOCK_LIST_CANDIDATE_NOT_COMMON_EQUITY_PROVEN,UPCOM,hnx_official_equity_universe/v1,,OFFICIAL_CURRENT_STOCK_LIST_CANDIDATE,,false,,UNAVAILABLE_NO_EXACT_SESSION_OBSERVATION,,UNAVAILABLE
DP3,2026-10-01,60.7,0.0,,,,,,,,,,,,,,,,,NEAR_MA20_NEUTRAL,,2026-10-01T16:19:50.765598+07:00,DELISTED,,,,,,,,2026-10-01,2026-10-01,0,EXCHANGE_STOCK_LIST_CANDIDATE_NOT_COMMON_EQUITY_PROVEN,HNX_LISTED,hnx_official_equity_universe/v1,,OFFICIAL_CURRENT_STOCK_LIST_CANDIDATE,,true,,EXACT_SESSION_RETAINED,CURRENT_DESCRIPTIVE_DNSE_REST_ADJUSTED_RETROSPECTIVE_RAW_AS_TRADED_NOT_PROMOTED,DIRECT_CANONICAL_MAPPING
DPC,,,,,,,,,,,,,,,,,,,,NOT_AVAILABLE,,,UPCOM,,,,,,,,,,,EXCHANGE_STOCK_LIST_CANDIDATE_NOT_COMMON_EQUITY_PROVEN,UPCOM,hnx_official_equity_universe/v1,,OFFICIAL_CURRENT_STOCK_LIST_CANDIDATE,,false,,UNAVAILABLE_NO_EXACT_SESSION_OBSERVATION,,UNAVAILABLE
DPD,,,,,,,,,,,,,,,,,,,,NOT_AVAILABLE,,,DELISTED,,,,,,,,,,,INSTRUMENT_CLASS_UNRESOLVED,DELISTED,,,STOCKLOOKUP_ONLY_UNRESOLVED,,false,,UNAVAILABLE_NO_EXACT_SESSION_OBSERVATION,,UNAVAILABLE
DPG,2026-10-01,26.6,-0.029197080291970656,,,,,,,,,,,,,,,,,BELOW_MA20_MOMENTUM_NEGATIVE,,2026-10-01T16:19:50.765598+07:00,HSX,,,,,,,,2026-10-01,2026-10-01,0,OFFICIAL_STOCK_MASTER_SECURITY_TYPE_NOT_COMMON_EQUITY_PROVEN,HOSE,hose_public_stock_master/v1,,OFFICIAL_CURRENT_EXCHANGE_SECURITY,,true,,EXACT_SESSION_RETAINED,CURRENT_DESCRIPTIVE_DNSE_REST_ADJUSTED_RETROSPECTIVE_RAW_AS_TRADED_NOT_PROMOTED,DIRECT_CANONICAL_MAPPING
DPH,2026-10-01,39.1,-0.1406593406593406,,,,,,,,,,,,,,,,,BELOW_MA20_MOMENTUM_NEGATIVE,,2026-10-01T16:19:50.765598+07:00,UPCOM,,,,,,,,2026-10-01,2026-10-01,0,EXCHANGE_STOCK_LIST_CANDIDATE_NOT_COMMON_EQUITY_PROVEN,UPCOM,hnx_official_equity_universe/v1,,OFFICIAL_CURRENT_STOCK_LIST_CANDIDATE,,true,,EXACT_SESSION_RETAINED,CURRENT_DESCRIPTIVE_DNSE_REST_ADJUSTED_RETROSPECTIVE_RAW_AS_TRADED_NOT_PROMOTED,DIRECT_CANONICAL_MAPPING
DPM,2026-10-01,22.4,0.0,,,,,,,,,,,,,,,,,NEAR_MA20_NEUTRAL,,2026-10-01T16:19:50.765598+07:00,HSX,,,,,,,,2026-10-01,2026-10-01,0,OFFICIAL_STOCK_MASTER_SECURITY_TYPE_NOT_COMMON_EQUITY_PROVEN,HOSE,hose_public_stock_master/v1,,OFFICIAL_CURRENT_EXCHANGE_SECURITY,,true,,EXACT_SESSION_RETAINED,CURRENT_DESCRIPTIVE_DNSE_REST_ADJUSTED_RETROSPECTIVE_RAW_AS_TRADED_NOT_PROMOTED,DIRECT_CANONICAL_MAPPING
DPP,,,,,,,,,,,,,,,,,,,,NOT_AVAILABLE,,,UPCOM,,,,,,,,,,,EXCHANGE_STOCK_LIST_CANDIDATE_NOT_COMMON_EQUITY_PROVEN,UPCOM,hnx_official_equity_universe/v1,,OFFICIAL_CURRENT_STOCK_LIST_CANDIDATE,,false,,UNAVAILABLE_NO_EXACT_SESSION_OBSERVATION,,UNAVAILABLE
DPR,2026-10-01,38.45,-0.0038860103626943143,,,,,,,,,,,,,,,,,NEAR_MA20_NEUTRAL,,2026-10-01T16:19:50.765598+07:00,HSX,,,,,,,,2026-10-01,2026-10-01,0,OFFICIAL_STOCK_MASTER_SECURITY_TYPE_NOT_COMMON_EQUITY_PROVEN,HOSE,hose_public_stock_master/v1,,OFFICIAL_CURRENT_EXCHANGE_SECURITY,,true,,EXACT_SESSION_RETAINED,CURRENT_DESCRIPTIVE_DNSE_REST_ADJUSTED_RETROSPECTIVE_RAW_AS_TRADED_NOT_PROMOTED,DIRECT_CANONICAL_MAPPING
DPS,,,,,,,,,,,,,,,,,,,,NOT_AVAILABLE,,,DELISTED,,,,,,,,,,,INSTRUMENT_CLASS_UNRESOLVED,DELISTED,,,STOCKLOOKUP_ONLY_UNRESOLVED,,false,,UNAVAILABLE_NO_EXACT_SESSION_OBSERVATION,,UNAVAILABLE
DQC,,,,,,,,,,,,,,,,,,,,NOT_AVAILABLE,,,HSX,,,,,,,,,,,OFFICIAL_STOCK_MASTER_SECURITY_TYPE_NOT_COMMON_EQUITY_PROVEN,HOSE,hose_public_stock_master/v1,,OFFICIAL_CURRENT_EXCHANGE_SECURITY,,false,,UNAVAILABLE_NO_EXACT_SESSION_OBSERVATION,,UNAVAILABLE
DRC,2026-10-01,9.9,0.003039513677811634,,,,,,,,,,,,,,,,,NEAR_MA20_NEUTRAL,,2026-10-01T16:19:50.765598+07:00,HSX,,,,,,,,2026-10-01,2026-10-01,0,OFFICIAL_STOCK_MASTER_SECURITY_TYPE_NOT_COMMON_EQUITY_PROVEN,HOSE,hose_public_stock_master/v1,,OFFICIAL_CURRENT_EXCHANGE_SECURITY,,true,,EXACT_SESSION_RETAINED,CURRENT_DESCRIPTIVE_DNSE_REST_ADJUSTED_RETROSPECTIVE_RAW_AS_TRADED_NOT_PROMOTED,DIRECT_CANONICAL_MAPPING
DRG,2026-10-01,8.2,0.02499999999999991,,,,,,,,,,,,,,,,,ABOVE_MA20_MOMENTUM_NEGATIVE,,2026-10-01T16:19:50.765598+07:00,UPCOM,,,,,,,,2026-10-01,2026-10-01,0,EXCHANGE_STOCK_LIST_CANDIDATE_NOT_COMMON_EQUITY_PROVEN,UPCOM,hnx_official_equity_universe/v1,,OFFICIAL_CURRENT_STOCK_LIST_CANDIDATE,,true,,EXACT_SESSION_RETAINED,CURRENT_DESCRIPTIVE_DNSE_REST_ADJUSTED_RETROSPECTIVE_RAW_AS_TRADED_NOT_PROMOTED,DIRECT_CANONICAL_MAPPING
DRH,2026-10-01,1.5,-0.04458598726114649,,,,,,,,,,,,,,,,,BELOW_MA20_MOMENTUM_NEGATIVE,,2026-10-01T16:19:50.765598+07:00,HSX,,,,,,,,2026-10-01,2026-10-01,0,OFFICIAL_STOCK_MASTER_SECURITY_TYPE_NOT_COMMON_EQUITY_PROVEN,HOSE,hose_public_stock_master/v1,,OFFICIAL_CURRENT_EXCHANGE_SECURITY,,true,,EXACT_SESSION_RETAINED,CURRENT_DESCRIPTIVE_DNSE_REST_ADJUSTED_RETROSPECTIVE_RAW_AS_TRADED_NOT_PROMOTED,DIRECT_CANONICAL_MAPPING
DRI,2026-10-01,15.5,-0.01273885350318471,,,,,,,,,,,,,,,,,ABOVE_MA20_MOMENTUM_POSITIVE,,2026-10-01T16:19:50.765598+07:00,UPCOM,,,,,,,,2026-10-01,2026-10-01,0,EXCHANGE_STOCK_LIST_CANDIDATE_NOT_COMMON_EQUITY_PROVEN,UPCOM,hnx_official_equity_universe/v1,,OFFICIAL_CURRENT_STOCK_LIST_CANDIDATE,,true,,EXACT_SESSION_RETAINED,CURRENT_DESCRIPTIVE_DNSE_REST_ADJUSTED_RETROSPECTIVE_RAW_AS_TRADED_NOT_PROMOTED,DIRECT_CANONICAL_MAPPING
DRL,2026-10-01,42.9,0.0,,,,,,,,,,,,,,,,,NEAR_MA20_NEUTRAL,,2026-10-01T16:19:50.765598+07:00,HSX,,,,,,,,2026-10-01,2026-10-01,0,OFFICIAL_STOCK_MASTER_SECURITY_TYPE_NOT_COMMON_EQUITY_PROVEN,HOSE,hose_public_stock_master/v1,,OFFICIAL_CURRENT_EXCHANGE_SECURITY,,true,,EXACT_SESSION_RETAINED,CURRENT_DESCRIPTIVE_DNSE_REST_ADJUSTED_RETROSPECTIVE_RAW_AS_TRADED_NOT_PROMOTED,DIRECT_CANONICAL_MAPPING
DS3,,,,,,,,,,,,,,,,,,,,NOT_AVAILABLE,,,DELISTED,,,,,,,,,,,EXCHANGE_STOCK_LIST_CANDIDATE_NOT_COMMON_EQUITY_PROVEN,HNX_LISTED,hnx_official_equity_universe/v1,,OFFICIAL_CURRENT_STOCK_LIST_CANDIDATE,,false,,UNAVAILABLE_NO_EXACT_SESSION_OBSERVATION,,UNAVAILABLE
DSC,2026-10-01,9.87,0.01127049180327866,,,,,,,,,,,,,,,,,BELOW_MA20_MOMENTUM_NEGATIVE,,2026-10-01T16:19:50.765598+07:00,HSX,,,,,,,,2026-10-01,2026-10-01,0,OFFICIAL_STOCK_MASTER_SECURITY_TYPE_NOT_COMMON_EQUITY_PROVEN,HOSE,hose_public_stock_master/v1,,OFFICIAL_CURRENT_EXCHANGE_SECURITY,,true,,EXACT_SESSION_RETAINED,CURRENT_DESCRIPTIVE_DNSE_REST_ADJUSTED_RETROSPECTIVE_RAW_AS_TRADED_NOT_PROMOTED,DIRECT_CANONICAL_MAPPING
DSD,,,,,,,,,,,,,,,,,,,,NOT_AVAILABLE,,,UPCOM,,,,,,,,,,,EXCHANGE_STOCK_LIST_CANDIDATE_NOT_COMMON_EQUITY_PROVEN,UPCOM,hnx_official_equity_universe/v1,,OFFICIAL_CURRENT_STOCK_LIST_CANDIDATE,,false,,UNAVAILABLE_NO_EXACT_SESSION_OBSERVATION,,UNAVAILABLE
DSE,2026-10-01,21.75,-0.002293577981651418,,,,,,,,,,,,,,,,,NEAR_MA20_NEUTRAL,,2026-10-01T16:19:50.765598+07:00,HSX,,,,,,,,2026-10-01,2026-10-01,0,OFFICIAL_STOCK_MASTER_SECURITY_TYPE_NOT_COMMON_EQUITY_PROVEN,HOSE,hose_public_stock_master/v1,,OFFICIAL_CURRENT_EXCHANGE_SECURITY,,true,,EXACT_SESSION_RETAINED,CURRENT_DESCRIPTIVE_DNSE_REST_ADJUSTED_RETROSPECTIVE_RAW_AS_TRADED_NOT_PROMOTED,DIRECT_CANONICAL_MAPPING
DSG,,,,,,,,,,,,,,,,,,,,NOT_AVAILABLE,,,UPCOM,,,,,,,,,,,EXCHANGE_STOCK_LIST_CANDIDATE_NOT_COMMON_EQUITY_PROVEN,UPCOM,hnx_official_equity_universe/v1,,OFFICIAL_CURRENT_STOCK_LIST_CANDIDATE,,false,,UNAVAILABLE_NO_EXACT_SESSION_OBSERVATION,,UNAVAILABLE
DSH,2026-10-01,11.6,-0.008547008547008517,,,,,,,,,,,,,,,,,BELOW_MA20_MOMENTUM_NEGATIVE,,2026-10-01T16:19:50.765598+07:00,UPCOM,,,,,,,,2026-10-01,2026-10-01,0,EXCHANGE_STOCK_LIST_CANDIDATE_NOT_COMMON_EQUITY_PROVEN,UPCOM,hnx_official_equity_universe/v1,,OFFICIAL_CURRENT_STOCK_LIST_CANDIDATE,,true,,EXACT_SESSION_RETAINED,CURRENT_DESCRIPTIVE_DNSE_REST_ADJUSTED_RETROSPECTIVE_RAW_AS_TRADED_NOT_PROMOTED,DIRECT_CANONICAL_MAPPING
DSN,2026-10-01,36.8,-0.010752688172043112,,,,,,,,,,,,,,,,,NEAR_MA20_NEUTRAL,,2026-10-01T16:19:50.765598+07:00,HSX,,,,,,,,2026-10-01,2026-10-01,0,OFFICIAL_STOCK_MASTER_SECURITY_TYPE_NOT_COMMON_EQUITY_PROVEN,HOSE,hose_public_stock_master/v1,,OFFICIAL_CURRENT_EXCHANGE_SECURITY,,true,,EXACT_SESSION_RETAINED,CURRENT_DESCRIPTIVE_DNSE_REST_ADJUSTED_RETROSPECTIVE_RAW_AS_TRADED_NOT_PROMOTED,DIRECT_CANONICAL_MAPPING
DSP,,,,,,,,,,,,,,,,,,,,NOT_AVAILABLE,,,UPCOM,,,,,,,,,,,EXCHANGE_STOCK_LIST_CANDIDATE_NOT_COMMON_EQUITY_PROVEN,UPCOM,hnx_official_equity_universe/v1,,OFFICIAL_CURRENT_STOCK_LIST_CANDIDATE,,false,,UNAVAILABLE_NO_EXACT_SESSION_OBSERVATION,,UNAVAILABLE
DST,2026-10-01,7.2,0.0,,,,,,,,,,,,,,,,,BELOW_MA20_MOMENTUM_NEGATIVE,,2026-10-01T16:19:50.765598+07:00,DELISTED,,,,,,,,2026-10-01,2026-10-01,0,EXCHANGE_STOCK_LIST_CANDIDATE_NOT_COMMON_EQUITY_PROVEN,HNX_LISTED,hnx_official_equity_universe/v1,,OFFICIAL_CURRENT_STOCK_LIST_CANDIDATE,,true,,EXACT_SESSION_RETAINED,CURRENT_DESCRIPTIVE_DNSE_REST_ADJUSTED_RETROSPECTIVE_RAW_AS_TRADED_NOT_PROMOTED,DIRECT_CANONICAL_MAPPING
DSV,,,,,,,,,,,,,,,,,,,,NOT_AVAILABLE,,,DELISTED,,,,,,,,,,,INSTRUMENT_CLASS_UNRESOLVED,DELISTED,,,STOCKLOOKUP_ONLY_UNRESOLVED,,false,,UNAVAILABLE_NO_EXACT_SESSION_OBSERVATION,,UNAVAILABLE
DT4,,,,,,,,,,,,,,,,,,,,NOT_AVAILABLE,,,DELISTED,,,,,,,,,,,INSTRUMENT_CLASS_UNRESOLVED,DELISTED,,,STOCKLOOKUP_ONLY_UNRESOLVED,,false,,UNAVAILABLE_NO_EXACT_SESSION_OBSERVATION,,UNAVAILABLE
DTA,2026-10-01,3.37,-0.008823529411764675,,,,,,,,,,,,,,,,,NEAR_MA20_NEUTRAL,,2026-10-01T16:19:50.765598+07:00,HSX,,,,,,,,2026-10-01,2026-10-01,0,OFFICIAL_STOCK_MASTER_SECURITY_TYPE_NOT_COMMON_EQUITY_PROVEN,HOSE,hose_public_stock_master/v1,,OFFICIAL_CURRENT_EXCHANGE_SECURITY,,true,,EXACT_SESSION_RETAINED,CURRENT_DESCRIPTIVE_DNSE_REST_ADJUSTED_RETROSPECTIVE_RAW_AS_TRADED_NOT_PROMOTED,DIRECT_CANONICAL_MAPPING
DTB,,,,,,,,,,,,,,,,,,,,NOT_AVAILABLE,,,DELISTED,,,,,,,,,,,INSTRUMENT_CLASS_UNRESOLVED,DELISTED,,,STOCKLOOKUP_ONLY_UNRESOLVED,,false,,UNAVAILABLE_NO_EXACT_SESSION_OBSERVATION,,UNAVAILABLE
DTC,,,,,,,,,,,,,,,,,,,,NOT_AVAILABLE,,,UPCOM,,,,,,,,,,,EXCHANGE_STOCK_LIST_CANDIDATE_NOT_COMMON_EQUITY_PROVEN,UPCOM,hnx_official_equity_universe/v1,,OFFICIAL_CURRENT_STOCK_LIST_CANDIDATE,,false,,UNAVAILABLE_NO_EXACT_SESSION_OBSERVATION,,UNAVAILABLE
DTD,2026-10-01,10,0.0,,,,,,,,,,,,,,,,,BELOW_MA20_MOMENTUM_NEGATIVE,,2026-10-01T16:19:50.765598+07:00,DELISTED,,,,,,,,2026-10-01,2026-10-01,0,EXCHANGE_STOCK_LIST_CANDIDATE_NOT_COMMON_EQUITY_PROVEN,HNX_LISTED,hnx_official_equity_universe/v1,,OFFICIAL_CURRENT_STOCK_LIST_CANDIDATE,,true,,EXACT_SESSION_RETAINED,CURRENT_DESCRIPTIVE_DNSE_REST_ADJUSTED_RETROSPECTIVE_RAW_AS_TRADED_NOT_PROMOTED,DIRECT_CANONICAL_MAPPING
DTE,,,,,,,,,,,,,,,,,,,,NOT_AVAILABLE,,,DELISTED,,,,,,,,,,,INSTRUMENT_CLASS_UNRESOLVED,DELISTED,,,STOCKLOOKUP_ONLY_UNRESOLVED,,false,,UNAVAILABLE_NO_EXACT_SESSION_OBSERVATION,,UNAVAILABLE
DTG,2026-10-01,12.8,0.007874015748031704,,,,,,,,,,,,,,,,,BELOW_MA20_MOMENTUM_NEGATIVE,,2026-10-01T16:19:50.765598+07:00,DELISTED,,,,,,,,2026-10-01,2026-10-01,0,EXCHANGE_STOCK_LIST_CANDIDATE_NOT_COMMON_EQUITY_PROVEN,HNX_LISTED,hnx_official_equity_universe/v1,,OFFICIAL_CURRENT_STOCK_LIST_CANDIDATE,,true,,EXACT_SESSION_RETAINED,CURRENT_DESCRIPTIVE_DNSE_REST_ADJUSTED_RETROSPECTIVE_RAW_AS_TRADED_NOT_PROMOTED,DIRECT_CANONICAL_MAPPING
DTH,,,,,,,,,,,,,,,,,,,,NOT_AVAILABLE,,,UPCOM,,,,,,,,,,,EXCHANGE_STOCK_LIST_CANDIDATE_NOT_COMMON_EQUITY_PROVEN,UPCOM,hnx_official_equity_universe/v1,,OFFICIAL_CURRENT_STOCK_LIST_CANDIDATE,,false,,UNAVAILABLE_NO_EXACT_SESSION_OBSERVATION,,UNAVAILABLE
DTI,2026-10-01,1.8,0.0,,,,,,,,,,,,,,,,,BELOW_MA20_MOMENTUM_NEGATIVE,,2026-10-01T16:19:50.765598+07:00,UPCOM,,,,,,,,2026-10-01,2026-10-01,0,EXCHANGE_STOCK_LIST_CANDIDATE_NOT_COMMON_EQUITY_PROVEN,UPCOM,hnx_official_equity_universe/v1,,OFFICIAL_CURRENT_STOCK_LIST_CANDIDATE,,true,,EXACT_SESSION_RETAINED,CURRENT_DESCRIPTIVE_DNSE_REST_ADJUSTED_RETROSPECTIVE_RAW_AS_TRADED_NOT_PROMOTED,DIRECT_CANONICAL_MAPPING
DTK,2026-10-01,10.5,-0.01869158878504662,,,,,,,,,,,,,,,,,NEAR_MA20_NEUTRAL,,2026-10-01T16:19:50.765598+07:00,DELISTED,,,,,,,,2026-10-01,2026-10-01,0,EXCHANGE_STOCK_LIST_CANDIDATE_NOT_COMMON_EQUITY_PROVEN,HNX_LISTED,hnx_official_equity_universe/v1,,OFFICIAL_CURRENT_STOCK_LIST_CANDIDATE,,true,,EXACT_SESSION_RETAINED,CURRENT_DESCRIPTIVE_DNSE_REST_ADJUSTED_RETROSPECTIVE_RAW_AS_TRADED_NOT_PROMOTED,DIRECT_CANONICAL_MAPPING
DTL,,,,,,,,,,,,,,,,,,,,NOT_AVAILABLE,,,HSX,,,,,,,,,,,OFFICIAL_STOCK_MASTER_SECURITY_TYPE_NOT_COMMON_EQUITY_PROVEN,HOSE,hose_public_stock_master/v1,,OFFICIAL_CURRENT_EXCHANGE_SECURITY,,false,,UNAVAILABLE_NO_EXACT_SESSION_OBSERVATION,,UNAVAILABLE
DTP,2026-10-01,60.7,0.0,,,,,,,,,,,,,,,,,ABOVE_MA20_MOMENTUM_POSITIVE,,2026-10-01T16:19:50.765598+07:00,UPCOM,,,,,,,,2026-10-01,2026-10-01,0,EXCHANGE_STOCK_LIST_CANDIDATE_NOT_COMMON_EQUITY_PROVEN,UPCOM,hnx_official_equity_universe/v1,,OFFICIAL_CURRENT_STOCK_LIST_CANDIDATE,,true,,EXACT_SESSION_RETAINED,CURRENT_DESCRIPTIVE_DNSE_REST_ADJUSTED_RETROSPECTIVE_RAW_AS_TRADED_NOT_PROMOTED,DIRECT_CANONICAL_MAPPING
DTT,,,,,,,,,,,,,,,,,,,,NOT_AVAILABLE,,,HSX,,,,,,,,,,,OFFICIAL_STOCK_MASTER_SECURITY_TYPE_NOT_COMMON_EQUITY_PROVEN,HOSE,hose_public_stock_master/v1,,OFFICIAL_CURRENT_EXCHANGE_SECURITY,,false,,UNAVAILABLE_NO_EXACT_SESSION_OBSERVATION,,UNAVAILABLE
DTV,,,,,,,,,,,,,,,,,,,,NOT_AVAILABLE,,,DELISTED,,,,,,,,,,,INSTRUMENT_CLASS_UNRESOLVED,DELISTED,,,STOCKLOOKUP_ONLY_UNRESOLVED,,false,,UNAVAILABLE_NO_EXACT_SESSION_OBSERVATION,,UNAVAILABLE
DUS,,,,,,,,,,,,,,,,,,,,NOT_AVAILABLE,,,UPCOM,,,,,,,,,,,EXCHANGE_STOCK_LIST_CANDIDATE_NOT_COMMON_EQUITY_PROVEN,UPCOM,hnx_official_equity_universe/v1,,OFFICIAL_CURRENT_STOCK_LIST_CANDIDATE,,false,,UNAVAILABLE_NO_EXACT_SESSION_OBSERVATION,,UNAVAILABLE
DVC,2026-10-01,11,0.375,,,,,,,,,,,,,,,,,BELOW_MA20_MOMENTUM_NEGATIVE,,2026-10-01T16:19:50.765598+07:00,UPCOM,,,,,,,,2026-10-01,2026-10-01,0,EXCHANGE_STOCK_LIST_CANDIDATE_NOT_COMMON_EQUITY_PROVEN,UPCOM,hnx_official_equity_universe/v1,,OFFICIAL_CURRENT_STOCK_LIST_CANDIDATE,,true,,EXACT_SESSION_RETAINED,CURRENT_DESCRIPTIVE_DNSE_REST_ADJUSTED_RETROSPECTIVE_RAW_AS_TRADED_NOT_PROMOTED,DIRECT_CANONICAL_MAPPING
DVG,,,,,,,,,,,,,,,,,,,,NOT_AVAILABLE,,,UPCOM,,,,,,,,,,,EXCHANGE_STOCK_LIST_CANDIDATE_NOT_COMMON_EQUITY_PROVEN,UPCOM,hnx_official_equity_universe/v1,,OFFICIAL_CURRENT_STOCK_LIST_CANDIDATE,,false,,UNAVAILABLE_NO_EXACT_SESSION_OBSERVATION,,UNAVAILABLE
DVM,2026-10-01,3.5,0.0,,,,,,,,,,,,,,,,,BELOW_MA20_MOMENTUM_NEGATIVE,,2026-10-01T16:19:50.765598+07:00,DELISTED,,,,,,,,2026-10-01,2026-10-01,0,EXCHANGE_STOCK_LIST_CANDIDATE_NOT_COMMON_EQUITY_PROVEN,HNX_LISTED,hnx_official_equity_universe/v1,,OFFICIAL_CURRENT_STOCK_LIST_CANDIDATE,,true,,EXACT_SESSION_RETAINED,CURRENT_DESCRIPTIVE_DNSE_REST_ADJUSTED_RETROSPECTIVE_RAW_AS_TRADED_NOT_PROMOTED,DIRECT_CANONICAL_MAPPING
DVN,2026-10-01,16.9,-0.023121387283237094,,,,,,,,,,,,,,,,,NEAR_MA20_NEUTRAL,,2026-10-01T16:19:50.765598+07:00,UPCOM,,,,,,,,2026-10-01,2026-10-01,0,EXCHANGE_STOCK_LIST_CANDIDATE_NOT_COMMON_EQUITY_PROVEN,UPCOM,hnx_official_equity_universe/v1,,OFFICIAL_CURRENT_STOCK_LIST_CANDIDATE,,true,,EXACT_SESSION_RETAINED,CURRENT_DESCRIPTIVE_DNSE_REST_ADJUSTED_RETROSPECTIVE_RAW_AS_TRADED_NOT_PROMOTED,DIRECT_CANONICAL_MAPPING
DVP,2026-10-01,75.3,-0.0026490066225165476,,,,,,,,,,,,,,,,,NEAR_MA20_NEUTRAL,,2026-10-01T16:19:50.765598+07:00,HSX,,,,,,,,2026-10-01,2026-10-01,0,OFFICIAL_STOCK_MASTER_SECURITY_TYPE_NOT_COMMON_EQUITY_PROVEN,HOSE,hose_public_stock_master/v1,,OFFICIAL_CURRENT_EXCHANGE_SECURITY,,true,,EXACT_SESSION_RETAINED,CURRENT_DESCRIPTIVE_DNSE_REST_ADJUSTED_RETROSPECTIVE_RAW_AS_TRADED_NOT_PROMOTED,DIRECT_CANONICAL_MAPPING
DVT,,,,,,,,,,,,,,,,,,,,NOT_AVAILABLE,,,UPCOM,,,,,,,,,,,EXCHANGE_STOCK_LIST_CANDIDATE_NOT_COMMON_EQUITY_PROVEN,UPCOM,hnx_official_equity_universe/v1,,OFFICIAL_CURRENT_STOCK_LIST_CANDIDATE,,false,,UNAVAILABLE_NO_EXACT_SESSION_OBSERVATION,,UNAVAILABLE
DVW,,,,,,,,,,,,,,,,,,,,NOT_AVAILABLE,,,UPCOM,,,,,,,,,,,EXCHANGE_STOCK_LIST_CANDIDATE_NOT_COMMON_EQUITY_PROVEN,UPCOM,hnx_official_equity_universe/v1,,OFFICIAL_CURRENT_STOCK_LIST_CANDIDATE,,false,,UNAVAILABLE_NO_EXACT_SESSION_OBSERVATION,,UNAVAILABLE
DWC,2026-10-01,18.9,0.14545454545454528,,,,,,,,,,,,,,,,,ABOVE_MA20_MOMENTUM_NEGATIVE,,2026-10-01T16:19:50.765598+07:00,UPCOM,,,,,,,,2026-10-01,2026-10-01,0,EXCHANGE_STOCK_LIST_CANDIDATE_NOT_COMMON_EQUITY_PROVEN,UPCOM,hnx_official_equity_universe/v1,,OFFICIAL_CURRENT_STOCK_LIST_CANDIDATE,,true,,EXACT_SESSION_RETAINED,CURRENT_DESCRIPTIVE_DNSE_REST_ADJUSTED_RETROSPECTIVE_RAW_AS_TRADED_NOT_PROMOTED,DIRECT_CANONICAL_MAPPING
DWS,,,,,,,,,,,,,,,,,,,,NOT_AVAILABLE,,,UPCOM,,,,,,,,,,,EXCHANGE_STOCK_LIST_CANDIDATE_NOT_COMMON_EQUITY_PROVEN,UPCOM,hnx_official_equity_universe/v1,,OFFICIAL_CURRENT_STOCK_LIST_CANDIDATE,,false,,UNAVAILABLE_NO_EXACT_SESSION_OBSERVATION,,UNAVAILABLE
DXG,2026-10-01,10.2,0.004926108374384119,,,,,,,,,,,,,,,,,BELOW_MA20_MOMENTUM_NEGATIVE,,2026-10-01T16:19:50.765598+07:00,HSX,,,,,,,,2026-10-01,2026-10-01,0,OFFICIAL_STOCK_MASTER_SECURITY_TYPE_NOT_COMMON_EQUITY_PROVEN,HOSE,hose_public_stock_master/v1,,OFFICIAL_CURRENT_EXCHANGE_SECURITY,,true,,EXACT_SESSION_RETAINED,CURRENT_DESCRIPTIVE_DNSE_REST_ADJUSTED_RETROSPECTIVE_RAW_AS_TRADED_NOT_PROMOTED,DIRECT_CANONICAL_MAPPING
DXL,,,,,,,,,,,,,,,,,,,,NOT_AVAILABLE,,,UPCOM,,,,,,,,,,,EXCHANGE_STOCK_LIST_CANDIDATE_NOT_COMMON_EQUITY_PROVEN,UPCOM,hnx_official_equity_universe/v1,,OFFICIAL_CURRENT_STOCK_LIST_CANDIDATE,,false,,UNAVAILABLE_NO_EXACT_SESSION_OBSERVATION,,UNAVAILABLE
DXP,2026-10-01,13.4,-0.014705882352941124,,,,,,,,,,,,,,,,,NEAR_MA20_NEUTRAL,,2026-10-01T16:19:50.765598+07:00,DELISTED,,,,,,,,2026-10-01,2026-10-01,0,EXCHANGE_STOCK_LIST_CANDIDATE_NOT_COMMON_EQUITY_PROVEN,HNX_LISTED,hnx_official_equity_universe/v1,,OFFICIAL_CURRENT_STOCK_LIST_CANDIDATE,,true,,EXACT_SESSION_RETAINED,CURRENT_DESCRIPTIVE_DNSE_REST_ADJUSTED_RETROSPECTIVE_RAW_AS_TRADED_NOT_PROMOTED,DIRECT_CANONICAL_MAPPING
DXS,2026-10-01,5.07,-0.007827788649706457,,,,,,,,,,,,,,,,,BELOW_MA20_MOMENTUM_NEGATIVE,,2026-10-01T16:19:50.765598+07:00,HSX,,,,,,,,2026-10-01,2026-10-01,0,OFFICIAL_STOCK_MASTER_SECURITY_TYPE_NOT_COMMON_EQUITY_PROVEN,HOSE,hose_public_stock_master/v1,,OFFICIAL_CURRENT_EXCHANGE_SECURITY,,true,,EXACT_SESSION_RETAINED,CURRENT_DESCRIPTIVE_DNSE_REST_ADJUSTED_RETROSPECTIVE_RAW_AS_TRADED_NOT_PROMOTED,DIRECT_CANONICAL_MAPPING
DXV,,,,,,,,,,,,,,,,,,,,NOT_AVAILABLE,,,HSX,,,,,,,,,,,OFFICIAL_STOCK_MASTER_SECURITY_TYPE_NOT_COMMON_EQUITY_PROVEN,HOSE,hose_public_stock_master/v1,,OFFICIAL_CURRENT_EXCHANGE_SECURITY,,false,,UNAVAILABLE_NO_EXACT_SESSION_OBSERVATION,,UNAVAILABLE
DZM,,,,,,,,,,,,,,,,,,,,NOT_AVAILABLE,,,DELISTED,,,,,,,,,,,INSTRUMENT_CLASS_UNRESOLVED,DELISTED,,,STOCKLOOKUP_ONLY_UNRESOLVED,,false,,UNAVAILABLE_NO_EXACT_SESSION_OBSERVATION,,UNAVAILABLE
E12,,,,,,,,,,,,,,,,,,,,NOT_AVAILABLE,,,UPCOM,,,,,,,,,,,EXCHANGE_STOCK_LIST_CANDIDATE_NOT_COMMON_EQUITY_PROVEN,UPCOM,hnx_official_equity_universe/v1,,OFFICIAL_CURRENT_STOCK_LIST_CANDIDATE,,false,,UNAVAILABLE_NO_EXACT_SESSION_OBSERVATION,,UNAVAILABLE
E29,,,,,,,,,,,,,,,,,,,,NOT_AVAILABLE,,,UPCOM,,,,,,,,,,,EXCHANGE_STOCK_LIST_CANDIDATE_NOT_COMMON_EQUITY_PROVEN,UPCOM,hnx_official_equity_universe/v1,,OFFICIAL_CURRENT_STOCK_LIST_CANDIDATE,,false,,UNAVAILABLE_NO_EXACT_SESSION_OBSERVATION,,UNAVAILABLE
EAD,,,,,,,,,,,,,,,,,,,,NOT_AVAILABLE,,,DELISTED,,,,,,,,,,,INSTRUMENT_CLASS_UNRESOLVED,DELISTED,,,STOCKLOOKUP_ONLY_UNRESOLVED,,false,,UNAVAILABLE_NO_EXACT_SESSION_OBSERVATION,,UNAVAILABLE
EBS,,,,,,,,,,,,,,,,,,,,NOT_AVAILABLE,,,DELISTED,,,,,,,,,,,EXCHANGE_STOCK_LIST_CANDIDATE_NOT_COMMON_EQUITY_PROVEN,HNX_LISTED,hnx_official_equity_universe/v1,,OFFICIAL_CURRENT_STOCK_LIST_CANDIDATE,,false,,UNAVAILABLE_NO_EXACT_SESSION_OBSERVATION,,UNAVAILABLE
ECI,,,,,,,,,,,,,,,,,,,,NOT_AVAILABLE,,,DELISTED,,,,,,,,,,,EXCHANGE_STOCK_LIST_CANDIDATE_NOT_COMMON_EQUITY_PROVEN,HNX_LISTED,hnx_official_equity_universe/v1,,OFFICIAL_CURRENT_STOCK_LIST_CANDIDATE,,false,,UNAVAILABLE_NO_EXACT_SESSION_OBSERVATION,,UNAVAILABLE
ECO,,,,,,,,,,,,,,,,,,,,NOT_AVAILABLE,,,UPCOM,,,,,,,,,,,EXCHANGE_STOCK_LIST_CANDIDATE_NOT_COMMON_EQUITY_PROVEN,UPCOM,hnx_official_equity_universe/v1,,OFFICIAL_CURRENT_STOCK_LIST_CANDIDATE,,false,,UNAVAILABLE_NO_EXACT_SESSION_OBSERVATION,,UNAVAILABLE
EFI,2026-10-01,1.7,-0.15000000000000002,,,,,,,,,,,,,,,,,BELOW_MA20_MOMENTUM_NEGATIVE,,2026-10-01T16:19:50.765598+07:00,UPCOM,,,,,,,,2026-10-01,2026-10-01,0,EXCHANGE_STOCK_LIST_CANDIDATE_NOT_COMMON_EQUITY_PROVEN,UPCOM,hnx_official_equity_universe/v1,,OFFICIAL_CURRENT_STOCK_LIST_CANDIDATE,,true,,EXACT_SESSION_RETAINED,CURRENT_DESCRIPTIVE_DNSE_REST_ADJUSTED_RETROSPECTIVE_RAW_AS_TRADED_NOT_PROMOTED,DIRECT_CANONICAL_MAPPING
EIB,2026-10-01,16.6,-0.02639296187683282,,,,,,,,,,,,,,,,,NEAR_MA20_NEUTRAL,,2026-10-01T16:19:50.765598+07:00,HSX,,,,,,,,2026-10-01,2026-10-01,0,OFFICIAL_STOCK_MASTER_SECURITY_TYPE_NOT_COMMON_EQUITY_PROVEN,HOSE,hose_public_stock_master/v1,,OFFICIAL_CURRENT_EXCHANGE_SECURITY,,true,,EXACT_SESSION_RETAINED,CURRENT_DESCRIPTIVE_DNSE_REST_ADJUSTED_RETROSPECTIVE_RAW_AS_TRADED_NOT_PROMOTED,DIRECT_CANONICAL_MAPPING
EIC,2026-10-01,19,-0.035532994923857864,,,,,,,,,,,,,,,,,BELOW_MA20_MOMENTUM_POSITIVE,,2026-10-01T16:19:50.765598+07:00,UPCOM,,,,,,,,2026-10-01,2026-10-01,0,EXCHANGE_STOCK_LIST_CANDIDATE_NOT_COMMON_EQUITY_PROVEN,UPCOM,hnx_official_equity_universe/v1,,OFFICIAL_CURRENT_STOCK_LIST_CANDIDATE,,true,,EXACT_SESSION_RETAINED,CURRENT_DESCRIPTIVE_DNSE_REST_ADJUSTED_RETROSPECTIVE_RAW_AS_TRADED_NOT_PROMOTED,DIRECT_CANONICAL_MAPPING
EID,2026-10-01,18.1,0.07100591715976345,,,,,,,,,,,,,,,,,NEAR_MA20_NEUTRAL,,2026-10-01T16:19:50.765598+07:00,DELISTED,,,,,,,,2026-10-01,2026-10-01,0,EXCHANGE_STOCK_LIST_CANDIDATE_NOT_COMMON_EQUITY_PROVEN,HNX_LISTED,hnx_official_equity_universe/v1,,OFFICIAL_CURRENT_STOCK_LIST_CANDIDATE,,true,,EXACT_SESSION_RETAINED,CURRENT_DESCRIPTIVE_DNSE_REST_ADJUSTED_RETROSPECTIVE_RAW_AS_TRADED_NOT_PROMOTED,DIRECT_CANONICAL_MAPPING
EIN,,,,,,,,,,,,,,,,,,,,NOT_AVAILABLE,,,UPCOM,,,,,,,,,,,EXCHANGE_STOCK_LIST_CANDIDATE_NOT_COMMON_EQUITY_PROVEN,UPCOM,hnx_official_equity_universe/v1,,OFFICIAL_CURRENT_STOCK_LIST_CANDIDATE,,false,,UNAVAILABLE_NO_EXACT_SESSION_OBSERVATION,,UNAVAILABLE
ELC,2026-10-01,12.5,-0.04580152671755722,,,,,,,,,,,,,,,,,BELOW_MA20_MOMENTUM_NEGATIVE,,2026-10-01T16:19:50.765598+07:00,HSX,,,,,,,,2026-10-01,2026-10-01,0,OFFICIAL_STOCK_MASTER_SECURITY_TYPE_NOT_COMMON_EQUITY_PROVEN,HOSE,hose_public_stock_master/v1,,OFFICIAL_CURRENT_EXCHANGE_SECURITY,,true,,EXACT_SESSION_RETAINED,CURRENT_DESCRIPTIVE_DNSE_REST_ADJUSTED_RETROSPECTIVE_RAW_AS_TRADED_NOT_PROMOTED,DIRECT_CANONICAL_MAPPING
EMC,,,,,,,,,,,,,,,,,,,,NOT_AVAILABLE,,,DELISTED,,,,,,,,,,,INSTRUMENT_CLASS_UNRESOLVED,DELISTED,,,STOCKLOOKUP_ONLY_UNRESOLVED,,false,,UNAVAILABLE_NO_EXACT_SESSION_OBSERVATION,,UNAVAILABLE
EME,,,,,,,,,,,,,,,,,,,,NOT_AVAILABLE,,,UPCOM,,,,,,,,,,,EXCHANGE_STOCK_LIST_CANDIDATE_NOT_COMMON_EQUITY_PROVEN,UPCOM,hnx_official_equity_universe/v1,,OFFICIAL_CURRENT_STOCK_LIST_CANDIDATE,,false,,UNAVAILABLE_NO_EXACT_SESSION_OBSERVATION,,UNAVAILABLE
EMG,,,,,,,,,,,,,,,,,,,,NOT_AVAILABLE,,,UPCOM,,,,,,,,,,,EXCHANGE_STOCK_LIST_CANDIDATE_NOT_COMMON_EQUITY_PROVEN,UPCOM,hnx_official_equity_universe/v1,,OFFICIAL_CURRENT_STOCK_LIST_CANDIDATE,,false,,UNAVAILABLE_NO_EXACT_SESSION_OBSERVATION,,UNAVAILABLE
EMS,2026-10-01,21.9,-0.022321428571428603,,,,,,,,,,,,,,,,,ABOVE_MA20_MOMENTUM_POSITIVE,,2026-10-01T16:19:50.765598+07:00,UPCOM,,,,,,,,2026-10-01,2026-10-01,0,EXCHANGE_STOCK_LIST_CANDIDATE_NOT_COMMON_EQUITY_PROVEN,UPCOM,hnx_official_equity_universe/v1,,OFFICIAL_CURRENT_STOCK_LIST_CANDIDATE,,true,,EXACT_SESSION_RETAINED,CURRENT_DESCRIPTIVE_DNSE_REST_ADJUSTED_RETROSPECTIVE_RAW_AS_TRADED_NOT_PROMOTED,DIRECT_CANONICAL_MAPPING
EPC,,,,,,,,,,,,,,,,,,,,NOT_AVAILABLE,,,DELISTED,,,,,,,,,,,INSTRUMENT_CLASS_UNRESOLVED,DELISTED,,,STOCKLOOKUP_ONLY_UNRESOLVED,,false,,UNAVAILABLE_NO_EXACT_SESSION_OBSERVATION,,UNAVAILABLE
EPH,,,,,,,,,,,,,,,,,,,,NOT_AVAILABLE,,,DELISTED,,,,,,,,,,,INSTRUMENT_CLASS_UNRESOLVED,DELISTED,,,STOCKLOOKUP_ONLY_UNRESOLVED,,false,,UNAVAILABLE_NO_EXACT_SESSION_OBSERVATION,,UNAVAILABLE
EVE,2026-10-01,8.5,-0.005847953216374324,,,,,,,,,,,,,,,,,NEAR_MA20_NEUTRAL,,2026-10-01T16:19:50.765598+07:00,HSX,,,,,,,,2026-10-01,2026-10-01,0,OFFICIAL_STOCK_MASTER_SECURITY_TYPE_NOT_COMMON_EQUITY_PROVEN,HOSE,hose_public_stock_master/v1,,OFFICIAL_CURRENT_EXCHANGE_SECURITY,,true,,EXACT_SESSION_RETAINED,CURRENT_DESCRIPTIVE_DNSE_REST_ADJUSTED_RETROSPECTIVE_RAW_AS_TRADED_NOT_PROMOTED,DIRECT_CANONICAL_MAPPING
EVF,2026-10-01,11.5,-0.008620689655172376,,,,,,,,,,,,,,,,,NEAR_MA20_NEUTRAL,,2026-10-01T16:19:50.765598+07:00,HSX,finance_company,,,,,,,2026-10-01,2026-10-01,0,OFFICIAL_STOCK_MASTER_SECURITY_TYPE_NOT_COMMON_EQUITY_PROVEN,HOSE,hose_public_stock_master/v1,,OFFICIAL_CURRENT_EXCHANGE_SECURITY,,true,,EXACT_SESSION_RETAINED,CURRENT_DESCRIPTIVE_DNSE_REST_ADJUSTED_RETROSPECTIVE_RAW_AS_TRADED_NOT_PROMOTED,DIRECT_CANONICAL_MAPPING
EVG,2026-10-01,3.89,0.002577319587628857,,,,,,,,,,,,,,,,,BELOW_MA20_MOMENTUM_NEGATIVE,,2026-10-01T16:19:50.765598+07:00,HSX,,,,,,,,2026-10-01,2026-10-01,0,OFFICIAL_STOCK_MASTER_SECURITY_TYPE_NOT_COMMON_EQUITY_PROVEN,HOSE,hose_public_stock_master/v1,,OFFICIAL_CURRENT_EXCHANGE_SECURITY,,true,,EXACT_SESSION_RETAINED,CURRENT_DESCRIPTIVE_DNSE_REST_ADJUSTED_RETROSPECTIVE_RAW_AS_TRADED_NOT_PROMOTED,DIRECT_CANONICAL_MAPPING
EVS,2026-10-01,4.9,-0.019999999999999907,,,,,,,,,,,,,,,,,BELOW_MA20_MOMENTUM_NEGATIVE,,2026-10-01T16:19:50.765598+07:00,DELISTED,,,,,,,,2026-10-01,2026-10-01,0,EXCHANGE_STOCK_LIST_CANDIDATE_NOT_COMMON_EQUITY_PROVEN,HNX_LISTED,hnx_official_equity_universe/v1,,OFFICIAL_CURRENT_STOCK_LIST_CANDIDATE,,true,,EXACT_SESSION_RETAINED,CURRENT_DESCRIPTIVE_DNSE_REST_ADJUSTED_RETROSPECTIVE_RAW_AS_TRADED_NOT_PROMOTED,DIRECT_CANONICAL_MAPPING
F88,2026-10-01,50,-0.025341130604288442,,,,,,,,,,,,,,,,,BELOW_MA20_MOMENTUM_NEGATIVE,,2026-10-01T16:19:50.765598+07:00,UPCOM,,,,,,,,2026-10-01,2026-10-01,0,EXCHANGE_STOCK_LIST_CANDIDATE_NOT_COMMON_EQUITY_PROVEN,UPCOM,hnx_official_equity_universe/v1,,OFFICIAL_CURRENT_STOCK_LIST_CANDIDATE,,true,,EXACT_SESSION_RETAINED,CURRENT_DESCRIPTIVE_DNSE_REST_ADJUSTED_RETROSPECTIVE_RAW_AS_TRADED_NOT_PROMOTED,DIRECT_CANONICAL_MAPPING
FBA,,,,,,,,,,,,,,,,,,,,NOT_AVAILABLE,,,DELISTED,,,,,,,,,,,INSTRUMENT_CLASS_UNRESOLVED,DELISTED,,,STOCKLOOKUP_ONLY_UNRESOLVED,,false,,UNAVAILABLE_NO_EXACT_SESSION_OBSERVATION,,UNAVAILABLE
FBC,,,,,,,,,,,,,,,,,,,,NOT_AVAILABLE,,,UPCOM,,,,,,,,,,,EXCHANGE_STOCK_LIST_CANDIDATE_NOT_COMMON_EQUITY_PROVEN,UPCOM,hnx_official_equity_universe/v1,,OFFICIAL_CURRENT_STOCK_LIST_CANDIDATE,,false,,UNAVAILABLE_NO_EXACT_SESSION_OBSERVATION,,UNAVAILABLE
FCC,,,,,,,,,,,,,,,,,,,,NOT_AVAILABLE,,,UPCOM,,,,,,,,,,,EXCHANGE_STOCK_LIST_CANDIDATE_NOT_COMMON_EQUITY_PROVEN,UPCOM,hnx_official_equity_universe/v1,,OFFICIAL_CURRENT_STOCK_LIST_CANDIDATE,,false,,UNAVAILABLE_NO_EXACT_SESSION_OBSERVATION,,UNAVAILABLE
FCM,2026-10-01,2.85,0.017857142857143016,,,,,,,,,,,,,,,,,BELOW_MA20_MOMENTUM_NEGATIVE,,2026-10-01T16:19:50.765598+07:00,HSX,,,,,,,,2026-10-01,2026-10-01,0,OFFICIAL_STOCK_MASTER_SECURITY_TYPE_NOT_COMMON_EQUITY_PROVEN,HOSE,hose_public_stock_master/v1,,OFFICIAL_CURRENT_EXCHANGE_SECURITY,,true,,EXACT_SESSION_RETAINED,CURRENT_DESCRIPTIVE_DNSE_REST_ADJUSTED_RETROSPECTIVE_RAW_AS_TRADED_NOT_PROMOTED,DIRECT_CANONICAL_MAPPING
FCN,2026-10-01,10.6,-0.0046948356807512415,,,,,,,,,,,,,,,,,BELOW_MA20_MOMENTUM_NEGATIVE,,2026-10-01T16:19:50.765598+07:00,HSX,,,,,,,,2026-10-01,2026-10-01,0,OFFICIAL_STOCK_MASTER_SECURITY_TYPE_NOT_COMMON_EQUITY_PROVEN,HOSE,hose_public_stock_master/v1,,OFFICIAL_CURRENT_EXCHANGE_SECURITY,,true,,EXACT_SESSION_RETAINED,CURRENT_DESCRIPTIVE_DNSE_REST_ADJUSTED_RETROSPECTIVE_RAW_AS_TRADED_NOT_PROMOTED,DIRECT_CANONICAL_MAPPING
FCS,,,,,,,,,,,,,,,,,,,,NOT_AVAILABLE,,,UPCOM,,,,,,,,,,,EXCHANGE_STOCK_LIST_CANDIDATE_NOT_COMMON_EQUITY_PROVEN,UPCOM,hnx_official_equity_universe/v1,,OFFICIAL_CURRENT_STOCK_LIST_CANDIDATE,,false,,UNAVAILABLE_NO_EXACT_SESSION_OBSERVATION,,UNAVAILABLE
FDC,,,,,,,,,,,,,,,,,,,,NOT_AVAILABLE,,,HSX,,,,,,,,,,,OFFICIAL_STOCK_MASTER_SECURITY_TYPE_NOT_COMMON_EQUITY_PROVEN,HOSE,hose_public_stock_master/v1,,OFFICIAL_CURRENT_EXCHANGE_SECURITY,,false,,UNAVAILABLE_NO_EXACT_SESSION_OBSERVATION,,UNAVAILABLE
FDG,,,,,,,,,,,,,,,,,,,,NOT_AVAILABLE,,,DELISTED,,,,,,,,,,,INSTRUMENT_CLASS_UNRESOLVED,DELISTED,,,STOCKLOOKUP_ONLY_UNRESOLVED,,false,,UNAVAILABLE_NO_EXACT_SESSION_OBSERVATION,,UNAVAILABLE
FGL,,,,,,,,,,,,,,,,,,,,NOT_AVAILABLE,,,UPCOM,,,,,,,,,,,EXCHANGE_STOCK_LIST_CANDIDATE_NOT_COMMON_EQUITY_PROVEN,UPCOM,hnx_official_equity_universe/v1,,OFFICIAL_CURRENT_STOCK_LIST_CANDIDATE,,false,,UNAVAILABLE_NO_EXACT_SESSION_OBSERVATION,,UNAVAILABLE
FHN,,,,,,,,,,,,,,,,,,,,NOT_AVAILABLE,,,UPCOM,,,,,,,,,,,EXCHANGE_STOCK_LIST_CANDIDATE_NOT_COMMON_EQUITY_PROVEN,UPCOM,hnx_official_equity_universe/v1,,OFFICIAL_CURRENT_STOCK_LIST_CANDIDATE,,false,,UNAVAILABLE_NO_EXACT_SESSION_OBSERVATION,,UNAVAILABLE
FHS,,,,,,,,,,,,,,,,,,,,NOT_AVAILABLE,,,UPCOM,,,,,,,,,,,EXCHANGE_STOCK_LIST_CANDIDATE_NOT_COMMON_EQUITY_PROVEN,UPCOM,hnx_official_equity_universe/v1,,OFFICIAL_CURRENT_STOCK_LIST_CANDIDATE,,false,,UNAVAILABLE_NO_EXACT_SESSION_OBSERVATION,,UNAVAILABLE
FIC,2026-10-01,15,0.0,,,,,,,,,,,,,,,,,BELOW_MA20_MOMENTUM_NEGATIVE,,2026-10-01T16:19:50.765598+07:00,UPCOM,,,,,,,,2026-10-01,2026-10-01,0,EXCHANGE_STOCK_LIST_CANDIDATE_NOT_COMMON_EQUITY_PROVEN,UPCOM,hnx_official_equity_universe/v1,,OFFICIAL_CURRENT_STOCK_LIST_CANDIDATE,,true,,EXACT_SESSION_RETAINED,CURRENT_DESCRIPTIVE_DNSE_REST_ADJUSTED_RETROSPECTIVE_RAW_AS_TRADED_NOT_PROMOTED,DIRECT_CANONICAL_MAPPING
FID,,,,,,,,,,,,,,,,,,,,NOT_AVAILABLE,,,DELISTED,,,,,,,,,,,EXCHANGE_STOCK_LIST_CANDIDATE_NOT_COMMON_EQUITY_PROVEN,HNX_LISTED,hnx_official_equity_universe/v1,,OFFICIAL_CURRENT_STOCK_LIST_CANDIDATE,,false,,UNAVAILABLE_NO_EXACT_SESSION_OBSERVATION,,UNAVAILABLE
FIR,2026-10-01,2.52,0.0,,,,,,,,,,,,,,,,,BELOW_MA20_MOMENTUM_NEGATIVE,,2026-10-01T16:19:50.765598+07:00,HSX,,,,,,,,2026-10-01,2026-10-01,0,OFFICIAL_STOCK_MASTER_SECURITY_TYPE_NOT_COMMON_EQUITY_PROVEN,HOSE,hose_public_stock_master/v1,,OFFICIAL_CURRENT_EXCHANGE_SECURITY,,true,,EXACT_SESSION_RETAINED,CURRENT_DESCRIPTIVE_DNSE_REST_ADJUSTED_RETROSPECTIVE_RAW_AS_TRADED_NOT_PROMOTED,DIRECT_CANONICAL_MAPPING
FIT,2026-10-01,2.94,0.010309278350515427,,,,,,,,,,,,,,,,,NEAR_MA20_NEUTRAL,,2026-10-01T16:19:50.765598+07:00,HSX,,,,,,,,2026-10-01,2026-10-01,0,OFFICIAL_STOCK_MASTER_SECURITY_TYPE_NOT_COMMON_EQUITY_PROVEN,HOSE,hose_public_stock_master/v1,,OFFICIAL_CURRENT_EXCHANGE_SECURITY,,true,,EXACT_SESSION_RETAINED,CURRENT_DESCRIPTIVE_DNSE_REST_ADJUSTED_RETROSPECTIVE_RAW_AS_TRADED_NOT_PROMOTED,DIRECT_CANONICAL_MAPPING
FLC,,,,,,,,,,,,,,,,,,,,NOT_AVAILABLE,,,DELISTED,,,,,,,,,,,INSTRUMENT_CLASS_UNRESOLVED,DELISTED,,,STOCKLOOKUP_ONLY_UNRESOLVED,,false,,UNAVAILABLE_NO_EXACT_SESSION_OBSERVATION,,UNAVAILABLE
FMC,2026-10-01,32.75,-0.007575757575757569,,,,,,,,,,,,,,,,,NEAR_MA20_NEUTRAL,,2026-10-01T16:19:50.765598+07:00,HSX,,,,,,,,2026-10-01,2026-10-01,0,OFFICIAL_STOCK_MASTER_SECURITY_TYPE_NOT_COMMON_EQUITY_PROVEN,HOSE,hose_public_stock_master/v1,,OFFICIAL_CURRENT_EXCHANGE_SECURITY,,true,,EXACT_SESSION_RETAINED,CURRENT_DESCRIPTIVE_DNSE_REST_ADJUSTED_RETROSPECTIVE_RAW_AS_TRADED_NOT_PROMOTED,DIRECT_CANONICAL_MAPPING
FOC,2026-10-01,61.1,-0.008116883116883078,,,,,,,,,,,,,,,,,NEAR_MA20_NEUTRAL,,2026-10-01T16:19:50.765598+07:00,UPCOM,,,,,,,,2026-10-01,2026-10-01,0,EXCHANGE_STOCK_LIST_CANDIDATE_NOT_COMMON_EQUITY_PROVEN,UPCOM,hnx_official_equity_universe/v1,,OFFICIAL_CURRENT_STOCK_LIST_CANDIDATE,,true,,EXACT_SESSION_RETAINED,CURRENT_DESCRIPTIVE_DNSE_REST_ADJUSTED_RETROSPECTIVE_RAW_AS_TRADED_NOT_PROMOTED,DIRECT_CANONICAL_MAPPING
FOX,2026-10-01,60.2,0.0033333333333334103,,,,,,,,,,,,,,,,,BELOW_MA20_MOMENTUM_NEGATIVE,,2026-10-01T16:19:50.765598+07:00,UPCOM,,,,,,,,2026-10-01,2026-10-01,0,EXCHANGE_STOCK_LIST_CANDIDATE_NOT_COMMON_EQUITY_PROVEN,UPCOM,hnx_official_equity_universe/v1,,OFFICIAL_CURRENT_STOCK_LIST_CANDIDATE,,true,,EXACT_SESSION_RETAINED,CURRENT_DESCRIPTIVE_DNSE_REST_ADJUSTED_RETROSPECTIVE_RAW_AS_TRADED_NOT_PROMOTED,DIRECT_CANONICAL_MAPPING
FPT,2026-10-01,62.7,-0.004761904761904745,,,,,,,,,,,,,,,,,BELOW_MA20_MOMENTUM_NEGATIVE,,2026-10-01T16:19:50.765598+07:00,HSX,corporate,,,,,,,2026-10-01,2026-10-01,0,OFFICIAL_STOCK_MASTER_SECURITY_TYPE_NOT_COMMON_EQUITY_PROVEN,HOSE,hose_public_stock_master/v1,,OFFICIAL_CURRENT_EXCHANGE_SECURITY,,true,,EXACT_SESSION_RETAINED,CURRENT_DESCRIPTIVE_DNSE_REST_ADJUSTED_RETROSPECTIVE_RAW_AS_TRADED_NOT_PROMOTED,DIRECT_CANONICAL_MAPPING
FRC,,,,,,,,,,,,,,,,,,,,NOT_AVAILABLE,,,UPCOM,,,,,,,,,,,EXCHANGE_STOCK_LIST_CANDIDATE_NOT_COMMON_EQUITY_PROVEN,UPCOM,hnx_official_equity_universe/v1,,OFFICIAL_CURRENT_STOCK_LIST_CANDIDATE,,false,,UNAVAILABLE_NO_EXACT_SESSION_OBSERVATION,,UNAVAILABLE
FRM,,,,,,,,,,,,,,,,,,,,NOT_AVAILABLE,,,UPCOM,,,,,,,,,,,EXCHANGE_STOCK_LIST_CANDIDATE_NOT_COMMON_EQUITY_PROVEN,UPCOM,hnx_official_equity_universe/v1,,OFFICIAL_CURRENT_STOCK_LIST_CANDIDATE,,false,,UNAVAILABLE_NO_EXACT_SESSION_OBSERVATION,,UNAVAILABLE
FRT,2026-10-01,146.6,-0.0027210884353742193,,,,,,,,,,,,,,,,,ABOVE_MA20_MOMENTUM_POSITIVE,,2026-10-01T16:19:50.765598+07:00,HSX,,,,,,,,2026-10-01,2026-10-01,0,OFFICIAL_STOCK_MASTER_SECURITY_TYPE_NOT_COMMON_EQUITY_PROVEN,HOSE,hose_public_stock_master/v1,,OFFICIAL_CURRENT_EXCHANGE_SECURITY,,true,,EXACT_SESSION_RETAINED,CURRENT_DESCRIPTIVE_DNSE_REST_ADJUSTED_RETROSPECTIVE_RAW_AS_TRADED_NOT_PROMOTED,DIRECT_CANONICAL_MAPPING
FSO,,,,,,,,,,,,,,,,,,,,NOT_AVAILABLE,,,UPCOM,,,,,,,,,,,EXCHANGE_STOCK_LIST_CANDIDATE_NOT_COMMON_EQUITY_PROVEN,UPCOM,hnx_official_equity_universe/v1,,OFFICIAL_CURRENT_STOCK_LIST_CANDIDATE,,false,,UNAVAILABLE_NO_EXACT_SESSION_OBSERVATION,,UNAVAILABLE
FT1,,,,,,,,,,,,,,,,,,,,NOT_AVAILABLE,,,UPCOM,,,,,,,,,,,EXCHANGE_STOCK_LIST_CANDIDATE_NOT_COMMON_EQUITY_PROVEN,UPCOM,hnx_official_equity_universe/v1,,OFFICIAL_CURRENT_STOCK_LIST_CANDIDATE,,false,,UNAVAILABLE_NO_EXACT_SESSION_OBSERVATION,,UNAVAILABLE
FTI,,,,,,,,,,,,,,,,,,,,NOT_AVAILABLE,,,UPCOM,,,,,,,,,,,EXCHANGE_STOCK_LIST_CANDIDATE_NOT_COMMON_EQUITY_PROVEN,UPCOM,hnx_official_equity_universe/v1,,OFFICIAL_CURRENT_STOCK_LIST_CANDIDATE,,false,,UNAVAILABLE_NO_EXACT_SESSION_OBSERVATION,,UNAVAILABLE
FTM,,,,,,,,,,,,,,,,,,,,NOT_AVAILABLE,,,UPCOM,,,,,,,,,,,EXCHANGE_STOCK_LIST_CANDIDATE_NOT_COMMON_EQUITY_PROVEN,UPCOM,hnx_official_equity_universe/v1,,OFFICIAL_CURRENT_STOCK_LIST_CANDIDATE,,false,,UNAVAILABLE_NO_EXACT_SESSION_OBSERVATION,,UNAVAILABLE
FTS,2026-10-01,18.9,-0.01305483028720622,,,,,,,,,,,,,,,,,BELOW_MA20_MOMENTUM_NEGATIVE,,2026-10-01T16:19:50.765598+07:00,HSX,,,,,,,,2026-10-01,2026-10-01,0,OFFICIAL_STOCK_MASTER_SECURITY_TYPE_NOT_COMMON_EQUITY_PROVEN,HOSE,hose_public_stock_master/v1,,OFFICIAL_CURRENT_EXCHANGE_SECURITY,,true,,EXACT_SESSION_RETAINED,CURRENT_DESCRIPTIVE_DNSE_REST_ADJUSTED_RETROSPECTIVE_RAW_AS_TRADED_NOT_PROMOTED,DIRECT_CANONICAL_MAPPING
G20,,,,,,,,,,,,,,,,,,,,NOT_AVAILABLE,,,UPCOM,,,,,,,,,,,EXCHANGE_STOCK_LIST_CANDIDATE_NOT_COMMON_EQUITY_PROVEN,UPCOM,hnx_official_equity_universe/v1,,OFFICIAL_CURRENT_STOCK_LIST_CANDIDATE,,false,,UNAVAILABLE_NO_EXACT_SESSION_OBSERVATION,,UNAVAILABLE
G36,2026-10-01,7.7,0.0,,,,,,,,,,,,,,,,,BELOW_MA20_MOMENTUM_NEGATIVE,,2026-10-01T16:19:50.765598+07:00,UPCOM,,,,,,,,2026-10-01,2026-10-01,0,EXCHANGE_STOCK_LIST_CANDIDATE_NOT_COMMON_EQUITY_PROVEN,UPCOM,hnx_official_equity_universe/v1,,OFFICIAL_CURRENT_STOCK_LIST_CANDIDATE,,true,,EXACT_SESSION_RETAINED,CURRENT_DESCRIPTIVE_DNSE_REST_ADJUSTED_RETROSPECTIVE_RAW_AS_TRADED_NOT_PROMOTED,DIRECT_CANONICAL_MAPPING
GAB,,,,,,,,,,,,,,,,,,,,NOT_AVAILABLE,,,DELISTED,,,,,,,,,,,INSTRUMENT_CLASS_UNRESOLVED,DELISTED,,,STOCKLOOKUP_ONLY_UNRESOLVED,,false,,UNAVAILABLE_NO_EXACT_SESSION_OBSERVATION,,UNAVAILABLE
GAS,2026-10-01,82,0.0,,,,,,,,,,,,,,,,,NEAR_MA20_NEUTRAL,,2026-10-01T16:19:50.765598+07:00,HSX,corporate,,,,,,,2026-10-01,2026-10-01,0,OFFICIAL_STOCK_MASTER_SECURITY_TYPE_NOT_COMMON_EQUITY_PROVEN,HOSE,hose_public_stock_master/v1,,OFFICIAL_CURRENT_EXCHANGE_SECURITY,,true,,EXACT_SESSION_RETAINED,CURRENT_DESCRIPTIVE_DNSE_REST_ADJUSTED_RETROSPECTIVE_RAW_AS_TRADED_NOT_PROMOTED,DIRECT_CANONICAL_MAPPING
GCB,,,,,,,,,,,,,,,,,,,,NOT_AVAILABLE,,,UPCOM,,,,,,,,,,,EXCHANGE_STOCK_LIST_CANDIDATE_NOT_COMMON_EQUITY_PROVEN,UPCOM,hnx_official_equity_universe/v1,,OFFICIAL_CURRENT_STOCK_LIST_CANDIDATE,,false,,UNAVAILABLE_NO_EXACT_SESSION_OBSERVATION,,UNAVAILABLE
GCF,2026-10-01,18.1,0.0,,,,,,,,,,,,,,,,,BELOW_MA20_MOMENTUM_NEGATIVE,,2026-10-01T16:19:50.765598+07:00,UPCOM,,,,,,,,2026-10-01,2026-10-01,0,EXCHANGE_STOCK_LIST_CANDIDATE_NOT_COMMON_EQUITY_PROVEN,UPCOM,hnx_official_equity_universe/v1,,OFFICIAL_CURRENT_STOCK_LIST_CANDIDATE,,true,,EXACT_SESSION_RETAINED,CURRENT_DESCRIPTIVE_DNSE_REST_ADJUSTED_RETROSPECTIVE_RAW_AS_TRADED_NOT_PROMOTED,DIRECT_CANONICAL_MAPPING
GDA,2026-10-01,12.4,0.0,,,,,,,,,,,,,,,,,ABOVE_MA20_MOMENTUM_POSITIVE,,2026-10-01T16:19:50.765598+07:00,UPCOM,,,,,,,,2026-10-01,2026-10-01,0,EXCHANGE_STOCK_LIST_CANDIDATE_NOT_COMMON_EQUITY_PROVEN,UPCOM,hnx_official_equity_universe/v1,,OFFICIAL_CURRENT_STOCK_LIST_CANDIDATE,,true,,EXACT_SESSION_RETAINED,CURRENT_DESCRIPTIVE_DNSE_REST_ADJUSTED_RETROSPECTIVE_RAW_AS_TRADED_NOT_PROMOTED,DIRECT_CANONICAL_MAPPING
GDH,2026-10-01,8.8,-0.022222222222222143,,,,,,,,,,,,,,,,,BELOW_MA20_MOMENTUM_POSITIVE,,2026-10-01T16:19:50.765598+07:00,UPCOM,,,,,,,,2026-10-01,2026-10-01,0,EXCHANGE_STOCK_LIST_CANDIDATE_NOT_COMMON_EQUITY_PROVEN,UPCOM,hnx_official_equity_universe/v1,,OFFICIAL_CURRENT_STOCK_LIST_CANDIDATE,,true,,EXACT_SESSION_RETAINED,CURRENT_DESCRIPTIVE_DNSE_REST_ADJUSTED_RETROSPECTIVE_RAW_AS_TRADED_NOT_PROMOTED,DIRECT_CANONICAL_MAPPING
GDT,2026-10-01,15.9,0.006329113924050667,,,,,,,,,,,,,,,,,NEAR_MA20_NEUTRAL,,2026-10-01T16:19:50.765598+07:00,HSX,,,,,,,,2026-10-01,2026-10-01,0,OFFICIAL_STOCK_MASTER_SECURITY_TYPE_NOT_COMMON_EQUITY_PROVEN,HOSE,hose_public_stock_master/v1,,OFFICIAL_CURRENT_EXCHANGE_SECURITY,,true,,EXACT_SESSION_RETAINED,CURRENT_DESCRIPTIVE_DNSE_REST_ADJUSTED_RETROSPECTIVE_RAW_AS_TRADED_NOT_PROMOTED,DIRECT_CANONICAL_MAPPING
GDW,,,,,,,,,,,,,,,,,,,,NOT_AVAILABLE,,,DELISTED,,,,,,,,,,,EXCHANGE_STOCK_LIST_CANDIDATE_NOT_COMMON_EQUITY_PROVEN,HNX_LISTED,hnx_official_equity_universe/v1,,OFFICIAL_CURRENT_STOCK_LIST_CANDIDATE,,false,,UNAVAILABLE_NO_EXACT_SESSION_OBSERVATION,,UNAVAILABLE
GE2,,,,,,,,,,,,,,,,,,,,NOT_AVAILABLE,,,DELISTED,,,,,,,,,,,INSTRUMENT_CLASS_UNRESOLVED,DELISTED,,,STOCKLOOKUP_ONLY_UNRESOLVED,,false,,UNAVAILABLE_NO_EXACT_SESSION_OBSERVATION,,UNAVAILABLE
GEE,2026-10-01,71.5,-0.05548216644649939,,,,,,,,,,,,,,,,,ABOVE_MA20_MOMENTUM_POSITIVE,,2026-10-01T16:19:50.765598+07:00,HSX,,,,,,,,2026-10-01,2026-10-01,0,OFFICIAL_STOCK_MASTER_SECURITY_TYPE_NOT_COMMON_EQUITY_PROVEN,HOSE,hose_public_stock_master/v1,,OFFICIAL_CURRENT_EXCHANGE_SECURITY,,true,,EXACT_SESSION_RETAINED,CURRENT_DESCRIPTIVE_DNSE_REST_ADJUSTED_RETROSPECTIVE_RAW_AS_TRADED_NOT_PROMOTED,DIRECT_CANONICAL_MAPPING
GEG,2026-10-01,11.9,0.0,,,,,,,,,,,,,,,,,BELOW_MA20_MOMENTUM_NEGATIVE,,2026-10-01T16:19:50.765598+07:00,HSX,,,,,,,,2026-10-01,2026-10-01,0,OFFICIAL_STOCK_MASTER_SECURITY_TYPE_NOT_COMMON_EQUITY_PROVEN,HOSE,hose_public_stock_master/v1,,OFFICIAL_CURRENT_EXCHANGE_SECURITY,,true,,EXACT_SESSION_RETAINED,CURRENT_DESCRIPTIVE_DNSE_REST_ADJUSTED_RETROSPECTIVE_RAW_AS_TRADED_NOT_PROMOTED,DIRECT_CANONICAL_MAPPING
GEL,2026-10-01,28.15,-0.045762711864406835,,,,,,,,,,,,,,,,,NEAR_MA20_NEUTRAL,,2026-10-01T16:19:50.765598+07:00,HSX,,,,,,,,2026-10-01,2026-10-01,0,OFFICIAL_STOCK_MASTER_SECURITY_TYPE_NOT_COMMON_EQUITY_PROVEN,HOSE,hose_public_stock_master/v1,,OFFICIAL_CURRENT_EXCHANGE_SECURITY,,true,,EXACT_SESSION_RETAINED,CURRENT_DESCRIPTIVE_DNSE_REST_ADJUSTED_RETROSPECTIVE_RAW_AS_TRADED_NOT_PROMOTED,DIRECT_CANONICAL_MAPPING
GER,,,,,,,,,,,,,,,,,,,,NOT_AVAILABLE,,,UPCOM,,,,,,,,,,,EXCHANGE_STOCK_LIST_CANDIDATE_NOT_COMMON_EQUITY_PROVEN,UPCOM,hnx_official_equity_universe/v1,,OFFICIAL_CURRENT_STOCK_LIST_CANDIDATE,,false,,UNAVAILABLE_NO_EXACT_SESSION_OBSERVATION,,UNAVAILABLE
GEX,2026-10-01,23.75,-0.014522821576763545,,,,,,,,,,,,,,,,,NEAR_MA20_NEUTRAL,,2026-10-01T16:19:50.765598+07:00,HSX,,,,,,,,2026-10-01,2026-10-01,0,OFFICIAL_STOCK_MASTER_SECURITY_TYPE_NOT_COMMON_EQUITY_PROVEN,HOSE,hose_public_stock_master/v1,,OFFICIAL_CURRENT_EXCHANGE_SECURITY,,true,,EXACT_SESSION_RETAINED,CURRENT_DESCRIPTIVE_DNSE_REST_ADJUSTED_RETROSPECTIVE_RAW_AS_TRADED_NOT_PROMOTED,DIRECT_CANONICAL_MAPPING
GGG,,,,,,,,,,,,,,,,,,,,NOT_AVAILABLE,,,UPCOM,,,,,,,,,,,EXCHANGE_STOCK_LIST_CANDIDATE_NOT_COMMON_EQUITY_PROVEN,UPCOM,hnx_official_equity_universe/v1,,OFFICIAL_CURRENT_STOCK_LIST_CANDIDATE,,false,,UNAVAILABLE_NO_EXACT_SESSION_OBSERVATION,,UNAVAILABLE
GH3,,,,,,,,,,,,,,,,,,,,NOT_AVAILABLE,,,UPCOM,,,,,,,,,,,EXCHANGE_STOCK_LIST_CANDIDATE_NOT_COMMON_EQUITY_PROVEN,UPCOM,hnx_official_equity_universe/v1,,OFFICIAL_CURRENT_STOCK_LIST_CANDIDATE,,false,,UNAVAILABLE_NO_EXACT_SESSION_OBSERVATION,,UNAVAILABLE
GHC,2026-10-01,24.05,0.0,,,,,,,,,,,,,,,,,NEAR_MA20_NEUTRAL,,2026-10-01T16:19:50.765598+07:00,HSX,,,,,,,,2026-10-01,2026-10-01,0,OFFICIAL_STOCK_MASTER_SECURITY_TYPE_NOT_COMMON_EQUITY_PROVEN,HOSE,hose_public_stock_master/v1,,OFFICIAL_CURRENT_EXCHANGE_SECURITY,,true,,EXACT_SESSION_RETAINED,CURRENT_DESCRIPTIVE_DNSE_REST_ADJUSTED_RETROSPECTIVE_RAW_AS_TRADED_NOT_PROMOTED,DIRECT_CANONICAL_MAPPING
GIC,,,,,,,,,,,,,,,,,,,,NOT_AVAILABLE,,,DELISTED,,,,,,,,,,,EXCHANGE_STOCK_LIST_CANDIDATE_NOT_COMMON_EQUITY_PROVEN,HNX_LISTED,hnx_official_equity_universe/v1,,OFFICIAL_CURRENT_STOCK_LIST_CANDIDATE,,false,,UNAVAILABLE_NO_EXACT_SESSION_OBSERVATION,,UNAVAILABLE
GIL,2026-10-01,7.94,0.002525252525252597,,,,,,,,,,,,,,,,,NEAR_MA20_NEUTRAL,,2026-10-01T16:19:50.765598+07:00,HSX,,,,,,,,2026-10-01,2026-10-01,0,OFFICIAL_STOCK_MASTER_SECURITY_TYPE_NOT_COMMON_EQUITY_PROVEN,HOSE,hose_public_stock_master/v1,,OFFICIAL_CURRENT_EXCHANGE_SECURITY,,true,,EXACT_SESSION_RETAINED,CURRENT_DESCRIPTIVE_DNSE_REST_ADJUSTED_RETROSPECTIVE_RAW_AS_TRADED_NOT_PROMOTED,DIRECT_CANONICAL_MAPPING
GKM,,,,,,,,,,,,,,,,,,,,NOT_AVAILABLE,,,DELISTED,,,,,,,,,,,EXCHANGE_STOCK_LIST_CANDIDATE_NOT_COMMON_EQUITY_PROVEN,HNX_LISTED,hnx_official_equity_universe/v1,,OFFICIAL_CURRENT_STOCK_LIST_CANDIDATE,,false,,UNAVAILABLE_NO_EXACT_SESSION_OBSERVATION,,UNAVAILABLE
GLC,,,,,,,,,,,,,,,,,,,,NOT_AVAILABLE,,,UPCOM,,,,,,,,,,,EXCHANGE_STOCK_LIST_CANDIDATE_NOT_COMMON_EQUITY_PROVEN,UPCOM,hnx_official_equity_universe/v1,,OFFICIAL_CURRENT_STOCK_LIST_CANDIDATE,,false,,UNAVAILABLE_NO_EXACT_SESSION_OBSERVATION,,UNAVAILABLE
GLT,2026-10-01,21.6,-0.004608294930875445,,,,,,,,,,,,,,,,,BELOW_MA20_MOMENTUM_POSITIVE,,2026-10-01T16:19:50.765598+07:00,DELISTED,,,,,,,,2026-10-01,2026-10-01,0,EXCHANGE_STOCK_LIST_CANDIDATE_NOT_COMMON_EQUITY_PROVEN,HNX_LISTED,hnx_official_equity_universe/v1,,OFFICIAL_CURRENT_STOCK_LIST_CANDIDATE,,true,,EXACT_SESSION_RETAINED,CURRENT_DESCRIPTIVE_DNSE_REST_ADJUSTED_RETROSPECTIVE_RAW_AS_TRADED_NOT_PROMOTED,DIRECT_CANONICAL_MAPPING
GLW,,,,,,,,,,,,,,,,,,,,NOT_AVAILABLE,,,UPCOM,,,,,,,,,,,EXCHANGE_STOCK_LIST_CANDIDATE_NOT_COMMON_EQUITY_PROVEN,UPCOM,hnx_official_equity_universe/v1,,OFFICIAL_CURRENT_STOCK_LIST_CANDIDATE,,false,,UNAVAILABLE_NO_EXACT_SESSION_OBSERVATION,,UNAVAILABLE
GMA,,,,,,,,,,,,,,,,,,,,NOT_AVAILABLE,,,DELISTED,,,,,,,,,,,EXCHANGE_STOCK_LIST_CANDIDATE_NOT_COMMON_EQUITY_PROVEN,HNX_LISTED,hnx_official_equity_universe/v1,,OFFICIAL_CURRENT_STOCK_LIST_CANDIDATE,,false,,UNAVAILABLE_NO_EXACT_SESSION_OBSERVATION,,UNAVAILABLE
GMC,,,,,,,,,,,,,,,,,,,,NOT_AVAILABLE,,,UPCOM,,,,,,,,,,,EXCHANGE_STOCK_LIST_CANDIDATE_NOT_COMMON_EQUITY_PROVEN,UPCOM,hnx_official_equity_universe/v1,,OFFICIAL_CURRENT_STOCK_LIST_CANDIDATE,,false,,UNAVAILABLE_NO_EXACT_SESSION_OBSERVATION,,UNAVAILABLE
GMD,2026-10-01,78.5,0.00512163892445594,,,,,,,,,,,,,,,,,ABOVE_MA20_MOMENTUM_POSITIVE,,2026-10-01T16:19:50.765598+07:00,HSX,,,,,,,,2026-10-01,2026-10-01,0,OFFICIAL_STOCK_MASTER_SECURITY_TYPE_NOT_COMMON_EQUITY_PROVEN,HOSE,hose_public_stock_master/v1,,OFFICIAL_CURRENT_EXCHANGE_SECURITY,,true,,EXACT_SESSION_RETAINED,CURRENT_DESCRIPTIVE_DNSE_REST_ADJUSTED_RETROSPECTIVE_RAW_AS_TRADED_NOT_PROMOTED,DIRECT_CANONICAL_MAPPING
GMH,2026-10-01,6.79,0.03191489361702127,,,,,,,,,,,,,,,,,NEAR_MA20_NEUTRAL,,2026-10-01T16:19:50.765598+07:00,HSX,,,,,,,,2026-10-01,2026-10-01,0,OFFICIAL_STOCK_MASTER_SECURITY_TYPE_NOT_COMMON_EQUITY_PROVEN,HOSE,hose_public_stock_master/v1,,OFFICIAL_CURRENT_EXCHANGE_SECURITY,,true,,EXACT_SESSION_RETAINED,CURRENT_DESCRIPTIVE_DNSE_REST_ADJUSTED_RETROSPECTIVE_RAW_AS_TRADED_NOT_PROMOTED,DIRECT_CANONICAL_MAPPING
GMX,,,,,,,,,,,,,,,,,,,,NOT_AVAILABLE,,,DELISTED,,,,,,,,,,,EXCHANGE_STOCK_LIST_CANDIDATE_NOT_COMMON_EQUITY_PROVEN,HNX_LISTED,hnx_official_equity_universe/v1,,OFFICIAL_CURRENT_STOCK_LIST_CANDIDATE,,false,,UNAVAILABLE_NO_EXACT_SESSION_OBSERVATION,,UNAVAILABLE
GND,,,,,,,,,,,,,,,,,,,,NOT_AVAILABLE,,,UPCOM,,,,,,,,,,,EXCHANGE_STOCK_LIST_CANDIDATE_NOT_COMMON_EQUITY_PROVEN,UPCOM,hnx_official_equity_universe/v1,,OFFICIAL_CURRENT_STOCK_LIST_CANDIDATE,,false,,UNAVAILABLE_NO_EXACT_SESSION_OBSERVATION,,UNAVAILABLE
GPC,2026-10-01,1.9,0.11764705882352944,,,,,,,,,,,,,,,,,NEAR_MA20_NEUTRAL,,2026-10-01T16:19:50.765598+07:00,UPCOM,,,,,,,,2026-10-01,2026-10-01,0,EXCHANGE_STOCK_LIST_CANDIDATE_NOT_COMMON_EQUITY_PROVEN,UPCOM,hnx_official_equity_universe/v1,,OFFICIAL_CURRENT_STOCK_LIST_CANDIDATE,,true,,EXACT_SESSION_RETAINED,CURRENT_DESCRIPTIVE_DNSE_REST_ADJUSTED_RETROSPECTIVE_RAW_AS_TRADED_NOT_PROMOTED,DIRECT_CANONICAL_MAPPING
GSM,,,,,,,,,,,,,,,,,,,,NOT_AVAILABLE,,,UPCOM,,,,,,,,,,,EXCHANGE_STOCK_LIST_CANDIDATE_NOT_COMMON_EQUITY_PROVEN,UPCOM,hnx_official_equity_universe/v1,,OFFICIAL_CURRENT_STOCK_LIST_CANDIDATE,,false,,UNAVAILABLE_NO_EXACT_SESSION_OBSERVATION,,UNAVAILABLE
GSP,2026-10-01,9.99,0.003012048192771122,,,,,,,,,,,,,,,,,NEAR_MA20_NEUTRAL,,2026-10-01T16:19:50.765598+07:00,HSX,,,,,,,,2026-10-01,2026-10-01,0,OFFICIAL_STOCK_MASTER_SECURITY_TYPE_NOT_COMMON_EQUITY_PROVEN,HOSE,hose_public_stock_master/v1,,OFFICIAL_CURRENT_EXCHANGE_SECURITY,,true,,EXACT_SESSION_RETAINED,CURRENT_DESCRIPTIVE_DNSE_REST_ADJUSTED_RETROSPECTIVE_RAW_AS_TRADED_NOT_PROMOTED,DIRECT_CANONICAL_MAPPING
GTA,2026-10-01,7.85,0.0,,,,,,,,,,,,,,,,,ABOVE_MA20_MOMENTUM_NEGATIVE,,2026-10-01T16:19:50.765598+07:00,HSX,,,,,,,,2026-10-01,2026-10-01,0,OFFICIAL_STOCK_MASTER_SECURITY_TYPE_NOT_COMMON_EQUITY_PROVEN,HOSE,hose_public_stock_master/v1,,OFFICIAL_CURRENT_EXCHANGE_SECURITY,,true,,EXACT_SESSION_RETAINED,CURRENT_DESCRIPTIVE_DNSE_REST_ADJUSTED_RETROSPECTIVE_RAW_AS_TRADED_NOT_PROMOTED,DIRECT_CANONICAL_MAPPING
GTD,,,,,,,,,,,,,,,,,,,,NOT_AVAILABLE,,,UPCOM,,,,,,,,,,,EXCHANGE_STOCK_LIST_CANDIDATE_NOT_COMMON_EQUITY_PROVEN,UPCOM,hnx_official_equity_universe/v1,,OFFICIAL_CURRENT_STOCK_LIST_CANDIDATE,,false,,UNAVAILABLE_NO_EXACT_SESSION_OBSERVATION,,UNAVAILABLE
GTH,,,,,,,,,,,,,,,,,,,,NOT_AVAILABLE,,,DELISTED,,,,,,,,,,,INSTRUMENT_CLASS_UNRESOLVED,DELISTED,,,STOCKLOOKUP_ONLY_UNRESOLVED,,false,,UNAVAILABLE_NO_EXACT_SESSION_OBSERVATION,,UNAVAILABLE
GTS,2026-10-01,10.9,-0.009090909090909038,,,,,,,,,,,,,,,,,ABOVE_MA20_MOMENTUM_POSITIVE,,2026-10-01T16:19:50.765598+07:00,UPCOM,,,,,,,,2026-10-01,2026-10-01,0,EXCHANGE_STOCK_LIST_CANDIDATE_NOT_COMMON_EQUITY_PROVEN,UPCOM,hnx_official_equity_universe/v1,,OFFICIAL_CURRENT_STOCK_LIST_CANDIDATE,,true,,EXACT_SESSION_RETAINED,CURRENT_DESCRIPTIVE_DNSE_REST_ADJUSTED_RETROSPECTIVE_RAW_AS_TRADED_NOT_PROMOTED,DIRECT_CANONICAL_MAPPING
GTT,,,,,,,,,,,,,,,,,,,,NOT_AVAILABLE,,,UPCOM,,,,,,,,,,,EXCHANGE_STOCK_LIST_CANDIDATE_NOT_COMMON_EQUITY_PROVEN,UPCOM,hnx_official_equity_universe/v1,,OFFICIAL_CURRENT_STOCK_LIST_CANDIDATE,,false,,UNAVAILABLE_NO_EXACT_SESSION_OBSERVATION,,UNAVAILABLE
GVR,2026-10-01,32.75,-0.016516516516516422,,,,,,,,,,,,,,,,,ABOVE_MA20_MOMENTUM_POSITIVE,,2026-10-01T16:19:50.765598+07:00,HSX,,,,,,,,2026-10-01,2026-10-01,0,OFFICIAL_STOCK_MASTER_SECURITY_TYPE_NOT_COMMON_EQUITY_PROVEN,HOSE,hose_public_stock_master/v1,,OFFICIAL_CURRENT_EXCHANGE_SECURITY,,true,,EXACT_SESSION_RETAINED,CURRENT_DESCRIPTIVE_DNSE_REST_ADJUSTED_RETROSPECTIVE_RAW_AS_TRADED_NOT_PROMOTED,DIRECT_CANONICAL_MAPPING
GVT,2026-10-01,85.6,-0.14910536779324057,,,,,,,,,,,,,,,,,ABOVE_MA20_MOMENTUM_POSITIVE,,2026-10-01T16:19:50.765598+07:00,UPCOM,,,,,,,,2026-10-01,2026-10-01,0,EXCHANGE_STOCK_LIST_CANDIDATE_NOT_COMMON_EQUITY_PROVEN,UPCOM,hnx_official_equity_universe/v1,,OFFICIAL_CURRENT_STOCK_LIST_CANDIDATE,,true,,EXACT_SESSION_RETAINED,CURRENT_DESCRIPTIVE_DNSE_REST_ADJUSTED_RETROSPECTIVE_RAW_AS_TRADED_NOT_PROMOTED,DIRECT_CANONICAL_MAPPING
H11,,,,,,,,,,,,,,,,,,,,NOT_AVAILABLE,,,UPCOM,,,,,,,,,,,EXCHANGE_STOCK_LIST_CANDIDATE_NOT_COMMON_EQUITY_PROVEN,UPCOM,hnx_official_equity_universe/v1,,OFFICIAL_CURRENT_STOCK_LIST_CANDIDATE,,false,,UNAVAILABLE_NO_EXACT_SESSION_OBSERVATION,,UNAVAILABLE
HAC,,,,,,,,,,,,,,,,,,,,NOT_AVAILABLE,,,UPCOM,,,,,,,,,,,EXCHANGE_STOCK_LIST_CANDIDATE_NOT_COMMON_EQUITY_PROVEN,UPCOM,hnx_official_equity_universe/v1,,OFFICIAL_CURRENT_STOCK_LIST_CANDIDATE,,false,,UNAVAILABLE_NO_EXACT_SESSION_OBSERVATION,,UNAVAILABLE
HAD,,,,,,,,,,,,,,,,,,,,NOT_AVAILABLE,,,DELISTED,,,,,,,,,,,EXCHANGE_STOCK_LIST_CANDIDATE_NOT_COMMON_EQUITY_PROVEN,HNX_LISTED,hnx_official_equity_universe/v1,,OFFICIAL_CURRENT_STOCK_LIST_CANDIDATE,,false,,UNAVAILABLE_NO_EXACT_SESSION_OBSERVATION,,UNAVAILABLE
HAF,2026-10-01,17.7,0.0,,,,,,,,,,,,,,,,,ABOVE_MA20_MOMENTUM_POSITIVE,,2026-10-01T16:19:50.765598+07:00,UPCOM,,,,,,,,2026-10-01,2026-10-01,0,EXCHANGE_STOCK_LIST_CANDIDATE_NOT_COMMON_EQUITY_PROVEN,UPCOM,hnx_official_equity_universe/v1,,OFFICIAL_CURRENT_STOCK_LIST_CANDIDATE,,true,,EXACT_SESSION_RETAINED,CURRENT_DESCRIPTIVE_DNSE_REST_ADJUSTED_RETROSPECTIVE_RAW_AS_TRADED_NOT_PROMOTED,DIRECT_CANONICAL_MAPPING
HAG,2026-10-01,14.75,0.046099290780141855,,,,,,,,,,,,,,,,,ABOVE_MA20_MOMENTUM_POSITIVE,,2026-10-01T16:19:50.765598+07:00,HSX,,,,,,,,2026-10-01,2026-10-01,0,OFFICIAL_STOCK_MASTER_SECURITY_TYPE_NOT_COMMON_EQUITY_PROVEN,HOSE,hose_public_stock_master/v1,,OFFICIAL_CURRENT_EXCHANGE_SECURITY,,true,,EXACT_SESSION_RETAINED,CURRENT_DESCRIPTIVE_DNSE_REST_ADJUSTED_RETROSPECTIVE_RAW_AS_TRADED_NOT_PROMOTED,DIRECT_CANONICAL_MAPPING
HAH,2026-10-01,51.5,-0.013409961685823757,,,,,,,,,,,,,,,,,ABOVE_MA20_MOMENTUM_POSITIVE,,2026-10-01T16:19:50.765598+07:00,HSX,,,,,,,,2026-10-01,2026-10-01,0,OFFICIAL_STOCK_MASTER_SECURITY_TYPE_NOT_COMMON_EQUITY_PROVEN,HOSE,hose_public_stock_master/v1,,OFFICIAL_CURRENT_EXCHANGE_SECURITY,,true,,EXACT_SESSION_RETAINED,CURRENT_DESCRIPTIVE_DNSE_REST_ADJUSTED_RETROSPECTIVE_RAW_AS_TRADED_NOT_PROMOTED,DIRECT_CANONICAL_MAPPING
HAI,,,,,,,,,,,,,,,,,,,,NOT_AVAILABLE,,,DELISTED,,,,,,,,,,,INSTRUMENT_CLASS_UNRESOLVED,DELISTED,,,STOCKLOOKUP_ONLY_UNRESOLVED,,false,,UNAVAILABLE_NO_EXACT_SESSION_OBSERVATION,,UNAVAILABLE
HAM,,,,,,,,,,,,,,,,,,,,NOT_AVAILABLE,,,UPCOM,,,,,,,,,,,EXCHANGE_STOCK_LIST_CANDIDATE_NOT_COMMON_EQUITY_PROVEN,UPCOM,hnx_official_equity_universe/v1,,OFFICIAL_CURRENT_STOCK_LIST_CANDIDATE,,false,,UNAVAILABLE_NO_EXACT_SESSION_OBSERVATION,,UNAVAILABLE
HAN,2026-10-01,7.9,0.14492753623188404,,,,,,,,,,,,,,,,,ABOVE_MA20_MOMENTUM_NEGATIVE,,2026-10-01T16:19:50.765598+07:00,UPCOM,,,,,,,,2026-10-01,2026-10-01,0,EXCHANGE_STOCK_LIST_CANDIDATE_NOT_COMMON_EQUITY_PROVEN,UPCOM,hnx_official_equity_universe/v1,,OFFICIAL_CURRENT_STOCK_LIST_CANDIDATE,,true,,EXACT_SESSION_RETAINED,CURRENT_DESCRIPTIVE_DNSE_REST_ADJUSTED_RETROSPECTIVE_RAW_AS_TRADED_NOT_PROMOTED,DIRECT_CANONICAL_MAPPING
HAP,2026-10-01,7.09,0.009971509971510084,,,,,,,,,,,,,,,,,BELOW_MA20_MOMENTUM_NEGATIVE,,2026-10-01T16:19:50.765598+07:00,HSX,,,,,,,,2026-10-01,2026-10-01,0,OFFICIAL_STOCK_MASTER_SECURITY_TYPE_NOT_COMMON_EQUITY_PROVEN,HOSE,hose_public_stock_master/v1,,OFFICIAL_CURRENT_EXCHANGE_SECURITY,,true,,EXACT_SESSION_RETAINED,CURRENT_DESCRIPTIVE_DNSE_REST_ADJUSTED_RETROSPECTIVE_RAW_AS_TRADED_NOT_PROMOTED,DIRECT_CANONICAL_MAPPING
HAR,2026-10-01,2.28,0.008849557522123908,,,,,,,,,,,,,,,,,BELOW_MA20_MOMENTUM_NEGATIVE,,2026-10-01T16:19:50.765598+07:00,HSX,,,,,,,,2026-10-01,2026-10-01,0,OFFICIAL_STOCK_MASTER_SECURITY_TYPE_NOT_COMMON_EQUITY_PROVEN,HOSE,hose_public_stock_master/v1,,OFFICIAL_CURRENT_EXCHANGE_SECURITY,,true,,EXACT_SESSION_RETAINED,CURRENT_DESCRIPTIVE_DNSE_REST_ADJUSTED_RETROSPECTIVE_RAW_AS_TRADED_NOT_PROMOTED,DIRECT_CANONICAL_MAPPING
HAS,,,,,,,,,,,,,,,,,,,,NOT_AVAILABLE,,,HSX,,,,,,,,,,,OFFICIAL_STOCK_MASTER_SECURITY_TYPE_NOT_COMMON_EQUITY_PROVEN,HOSE,hose_public_stock_master/v1,,OFFICIAL_CURRENT_EXCHANGE_SECURITY,,false,,UNAVAILABLE_NO_EXACT_SESSION_OBSERVATION,,UNAVAILABLE
HAT,2026-10-01,30,0.0,,,,,,,,,,,,,,,,,ABOVE_MA20_MOMENTUM_POSITIVE,,2026-10-01T16:19:50.765598+07:00,DELISTED,,,,,,,,2026-10-01,2026-10-01,0,EXCHANGE_STOCK_LIST_CANDIDATE_NOT_COMMON_EQUITY_PROVEN,HNX_LISTED,hnx_official_equity_universe/v1,,OFFICIAL_CURRENT_STOCK_LIST_CANDIDATE,,true,,EXACT_SESSION_RETAINED,CURRENT_DESCRIPTIVE_DNSE_REST_ADJUSTED_RETROSPECTIVE_RAW_AS_TRADED_NOT_PROMOTED,DIRECT_CANONICAL_MAPPING
HAV,,,,,,,,,,,,,,,,,,,,NOT_AVAILABLE,,,UPCOM,,,,,,,,,,,EXCHANGE_STOCK_LIST_CANDIDATE_NOT_COMMON_EQUITY_PROVEN,UPCOM,hnx_official_equity_universe/v1,,OFFICIAL_CURRENT_STOCK_LIST_CANDIDATE,,false,,UNAVAILABLE_NO_EXACT_SESSION_OBSERVATION,,UNAVAILABLE
HAX,2026-10-01,8.43,-0.007067137809187329,,,,,,,,,,,,,,,,,NEAR_MA20_NEUTRAL,,2026-10-01T16:19:50.765598+07:00,HSX,,,,,,,,2026-10-01,2026-10-01,0,OFFICIAL_STOCK_MASTER_SECURITY_TYPE_NOT_COMMON_EQUITY_PROVEN,HOSE,hose_public_stock_master/v1,,OFFICIAL_CURRENT_EXCHANGE_SECURITY,,true,,EXACT_SESSION_RETAINED,CURRENT_DESCRIPTIVE_DNSE_REST_ADJUSTED_RETROSPECTIVE_RAW_AS_TRADED_NOT_PROMOTED,DIRECT_CANONICAL_MAPPING
HBC,2026-10-01,3.4,0.030303030303030276,,,,,,,,,,,,,,,,,BELOW_MA20_MOMENTUM_NEGATIVE,,2026-10-01T16:19:50.765598+07:00,UPCOM,,,,,,,,2026-10-01,2026-10-01,0,EXCHANGE_STOCK_LIST_CANDIDATE_NOT_COMMON_EQUITY_PROVEN,UPCOM,hnx_official_equity_universe/v1,,OFFICIAL_CURRENT_STOCK_LIST_CANDIDATE,,true,,EXACT_SESSION_RETAINED,CURRENT_DESCRIPTIVE_DNSE_REST_ADJUSTED_RETROSPECTIVE_RAW_AS_TRADED_NOT_PROMOTED,DIRECT_CANONICAL_MAPPING
HBD,,,,,,,,,,,,,,,,,,,,NOT_AVAILABLE,,,UPCOM,,,,,,,,,,,EXCHANGE_STOCK_LIST_CANDIDATE_NOT_COMMON_EQUITY_PROVEN,UPCOM,hnx_official_equity_universe/v1,,OFFICIAL_CURRENT_STOCK_LIST_CANDIDATE,,false,,UNAVAILABLE_NO_EXACT_SESSION_OBSERVATION,,UNAVAILABLE
HBH,,,,,,,,,,,,,,,,,,,,NOT_AVAILABLE,,,UPCOM,,,,,,,,,,,EXCHANGE_STOCK_LIST_CANDIDATE_NOT_COMMON_EQUITY_PROVEN,UPCOM,hnx_official_equity_universe/v1,,OFFICIAL_CURRENT_STOCK_LIST_CANDIDATE,,false,,UNAVAILABLE_NO_EXACT_SESSION_OBSERVATION,,UNAVAILABLE
HBS,,,,,,,,,,,,,,,,,,,,NOT_AVAILABLE,,,DELISTED,,,,,,,,,,,EXCHANGE_STOCK_LIST_CANDIDATE_NOT_COMMON_EQUITY_PROVEN,HNX_LISTED,hnx_official_equity_universe/v1,,OFFICIAL_CURRENT_STOCK_LIST_CANDIDATE,,false,,UNAVAILABLE_NO_EXACT_SESSION_OBSERVATION,,UNAVAILABLE
HC1,,,,,,,,,,,,,,,,,,,,NOT_AVAILABLE,,,UPCOM,,,,,,,,,,,EXCHANGE_STOCK_LIST_CANDIDATE_NOT_COMMON_EQUITY_PROVEN,UPCOM,hnx_official_equity_universe/v1,,OFFICIAL_CURRENT_STOCK_LIST_CANDIDATE,,false,,UNAVAILABLE_NO_EXACT_SESSION_OBSERVATION,,UNAVAILABLE
HC3,2026-10-01,25,0.0,,,,,,,,,,,,,,,,,NEAR_MA20_NEUTRAL,,2026-10-01T16:19:50.765598+07:00,UPCOM,,,,,,,,2026-10-01,2026-10-01,0,EXCHANGE_STOCK_LIST_CANDIDATE_NOT_COMMON_EQUITY_PROVEN,UPCOM,hnx_official_equity_universe/v1,,OFFICIAL_CURRENT_STOCK_LIST_CANDIDATE,,true,,EXACT_SESSION_RETAINED,CURRENT_DESCRIPTIVE_DNSE_REST_ADJUSTED_RETROSPECTIVE_RAW_AS_TRADED_NOT_PROMOTED,DIRECT_CANONICAL_MAPPING
HCB,,,,,,,,,,,,,,,,,,,,NOT_AVAILABLE,,,DELISTED,,,,,,,,,,,INSTRUMENT_CLASS_UNRESOLVED,DELISTED,,,STOCKLOOKUP_ONLY_UNRESOLVED,,false,,UNAVAILABLE_NO_EXACT_SESSION_OBSERVATION,,UNAVAILABLE
HCC,2026-10-01,22.9,0.004385964912280604,,,,,,,,,,,,,,,,,NEAR_MA20_NEUTRAL,,2026-10-01T16:19:50.765598+07:00,DELISTED,,,,,,,,2026-10-01,2026-10-01,0,EXCHANGE_STOCK_LIST_CANDIDATE_NOT_COMMON_EQUITY_PROVEN,HNX_LISTED,hnx_official_equity_universe/v1,,OFFICIAL_CURRENT_STOCK_LIST_CANDIDATE,,true,,EXACT_SESSION_RETAINED,CURRENT_DESCRIPTIVE_DNSE_REST_ADJUSTED_RETROSPECTIVE_RAW_AS_TRADED_NOT_PROMOTED,DIRECT_CANONICAL_MAPPING
HCD,2026-10-01,6.09,-0.0016393442622950616,,,,,,,,,,,,,,,,,BELOW_MA20_MOMENTUM_NEGATIVE,,2026-10-01T16:19:50.765598+07:00,HSX,,,,,,,,2026-10-01,2026-10-01,0,OFFICIAL_STOCK_MASTER_SECURITY_TYPE_NOT_COMMON_EQUITY_PROVEN,HOSE,hose_public_stock_master/v1,,OFFICIAL_CURRENT_EXCHANGE_SECURITY,,true,,EXACT_SESSION_RETAINED,CURRENT_DESCRIPTIVE_DNSE_REST_ADJUSTED_RETROSPECTIVE_RAW_AS_TRADED_NOT_PROMOTED,DIRECT_CANONICAL_MAPPING
HCI,,,,,,,,,,,,,,,,,,,,NOT_AVAILABLE,,,UPCOM,,,,,,,,,,,EXCHANGE_STOCK_LIST_CANDIDATE_NOT_COMMON_EQUITY_PROVEN,UPCOM,hnx_official_equity_universe/v1,,OFFICIAL_CURRENT_STOCK_LIST_CANDIDATE,,false,,UNAVAILABLE_NO_EXACT_SESSION_OBSERVATION,,UNAVAILABLE
HCM,2026-10-01,23.55,-0.010504201680672232,,,,,,,,,,,,,,,,,BELOW_MA20_MOMENTUM_NEGATIVE,,2026-10-01T16:19:50.765598+07:00,HSX,,,,,,,,2026-10-01,2026-10-01,0,OFFICIAL_STOCK_MASTER_SECURITY_TYPE_NOT_COMMON_EQUITY_PROVEN,HOSE,hose_public_stock_master/v1,,OFFICIAL_CURRENT_EXCHANGE_SECURITY,,true,,EXACT_SESSION_RETAINED,CURRENT_DESCRIPTIVE_DNSE_REST_ADJUSTED_RETROSPECTIVE_RAW_AS_TRADED_NOT_PROMOTED,DIRECT_CANONICAL_MAPPING
HCT,,,,,,,,,,,,,,,,,,,,NOT_AVAILABLE,,,DELISTED,,,,,,,,,,,EXCHANGE_STOCK_LIST_CANDIDATE_NOT_COMMON_EQUITY_PROVEN,HNX_LISTED,hnx_official_equity_universe/v1,,OFFICIAL_CURRENT_STOCK_LIST_CANDIDATE,,false,,UNAVAILABLE_NO_EXACT_SESSION_OBSERVATION,,UNAVAILABLE
HD2,2026-10-01,8,0.0,,,,,,,,,,,,,,,,,BELOW_MA20_MOMENTUM_NEGATIVE,,2026-10-01T16:19:50.765598+07:00,UPCOM,,,,,,,,2026-10-01,2026-10-01,0,EXCHANGE_STOCK_LIST_CANDIDATE_NOT_COMMON_EQUITY_PROVEN,UPCOM,hnx_official_equity_universe/v1,,OFFICIAL_CURRENT_STOCK_LIST_CANDIDATE,,true,,EXACT_SESSION_RETAINED,CURRENT_DESCRIPTIVE_DNSE_REST_ADJUSTED_RETROSPECTIVE_RAW_AS_TRADED_NOT_PROMOTED,DIRECT_CANONICAL_MAPPING
HD6,2026-10-01,7.4,0.04225352112676073,,,,,,,,,,,,,,,,,NEAR_MA20_NEUTRAL,,2026-10-01T16:19:50.765598+07:00,UPCOM,,,,,,,,2026-10-01,2026-10-01,0,EXCHANGE_STOCK_LIST_CANDIDATE_NOT_COMMON_EQUITY_PROVEN,UPCOM,hnx_official_equity_universe/v1,,OFFICIAL_CURRENT_STOCK_LIST_CANDIDATE,,true,,EXACT_SESSION_RETAINED,CURRENT_DESCRIPTIVE_DNSE_REST_ADJUSTED_RETROSPECTIVE_RAW_AS_TRADED_NOT_PROMOTED,DIRECT_CANONICAL_MAPPING
HD8,,,,,,,,,,,,,,,,,,,,NOT_AVAILABLE,,,UPCOM,,,,,,,,,,,EXCHANGE_STOCK_LIST_CANDIDATE_NOT_COMMON_EQUITY_PROVEN,UPCOM,hnx_official_equity_universe/v1,,OFFICIAL_CURRENT_STOCK_LIST_CANDIDATE,,false,,UNAVAILABLE_NO_EXACT_SESSION_OBSERVATION,,UNAVAILABLE
HDA,2026-10-01,7.9,0.012820512820512997,,,,,,,,,,,,,,,,,ABOVE_MA20_MOMENTUM_POSITIVE,,2026-10-01T16:19:50.765598+07:00,DELISTED,,,,,,,,2026-10-01,2026-10-01,0,EXCHANGE_STOCK_LIST_CANDIDATE_NOT_COMMON_EQUITY_PROVEN,HNX_LISTED,hnx_official_equity_universe/v1,,OFFICIAL_CURRENT_STOCK_LIST_CANDIDATE,,true,,EXACT_SESSION_RETAINED,CURRENT_DESCRIPTIVE_DNSE_REST_ADJUSTED_RETROSPECTIVE_RAW_AS_TRADED_NOT_PROMOTED,DIRECT_CANONICAL_MAPPING
HDB,2026-10-01,28,0.018181818181818077,,,,,,,,,,,,,,,,,ABOVE_MA20_MOMENTUM_POSITIVE,,2026-10-01T16:19:50.765598+07:00,HSX,,,,,,,,2026-10-01,2026-10-01,0,OFFICIAL_STOCK_MASTER_SECURITY_TYPE_NOT_COMMON_EQUITY_PROVEN,HOSE,hose_public_stock_master/v1,,OFFICIAL_CURRENT_EXCHANGE_SECURITY,,true,,EXACT_SESSION_RETAINED,CURRENT_DESCRIPTIVE_DNSE_REST_ADJUSTED_RETROSPECTIVE_RAW_AS_TRADED_NOT_PROMOTED,DIRECT_CANONICAL_MAPPING
HDC,2026-10-01,10.6,-0.0046948356807512415,,,,,,,,,,,,,,,,,BELOW_MA20_MOMENTUM_NEGATIVE,,2026-10-01T16:19:50.765598+07:00,HSX,,,,,,,,2026-10-01,2026-10-01,0,OFFICIAL_STOCK_MASTER_SECURITY_TYPE_NOT_COMMON_EQUITY_PROVEN,HOSE,hose_public_stock_master/v1,,OFFICIAL_CURRENT_EXCHANGE_SECURITY,,true,,EXACT_SESSION_RETAINED,CURRENT_DESCRIPTIVE_DNSE_REST_ADJUSTED_RETROSPECTIVE_RAW_AS_TRADED_NOT_PROMOTED,DIRECT_CANONICAL_MAPPING
HDG,2026-10-01,15.25,-0.006514657980456029,,,,,,,,,,,,,,,,,BELOW_MA20_MOMENTUM_NEGATIVE,,2026-10-01T16:19:50.765598+07:00,HSX,,,,,,,,2026-10-01,2026-10-01,0,OFFICIAL_STOCK_MASTER_SECURITY_TYPE_NOT_COMMON_EQUITY_PROVEN,HOSE,hose_public_stock_master/v1,,OFFICIAL_CURRENT_EXCHANGE_SECURITY,,true,,EXACT_SESSION_RETAINED,CURRENT_DESCRIPTIVE_DNSE_REST_ADJUSTED_RETROSPECTIVE_RAW_AS_TRADED_NOT_PROMOTED,DIRECT_CANONICAL_MAPPING
HDM,2026-10-01,31.6,0.0,,,,,,,,,,,,,,,,,NEAR_MA20_NEUTRAL,,2026-10-01T16:19:50.765598+07:00,UPCOM,,,,,,,,2026-10-01,2026-10-01,0,EXCHANGE_STOCK_LIST_CANDIDATE_NOT_COMMON_EQUITY_PROVEN,UPCOM,hnx_official_equity_universe/v1,,OFFICIAL_CURRENT_STOCK_LIST_CANDIDATE,,true,,EXACT_SESSION_RETAINED,CURRENT_DESCRIPTIVE_DNSE_REST_ADJUSTED_RETROSPECTIVE_RAW_AS_TRADED_NOT_PROMOTED,DIRECT_CANONICAL_MAPPING
HDO,,,,,,,,,,,,,,,,,,,,NOT_AVAILABLE,,,DELISTED,,,,,,,,,,,INSTRUMENT_CLASS_UNRESOLVED,DELISTED,,,STOCKLOOKUP_ONLY_UNRESOLVED,,false,,UNAVAILABLE_NO_EXACT_SESSION_OBSERVATION,,UNAVAILABLE
HDP,2026-10-01,27,0.026615969581748944,,,,,,,,,,,,,,,,,ABOVE_MA20_MOMENTUM_POSITIVE,,2026-10-01T16:19:50.765598+07:00,UPCOM,,,,,,,,2026-10-01,2026-10-01,0,EXCHANGE_STOCK_LIST_CANDIDATE_NOT_COMMON_EQUITY_PROVEN,UPCOM,hnx_official_equity_universe/v1,,OFFICIAL_CURRENT_STOCK_LIST_CANDIDATE,,true,,EXACT_SESSION_RETAINED,CURRENT_DESCRIPTIVE_DNSE_REST_ADJUSTED_RETROSPECTIVE_RAW_AS_TRADED_NOT_PROMOTED,DIRECT_CANONICAL_MAPPING
HDW,,,,,,,,,,,,,,,,,,,,NOT_AVAILABLE,,,UPCOM,,,,,,,,,,,EXCHANGE_STOCK_LIST_CANDIDATE_NOT_COMMON_EQUITY_PROVEN,UPCOM,hnx_official_equity_universe/v1,,OFFICIAL_CURRENT_STOCK_LIST_CANDIDATE,,false,,UNAVAILABLE_NO_EXACT_SESSION_OBSERVATION,,UNAVAILABLE
HEC,2026-10-01,27.6,0.0036363636363636598,,,,,,,,,,,,,,,,,NEAR_MA20_NEUTRAL,,2026-10-01T16:19:50.765598+07:00,UPCOM,,,,,,,,2026-10-01,2026-10-01,0,EXCHANGE_STOCK_LIST_CANDIDATE_NOT_COMMON_EQUITY_PROVEN,UPCOM,hnx_official_equity_universe/v1,,OFFICIAL_CURRENT_STOCK_LIST_CANDIDATE,,true,,EXACT_SESSION_RETAINED,CURRENT_DESCRIPTIVE_DNSE_REST_ADJUSTED_RETROSPECTIVE_RAW_AS_TRADED_NOT_PROMOTED,DIRECT_CANONICAL_MAPPING
HEJ,,,,,,,,,,,,,,,,,,,,NOT_AVAILABLE,,,UPCOM,,,,,,,,,,,EXCHANGE_STOCK_LIST_CANDIDATE_NOT_COMMON_EQUITY_PROVEN,UPCOM,hnx_official_equity_universe/v1,,OFFICIAL_CURRENT_STOCK_LIST_CANDIDATE,,false,,UNAVAILABLE_NO_EXACT_SESSION_OBSERVATION,,UNAVAILABLE
HEM,,,,,,,,,,,,,,,,,,,,NOT_AVAILABLE,,,DELISTED,,,,,,,,,,,INSTRUMENT_CLASS_UNRESOLVED,DELISTED,,,STOCKLOOKUP_ONLY_UNRESOLVED,,false,,UNAVAILABLE_NO_EXACT_SESSION_OBSERVATION,,UNAVAILABLE
HEP,,,,,,,,,,,,,,,,,,,,NOT_AVAILABLE,,,UPCOM,,,,,,,,,,,EXCHANGE_STOCK_LIST_CANDIDATE_NOT_COMMON_EQUITY_PROVEN,UPCOM,hnx_official_equity_universe/v1,,OFFICIAL_CURRENT_STOCK_LIST_CANDIDATE,,false,,UNAVAILABLE_NO_EXACT_SESSION_OBSERVATION,,UNAVAILABLE
HES,,,,,,,,,,,,,,,,,,,,NOT_AVAILABLE,,,UPCOM,,,,,,,,,,,EXCHANGE_STOCK_LIST_CANDIDATE_NOT_COMMON_EQUITY_PROVEN,UPCOM,hnx_official_equity_universe/v1,,OFFICIAL_CURRENT_STOCK_LIST_CANDIDATE,,false,,UNAVAILABLE_NO_EXACT_SESSION_OBSERVATION,,UNAVAILABLE
HEV,,,,,,,,,,,,,,,,,,,,NOT_AVAILABLE,,,DELISTED,,,,,,,,,,,EXCHANGE_STOCK_LIST_CANDIDATE_NOT_COMMON_EQUITY_PROVEN,HNX_LISTED,hnx_official_equity_universe/v1,,OFFICIAL_CURRENT_STOCK_LIST_CANDIDATE,,false,,UNAVAILABLE_NO_EXACT_SESSION_OBSERVATION,,UNAVAILABLE
HFB,,,,,,,,,,,,,,,,,,,,NOT_AVAILABLE,,,UPCOM,,,,,,,,,,,EXCHANGE_STOCK_LIST_CANDIDATE_NOT_COMMON_EQUITY_PROVEN,UPCOM,hnx_official_equity_universe/v1,,OFFICIAL_CURRENT_STOCK_LIST_CANDIDATE,,false,,UNAVAILABLE_NO_EXACT_SESSION_OBSERVATION,,UNAVAILABLE
HFC,,,,,,,,,,,,,,,,,,,,NOT_AVAILABLE,,,UPCOM,,,,,,,,,,,EXCHANGE_STOCK_LIST_CANDIDATE_NOT_COMMON_EQUITY_PROVEN,UPCOM,hnx_official_equity_universe/v1,,OFFICIAL_CURRENT_STOCK_LIST_CANDIDATE,,false,,UNAVAILABLE_NO_EXACT_SESSION_OBSERVATION,,UNAVAILABLE
HFX,,,,,,,,,,,,,,,,,,,,NOT_AVAILABLE,,,UPCOM,,,,,,,,,,,EXCHANGE_STOCK_LIST_CANDIDATE_NOT_COMMON_EQUITY_PROVEN,UPCOM,hnx_official_equity_universe/v1,,OFFICIAL_CURRENT_STOCK_LIST_CANDIDATE,,false,,UNAVAILABLE_NO_EXACT_SESSION_OBSERVATION,,UNAVAILABLE
HGM,2026-10-01,103,-0.01904761904761909,,,,,,,,,,,,,,,,,BELOW_MA20_MOMENTUM_NEGATIVE,,2026-10-01T16:19:50.765598+07:00,DELISTED,,,,,,,,2026-10-01,2026-10-01,0,EXCHANGE_STOCK_LIST_CANDIDATE_NOT_COMMON_EQUITY_PROVEN,HNX_LISTED,hnx_official_equity_universe/v1,,OFFICIAL_CURRENT_STOCK_LIST_CANDIDATE,,true,,EXACT_SESSION_RETAINED,CURRENT_DESCRIPTIVE_DNSE_REST_ADJUSTED_RETROSPECTIVE_RAW_AS_TRADED_NOT_PROMOTED,DIRECT_CANONICAL_MAPPING
HGT,,,,,,,,,,,,,,,,,,,,NOT_AVAILABLE,,,UPCOM,,,,,,,,,,,EXCHANGE_STOCK_LIST_CANDIDATE_NOT_COMMON_EQUITY_PROVEN,UPCOM,hnx_official_equity_universe/v1,,OFFICIAL_CURRENT_STOCK_LIST_CANDIDATE,,false,,UNAVAILABLE_NO_EXACT_SESSION_OBSERVATION,,UNAVAILABLE
HGW,,,,,,,,,,,,,,,,,,,,NOT_AVAILABLE,,,DELISTED,,,,,,,,,,,INSTRUMENT_CLASS_UNRESOLVED,DELISTED,,,STOCKLOOKUP_ONLY_UNRESOLVED,,false,,UNAVAILABLE_NO_EXACT_SESSION_OBSERVATION,,UNAVAILABLE
HHB,,,,,,,,,,,,,,,,,,,,NOT_AVAILABLE,,,UPCOM,,,,,,,,,,,EXCHANGE_STOCK_LIST_CANDIDATE_NOT_COMMON_EQUITY_PROVEN,UPCOM,hnx_official_equity_universe/v1,,OFFICIAL_CURRENT_STOCK_LIST_CANDIDATE,,false,,UNAVAILABLE_NO_EXACT_SESSION_OBSERVATION,,UNAVAILABLE
HHC,,,,,,,,,,,,,,,,,,,,NOT_AVAILABLE,,,DELISTED,,,,,,,,,,,EXCHANGE_STOCK_LIST_CANDIDATE_NOT_COMMON_EQUITY_PROVEN,HNX_LISTED,hnx_official_equity_universe/v1,,OFFICIAL_CURRENT_STOCK_LIST_CANDIDATE,,false,,UNAVAILABLE_NO_EXACT_SESSION_OBSERVATION,,UNAVAILABLE
HHG,2026-10-01,0.8,0.14285714285714302,,,,,,,,,,,,,,,,,ABOVE_MA20_MOMENTUM_NEGATIVE,,2026-10-01T16:19:50.765598+07:00,UPCOM,,,,,,,,2026-10-01,2026-10-01,0,EXCHANGE_STOCK_LIST_CANDIDATE_NOT_COMMON_EQUITY_PROVEN,UPCOM,hnx_official_equity_universe/v1,,OFFICIAL_CURRENT_STOCK_LIST_CANDIDATE,,true,,EXACT_SESSION_RETAINED,CURRENT_DESCRIPTIVE_DNSE_REST_ADJUSTED_RETROSPECTIVE_RAW_AS_TRADED_NOT_PROMOTED,DIRECT_CANONICAL_MAPPING
HHN,,,,,,,,,,,,,,,,,,,,NOT_AVAILABLE,,,UPCOM,,,,,,,,,,,EXCHANGE_STOCK_LIST_CANDIDATE_NOT_COMMON_EQUITY_PROVEN,UPCOM,hnx_official_equity_universe/v1,,OFFICIAL_CURRENT_STOCK_LIST_CANDIDATE,,false,,UNAVAILABLE_NO_EXACT_SESSION_OBSERVATION,,UNAVAILABLE
HHP,2026-10-01,17.5,-0.008498583569405027,,,,,,,,,,,,,,,,,NEAR_MA20_NEUTRAL,,2026-10-01T16:19:50.765598+07:00,HSX,,,,,,,,2026-10-01,2026-10-01,0,OFFICIAL_STOCK_MASTER_SECURITY_TYPE_NOT_COMMON_EQUITY_PROVEN,HOSE,hose_public_stock_master/v1,,OFFICIAL_CURRENT_EXCHANGE_SECURITY,,true,,EXACT_SESSION_RETAINED,CURRENT_DESCRIPTIVE_DNSE_REST_ADJUSTED_RETROSPECTIVE_RAW_AS_TRADED_NOT_PROMOTED,DIRECT_CANONICAL_MAPPING
HHR,,,,,,,,,,,,,,,,,,,,NOT_AVAILABLE,,,DELISTED,,,,,,,,,,,INSTRUMENT_CLASS_UNRESOLVED,DELISTED,,,STOCKLOOKUP_ONLY_UNRESOLVED,,false,,UNAVAILABLE_NO_EXACT_SESSION_OBSERVATION,,UNAVAILABLE
HHS,2026-10-01,9.18,-0.012903225806451757,,,,,,,,,,,,,,,,,BELOW_MA20_MOMENTUM_NEGATIVE,,2026-10-01T16:19:50.765598+07:00,HSX,,,,,,,,2026-10-01,2026-10-01,0,OFFICIAL_STOCK_MASTER_SECURITY_TYPE_NOT_COMMON_EQUITY_PROVEN,HOSE,hose_public_stock_master/v1,,OFFICIAL_CURRENT_EXCHANGE_SECURITY,,true,,EXACT_SESSION_RETAINED,CURRENT_DESCRIPTIVE_DNSE_REST_ADJUSTED_RETROSPECTIVE_RAW_AS_TRADED_NOT_PROMOTED,DIRECT_CANONICAL_MAPPING
HHV,2026-10-01,8.95,-0.012141280353201056,,,,,,,,,,,,,,,,,BELOW_MA20_MOMENTUM_NEGATIVE,,2026-10-01T16:19:50.765598+07:00,HSX,,,,,,,,2026-10-01,2026-10-01,0,OFFICIAL_STOCK_MASTER_SECURITY_TYPE_NOT_COMMON_EQUITY_PROVEN,HOSE,hose_public_stock_master/v1,,OFFICIAL_CURRENT_EXCHANGE_SECURITY,,true,,EXACT_SESSION_RETAINED,CURRENT_DESCRIPTIVE_DNSE_REST_ADJUSTED_RETROSPECTIVE_RAW_AS_TRADED_NOT_PROMOTED,DIRECT_CANONICAL_MAPPING
HID,2026-10-01,4.02,-0.04513064133016631,,,,,,,,,,,,,,,,,BELOW_MA20_MOMENTUM_POSITIVE,,2026-10-01T16:19:50.765598+07:00,HSX,,,,,,,,2026-10-01,2026-10-01,0,OFFICIAL_STOCK_MASTER_SECURITY_TYPE_NOT_COMMON_EQUITY_PROVEN,HOSE,hose_public_stock_master/v1,,OFFICIAL_CURRENT_EXCHANGE_SECURITY,,true,,EXACT_SESSION_RETAINED,CURRENT_DESCRIPTIVE_DNSE_REST_ADJUSTED_RETROSPECTIVE_RAW_AS_TRADED_NOT_PROMOTED,DIRECT_CANONICAL_MAPPING
HIG,,,,,,,,,,,,,,,,,,,,NOT_AVAILABLE,,,DELISTED,,,,,,,,,,,INSTRUMENT_CLASS_UNRESOLVED,DELISTED,,,STOCKLOOKUP_ONLY_UNRESOLVED,,false,,UNAVAILABLE_NO_EXACT_SESSION_OBSERVATION,,UNAVAILABLE
HII,2026-10-01,9.51,0.006349206349206327,,,,,,,,,,,,,,,,,BELOW_MA20_MOMENTUM_POSITIVE,,2026-10-01T16:19:50.765598+07:00,HSX,,,,,,,,2026-10-01,2026-10-01,0,OFFICIAL_STOCK_MASTER_SECURITY_TYPE_NOT_COMMON_EQUITY_PROVEN,HOSE,hose_public_stock_master/v1,,OFFICIAL_CURRENT_EXCHANGE_SECURITY,,true,,EXACT_SESSION_RETAINED,CURRENT_DESCRIPTIVE_DNSE_REST_ADJUSTED_RETROSPECTIVE_RAW_AS_TRADED_NOT_PROMOTED,DIRECT_CANONICAL_MAPPING
HIO,2026-10-01,7.3,0.01388888888888884,,,,,,,,,,,,,,,,,NEAR_MA20_NEUTRAL,,2026-10-01T16:19:50.765598+07:00,UPCOM,,,,,,,,2026-10-01,2026-10-01,0,EXCHANGE_STOCK_LIST_CANDIDATE_NOT_COMMON_EQUITY_PROVEN,UPCOM,hnx_official_equity_universe/v1,,OFFICIAL_CURRENT_STOCK_LIST_CANDIDATE,,true,,EXACT_SESSION_RETAINED,CURRENT_DESCRIPTIVE_DNSE_REST_ADJUSTED_RETROSPECTIVE_RAW_AS_TRADED_NOT_PROMOTED,DIRECT_CANONICAL_MAPPING
HJC,,,,,,,,,,,,,,,,,,,,NOT_AVAILABLE,,,UPCOM,,,,,,,,,,,EXCHANGE_STOCK_LIST_CANDIDATE_NOT_COMMON_EQUITY_PROVEN,UPCOM,hnx_official_equity_universe/v1,,OFFICIAL_CURRENT_STOCK_LIST_CANDIDATE,,false,,UNAVAILABLE_NO_EXACT_SESSION_OBSERVATION,,UNAVAILABLE
HJS,2026-10-01,25.2,-0.09999999999999998,,,,,,,,,,,,,,,,,BELOW_MA20_MOMENTUM_NEGATIVE,,2026-10-01T16:19:50.765598+07:00,DELISTED,,,,,,,,2026-10-01,2026-10-01,0,EXCHANGE_STOCK_LIST_CANDIDATE_NOT_COMMON_EQUITY_PROVEN,HNX_LISTED,hnx_official_equity_universe/v1,,OFFICIAL_CURRENT_STOCK_LIST_CANDIDATE,,true,,EXACT_SESSION_RETAINED,CURRENT_DESCRIPTIVE_DNSE_REST_ADJUSTED_RETROSPECTIVE_RAW_AS_TRADED_NOT_PROMOTED,DIRECT_CANONICAL_MAPPING
HKB,,,,,,,,,,,,,,,,,,,,NOT_AVAILABLE,,,UPCOM,,,,,,,,,,,EXCHANGE_STOCK_LIST_CANDIDATE_NOT_COMMON_EQUITY_PROVEN,UPCOM,hnx_official_equity_universe/v1,,OFFICIAL_CURRENT_STOCK_LIST_CANDIDATE,,false,,UNAVAILABLE_NO_EXACT_SESSION_OBSERVATION,,UNAVAILABLE
HKP,,,,,,,,,,,,,,,,,,,,NOT_AVAILABLE,,,DELISTED,,,,,,,,,,,INSTRUMENT_CLASS_UNRESOLVED,DELISTED,,,STOCKLOOKUP_ONLY_UNRESOLVED,,false,,UNAVAILABLE_NO_EXACT_SESSION_OBSERVATION,,UNAVAILABLE
HKT,2026-10-01,12.8,0.0,,,,,,,,,,,,,,,,,BELOW_MA20_MOMENTUM_NEGATIVE,,2026-10-01T16:19:50.765598+07:00,DELISTED,,,,,,,,2026-10-01,2026-10-01,0,EXCHANGE_STOCK_LIST_CANDIDATE_NOT_COMMON_EQUITY_PROVEN,HNX_LISTED,hnx_official_equity_universe/v1,,OFFICIAL_CURRENT_STOCK_LIST_CANDIDATE,,true,,EXACT_SESSION_RETAINED,CURRENT_DESCRIPTIVE_DNSE_REST_ADJUSTED_RETROSPECTIVE_RAW_AS_TRADED_NOT_PROMOTED,DIRECT_CANONICAL_MAPPING
HLA,,,,,,,,,,,,,,,,,,,,NOT_AVAILABLE,,,UPCOM,,,,,,,,,,,EXCHANGE_STOCK_LIST_CANDIDATE_NOT_COMMON_EQUITY_PROVEN,UPCOM,hnx_official_equity_universe/v1,,OFFICIAL_CURRENT_STOCK_LIST_CANDIDATE,,false,,UNAVAILABLE_NO_EXACT_SESSION_OBSERVATION,,UNAVAILABLE
HLB,,,,,,,,,,,,,,,,,,,,NOT_AVAILABLE,,,UPCOM,,,,,,,,,,,EXCHANGE_STOCK_LIST_CANDIDATE_NOT_COMMON_EQUITY_PROVEN,UPCOM,hnx_official_equity_universe/v1,,OFFICIAL_CURRENT_STOCK_LIST_CANDIDATE,,false,,UNAVAILABLE_NO_EXACT_SESSION_OBSERVATION,,UNAVAILABLE
HLC,,,,,,,,,,,,,,,,,,,,NOT_AVAILABLE,,,DELISTED,,,,,,,,,,,EXCHANGE_STOCK_LIST_CANDIDATE_NOT_COMMON_EQUITY_PROVEN,HNX_LISTED,hnx_official_equity_universe/v1,,OFFICIAL_CURRENT_STOCK_LIST_CANDIDATE,,false,,UNAVAILABLE_NO_EXACT_SESSION_OBSERVATION,,UNAVAILABLE
HLD,2026-10-01,12.7,-0.007812500000000111,,,,,,,,,,,,,,,,,BELOW_MA20_MOMENTUM_NEGATIVE,,2026-10-01T16:19:50.765598+07:00,DELISTED,,,,,,,,2026-10-01,2026-10-01,0,EXCHANGE_STOCK_LIST_CANDIDATE_NOT_COMMON_EQUITY_PROVEN,HNX_LISTED,hnx_official_equity_universe/v1,,OFFICIAL_CURRENT_STOCK_LIST_CANDIDATE,,true,,EXACT_SESSION_RETAINED,CURRENT_DESCRIPTIVE_DNSE_REST_ADJUSTED_RETROSPECTIVE_RAW_AS_TRADED_NOT_PROMOTED,DIRECT_CANONICAL_MAPPING
HLG,,,,,,,,,,,,,,,,,,,,NOT_AVAILABLE,,,DELISTED,,,,,,,,,,,INSTRUMENT_CLASS_UNRESOLVED,DELISTED,,,STOCKLOOKUP_ONLY_UNRESOLVED,,false,,UNAVAILABLE_NO_EXACT_SESSION_OBSERVATION,,UNAVAILABLE
HLO,,,,,,,,,,,,,,,,,,,,NOT_AVAILABLE,,,UPCOM,,,,,,,,,,,EXCHANGE_STOCK_LIST_CANDIDATE_NOT_COMMON_EQUITY_PROVEN,UPCOM,hnx_official_equity_universe/v1,,OFFICIAL_CURRENT_STOCK_LIST_CANDIDATE,,false,,UNAVAILABLE_NO_EXACT_SESSION_OBSERVATION,,UNAVAILABLE
HLR,,,,,,,,,,,,,,,,,,,,NOT_AVAILABLE,,,DELISTED,,,,,,,,,,,INSTRUMENT_CLASS_UNRESOLVED,DELISTED,,,STOCKLOOKUP_ONLY_UNRESOLVED,,false,,UNAVAILABLE_NO_EXACT_SESSION_OBSERVATION,,UNAVAILABLE
HLS,,,,,,,,,,,,,,,,,,,,NOT_AVAILABLE,,,UPCOM,,,,,,,,,,,EXCHANGE_STOCK_LIST_CANDIDATE_NOT_COMMON_EQUITY_PROVEN,UPCOM,hnx_official_equity_universe/v1,,OFFICIAL_CURRENT_STOCK_LIST_CANDIDATE,,false,,UNAVAILABLE_NO_EXACT_SESSION_OBSERVATION,,UNAVAILABLE
HLT,,,,,,,,,,,,,,,,,,,,NOT_AVAILABLE,,,UPCOM,,,,,,,,,,,EXCHANGE_STOCK_LIST_CANDIDATE_NOT_COMMON_EQUITY_PROVEN,UPCOM,hnx_official_equity_universe/v1,,OFFICIAL_CURRENT_STOCK_LIST_CANDIDATE,,false,,UNAVAILABLE_NO_EXACT_SESSION_OBSERVATION,,UNAVAILABLE
HLY,,,,,,,,,,,,,,,,,,,,NOT_AVAILABLE,,,UPCOM,,,,,,,,,,,EXCHANGE_STOCK_LIST_CANDIDATE_NOT_COMMON_EQUITY_PROVEN,UPCOM,hnx_official_equity_universe/v1,,OFFICIAL_CURRENT_STOCK_LIST_CANDIDATE,,false,,UNAVAILABLE_NO_EXACT_SESSION_OBSERVATION,,UNAVAILABLE
HMC,2026-10-01,10.7,-0.009259259259259411,,,,,,,,,,,,,,,,,NEAR_MA20_NEUTRAL,,2026-10-01T16:19:50.765598+07:00,HSX,,,,,,,,2026-10-01,2026-10-01,0,OFFICIAL_STOCK_MASTER_SECURITY_TYPE_NOT_COMMON_EQUITY_PROVEN,HOSE,hose_public_stock_master/v1,,OFFICIAL_CURRENT_EXCHANGE_SECURITY,,true,,EXACT_SESSION_RETAINED,CURRENT_DESCRIPTIVE_DNSE_REST_ADJUSTED_RETROSPECTIVE_RAW_AS_TRADED_NOT_PROMOTED,DIRECT_CANONICAL_MAPPING
HMD,,,,,,,,,,,,,,,,,,,,NOT_AVAILABLE,,,UPCOM,,,,,,,,,,,EXCHANGE_STOCK_LIST_CANDIDATE_NOT_COMMON_EQUITY_PROVEN,UPCOM,hnx_official_equity_universe/v1,,OFFICIAL_CURRENT_STOCK_LIST_CANDIDATE,,false,,UNAVAILABLE_NO_EXACT_SESSION_OBSERVATION,,UNAVAILABLE
HMG,2026-10-01,10.5,,,,,,,,,,,,,,,,,,NOT_AVAILABLE,,2026-10-01T16:19:50.765598+07:00,UPCOM,,,,,,,,2026-10-01,2026-10-01,0,EXCHANGE_STOCK_LIST_CANDIDATE_NOT_COMMON_EQUITY_PROVEN,UPCOM,hnx_official_equity_universe/v1,,OFFICIAL_CURRENT_STOCK_LIST_CANDIDATE,,true,,EXACT_SESSION_RETAINED,CURRENT_DESCRIPTIVE_DNSE_REST_ADJUSTED_RETROSPECTIVE_RAW_AS_TRADED_NOT_PROMOTED,DIRECT_CANONICAL_MAPPING
HMH,2026-10-01,16.4,-0.098901098901099,,,,,,,,,,,,,,,,,BELOW_MA20_MOMENTUM_NEGATIVE,,2026-10-01T16:19:50.765598+07:00,DELISTED,,,,,,,,2026-10-01,2026-10-01,0,EXCHANGE_STOCK_LIST_CANDIDATE_NOT_COMMON_EQUITY_PROVEN,HNX_LISTED,hnx_official_equity_universe/v1,,OFFICIAL_CURRENT_STOCK_LIST_CANDIDATE,,true,,EXACT_SESSION_RETAINED,CURRENT_DESCRIPTIVE_DNSE_REST_ADJUSTED_RETROSPECTIVE_RAW_AS_TRADED_NOT_PROMOTED,DIRECT_CANONICAL_MAPPING
HMR,2026-10-01,9,0.0,,,,,,,,,,,,,,,,,BELOW_MA20_MOMENTUM_NEGATIVE,,2026-10-01T16:19:50.765598+07:00,DELISTED,,,,,,,,2026-10-01,2026-10-01,0,EXCHANGE_STOCK_LIST_CANDIDATE_NOT_COMMON_EQUITY_PROVEN,HNX_LISTED,hnx_official_equity_universe/v1,,OFFICIAL_CURRENT_STOCK_LIST_CANDIDATE,,true,,EXACT_SESSION_RETAINED,CURRENT_DESCRIPTIVE_DNSE_REST_ADJUSTED_RETROSPECTIVE_RAW_AS_TRADED_NOT_PROMOTED,DIRECT_CANONICAL_MAPPING
HMS,2026-10-01,31.9,0.049342105263157965,,,,,,,,,,,,,,,,,ABOVE_MA20_MOMENTUM_POSITIVE,,2026-10-01T16:19:50.765598+07:00,UPCOM,,,,,,,,2026-10-01,2026-10-01,0,EXCHANGE_STOCK_LIST_CANDIDATE_NOT_COMMON_EQUITY_PROVEN,UPCOM,hnx_official_equity_universe/v1,,OFFICIAL_CURRENT_STOCK_LIST_CANDIDATE,,true,,EXACT_SESSION_RETAINED,CURRENT_DESCRIPTIVE_DNSE_REST_ADJUSTED_RETROSPECTIVE_RAW_AS_TRADED_NOT_PROMOTED,DIRECT_CANONICAL_MAPPING
HNA,2026-10-01,21,-0.01869158878504662,,,,,,,,,,,,,,,,,BELOW_MA20_MOMENTUM_NEGATIVE,,2026-10-01T16:19:50.765598+07:00,HSX,,,,,,,,2026-10-01,2026-10-01,0,OFFICIAL_STOCK_MASTER_SECURITY_TYPE_NOT_COMMON_EQUITY_PROVEN,HOSE,hose_public_stock_master/v1,,OFFICIAL_CURRENT_EXCHANGE_SECURITY,,true,,EXACT_SESSION_RETAINED,CURRENT_DESCRIPTIVE_DNSE_REST_ADJUSTED_RETROSPECTIVE_RAW_AS_TRADED_NOT_PROMOTED,DIRECT_CANONICAL_MAPPING
HNB,2026-10-01,13.1,-0.06428571428571428,,,,,,,,,,,,,,,,,NEAR_MA20_NEUTRAL,,2026-10-01T16:19:50.765598+07:00,UPCOM,,,,,,,,2026-10-01,2026-10-01,0,EXCHANGE_STOCK_LIST_CANDIDATE_NOT_COMMON_EQUITY_PROVEN,UPCOM,hnx_official_equity_universe/v1,,OFFICIAL_CURRENT_STOCK_LIST_CANDIDATE,,true,,EXACT_SESSION_RETAINED,CURRENT_DESCRIPTIVE_DNSE_REST_ADJUSTED_RETROSPECTIVE_RAW_AS_TRADED_NOT_PROMOTED,DIRECT_CANONICAL_MAPPING
HND,2026-10-01,9.2,-0.010752688172043112,,,,,,,,,,,,,,,,,NEAR_MA20_NEUTRAL,,2026-10-01T16:19:50.765598+07:00,UPCOM,,,,,,,,2026-10-01,2026-10-01,0,EXCHANGE_STOCK_LIST_CANDIDATE_NOT_COMMON_EQUITY_PROVEN,UPCOM,hnx_official_equity_universe/v1,,OFFICIAL_CURRENT_STOCK_LIST_CANDIDATE,,true,,EXACT_SESSION_RETAINED,CURRENT_DESCRIPTIVE_DNSE_REST_ADJUSTED_RETROSPECTIVE_RAW_AS_TRADED_NOT_PROMOTED,DIRECT_CANONICAL_MAPPING
HNF,,,,,,,,,,,,,,,,,,,,NOT_AVAILABLE,,,UPCOM,,,,,,,,,,,EXCHANGE_STOCK_LIST_CANDIDATE_NOT_COMMON_EQUITY_PROVEN,UPCOM,hnx_official_equity_universe/v1,,OFFICIAL_CURRENT_STOCK_LIST_CANDIDATE,,false,,UNAVAILABLE_NO_EXACT_SESSION_OBSERVATION,,UNAVAILABLE
HNG,2026-10-01,6.2,0.016393442622950838,,,,,,,,,,,,,,,,,NEAR_MA20_NEUTRAL,,2026-10-01T16:19:50.765598+07:00,UPCOM,,,,,,,,2026-10-01,2026-10-01,0,EXCHANGE_STOCK_LIST_CANDIDATE_NOT_COMMON_EQUITY_PROVEN,UPCOM,hnx_official_equity_universe/v1,,OFFICIAL_CURRENT_STOCK_LIST_CANDIDATE,,true,,EXACT_SESSION_RETAINED,CURRENT_DESCRIPTIVE_DNSE_REST_ADJUSTED_RETROSPECTIVE_RAW_AS_TRADED_NOT_PROMOTED,DIRECT_CANONICAL_MAPPING
HNI,2026-10-01,29,-0.023569023569023573,,,,,,,,,,,,,,,,,ABOVE_MA20_MOMENTUM_POSITIVE,,2026-10-01T16:19:50.765598+07:00,UPCOM,,,,,,,,2026-10-01,2026-10-01,0,EXCHANGE_STOCK_LIST_CANDIDATE_NOT_COMMON_EQUITY_PROVEN,UPCOM,hnx_official_equity_universe/v1,,OFFICIAL_CURRENT_STOCK_LIST_CANDIDATE,,true,,EXACT_SESSION_RETAINED,CURRENT_DESCRIPTIVE_DNSE_REST_ADJUSTED_RETROSPECTIVE_RAW_AS_TRADED_NOT_PROMOTED,DIRECT_CANONICAL_MAPPING
HNM,2026-10-01,8.2,0.05128205128205132,,,,,,,,,,,,,,,,,BELOW_MA20_MOMENTUM_NEGATIVE,,2026-10-01T16:19:50.765598+07:00,UPCOM,,,,,,,,2026-10-01,2026-10-01,0,EXCHANGE_STOCK_LIST_CANDIDATE_NOT_COMMON_EQUITY_PROVEN,UPCOM,hnx_official_equity_universe/v1,,OFFICIAL_CURRENT_STOCK_LIST_CANDIDATE,,true,,EXACT_SESSION_RETAINED,CURRENT_DESCRIPTIVE_DNSE_REST_ADJUSTED_RETROSPECTIVE_RAW_AS_TRADED_NOT_PROMOTED,DIRECT_CANONICAL_MAPPING
HNP,,,,,,,,,,,,,,,,,,,,NOT_AVAILABLE,,,UPCOM,,,,,,,,,,,EXCHANGE_STOCK_LIST_CANDIDATE_NOT_COMMON_EQUITY_PROVEN,UPCOM,hnx_official_equity_universe/v1,,OFFICIAL_CURRENT_STOCK_LIST_CANDIDATE,,false,,UNAVAILABLE_NO_EXACT_SESSION_OBSERVATION,,UNAVAILABLE
HNR,,,,,,,,,,,,,,,,,,,,NOT_AVAILABLE,,,UPCOM,,,,,,,,,,,EXCHANGE_STOCK_LIST_CANDIDATE_NOT_COMMON_EQUITY_PROVEN,UPCOM,hnx_official_equity_universe/v1,,OFFICIAL_CURRENT_STOCK_LIST_CANDIDATE,,false,,UNAVAILABLE_NO_EXACT_SESSION_OBSERVATION,,UNAVAILABLE
HNT,,,,,,,,,,,,,,,,,,,,NOT_AVAILABLE,,,DELISTED,,,,,,,,,,,INSTRUMENT_CLASS_UNRESOLVED,DELISTED,,,STOCKLOOKUP_ONLY_UNRESOLVED,,false,,UNAVAILABLE_NO_EXACT_SESSION_OBSERVATION,,UNAVAILABLE
HOM,2026-10-01,3.9,0.0,,,,,,,,,,,,,,,,,NEAR_MA20_NEUTRAL,,2026-10-01T16:19:50.765598+07:00,DELISTED,,,,,,,,2026-10-01,2026-10-01,0,EXCHANGE_STOCK_LIST_CANDIDATE_NOT_COMMON_EQUITY_PROVEN,HNX_LISTED,hnx_official_equity_universe/v1,,OFFICIAL_CURRENT_STOCK_LIST_CANDIDATE,,true,,EXACT_SESSION_RETAINED,CURRENT_DESCRIPTIVE_DNSE_REST_ADJUSTED_RETROSPECTIVE_RAW_AS_TRADED_NOT_PROMOTED,DIRECT_CANONICAL_MAPPING
HOT,2026-10-01,16.5,0.0,,,,,,,,,,,,,,,,,BELOW_MA20_MOMENTUM_NEGATIVE,,2026-10-01T16:19:50.765598+07:00,UPCOM,,,,,,,,2026-10-01,2026-10-01,0,EXCHANGE_STOCK_LIST_CANDIDATE_NOT_COMMON_EQUITY_PROVEN,UPCOM,hnx_official_equity_universe/v1,,OFFICIAL_CURRENT_STOCK_LIST_CANDIDATE,,true,,EXACT_SESSION_RETAINED,CURRENT_DESCRIPTIVE_DNSE_REST_ADJUSTED_RETROSPECTIVE_RAW_AS_TRADED_NOT_PROMOTED,DIRECT_CANONICAL_MAPPING
HPA,2026-10-01,26.05,-0.009505703422053258,,,,,,,,,,,,,,,,,BELOW_MA20_MOMENTUM_NEGATIVE,,2026-10-01T16:19:50.765598+07:00,HSX,,,,,,,,2026-10-01,2026-10-01,0,OFFICIAL_STOCK_MASTER_SECURITY_TYPE_NOT_COMMON_EQUITY_PROVEN,HOSE,hose_public_stock_master/v1,,OFFICIAL_CURRENT_EXCHANGE_SECURITY,,true,,EXACT_SESSION_RETAINED,CURRENT_DESCRIPTIVE_DNSE_REST_ADJUSTED_RETROSPECTIVE_RAW_AS_TRADED_NOT_PROMOTED,DIRECT_CANONICAL_MAPPING
HPB,,,,,,,,,,,,,,,,,,,,NOT_AVAILABLE,,,UPCOM,,,,,,,,,,,EXCHANGE_STOCK_LIST_CANDIDATE_NOT_COMMON_EQUITY_PROVEN,UPCOM,hnx_official_equity_universe/v1,,OFFICIAL_CURRENT_STOCK_LIST_CANDIDATE,,false,,UNAVAILABLE_NO_EXACT_SESSION_OBSERVATION,,UNAVAILABLE
HPD,2026-10-01,16.2,-0.00613496932515345,,,,,,,,,,,,,,,,,NEAR_MA20_NEUTRAL,,2026-10-01T16:19:50.765598+07:00,UPCOM,,,,,,,,2026-10-01,2026-10-01,0,EXCHANGE_STOCK_LIST_CANDIDATE_NOT_COMMON_EQUITY_PROVEN,UPCOM,hnx_official_equity_universe/v1,,OFFICIAL_CURRENT_STOCK_LIST_CANDIDATE,,true,,EXACT_SESSION_RETAINED,CURRENT_DESCRIPTIVE_DNSE_REST_ADJUSTED_RETROSPECTIVE_RAW_AS_TRADED_NOT_PROMOTED,DIRECT_CANONICAL_MAPPING
HPG,2026-10-01,20.05,-0.004962779156327479,,,,,,,,,,,,,,,,,BELOW_MA20_MOMENTUM_NEGATIVE,,2026-10-01T16:19:50.765598+07:00,HSX,corporate,,,,,,,2026-10-01,2026-10-01,0,OFFICIAL_STOCK_MASTER_SECURITY_TYPE_NOT_COMMON_EQUITY_PROVEN,HOSE,hose_public_stock_master/v1,,OFFICIAL_CURRENT_EXCHANGE_SECURITY,,true,,EXACT_SESSION_RETAINED,CURRENT_DESCRIPTIVE_DNSE_REST_ADJUSTED_RETROSPECTIVE_RAW_AS_TRADED_NOT_PROMOTED,DIRECT_CANONICAL_MAPPING
HPH,,,,,,,,,,,,,,,,,,,,NOT_AVAILABLE,,,UPCOM,,,,,,,,,,,EXCHANGE_STOCK_LIST_CANDIDATE_NOT_COMMON_EQUITY_PROVEN,UPCOM,hnx_official_equity_universe/v1,,OFFICIAL_CURRENT_STOCK_LIST_CANDIDATE,,false,,UNAVAILABLE_NO_EXACT_SESSION_OBSERVATION,,UNAVAILABLE
HPI,,,,,,,,,,,,,,,,,,,,NOT_AVAILABLE,,,UPCOM,,,,,,,,,,,EXCHANGE_STOCK_LIST_CANDIDATE_NOT_COMMON_EQUITY_PROVEN,UPCOM,hnx_official_equity_universe/v1,,OFFICIAL_CURRENT_STOCK_LIST_CANDIDATE,,false,,UNAVAILABLE_NO_EXACT_SESSION_OBSERVATION,,UNAVAILABLE
HPM,,,,,,,,,,,,,,,,,,,,NOT_AVAILABLE,,,DELISTED,,,,,,,,,,,INSTRUMENT_CLASS_UNRESOLVED,DELISTED,,,STOCKLOOKUP_ONLY_UNRESOLVED,,false,,UNAVAILABLE_NO_EXACT_SESSION_OBSERVATION,,UNAVAILABLE
HPO,,,,,,,,,,,,,,,,,,,,NOT_AVAILABLE,,,UPCOM,,,,,,,,,,,EXCHANGE_STOCK_LIST_CANDIDATE_NOT_COMMON_EQUITY_PROVEN,UPCOM,hnx_official_equity_universe/v1,,OFFICIAL_CURRENT_STOCK_LIST_CANDIDATE,,false,,UNAVAILABLE_NO_EXACT_SESSION_OBSERVATION,,UNAVAILABLE
HPP,2026-10-01,64.6,-0.0046224961479200966,,,,,,,,,,,,,,,,,BELOW_MA20_MOMENTUM_NEGATIVE,,2026-10-01T16:19:50.765598+07:00,UPCOM,,,,,,,,2026-10-01,2026-10-01,0,EXCHANGE_STOCK_LIST_CANDIDATE_NOT_COMMON_EQUITY_PROVEN,UPCOM,hnx_official_equity_universe/v1,,OFFICIAL_CURRENT_STOCK_LIST_CANDIDATE,,true,,EXACT_SESSION_RETAINED,CURRENT_DESCRIPTIVE_DNSE_REST_ADJUSTED_RETROSPECTIVE_RAW_AS_TRADED_NOT_PROMOTED,DIRECT_CANONICAL_MAPPING
HPT,2026-10-01,28,0.03703703703703698,,,,,,,,,,,,,,,,,NEAR_MA20_NEUTRAL,,2026-10-01T16:19:50.765598+07:00,UPCOM,,,,,,,,2026-10-01,2026-10-01,0,EXCHANGE_STOCK_LIST_CANDIDATE_NOT_COMMON_EQUITY_PROVEN,UPCOM,hnx_official_equity_universe/v1,,OFFICIAL_CURRENT_STOCK_LIST_CANDIDATE,,true,,EXACT_SESSION_RETAINED,CURRENT_DESCRIPTIVE_DNSE_REST_ADJUSTED_RETROSPECTIVE_RAW_AS_TRADED_NOT_PROMOTED,DIRECT_CANONICAL_MAPPING
HPW,,,,,,,,,,,,,,,,,,,,NOT_AVAILABLE,,,UPCOM,,,,,,,,,,,EXCHANGE_STOCK_LIST_CANDIDATE_NOT_COMMON_EQUITY_PROVEN,UPCOM,hnx_official_equity_universe/v1,,OFFICIAL_CURRENT_STOCK_LIST_CANDIDATE,,false,,UNAVAILABLE_NO_EXACT_SESSION_OBSERVATION,,UNAVAILABLE
HPX,2026-10-01,4,0.0,,,,,,,,,,,,,,,,,NEAR_MA20_NEUTRAL,,2026-10-01T16:19:50.765598+07:00,HSX,,,,,,,,2026-10-01,2026-10-01,0,OFFICIAL_STOCK_MASTER_SECURITY_TYPE_NOT_COMMON_EQUITY_PROVEN,HOSE,hose_public_stock_master/v1,,OFFICIAL_CURRENT_EXCHANGE_SECURITY,,true,,EXACT_SESSION_RETAINED,CURRENT_DESCRIPTIVE_DNSE_REST_ADJUSTED_RETROSPECTIVE_RAW_AS_TRADED_NOT_PROMOTED,DIRECT_CANONICAL_MAPPING
HQC,2026-10-01,1.86,0.00540540540540535,,,,,,,,,,,,,,,,,BELOW_MA20_MOMENTUM_NEGATIVE,,2026-10-01T16:19:50.765598+07:00,HSX,,,,,,,,2026-10-01,2026-10-01,0,OFFICIAL_STOCK_MASTER_SECURITY_TYPE_NOT_COMMON_EQUITY_PROVEN,HOSE,hose_public_stock_master/v1,,OFFICIAL_CURRENT_EXCHANGE_SECURITY,,true,,EXACT_SESSION_RETAINED,CURRENT_DESCRIPTIVE_DNSE_REST_ADJUSTED_RETROSPECTIVE_RAW_AS_TRADED_NOT_PROMOTED,DIRECT_CANONICAL_MAPPING
HRB,2026-10-01,22.5,,,,,,,,,,,,,,,,,,NOT_AVAILABLE,,2026-10-01T16:19:50.765598+07:00,UPCOM,,,,,,,,2026-10-01,2026-10-01,0,EXCHANGE_STOCK_LIST_CANDIDATE_NOT_COMMON_EQUITY_PROVEN,UPCOM,hnx_official_equity_universe/v1,,OFFICIAL_CURRENT_STOCK_LIST_CANDIDATE,,true,,EXACT_SESSION_RETAINED,CURRENT_DESCRIPTIVE_DNSE_REST_ADJUSTED_RETROSPECTIVE_RAW_AS_TRADED_NOT_PROMOTED,DIRECT_CANONICAL_MAPPING
HRC,2026-10-01,31.9,0.0424836601307188,,,,,,,,,,,,,,,,,NEAR_MA20_NEUTRAL,,2026-10-01T16:19:50.765598+07:00,HSX,,,,,,,,2026-10-01,2026-10-01,0,OFFICIAL_STOCK_MASTER_SECURITY_TYPE_NOT_COMMON_EQUITY_PROVEN,HOSE,hose_public_stock_master/v1,,OFFICIAL_CURRENT_EXCHANGE_SECURITY,,true,,EXACT_SESSION_RETAINED,CURRENT_DESCRIPTIVE_DNSE_REST_ADJUSTED_RETROSPECTIVE_RAW_AS_TRADED_NOT_PROMOTED,DIRECT_CANONICAL_MAPPING
HRT,,,,,,,,,,,,,,,,,,,,NOT_AVAILABLE,,,DELISTED,,,,,,,,,,,INSTRUMENT_CLASS_UNRESOLVED,DELISTED,,,STOCKLOOKUP_ONLY_UNRESOLVED,,false,,UNAVAILABLE_NO_EXACT_SESSION_OBSERVATION,,UNAVAILABLE
HSA,,,,,,,,,,,,,,,,,,,,NOT_AVAILABLE,,,UPCOM,,,,,,,,,,,EXCHANGE_STOCK_LIST_CANDIDATE_NOT_COMMON_EQUITY_PROVEN,UPCOM,hnx_official_equity_universe/v1,,OFFICIAL_CURRENT_STOCK_LIST_CANDIDATE,,false,,UNAVAILABLE_NO_EXACT_SESSION_OBSERVATION,,UNAVAILABLE
HSG,2026-10-01,10,0.0,,,,,,,,,,,,,,,,,NEAR_MA20_NEUTRAL,,2026-10-01T16:19:50.765598+07:00,HSX,,,,,,,,2026-10-01,2026-10-01,0,OFFICIAL_STOCK_MASTER_SECURITY_TYPE_NOT_COMMON_EQUITY_PROVEN,HOSE,hose_public_stock_master/v1,,OFFICIAL_CURRENT_EXCHANGE_SECURITY,,true,,EXACT_SESSION_RETAINED,CURRENT_DESCRIPTIVE_DNSE_REST_ADJUSTED_RETROSPECTIVE_RAW_AS_TRADED_NOT_PROMOTED,DIRECT_CANONICAL_MAPPING
HSI,,,,,,,,,,,,,,,,,,,,NOT_AVAILABLE,,,DELISTED,,,,,,,,,,,INSTRUMENT_CLASS_UNRESOLVED,DELISTED,,,STOCKLOOKUP_ONLY_UNRESOLVED,,false,,UNAVAILABLE_NO_EXACT_SESSION_OBSERVATION,,UNAVAILABLE
HSL,2026-10-01,9.44,0.06908267270668178,,,,,,,,,,,,,,,,,NEAR_MA20_NEUTRAL,,2026-10-01T16:19:50.765598+07:00,HSX,,,,,,,,2026-10-01,2026-10-01,0,OFFICIAL_STOCK_MASTER_SECURITY_TYPE_NOT_COMMON_EQUITY_PROVEN,HOSE,hose_public_stock_master/v1,,OFFICIAL_CURRENT_EXCHANGE_SECURITY,,true,,EXACT_SESSION_RETAINED,CURRENT_DESCRIPTIVE_DNSE_REST_ADJUSTED_RETROSPECTIVE_RAW_AS_TRADED_NOT_PROMOTED,DIRECT_CANONICAL_MAPPING
HSM,2026-10-01,5.9,0.11320754716981152,,,,,,,,,,,,,,,,,BELOW_MA20_MOMENTUM_NEGATIVE,,2026-10-01T16:19:50.765598+07:00,UPCOM,,,,,,,,2026-10-01,2026-10-01,0,EXCHANGE_STOCK_LIST_CANDIDATE_NOT_COMMON_EQUITY_PROVEN,UPCOM,hnx_official_equity_universe/v1,,OFFICIAL_CURRENT_STOCK_LIST_CANDIDATE,,true,,EXACT_SESSION_RETAINED,CURRENT_DESCRIPTIVE_DNSE_REST_ADJUSTED_RETROSPECTIVE_RAW_AS_TRADED_NOT_PROMOTED,DIRECT_CANONICAL_MAPPING
HSP,2026-10-01,16.4,0.0,,,,,,,,,,,,,,,,,ABOVE_MA20_MOMENTUM_POSITIVE,,2026-10-01T16:19:50.765598+07:00,UPCOM,,,,,,,,2026-10-01,2026-10-01,0,EXCHANGE_STOCK_LIST_CANDIDATE_NOT_COMMON_EQUITY_PROVEN,UPCOM,hnx_official_equity_universe/v1,,OFFICIAL_CURRENT_STOCK_LIST_CANDIDATE,,true,,EXACT_SESSION_RETAINED,CURRENT_DESCRIPTIVE_DNSE_REST_ADJUSTED_RETROSPECTIVE_RAW_AS_TRADED_NOT_PROMOTED,DIRECT_CANONICAL_MAPPING
HSV,2026-10-01,3.7,0.0,,,,,,,,,,,,,,,,,BELOW_MA20_MOMENTUM_NEGATIVE,,2026-10-01T16:19:50.765598+07:00,UPCOM,,,,,,,,2026-10-01,2026-10-01,0,EXCHANGE_STOCK_LIST_CANDIDATE_NOT_COMMON_EQUITY_PROVEN,UPCOM,hnx_official_equity_universe/v1,,OFFICIAL_CURRENT_STOCK_LIST_CANDIDATE,,true,,EXACT_SESSION_RETAINED,CURRENT_DESCRIPTIVE_DNSE_REST_ADJUSTED_RETROSPECTIVE_RAW_AS_TRADED_NOT_PROMOTED,DIRECT_CANONICAL_MAPPING
HT1,2026-10-01,11.9,0.0042194092827005925,,,,,,,,,,,,,,,,,NEAR_MA20_NEUTRAL,,2026-10-01T16:19:50.765598+07:00,HSX,,,,,,,,2026-10-01,2026-10-01,0,OFFICIAL_STOCK_MASTER_SECURITY_TYPE_NOT_COMMON_EQUITY_PROVEN,HOSE,hose_public_stock_master/v1,,OFFICIAL_CURRENT_EXCHANGE_SECURITY,,true,,EXACT_SESSION_RETAINED,CURRENT_DESCRIPTIVE_DNSE_REST_ADJUSTED_RETROSPECTIVE_RAW_AS_TRADED_NOT_PROMOTED,DIRECT_CANONICAL_MAPPING
HTC,,,,,,,,,,,,,,,,,,,,NOT_AVAILABLE,,,DELISTED,,,,,,,,,,,EXCHANGE_STOCK_LIST_CANDIDATE_NOT_COMMON_EQUITY_PROVEN,HNX_LISTED,hnx_official_equity_universe/v1,,OFFICIAL_CURRENT_STOCK_LIST_CANDIDATE,,false,,UNAVAILABLE_NO_EXACT_SESSION_OBSERVATION,,UNAVAILABLE
HTE,2026-10-01,2.6,-0.03703703703703709,,,,,,,,,,,,,,,,,BELOW_MA20_MOMENTUM_NEGATIVE,,2026-10-01T16:19:50.765598+07:00,UPCOM,,,,,,,,2026-10-01,2026-10-01,0,EXCHANGE_STOCK_LIST_CANDIDATE_NOT_COMMON_EQUITY_PROVEN,UPCOM,hnx_official_equity_universe/v1,,OFFICIAL_CURRENT_STOCK_LIST_CANDIDATE,,true,,EXACT_SESSION_RETAINED,CURRENT_DESCRIPTIVE_DNSE_REST_ADJUSTED_RETROSPECTIVE_RAW_AS_TRADED_NOT_PROMOTED,DIRECT_CANONICAL_MAPPING
HTG,2026-10-01,33.2,0.0,,,,,,,,,,,,,,,,,NEAR_MA20_NEUTRAL,,2026-10-01T16:19:50.765598+07:00,HSX,,,,,,,,2026-10-01,2026-10-01,0,OFFICIAL_STOCK_MASTER_SECURITY_TYPE_NOT_COMMON_EQUITY_PROVEN,HOSE,hose_public_stock_master/v1,,OFFICIAL_CURRENT_EXCHANGE_SECURITY,,true,,EXACT_SESSION_RETAINED,CURRENT_DESCRIPTIVE_DNSE_REST_ADJUSTED_RETROSPECTIVE_RAW_AS_TRADED_NOT_PROMOTED,DIRECT_CANONICAL_MAPPING
HTH,,,,,,,,,,,,,,,,,,,,NOT_AVAILABLE,,,DELISTED,,,,,,,,,,,INSTRUMENT_CLASS_UNRESOLVED,DELISTED,,,STOCKLOOKUP_ONLY_UNRESOLVED,,false,,UNAVAILABLE_NO_EXACT_SESSION_OBSERVATION,,UNAVAILABLE
HTI,2026-10-01,18.15,0.0,,,,,,,,,,,,,,,,,NEAR_MA20_NEUTRAL,,2026-10-01T16:19:50.765598+07:00,HSX,,,,,,,,2026-10-01,2026-10-01,0,OFFICIAL_STOCK_MASTER_SECURITY_TYPE_NOT_COMMON_EQUITY_PROVEN,HOSE,hose_public_stock_master/v1,,OFFICIAL_CURRENT_EXCHANGE_SECURITY,,true,,EXACT_SESSION_RETAINED,CURRENT_DESCRIPTIVE_DNSE_REST_ADJUSTED_RETROSPECTIVE_RAW_AS_TRADED_NOT_PROMOTED,DIRECT_CANONICAL_MAPPING
HTL,2026-10-01,19.8,0.0,,,,,,,,,,,,,,,,,NEAR_MA20_NEUTRAL,,2026-10-01T16:19:50.765598+07:00,HSX,,,,,,,,2026-10-01,2026-10-01,0,OFFICIAL_STOCK_MASTER_SECURITY_TYPE_NOT_COMMON_EQUITY_PROVEN,HOSE,hose_public_stock_master/v1,,OFFICIAL_CURRENT_EXCHANGE_SECURITY,,true,,EXACT_SESSION_RETAINED,CURRENT_DESCRIPTIVE_DNSE_REST_ADJUSTED_RETROSPECTIVE_RAW_AS_TRADED_NOT_PROMOTED,DIRECT_CANONICAL_MAPPING
HTM,2026-10-01,10.4,-0.00952380952380949,,,,,,,,,,,,,,,,,BELOW_MA20_MOMENTUM_POSITIVE,,2026-10-01T16:19:50.765598+07:00,UPCOM,,,,,,,,2026-10-01,2026-10-01,0,EXCHANGE_STOCK_LIST_CANDIDATE_NOT_COMMON_EQUITY_PROVEN,UPCOM,hnx_official_equity_universe/v1,,OFFICIAL_CURRENT_STOCK_LIST_CANDIDATE,,true,,EXACT_SESSION_RETAINED,CURRENT_DESCRIPTIVE_DNSE_REST_ADJUSTED_RETROSPECTIVE_RAW_AS_TRADED_NOT_PROMOTED,DIRECT_CANONICAL_MAPPING
HTN,2026-10-01,7.51,0.017615176151761558,,,,,,,,,,,,,,,,,ABOVE_MA20_MOMENTUM_POSITIVE,,2026-10-01T16:19:50.765598+07:00,HSX,,,,,,,,2026-10-01,2026-10-01,0,OFFICIAL_STOCK_MASTER_SECURITY_TYPE_NOT_COMMON_EQUITY_PROVEN,HOSE,hose_public_stock_master/v1,,OFFICIAL_CURRENT_EXCHANGE_SECURITY,,true,,EXACT_SESSION_RETAINED,CURRENT_DESCRIPTIVE_DNSE_REST_ADJUSTED_RETROSPECTIVE_RAW_AS_TRADED_NOT_PROMOTED,DIRECT_CANONICAL_MAPPING
HTP,,,,,,,,,,,,,,,,,,,,NOT_AVAILABLE,,,UPCOM,,,,,,,,,,,EXCHANGE_STOCK_LIST_CANDIDATE_NOT_COMMON_EQUITY_PROVEN,UPCOM,hnx_official_equity_universe/v1,,OFFICIAL_CURRENT_STOCK_LIST_CANDIDATE,,false,,UNAVAILABLE_NO_EXACT_SESSION_OBSERVATION,,UNAVAILABLE
HTR,,,,,,,,,,,,,,,,,,,,NOT_AVAILABLE,,,DELISTED,,,,,,,,,,,INSTRUMENT_CLASS_UNRESOLVED,DELISTED,,,STOCKLOOKUP_ONLY_UNRESOLVED,,false,,UNAVAILABLE_NO_EXACT_SESSION_OBSERVATION,,UNAVAILABLE
HTT,,,,,,,,,,,,,,,,,,,,NOT_AVAILABLE,,,UPCOM,,,,,,,,,,,EXCHANGE_STOCK_LIST_CANDIDATE_NOT_COMMON_EQUITY_PROVEN,UPCOM,hnx_official_equity_universe/v1,,OFFICIAL_CURRENT_STOCK_LIST_CANDIDATE,,false,,UNAVAILABLE_NO_EXACT_SESSION_OBSERVATION,,UNAVAILABLE
HTV,2026-10-01,11.4,-0.02145922746781115,,,,,,,,,,,,,,,,,BELOW_MA20_MOMENTUM_NEGATIVE,,2026-10-01T16:19:50.765598+07:00,HSX,,,,,,,,2026-10-01,2026-10-01,0,OFFICIAL_STOCK_MASTER_SECURITY_TYPE_NOT_COMMON_EQUITY_PROVEN,HOSE,hose_public_stock_master/v1,,OFFICIAL_CURRENT_EXCHANGE_SECURITY,,true,,EXACT_SESSION_RETAINED,CURRENT_DESCRIPTIVE_DNSE_REST_ADJUSTED_RETROSPECTIVE_RAW_AS_TRADED_NOT_PROMOTED,DIRECT_CANONICAL_MAPPING
HU1,2026-10-01,4.5,0.06888361045130642,,,,,,,,,,,,,,,,,BELOW_MA20_MOMENTUM_NEGATIVE,,2026-10-01T16:19:50.765598+07:00,HSX,,,,,,,,2026-10-01,2026-10-01,0,OFFICIAL_STOCK_MASTER_SECURITY_TYPE_NOT_COMMON_EQUITY_PROVEN,HOSE,hose_public_stock_master/v1,,OFFICIAL_CURRENT_EXCHANGE_SECURITY,,true,,EXACT_SESSION_RETAINED,CURRENT_DESCRIPTIVE_DNSE_REST_ADJUSTED_RETROSPECTIVE_RAW_AS_TRADED_NOT_PROMOTED,DIRECT_CANONICAL_MAPPING
HU3,,,,,,,,,,,,,,,,,,,,NOT_AVAILABLE,,,UPCOM,,,,,,,,,,,EXCHANGE_STOCK_LIST_CANDIDATE_NOT_COMMON_EQUITY_PROVEN,UPCOM,hnx_official_equity_universe/v1,,OFFICIAL_CURRENT_STOCK_LIST_CANDIDATE,,false,,UNAVAILABLE_NO_EXACT_SESSION_OBSERVATION,,UNAVAILABLE
HU4,2026-10-01,8.1,-0.024096385542168752,,,,,,,,,,,,,,,,,BELOW_MA20_MOMENTUM_NEGATIVE,,2026-10-01T16:19:50.765598+07:00,UPCOM,,,,,,,,2026-10-01,2026-10-01,0,EXCHANGE_STOCK_LIST_CANDIDATE_NOT_COMMON_EQUITY_PROVEN,UPCOM,hnx_official_equity_universe/v1,,OFFICIAL_CURRENT_STOCK_LIST_CANDIDATE,,true,,EXACT_SESSION_RETAINED,CURRENT_DESCRIPTIVE_DNSE_REST_ADJUSTED_RETROSPECTIVE_RAW_AS_TRADED_NOT_PROMOTED,DIRECT_CANONICAL_MAPPING
HU6,2026-10-01,3.8,0.08571428571428563,,,,,,,,,,,,,,,,,BELOW_MA20_MOMENTUM_NEGATIVE,,2026-10-01T16:19:50.765598+07:00,UPCOM,,,,,,,,2026-10-01,2026-10-01,0,EXCHANGE_STOCK_LIST_CANDIDATE_NOT_COMMON_EQUITY_PROVEN,UPCOM,hnx_official_equity_universe/v1,,OFFICIAL_CURRENT_STOCK_LIST_CANDIDATE,,true,,EXACT_SESSION_RETAINED,CURRENT_DESCRIPTIVE_DNSE_REST_ADJUSTED_RETROSPECTIVE_RAW_AS_TRADED_NOT_PROMOTED,DIRECT_CANONICAL_MAPPING
HUB,2026-10-01,10.85,-0.0091324200913242,,,,,,,,,,,,,,,,,BELOW_MA20_MOMENTUM_NEGATIVE,,2026-10-01T16:19:50.765598+07:00,HSX,,,,,,,,2026-10-01,2026-10-01,0,OFFICIAL_STOCK_MASTER_SECURITY_TYPE_NOT_COMMON_EQUITY_PROVEN,HOSE,hose_public_stock_master/v1,,OFFICIAL_CURRENT_EXCHANGE_SECURITY,,true,,EXACT_SESSION_RETAINED,CURRENT_DESCRIPTIVE_DNSE_REST_ADJUSTED_RETROSPECTIVE_RAW_AS_TRADED_NOT_PROMOTED,DIRECT_CANONICAL_MAPPING
HUG,,,,,,,,,,,,,,,,,,,,NOT_AVAILABLE,,,UPCOM,,,,,,,,,,,EXCHANGE_STOCK_LIST_CANDIDATE_NOT_COMMON_EQUITY_PROVEN,UPCOM,hnx_official_equity_universe/v1,,OFFICIAL_CURRENT_STOCK_LIST_CANDIDATE,,false,,UNAVAILABLE_NO_EXACT_SESSION_OBSERVATION,,UNAVAILABLE
HUT,2026-10-01,12.5,-0.007936507936507908,,,,,,,,,,,,,,,,,NEAR_MA20_NEUTRAL,,2026-10-01T16:19:50.765598+07:00,DELISTED,,,,,,,,2026-10-01,2026-10-01,0,EXCHANGE_STOCK_LIST_CANDIDATE_NOT_COMMON_EQUITY_PROVEN,HNX_LISTED,hnx_official_equity_universe/v1,,OFFICIAL_CURRENT_STOCK_LIST_CANDIDATE,,true,,EXACT_SESSION_RETAINED,CURRENT_DESCRIPTIVE_DNSE_REST_ADJUSTED_RETROSPECTIVE_RAW_AS_TRADED_NOT_PROMOTED,DIRECT_CANONICAL_MAPPING
HVA,,,,,,,,,,,,,,,,,,,,NOT_AVAILABLE,,,UPCOM,,,,,,,,,,,EXCHANGE_STOCK_LIST_CANDIDATE_NOT_COMMON_EQUITY_PROVEN,UPCOM,hnx_official_equity_universe/v1,,OFFICIAL_CURRENT_STOCK_LIST_CANDIDATE,,false,,UNAVAILABLE_NO_EXACT_SESSION_OBSERVATION,,UNAVAILABLE
HVG,,,,,,,,,,,,,,,,,,,,NOT_AVAILABLE,,,DELISTED,,,,,,,,,,,INSTRUMENT_CLASS_UNRESOLVED,DELISTED,,,STOCKLOOKUP_ONLY_UNRESOLVED,,false,,UNAVAILABLE_NO_EXACT_SESSION_OBSERVATION,,UNAVAILABLE
HVH,2026-10-01,10.3,0.004878048780487809,,,,,,,,,,,,,,,,,BELOW_MA20_MOMENTUM_NEGATIVE,,2026-10-01T16:19:50.765598+07:00,HSX,,,,,,,,2026-10-01,2026-10-01,0,OFFICIAL_STOCK_MASTER_SECURITY_TYPE_NOT_COMMON_EQUITY_PROVEN,HOSE,hose_public_stock_master/v1,,OFFICIAL_CURRENT_EXCHANGE_SECURITY,,true,,EXACT_SESSION_RETAINED,CURRENT_DESCRIPTIVE_DNSE_REST_ADJUSTED_RETROSPECTIVE_RAW_AS_TRADED_NOT_PROMOTED,DIRECT_CANONICAL_MAPPING
HVN,2026-10-01,20.75,0.009732360097323589,,,,,,,,,,,,,,,,,NEAR_MA20_NEUTRAL,,2026-10-01T16:19:50.765598+07:00,HSX,,,,,,,,2026-10-01,2026-10-01,0,OFFICIAL_STOCK_MASTER_SECURITY_TYPE_NOT_COMMON_EQUITY_PROVEN,HOSE,hose_public_stock_master/v1,,OFFICIAL_CURRENT_EXCHANGE_SECURITY,,true,,EXACT_SESSION_RETAINED,CURRENT_DESCRIPTIVE_DNSE_REST_ADJUSTED_RETROSPECTIVE_RAW_AS_TRADED_NOT_PROMOTED,DIRECT_CANONICAL_MAPPING
HVT,2026-10-01,23.1,0.0,,,,,,,,,,,,,,,,,NEAR_MA20_NEUTRAL,,2026-10-01T16:19:50.765598+07:00,DELISTED,,,,,,,,2026-10-01,2026-10-01,0,EXCHANGE_STOCK_LIST_CANDIDATE_NOT_COMMON_EQUITY_PROVEN,HNX_LISTED,hnx_official_equity_universe/v1,,OFFICIAL_CURRENT_STOCK_LIST_CANDIDATE,,true,,EXACT_SESSION_RETAINED,CURRENT_DESCRIPTIVE_DNSE_REST_ADJUSTED_RETROSPECTIVE_RAW_AS_TRADED_NOT_PROMOTED,DIRECT_CANONICAL_MAPPING
HVX,2026-10-01,2.2,-0.04347826086956508,,,,,,,,,,,,,,,,,BELOW_MA20_MOMENTUM_NEGATIVE,,2026-10-01T16:19:50.765598+07:00,UPCOM,,,,,,,,2026-10-01,2026-10-01,0,EXCHANGE_STOCK_LIST_CANDIDATE_NOT_COMMON_EQUITY_PROVEN,UPCOM,hnx_official_equity_universe/v1,,OFFICIAL_CURRENT_STOCK_LIST_CANDIDATE,,true,,EXACT_SESSION_RETAINED,CURRENT_DESCRIPTIVE_DNSE_REST_ADJUSTED_RETROSPECTIVE_RAW_AS_TRADED_NOT_PROMOTED,DIRECT_CANONICAL_MAPPING
HWS,,,,,,,,,,,,,,,,,,,,NOT_AVAILABLE,,,UPCOM,,,,,,,,,,,EXCHANGE_STOCK_LIST_CANDIDATE_NOT_COMMON_EQUITY_PROVEN,UPCOM,hnx_official_equity_universe/v1,,OFFICIAL_CURRENT_STOCK_LIST_CANDIDATE,,false,,UNAVAILABLE_NO_EXACT_SESSION_OBSERVATION,,UNAVAILABLE
IBC,,,,,,,,,,,,,,,,,,,,NOT_AVAILABLE,,,DELISTED,,,,,,,,,,,INSTRUMENT_CLASS_UNRESOLVED,DELISTED,,,STOCKLOOKUP_ONLY_UNRESOLVED,,false,,UNAVAILABLE_NO_EXACT_SESSION_OBSERVATION,,UNAVAILABLE
IBD,,,,,,,,,,,,,,,,,,,,NOT_AVAILABLE,,,UPCOM,,,,,,,,,,,EXCHANGE_STOCK_LIST_CANDIDATE_NOT_COMMON_EQUITY_PROVEN,UPCOM,hnx_official_equity_universe/v1,,OFFICIAL_CURRENT_STOCK_LIST_CANDIDATE,,false,,UNAVAILABLE_NO_EXACT_SESSION_OBSERVATION,,UNAVAILABLE
ICC,,,,,,,,,,,,,,,,,,,,NOT_AVAILABLE,,,UPCOM,,,,,,,,,,,EXCHANGE_STOCK_LIST_CANDIDATE_NOT_COMMON_EQUITY_PROVEN,UPCOM,hnx_official_equity_universe/v1,,OFFICIAL_CURRENT_STOCK_LIST_CANDIDATE,,false,,UNAVAILABLE_NO_EXACT_SESSION_OBSERVATION,,UNAVAILABLE
ICF,2026-10-01,1.5,-0.0625,,,,,,,,,,,,,,,,,BELOW_MA20_MOMENTUM_NEGATIVE,,2026-10-01T16:19:50.765598+07:00,UPCOM,,,,,,,,2026-10-01,2026-10-01,0,EXCHANGE_STOCK_LIST_CANDIDATE_NOT_COMMON_EQUITY_PROVEN,UPCOM,hnx_official_equity_universe/v1,,OFFICIAL_CURRENT_STOCK_LIST_CANDIDATE,,true,,EXACT_SESSION_RETAINED,CURRENT_DESCRIPTIVE_DNSE_REST_ADJUSTED_RETROSPECTIVE_RAW_AS_TRADED_NOT_PROMOTED,DIRECT_CANONICAL_MAPPING
ICG,2026-10-01,10.9,0.04807692307692313,,,,,,,,,,,,,,,,,ABOVE_MA20_MOMENTUM_POSITIVE,,2026-10-01T16:19:50.765598+07:00,DELISTED,,,,,,,,2026-10-01,2026-10-01,0,EXCHANGE_STOCK_LIST_CANDIDATE_NOT_COMMON_EQUITY_PROVEN,HNX_LISTED,hnx_official_equity_universe/v1,,OFFICIAL_CURRENT_STOCK_LIST_CANDIDATE,,true,,EXACT_SESSION_RETAINED,CURRENT_DESCRIPTIVE_DNSE_REST_ADJUSTED_RETROSPECTIVE_RAW_AS_TRADED_NOT_PROMOTED,DIRECT_CANONICAL_MAPPING
ICI,,,,,,,,,,,,,,,,,,,,NOT_AVAILABLE,,,UPCOM,,,,,,,,,,,EXCHANGE_STOCK_LIST_CANDIDATE_NOT_COMMON_EQUITY_PROVEN,UPCOM,hnx_official_equity_universe/v1,,OFFICIAL_CURRENT_STOCK_LIST_CANDIDATE,,false,,UNAVAILABLE_NO_EXACT_SESSION_OBSERVATION,,UNAVAILABLE
ICN,2026-10-01,25,0.020408163265306145,,,,,,,,,,,,,,,,,NEAR_MA20_NEUTRAL,,2026-10-01T16:19:50.765598+07:00,UPCOM,,,,,,,,2026-10-01,2026-10-01,0,EXCHANGE_STOCK_LIST_CANDIDATE_NOT_COMMON_EQUITY_PROVEN,UPCOM,hnx_official_equity_universe/v1,,OFFICIAL_CURRENT_STOCK_LIST_CANDIDATE,,true,,EXACT_SESSION_RETAINED,CURRENT_DESCRIPTIVE_DNSE_REST_ADJUSTED_RETROSPECTIVE_RAW_AS_TRADED_NOT_PROMOTED,DIRECT_CANONICAL_MAPPING
ICT,2026-10-01,17.2,0.0,,,,,,,,,,,,,,,,,NEAR_MA20_NEUTRAL,,2026-10-01T16:19:50.765598+07:00,HSX,,,,,,,,2026-10-01,2026-10-01,0,OFFICIAL_STOCK_MASTER_SECURITY_TYPE_NOT_COMMON_EQUITY_PROVEN,HOSE,hose_public_stock_master/v1,,OFFICIAL_CURRENT_EXCHANGE_SECURITY,,true,,EXACT_SESSION_RETAINED,CURRENT_DESCRIPTIVE_DNSE_REST_ADJUSTED_RETROSPECTIVE_RAW_AS_TRADED_NOT_PROMOTED,DIRECT_CANONICAL_MAPPING
IDC,2026-10-01,33.6,0.0,,,,,,,,,,,,,,,,,ABOVE_MA20_MOMENTUM_POSITIVE,,2026-10-01T16:19:50.765598+07:00,DELISTED,,,,,,,,2026-10-01,2026-10-01,0,EXCHANGE_STOCK_LIST_CANDIDATE_NOT_COMMON_EQUITY_PROVEN,HNX_LISTED,hnx_official_equity_universe/v1,,OFFICIAL_CURRENT_STOCK_LIST_CANDIDATE,,true,,EXACT_SESSION_RETAINED,CURRENT_DESCRIPTIVE_DNSE_REST_ADJUSTED_RETROSPECTIVE_RAW_AS_TRADED_NOT_PROMOTED,DIRECT_CANONICAL_MAPPING
IDI,2026-10-01,4.5,-0.004424778761061843,,,,,,,,,,,,,,,,,BELOW_MA20_MOMENTUM_NEGATIVE,,2026-10-01T16:19:50.765598+07:00,HSX,,,,,,,,2026-10-01,2026-10-01,0,OFFICIAL_STOCK_MASTER_SECURITY_TYPE_NOT_COMMON_EQUITY_PROVEN,HOSE,hose_public_stock_master/v1,,OFFICIAL_CURRENT_EXCHANGE_SECURITY,,true,,EXACT_SESSION_RETAINED,CURRENT_DESCRIPTIVE_DNSE_REST_ADJUSTED_RETROSPECTIVE_RAW_AS_TRADED_NOT_PROMOTED,DIRECT_CANONICAL_MAPPING
IDJ,2026-10-01,2.9,-0.033333333333333326,,,,,,,,,,,,,,,,,BELOW_MA20_MOMENTUM_NEGATIVE,,2026-10-01T16:19:50.765598+07:00,DELISTED,,,,,,,,2026-10-01,2026-10-01,0,EXCHANGE_STOCK_LIST_CANDIDATE_NOT_COMMON_EQUITY_PROVEN,HNX_LISTED,hnx_official_equity_universe/v1,,OFFICIAL_CURRENT_STOCK_LIST_CANDIDATE,,true,,EXACT_SESSION_RETAINED,CURRENT_DESCRIPTIVE_DNSE_REST_ADJUSTED_RETROSPECTIVE_RAW_AS_TRADED_NOT_PROMOTED,DIRECT_CANONICAL_MAPPING
IDP,,,,,,,,,,,,,,,,,,,,NOT_AVAILABLE,,,UPCOM,,,,,,,,,,,EXCHANGE_STOCK_LIST_CANDIDATE_NOT_COMMON_EQUITY_PROVEN,UPCOM,hnx_official_equity_universe/v1,,OFFICIAL_CURRENT_STOCK_LIST_CANDIDATE,,false,,UNAVAILABLE_NO_EXACT_SESSION_OBSERVATION,,UNAVAILABLE
IDV,2026-10-01,21.7,0.0,,,,,,,,,,,,,,,,,NEAR_MA20_NEUTRAL,,2026-10-01T16:19:50.765598+07:00,DELISTED,,,,,,,,2026-10-01,2026-10-01,0,EXCHANGE_STOCK_LIST_CANDIDATE_NOT_COMMON_EQUITY_PROVEN,HNX_LISTED,hnx_official_equity_universe/v1,,OFFICIAL_CURRENT_STOCK_LIST_CANDIDATE,,true,,EXACT_SESSION_RETAINED,CURRENT_DESCRIPTIVE_DNSE_REST_ADJUSTED_RETROSPECTIVE_RAW_AS_TRADED_NOT_PROMOTED,DIRECT_CANONICAL_MAPPING
IFS,2026-10-01,17.2,-0.011494252873563204,,,,,,,,,,,,,,,,,NEAR_MA20_NEUTRAL,,2026-10-01T16:19:50.765598+07:00,UPCOM,,,,,,,,2026-10-01,2026-10-01,0,EXCHANGE_STOCK_LIST_CANDIDATE_NOT_COMMON_EQUITY_PROVEN,UPCOM,hnx_official_equity_universe/v1,,OFFICIAL_CURRENT_STOCK_LIST_CANDIDATE,,true,,EXACT_SESSION_RETAINED,CURRENT_DESCRIPTIVE_DNSE_REST_ADJUSTED_RETROSPECTIVE_RAW_AS_TRADED_NOT_PROMOTED,DIRECT_CANONICAL_MAPPING
IHK,,,,,,,,,,,,,,,,,,,,NOT_AVAILABLE,,,DELISTED,,,,,,,,,,,INSTRUMENT_CLASS_UNRESOLVED,DELISTED,,,STOCKLOOKUP_ONLY_UNRESOLVED,,false,,UNAVAILABLE_NO_EXACT_SESSION_OBSERVATION,,UNAVAILABLE
IJC,2026-10-01,6.66,-0.007451564828613977,,,,,,,,,,,,,,,,,BELOW_MA20_MOMENTUM_NEGATIVE,,2026-10-01T16:19:50.765598+07:00,HSX,,,,,,,,2026-10-01,2026-10-01,0,OFFICIAL_STOCK_MASTER_SECURITY_TYPE_NOT_COMMON_EQUITY_PROVEN,HOSE,hose_public_stock_master/v1,,OFFICIAL_CURRENT_EXCHANGE_SECURITY,,true,,EXACT_SESSION_RETAINED,CURRENT_DESCRIPTIVE_DNSE_REST_ADJUSTED_RETROSPECTIVE_RAW_AS_TRADED_NOT_PROMOTED,DIRECT_CANONICAL_MAPPING
ILA,2026-10-01,5.9,-0.032786885245901565,,,,,,,,,,,,,,,,,BELOW_MA20_MOMENTUM_NEGATIVE,,2026-10-01T16:19:50.765598+07:00,UPCOM,,,,,,,,2026-10-01,2026-10-01,0,EXCHANGE_STOCK_LIST_CANDIDATE_NOT_COMMON_EQUITY_PROVEN,UPCOM,hnx_official_equity_universe/v1,,OFFICIAL_CURRENT_STOCK_LIST_CANDIDATE,,true,,EXACT_SESSION_RETAINED,CURRENT_DESCRIPTIVE_DNSE_REST_ADJUSTED_RETROSPECTIVE_RAW_AS_TRADED_NOT_PROMOTED,DIRECT_CANONICAL_MAPPING
ILB,2026-10-01,18.9,0.0,,,,,,,,,,,,,,,,,NEAR_MA20_NEUTRAL,,2026-10-01T16:19:50.765598+07:00,HSX,,,,,,,,2026-10-01,2026-10-01,0,OFFICIAL_STOCK_MASTER_SECURITY_TYPE_NOT_COMMON_EQUITY_PROVEN,HOSE,hose_public_stock_master/v1,,OFFICIAL_CURRENT_EXCHANGE_SECURITY,,true,,EXACT_SESSION_RETAINED,CURRENT_DESCRIPTIVE_DNSE_REST_ADJUSTED_RETROSPECTIVE_RAW_AS_TRADED_NOT_PROMOTED,DIRECT_CANONICAL_MAPPING
ILC,2026-10-01,5.5,-0.09836065573770492,,,,,,,,,,,,,,,,,BELOW_MA20_MOMENTUM_NEGATIVE,,2026-10-01T16:19:50.765598+07:00,UPCOM,,,,,,,,2026-10-01,2026-10-01,0,EXCHANGE_STOCK_LIST_CANDIDATE_NOT_COMMON_EQUITY_PROVEN,UPCOM,hnx_official_equity_universe/v1,,OFFICIAL_CURRENT_STOCK_LIST_CANDIDATE,,true,,EXACT_SESSION_RETAINED,CURRENT_DESCRIPTIVE_DNSE_REST_ADJUSTED_RETROSPECTIVE_RAW_AS_TRADED_NOT_PROMOTED,DIRECT_CANONICAL_MAPPING
ILS,2026-10-01,18,0.0,,,,,,,,,,,,,,,,,BELOW_MA20_MOMENTUM_NEGATIVE,,2026-10-01T16:19:50.765598+07:00,UPCOM,,,,,,,,2026-10-01,2026-10-01,0,EXCHANGE_STOCK_LIST_CANDIDATE_NOT_COMMON_EQUITY_PROVEN,UPCOM,hnx_official_equity_universe/v1,,OFFICIAL_CURRENT_STOCK_LIST_CANDIDATE,,true,,EXACT_SESSION_RETAINED,CURRENT_DESCRIPTIVE_DNSE_REST_ADJUSTED_RETROSPECTIVE_RAW_AS_TRADED_NOT_PROMOTED,DIRECT_CANONICAL_MAPPING
IME,,,,,,,,,,,,,,,,,,,,NOT_AVAILABLE,,,UPCOM,,,,,,,,,,,EXCHANGE_STOCK_LIST_CANDIDATE_NOT_COMMON_EQUITY_PROVEN,UPCOM,hnx_official_equity_universe/v1,,OFFICIAL_CURRENT_STOCK_LIST_CANDIDATE,,false,,UNAVAILABLE_NO_EXACT_SESSION_OBSERVATION,,UNAVAILABLE
IMP,2026-10-01,36.5,0.00828729281767937,,,,,,,,,,,,,,,,,BELOW_MA20_MOMENTUM_NEGATIVE,,2026-10-01T16:19:50.765598+07:00,HSX,,,,,,,,2026-10-01,2026-10-01,0,OFFICIAL_STOCK_MASTER_SECURITY_TYPE_NOT_COMMON_EQUITY_PROVEN,HOSE,hose_public_stock_master/v1,,OFFICIAL_CURRENT_EXCHANGE_SECURITY,,true,,EXACT_SESSION_RETAINED,CURRENT_DESCRIPTIVE_DNSE_REST_ADJUSTED_RETROSPECTIVE_RAW_AS_TRADED_NOT_PROMOTED,DIRECT_CANONICAL_MAPPING
IN4,,,,,,,,,,,,,,,,,,,,NOT_AVAILABLE,,,UPCOM,,,,,,,,,,,EXCHANGE_STOCK_LIST_CANDIDATE_NOT_COMMON_EQUITY_PROVEN,UPCOM,hnx_official_equity_universe/v1,,OFFICIAL_CURRENT_STOCK_LIST_CANDIDATE,,false,,UNAVAILABLE_NO_EXACT_SESSION_OBSERVATION,,UNAVAILABLE
INC,,,,,,,,,,,,,,,,,,,,NOT_AVAILABLE,,,DELISTED,,,,,,,,,,,EXCHANGE_STOCK_LIST_CANDIDATE_NOT_COMMON_EQUITY_PROVEN,HNX_LISTED,hnx_official_equity_universe/v1,,OFFICIAL_CURRENT_STOCK_LIST_CANDIDATE,,false,,UNAVAILABLE_NO_EXACT_SESSION_OBSERVATION,,UNAVAILABLE
ING,,,,,,,,,,,,,,,,,,,,NOT_AVAILABLE,,,DELISTED,,,,,,,,,,,INSTRUMENT_CLASS_UNRESOLVED,DELISTED,,,STOCKLOOKUP_ONLY_UNRESOLVED,,false,,UNAVAILABLE_NO_EXACT_SESSION_OBSERVATION,,UNAVAILABLE
INN,,,,,,,,,,,,,,,,,,,,NOT_AVAILABLE,,,DELISTED,,,,,,,,,,,EXCHANGE_STOCK_LIST_CANDIDATE_NOT_COMMON_EQUITY_PROVEN,HNX_LISTED,hnx_official_equity_universe/v1,,OFFICIAL_CURRENT_STOCK_LIST_CANDIDATE,,false,,UNAVAILABLE_NO_EXACT_SESSION_OBSERVATION,,UNAVAILABLE
IPA,2026-10-01,12.7,0.0,,,,,,,,,,,,,,,,,NEAR_MA20_NEUTRAL,,2026-10-01T16:19:50.765598+07:00,DELISTED,,,,,,,,2026-10-01,2026-10-01,0,EXCHANGE_STOCK_LIST_CANDIDATE_NOT_COMMON_EQUITY_PROVEN,HNX_LISTED,hnx_official_equity_universe/v1,,OFFICIAL_CURRENT_STOCK_LIST_CANDIDATE,,true,,EXACT_SESSION_RETAINED,CURRENT_DESCRIPTIVE_DNSE_REST_ADJUSTED_RETROSPECTIVE_RAW_AS_TRADED_NOT_PROMOTED,DIRECT_CANONICAL_MAPPING
IRC,,,,,,,,,,,,,,,,,,,,NOT_AVAILABLE,,,UPCOM,,,,,,,,,,,EXCHANGE_STOCK_LIST_CANDIDATE_NOT_COMMON_EQUITY_PROVEN,UPCOM,hnx_official_equity_universe/v1,,OFFICIAL_CURRENT_STOCK_LIST_CANDIDATE,,false,,UNAVAILABLE_NO_EXACT_SESSION_OBSERVATION,,UNAVAILABLE
ISG,,,,,,,,,,,,,,,,,,,,NOT_AVAILABLE,,,UPCOM,,,,,,,,,,,EXCHANGE_STOCK_LIST_CANDIDATE_NOT_COMMON_EQUITY_PROVEN,UPCOM,hnx_official_equity_universe/v1,,OFFICIAL_CURRENT_STOCK_LIST_CANDIDATE,,false,,UNAVAILABLE_NO_EXACT_SESSION_OBSERVATION,,UNAVAILABLE
ISH,2026-10-01,21.5,0.0,,,,,,,,,,,,,,,,,BELOW_MA20_MOMENTUM_NEGATIVE,,2026-10-01T16:19:50.765598+07:00,UPCOM,,,,,,,,2026-10-01,2026-10-01,0,EXCHANGE_STOCK_LIST_CANDIDATE_NOT_COMMON_EQUITY_PROVEN,UPCOM,hnx_official_equity_universe/v1,,OFFICIAL_CURRENT_STOCK_LIST_CANDIDATE,,true,,EXACT_SESSION_RETAINED,CURRENT_DESCRIPTIVE_DNSE_REST_ADJUSTED_RETROSPECTIVE_RAW_AS_TRADED_NOT_PROMOTED,DIRECT_CANONICAL_MAPPING
IST,2026-10-01,30.2,-0.006578947368421018,,,,,,,,,,,,,,,,,NEAR_MA20_NEUTRAL,,2026-10-01T16:19:50.765598+07:00,UPCOM,,,,,,,,2026-10-01,2026-10-01,0,EXCHANGE_STOCK_LIST_CANDIDATE_NOT_COMMON_EQUITY_PROVEN,UPCOM,hnx_official_equity_universe/v1,,OFFICIAL_CURRENT_STOCK_LIST_CANDIDATE,,true,,EXACT_SESSION_RETAINED,CURRENT_DESCRIPTIVE_DNSE_REST_ADJUSTED_RETROSPECTIVE_RAW_AS_TRADED_NOT_PROMOTED,DIRECT_CANONICAL_MAPPING
ITA,,,,,,,,,,,,,,,,,,,,NOT_AVAILABLE,,,UPCOM,,,,,,,,,,,EXCHANGE_STOCK_LIST_CANDIDATE_NOT_COMMON_EQUITY_PROVEN,UPCOM,hnx_official_equity_universe/v1,,OFFICIAL_CURRENT_STOCK_LIST_CANDIDATE,,false,,UNAVAILABLE_NO_EXACT_SESSION_OBSERVATION,,UNAVAILABLE
ITC,2026-10-01,8.79,0.0,,,,,,,,,,,,,,,,,NEAR_MA20_NEUTRAL,,2026-10-01T16:19:50.765598+07:00,HSX,,,,,,,,2026-10-01,2026-10-01,0,OFFICIAL_STOCK_MASTER_SECURITY_TYPE_NOT_COMMON_EQUITY_PROVEN,HOSE,hose_public_stock_master/v1,,OFFICIAL_CURRENT_EXCHANGE_SECURITY,,true,,EXACT_SESSION_RETAINED,CURRENT_DESCRIPTIVE_DNSE_REST_ADJUSTED_RETROSPECTIVE_RAW_AS_TRADED_NOT_PROMOTED,DIRECT_CANONICAL_MAPPING
ITD,2026-10-01,10.75,-0.013761467889908285,,,,,,,,,,,,,,,,,BELOW_MA20_MOMENTUM_NEGATIVE,,2026-10-01T16:19:50.765598+07:00,HSX,,,,,,,,2026-10-01,2026-10-01,0,OFFICIAL_STOCK_MASTER_SECURITY_TYPE_NOT_COMMON_EQUITY_PROVEN,HOSE,hose_public_stock_master/v1,,OFFICIAL_CURRENT_EXCHANGE_SECURITY,,true,,EXACT_SESSION_RETAINED,CURRENT_DESCRIPTIVE_DNSE_REST_ADJUSTED_RETROSPECTIVE_RAW_AS_TRADED_NOT_PROMOTED,DIRECT_CANONICAL_MAPPING
ITQ,2026-10-01,2.5,0.0,,,,,,,,,,,,,,,,,BELOW_MA20_MOMENTUM_NEGATIVE,,2026-10-01T16:19:50.765598+07:00,DELISTED,,,,,,,,2026-10-01,2026-10-01,0,EXCHANGE_STOCK_LIST_CANDIDATE_NOT_COMMON_EQUITY_PROVEN,HNX_LISTED,hnx_official_equity_universe/v1,,OFFICIAL_CURRENT_STOCK_LIST_CANDIDATE,,true,,EXACT_SESSION_RETAINED,CURRENT_DESCRIPTIVE_DNSE_REST_ADJUSTED_RETROSPECTIVE_RAW_AS_TRADED_NOT_PROMOTED,DIRECT_CANONICAL_MAPPING
ITS,2026-10-01,2.8,0.0,,,,,,,,,,,,,,,,,BELOW_MA20_MOMENTUM_NEGATIVE,,2026-10-01T16:19:50.765598+07:00,UPCOM,,,,,,,,2026-10-01,2026-10-01,0,EXCHANGE_STOCK_LIST_CANDIDATE_NOT_COMMON_EQUITY_PROVEN,UPCOM,hnx_official_equity_universe/v1,,OFFICIAL_CURRENT_STOCK_LIST_CANDIDATE,,true,,EXACT_SESSION_RETAINED,CURRENT_DESCRIPTIVE_DNSE_REST_ADJUSTED_RETROSPECTIVE_RAW_AS_TRADED_NOT_PROMOTED,DIRECT_CANONICAL_MAPPING
IVS,2026-10-01,6.2,-0.015873015873015817,,,,,,,,,,,,,,,,,BELOW_MA20_MOMENTUM_NEGATIVE,,2026-10-01T16:19:50.765598+07:00,DELISTED,,,,,,,,2026-10-01,2026-10-01,0,EXCHANGE_STOCK_LIST_CANDIDATE_NOT_COMMON_EQUITY_PROVEN,HNX_LISTED,hnx_official_equity_universe/v1,,OFFICIAL_CURRENT_STOCK_LIST_CANDIDATE,,true,,EXACT_SESSION_RETAINED,CURRENT_DESCRIPTIVE_DNSE_REST_ADJUSTED_RETROSPECTIVE_RAW_AS_TRADED_NOT_PROMOTED,DIRECT_CANONICAL_MAPPING
JOS,,,,,,,,,,,,,,,,,,,,NOT_AVAILABLE,,,UPCOM,,,,,,,,,,,EXCHANGE_STOCK_LIST_CANDIDATE_NOT_COMMON_EQUITY_PROVEN,UPCOM,hnx_official_equity_universe/v1,,OFFICIAL_CURRENT_STOCK_LIST_CANDIDATE,,false,,UNAVAILABLE_NO_EXACT_SESSION_OBSERVATION,,UNAVAILABLE
JVC,2026-10-01,2.5,0.008064516129032251,,,,,,,,,,,,,,,,,BELOW_MA20_MOMENTUM_NEGATIVE,,2026-10-01T16:19:50.765598+07:00,HSX,,,,,,,,2026-10-01,2026-10-01,0,OFFICIAL_STOCK_MASTER_SECURITY_TYPE_NOT_COMMON_EQUITY_PROVEN,HOSE,hose_public_stock_master/v1,,OFFICIAL_CURRENT_EXCHANGE_SECURITY,,true,,EXACT_SESSION_RETAINED,CURRENT_DESCRIPTIVE_DNSE_REST_ADJUSTED_RETROSPECTIVE_RAW_AS_TRADED_NOT_PROMOTED,DIRECT_CANONICAL_MAPPING
KAC,,,,,,,,,,,,,,,,,,,,NOT_AVAILABLE,,,DELISTED,,,,,,,,,,,INSTRUMENT_CLASS_UNRESOLVED,DELISTED,,,STOCKLOOKUP_ONLY_UNRESOLVED,,false,,UNAVAILABLE_NO_EXACT_SESSION_OBSERVATION,,UNAVAILABLE
KBC,2026-10-01,25.4,0.0,,,,,,,,,,,,,,,,,BELOW_MA20_MOMENTUM_NEGATIVE,,2026-10-01T16:19:50.765598+07:00,HSX,,,,,,,,2026-10-01,2026-10-01,0,OFFICIAL_STOCK_MASTER_SECURITY_TYPE_NOT_COMMON_EQUITY_PROVEN,HOSE,hose_public_stock_master/v1,,OFFICIAL_CURRENT_EXCHANGE_SECURITY,,true,,EXACT_SESSION_RETAINED,CURRENT_DESCRIPTIVE_DNSE_REST_ADJUSTED_RETROSPECTIVE_RAW_AS_TRADED_NOT_PROMOTED,DIRECT_CANONICAL_MAPPING
KCB,2026-10-01,9.6,0.010526315789473717,,,,,,,,,,,,,,,,,NEAR_MA20_NEUTRAL,,2026-10-01T16:19:50.765598+07:00,UPCOM,,,,,,,,2026-10-01,2026-10-01,0,EXCHANGE_STOCK_LIST_CANDIDATE_NOT_COMMON_EQUITY_PROVEN,UPCOM,hnx_official_equity_universe/v1,,OFFICIAL_CURRENT_STOCK_LIST_CANDIDATE,,true,,EXACT_SESSION_RETAINED,CURRENT_DESCRIPTIVE_DNSE_REST_ADJUSTED_RETROSPECTIVE_RAW_AS_TRADED_NOT_PROMOTED,DIRECT_CANONICAL_MAPPING
KCE,,,,,,,,,,,,,,,,,,,,NOT_AVAILABLE,,,DELISTED,,,,,,,,,,,INSTRUMENT_CLASS_UNRESOLVED,DELISTED,,,STOCKLOOKUP_ONLY_UNRESOLVED,,false,,UNAVAILABLE_NO_EXACT_SESSION_OBSERVATION,,UNAVAILABLE
KDC,2026-10-01,50.8,-0.0019646365422396617,,,,,,,,,,,,,,,,,NEAR_MA20_NEUTRAL,,2026-10-01T16:19:50.765598+07:00,HSX,,,,,,,,2026-10-01,2026-10-01,0,OFFICIAL_STOCK_MASTER_SECURITY_TYPE_NOT_COMMON_EQUITY_PROVEN,HOSE,hose_public_stock_master/v1,,OFFICIAL_CURRENT_EXCHANGE_SECURITY,,true,,EXACT_SESSION_RETAINED,CURRENT_DESCRIPTIVE_DNSE_REST_ADJUSTED_RETROSPECTIVE_RAW_AS_TRADED_NOT_PROMOTED,DIRECT_CANONICAL_MAPPING
KDH,2026-10-01,15.15,-0.013029315960912058,,,,,,,,,,,,,,,,,BELOW_MA20_MOMENTUM_NEGATIVE,,2026-10-01T16:19:50.765598+07:00,HSX,,,,,,,,2026-10-01,2026-10-01,0,OFFICIAL_STOCK_MASTER_SECURITY_TYPE_NOT_COMMON_EQUITY_PROVEN,HOSE,hose_public_stock_master/v1,,OFFICIAL_CURRENT_EXCHANGE_SECURITY,,true,,EXACT_SESSION_RETAINED,CURRENT_DESCRIPTIVE_DNSE_REST_ADJUSTED_RETROSPECTIVE_RAW_AS_TRADED_NOT_PROMOTED,DIRECT_CANONICAL_MAPPING
KDM,2026-10-01,20.7,0.0,,,,,,,,,,,,,,,,,BELOW_MA20_MOMENTUM_POSITIVE,,2026-10-01T16:19:50.765598+07:00,DELISTED,,,,,,,,2026-10-01,2026-10-01,0,EXCHANGE_STOCK_LIST_CANDIDATE_NOT_COMMON_EQUITY_PROVEN,HNX_LISTED,hnx_official_equity_universe/v1,,OFFICIAL_CURRENT_STOCK_LIST_CANDIDATE,,true,,EXACT_SESSION_RETAINED,CURRENT_DESCRIPTIVE_DNSE_REST_ADJUSTED_RETROSPECTIVE_RAW_AS_TRADED_NOT_PROMOTED,DIRECT_CANONICAL_MAPPING
KGM,2026-10-01,5.5,0.0,,,,,,,,,,,,,,,,,NEAR_MA20_NEUTRAL,,2026-10-01T16:19:50.765598+07:00,UPCOM,,,,,,,,2026-10-01,2026-10-01,0,EXCHANGE_STOCK_LIST_CANDIDATE_NOT_COMMON_EQUITY_PROVEN,UPCOM,hnx_official_equity_universe/v1,,OFFICIAL_CURRENT_STOCK_LIST_CANDIDATE,,true,,EXACT_SESSION_RETAINED,CURRENT_DESCRIPTIVE_DNSE_REST_ADJUSTED_RETROSPECTIVE_RAW_AS_TRADED_NOT_PROMOTED,DIRECT_CANONICAL_MAPPING
KHA,,,,,,,,,,,,,,,,,,,,NOT_AVAILABLE,,,DELISTED,,,,,,,,,,,INSTRUMENT_CLASS_UNRESOLVED,DELISTED,,,STOCKLOOKUP_ONLY_UNRESOLVED,,false,,UNAVAILABLE_NO_EXACT_SESSION_OBSERVATION,,UNAVAILABLE
KHB,,,,,,,,,,,,,,,,,,,,NOT_AVAILABLE,,,DELISTED,,,,,,,,,,,INSTRUMENT_CLASS_UNRESOLVED,DELISTED,,,STOCKLOOKUP_ONLY_UNRESOLVED,,false,,UNAVAILABLE_NO_EXACT_SESSION_OBSERVATION,,UNAVAILABLE
KHD,,,,,,,,,,,,,,,,,,,,NOT_AVAILABLE,,,UPCOM,,,,,,,,,,,EXCHANGE_STOCK_LIST_CANDIDATE_NOT_COMMON_EQUITY_PROVEN,UPCOM,hnx_official_equity_universe/v1,,OFFICIAL_CURRENT_STOCK_LIST_CANDIDATE,,false,,UNAVAILABLE_NO_EXACT_SESSION_OBSERVATION,,UNAVAILABLE
KHG,2026-10-01,4.62,-0.010706638115631661,,,,,,,,,,,,,,,,,NEAR_MA20_NEUTRAL,,2026-10-01T16:19:50.765598+07:00,HSX,,,,,,,,2026-10-01,2026-10-01,0,OFFICIAL_STOCK_MASTER_SECURITY_TYPE_NOT_COMMON_EQUITY_PROVEN,HOSE,hose_public_stock_master/v1,,OFFICIAL_CURRENT_EXCHANGE_SECURITY,,true,,EXACT_SESSION_RETAINED,CURRENT_DESCRIPTIVE_DNSE_REST_ADJUSTED_RETROSPECTIVE_RAW_AS_TRADED_NOT_PROMOTED,DIRECT_CANONICAL_MAPPING
KHL,,,,,,,,,,,,,,,,,,,,NOT_AVAILABLE,,,DELISTED,,,,,,,,,,,INSTRUMENT_CLASS_UNRESOLVED,DELISTED,,,STOCKLOOKUP_ONLY_UNRESOLVED,,false,,UNAVAILABLE_NO_EXACT_SESSION_OBSERVATION,,UNAVAILABLE
KHP,2026-10-01,9.45,-0.0010570824524314126,,,,,,,,,,,,,,,,,NEAR_MA20_NEUTRAL,,2026-10-01T16:19:50.765598+07:00,HSX,,,,,,,,2026-10-01,2026-10-01,0,OFFICIAL_STOCK_MASTER_SECURITY_TYPE_NOT_COMMON_EQUITY_PROVEN,HOSE,hose_public_stock_master/v1,,OFFICIAL_CURRENT_EXCHANGE_SECURITY,,true,,EXACT_SESSION_RETAINED,CURRENT_DESCRIPTIVE_DNSE_REST_ADJUSTED_RETROSPECTIVE_RAW_AS_TRADED_NOT_PROMOTED,DIRECT_CANONICAL_MAPPING
KHS,2026-10-01,12.5,0.0,,,,,,,,,,,,,,,,,BELOW_MA20_MOMENTUM_NEGATIVE,,2026-10-01T16:19:50.765598+07:00,DELISTED,,,,,,,,2026-10-01,2026-10-01,0,EXCHANGE_STOCK_LIST_CANDIDATE_NOT_COMMON_EQUITY_PROVEN,HNX_LISTED,hnx_official_equity_universe/v1,,OFFICIAL_CURRENT_STOCK_LIST_CANDIDATE,,true,,EXACT_SESSION_RETAINED,CURRENT_DESCRIPTIVE_DNSE_REST_ADJUSTED_RETROSPECTIVE_RAW_AS_TRADED_NOT_PROMOTED,DIRECT_CANONICAL_MAPPING
KHW,2026-10-01,25.5,-0.019230769230769273,,,,,,,,,,,,,,,,,NEAR_MA20_NEUTRAL,,2026-10-01T16:19:50.765598+07:00,UPCOM,,,,,,,,2026-10-01,2026-10-01,0,EXCHANGE_STOCK_LIST_CANDIDATE_NOT_COMMON_EQUITY_PROVEN,UPCOM,hnx_official_equity_universe/v1,,OFFICIAL_CURRENT_STOCK_LIST_CANDIDATE,,true,,EXACT_SESSION_RETAINED,CURRENT_DESCRIPTIVE_DNSE_REST_ADJUSTED_RETROSPECTIVE_RAW_AS_TRADED_NOT_PROMOTED,DIRECT_CANONICAL_MAPPING
KHX,,,,,,,,,,,,,,,,,,,,NOT_AVAILABLE,,,UPCOM,,,,,,,,,,,EXCHANGE_STOCK_LIST_CANDIDATE_NOT_COMMON_EQUITY_PROVEN,UPCOM,hnx_official_equity_universe/v1,,OFFICIAL_CURRENT_STOCK_LIST_CANDIDATE,,false,,UNAVAILABLE_NO_EXACT_SESSION_OBSERVATION,,UNAVAILABLE
KIP,,,,,,,,,,,,,,,,,,,,NOT_AVAILABLE,,,UPCOM,,,,,,,,,,,EXCHANGE_STOCK_LIST_CANDIDATE_NOT_COMMON_EQUITY_PROVEN,UPCOM,hnx_official_equity_universe/v1,,OFFICIAL_CURRENT_STOCK_LIST_CANDIDATE,,false,,UNAVAILABLE_NO_EXACT_SESSION_OBSERVATION,,UNAVAILABLE
KKC,,,,,,,,,,,,,,,,,,,,NOT_AVAILABLE,,,DELISTED,,,,,,,,,,,EXCHANGE_STOCK_LIST_CANDIDATE_NOT_COMMON_EQUITY_PROVEN,HNX_LISTED,hnx_official_equity_universe/v1,,OFFICIAL_CURRENT_STOCK_LIST_CANDIDATE,,false,,UNAVAILABLE_NO_EXACT_SESSION_OBSERVATION,,UNAVAILABLE
KLB,2026-10-01,11.75,0.004273504273504258,,,,,,,,,,,,,,,,,BELOW_MA20_MOMENTUM_NEGATIVE,,2026-10-01T16:19:50.765598+07:00,HSX,,,,,,,,2026-10-01,2026-10-01,0,OFFICIAL_STOCK_MASTER_SECURITY_TYPE_NOT_COMMON_EQUITY_PROVEN,HOSE,hose_public_stock_master/v1,,OFFICIAL_CURRENT_EXCHANGE_SECURITY,,true,,EXACT_SESSION_RETAINED,CURRENT_DESCRIPTIVE_DNSE_REST_ADJUSTED_RETROSPECTIVE_RAW_AS_TRADED_NOT_PROMOTED,DIRECT_CANONICAL_MAPPING
KLF,,,,,,,,,,,,,,,,,,,,NOT_AVAILABLE,,,DELISTED,,,,,,,,,,,INSTRUMENT_CLASS_UNRESOLVED,DELISTED,,,STOCKLOOKUP_ONLY_UNRESOLVED,,false,,UNAVAILABLE_NO_EXACT_SESSION_OBSERVATION,,UNAVAILABLE
KLM,,,,,,,,,,,,,,,,,,,,NOT_AVAILABLE,,,DELISTED,,,,,,,,,,,INSTRUMENT_CLASS_UNRESOLVED,DELISTED,,,STOCKLOOKUP_ONLY_UNRESOLVED,,false,,UNAVAILABLE_NO_EXACT_SESSION_OBSERVATION,,UNAVAILABLE
KMR,2026-10-01,2.22,-0.013333333333333197,,,,,,,,,,,,,,,,,NEAR_MA20_NEUTRAL,,2026-10-01T16:19:50.765598+07:00,HSX,,,,,,,,2026-10-01,2026-10-01,0,OFFICIAL_STOCK_MASTER_SECURITY_TYPE_NOT_COMMON_EQUITY_PROVEN,HOSE,hose_public_stock_master/v1,,OFFICIAL_CURRENT_EXCHANGE_SECURITY,,true,,EXACT_SESSION_RETAINED,CURRENT_DESCRIPTIVE_DNSE_REST_ADJUSTED_RETROSPECTIVE_RAW_AS_TRADED_NOT_PROMOTED,DIRECT_CANONICAL_MAPPING
KMT,,,,,,,,,,,,,,,,,,,,NOT_AVAILABLE,,,DELISTED,,,,,,,,,,,EXCHANGE_STOCK_LIST_CANDIDATE_NOT_COMMON_EQUITY_PROVEN,HNX_LISTED,hnx_official_equity_universe/v1,,OFFICIAL_CURRENT_STOCK_LIST_CANDIDATE,,false,,UNAVAILABLE_NO_EXACT_SESSION_OBSERVATION,,UNAVAILABLE
KOS,2026-10-01,15.8,-0.06784660766961648,,,,,,,,,,,,,,,,,BELOW_MA20_MOMENTUM_NEGATIVE,,2026-10-01T16:19:50.765598+07:00,HSX,,,,,,,,2026-10-01,2026-10-01,0,OFFICIAL_STOCK_MASTER_SECURITY_TYPE_NOT_COMMON_EQUITY_PROVEN,HOSE,hose_public_stock_master/v1,,OFFICIAL_CURRENT_EXCHANGE_SECURITY,,true,,EXACT_SESSION_RETAINED,CURRENT_DESCRIPTIVE_DNSE_REST_ADJUSTED_RETROSPECTIVE_RAW_AS_TRADED_NOT_PROMOTED,DIRECT_CANONICAL_MAPPING
KPF,,,,,,,,,,,,,,,,,,,,NOT_AVAILABLE,,,UPCOM,,,,,,,,,,,EXCHANGE_STOCK_LIST_CANDIDATE_NOT_COMMON_EQUITY_PROVEN,UPCOM,hnx_official_equity_universe/v1,,OFFICIAL_CURRENT_STOCK_LIST_CANDIDATE,,false,,UNAVAILABLE_NO_EXACT_SESSION_OBSERVATION,,UNAVAILABLE
KSB,2026-10-01,12.85,0.00390625,,,,,,,,,,,,,,,,,NEAR_MA20_NEUTRAL,,2026-10-01T16:19:50.765598+07:00,HSX,,,,,,,,2026-10-01,2026-10-01,0,OFFICIAL_STOCK_MASTER_SECURITY_TYPE_NOT_COMMON_EQUITY_PROVEN,HOSE,hose_public_stock_master/v1,,OFFICIAL_CURRENT_EXCHANGE_SECURITY,,true,,EXACT_SESSION_RETAINED,CURRENT_DESCRIPTIVE_DNSE_REST_ADJUSTED_RETROSPECTIVE_RAW_AS_TRADED_NOT_PROMOTED,DIRECT_CANONICAL_MAPPING
KSD,2026-10-01,5,0.0,,,,,,,,,,,,,,,,,BELOW_MA20_MOMENTUM_NEGATIVE,,2026-10-01T16:19:50.765598+07:00,DELISTED,,,,,,,,2026-10-01,2026-10-01,0,EXCHANGE_STOCK_LIST_CANDIDATE_NOT_COMMON_EQUITY_PROVEN,HNX_LISTED,hnx_official_equity_universe/v1,,OFFICIAL_CURRENT_STOCK_LIST_CANDIDATE,,true,,EXACT_SESSION_RETAINED,CURRENT_DESCRIPTIVE_DNSE_REST_ADJUSTED_RETROSPECTIVE_RAW_AS_TRADED_NOT_PROMOTED,DIRECT_CANONICAL_MAPPING
KSF,2026-10-01,75.7,-0.003947368421052588,,,,,,,,,,,,,,,,,BELOW_MA20_MOMENTUM_NEGATIVE,,2026-10-01T16:19:50.765598+07:00,DELISTED,,,,,,,,2026-10-01,2026-10-01,0,EXCHANGE_STOCK_LIST_CANDIDATE_NOT_COMMON_EQUITY_PROVEN,HNX_LISTED,hnx_official_equity_universe/v1,,OFFICIAL_CURRENT_STOCK_LIST_CANDIDATE,,true,,EXACT_SESSION_RETAINED,CURRENT_DESCRIPTIVE_DNSE_REST_ADJUSTED_RETROSPECTIVE_RAW_AS_TRADED_NOT_PROMOTED,DIRECT_CANONICAL_MAPPING
KSH,,,,,,,,,,,,,,,,,,,,NOT_AVAILABLE,,,DELISTED,,,,,,,,,,,INSTRUMENT_CLASS_UNRESOLVED,DELISTED,,,STOCKLOOKUP_ONLY_UNRESOLVED,,false,,UNAVAILABLE_NO_EXACT_SESSION_OBSERVATION,,UNAVAILABLE
KSQ,,,,,,,,,,,,,,,,,,,,NOT_AVAILABLE,,,UPCOM,,,,,,,,,,,EXCHANGE_STOCK_LIST_CANDIDATE_NOT_COMMON_EQUITY_PROVEN,UPCOM,hnx_official_equity_universe/v1,,OFFICIAL_CURRENT_STOCK_LIST_CANDIDATE,,false,,UNAVAILABLE_NO_EXACT_SESSION_OBSERVATION,,UNAVAILABLE
KST,2026-10-01,12.5,-0.038461538461538436,,,,,,,,,,,,,,,,,BELOW_MA20_MOMENTUM_POSITIVE,,2026-10-01T16:19:50.765598+07:00,DELISTED,,,,,,,,2026-10-01,2026-10-01,0,EXCHANGE_STOCK_LIST_CANDIDATE_NOT_COMMON_EQUITY_PROVEN,HNX_LISTED,hnx_official_equity_universe/v1,,OFFICIAL_CURRENT_STOCK_LIST_CANDIDATE,,true,,EXACT_SESSION_RETAINED,CURRENT_DESCRIPTIVE_DNSE_REST_ADJUSTED_RETROSPECTIVE_RAW_AS_TRADED_NOT_PROMOTED,DIRECT_CANONICAL_MAPPING
KSV,2026-10-01,107.9,0.0037209302325582616,,,,,,,,,,,,,,,,,NEAR_MA20_NEUTRAL,,2026-10-01T16:19:50.765598+07:00,DELISTED,,,,,,,,2026-10-01,2026-10-01,0,EXCHANGE_STOCK_LIST_CANDIDATE_NOT_COMMON_EQUITY_PROVEN,HNX_LISTED,hnx_official_equity_universe/v1,,OFFICIAL_CURRENT_STOCK_LIST_CANDIDATE,,true,,EXACT_SESSION_RETAINED,CURRENT_DESCRIPTIVE_DNSE_REST_ADJUSTED_RETROSPECTIVE_RAW_AS_TRADED_NOT_PROMOTED,DIRECT_CANONICAL_MAPPING
KTC,,,,,,,,,,,,,,,,,,,,NOT_AVAILABLE,,,UPCOM,,,,,,,,,,,EXCHANGE_STOCK_LIST_CANDIDATE_NOT_COMMON_EQUITY_PROVEN,UPCOM,hnx_official_equity_universe/v1,,OFFICIAL_CURRENT_STOCK_LIST_CANDIDATE,,false,,UNAVAILABLE_NO_EXACT_SESSION_OBSERVATION,,UNAVAILABLE
KTL,,,,,,,,,,,,,,,,,,,,NOT_AVAILABLE,,,UPCOM,,,,,,,,,,,EXCHANGE_STOCK_LIST_CANDIDATE_NOT_COMMON_EQUITY_PROVEN,UPCOM,hnx_official_equity_universe/v1,,OFFICIAL_CURRENT_STOCK_LIST_CANDIDATE,,false,,UNAVAILABLE_NO_EXACT_SESSION_OBSERVATION,,UNAVAILABLE
KTS,,,,,,,,,,,,,,,,,,,,NOT_AVAILABLE,,,DELISTED,,,,,,,,,,,EXCHANGE_STOCK_LIST_CANDIDATE_NOT_COMMON_EQUITY_PROVEN,HNX_LISTED,hnx_official_equity_universe/v1,,OFFICIAL_CURRENT_STOCK_LIST_CANDIDATE,,false,,UNAVAILABLE_NO_EXACT_SESSION_OBSERVATION,,UNAVAILABLE
KTT,,,,,,,,,,,,,,,,,,,,NOT_AVAILABLE,,,UPCOM,,,,,,,,,,,EXCHANGE_STOCK_LIST_CANDIDATE_NOT_COMMON_EQUITY_PROVEN,UPCOM,hnx_official_equity_universe/v1,,OFFICIAL_CURRENT_STOCK_LIST_CANDIDATE,,false,,UNAVAILABLE_NO_EXACT_SESSION_OBSERVATION,,UNAVAILABLE
KVC,2026-10-01,0.9,0.0,,,,,,,,,,,,,,,,,BELOW_MA20_MOMENTUM_NEGATIVE,,2026-10-01T16:19:50.765598+07:00,UPCOM,,,,,,,,2026-10-01,2026-10-01,0,EXCHANGE_STOCK_LIST_CANDIDATE_NOT_COMMON_EQUITY_PROVEN,UPCOM,hnx_official_equity_universe/v1,,OFFICIAL_CURRENT_STOCK_LIST_CANDIDATE,,true,,EXACT_SESSION_RETAINED,CURRENT_DESCRIPTIVE_DNSE_REST_ADJUSTED_RETROSPECTIVE_RAW_AS_TRADED_NOT_PROMOTED,DIRECT_CANONICAL_MAPPING
L10,,,,,,,,,,,,,,,,,,,,NOT_AVAILABLE,,,HSX,,,,,,,,,,,OFFICIAL_STOCK_MASTER_SECURITY_TYPE_NOT_COMMON_EQUITY_PROVEN,HOSE,hose_public_stock_master/v1,,OFFICIAL_CURRENT_EXCHANGE_SECURITY,,false,,UNAVAILABLE_NO_EXACT_SESSION_OBSERVATION,,UNAVAILABLE
L12,,,,,,,,,,,,,,,,,,,,NOT_AVAILABLE,,,UPCOM,,,,,,,,,,,EXCHANGE_STOCK_LIST_CANDIDATE_NOT_COMMON_EQUITY_PROVEN,UPCOM,hnx_official_equity_universe/v1,,OFFICIAL_CURRENT_STOCK_LIST_CANDIDATE,,false,,UNAVAILABLE_NO_EXACT_SESSION_OBSERVATION,,UNAVAILABLE
L14,2026-10-01,17.8,0.0,,,,,,,,,,,,,,,,,BELOW_MA20_MOMENTUM_NEGATIVE,,2026-10-01T16:19:50.765598+07:00,DELISTED,,,,,,,,2026-10-01,2026-10-01,0,EXCHANGE_STOCK_LIST_CANDIDATE_NOT_COMMON_EQUITY_PROVEN,HNX_LISTED,hnx_official_equity_universe/v1,,OFFICIAL_CURRENT_STOCK_LIST_CANDIDATE,,true,,EXACT_SESSION_RETAINED,CURRENT_DESCRIPTIVE_DNSE_REST_ADJUSTED_RETROSPECTIVE_RAW_AS_TRADED_NOT_PROMOTED,DIRECT_CANONICAL_MAPPING
L18,2026-10-01,13.2,-0.02941176470588236,,,,,,,,,,,,,,,,,BELOW_MA20_MOMENTUM_NEGATIVE,,2026-10-01T16:19:50.765598+07:00,DELISTED,,,,,,,,2026-10-01,2026-10-01,0,EXCHANGE_STOCK_LIST_CANDIDATE_NOT_COMMON_EQUITY_PROVEN,HNX_LISTED,hnx_official_equity_universe/v1,,OFFICIAL_CURRENT_STOCK_LIST_CANDIDATE,,true,,EXACT_SESSION_RETAINED,CURRENT_DESCRIPTIVE_DNSE_REST_ADJUSTED_RETROSPECTIVE_RAW_AS_TRADED_NOT_PROMOTED,DIRECT_CANONICAL_MAPPING
L35,,,,,,,,,,,,,,,,,,,,NOT_AVAILABLE,,,UPCOM,,,,,,,,,,,EXCHANGE_STOCK_LIST_CANDIDATE_NOT_COMMON_EQUITY_PROVEN,UPCOM,hnx_official_equity_universe/v1,,OFFICIAL_CURRENT_STOCK_LIST_CANDIDATE,,false,,UNAVAILABLE_NO_EXACT_SESSION_OBSERVATION,,UNAVAILABLE
L40,2026-10-01,20.8,0.0,,,,,,,,,,,,,,,,,NEAR_MA20_NEUTRAL,,2026-10-01T16:19:50.765598+07:00,DELISTED,,,,,,,,2026-10-01,2026-10-01,0,EXCHANGE_STOCK_LIST_CANDIDATE_NOT_COMMON_EQUITY_PROVEN,HNX_LISTED,hnx_official_equity_universe/v1,,OFFICIAL_CURRENT_STOCK_LIST_CANDIDATE,,true,,EXACT_SESSION_RETAINED,CURRENT_DESCRIPTIVE_DNSE_REST_ADJUSTED_RETROSPECTIVE_RAW_AS_TRADED_NOT_PROMOTED,DIRECT_CANONICAL_MAPPING
L43,,,,,,,,,,,,,,,,,,,,NOT_AVAILABLE,,,UPCOM,,,,,,,,,,,EXCHANGE_STOCK_LIST_CANDIDATE_NOT_COMMON_EQUITY_PROVEN,UPCOM,hnx_official_equity_universe/v1,,OFFICIAL_CURRENT_STOCK_LIST_CANDIDATE,,false,,UNAVAILABLE_NO_EXACT_SESSION_OBSERVATION,,UNAVAILABLE
L44,,,,,,,,,,,,,,,,,,,,NOT_AVAILABLE,,,DELISTED,,,,,,,,,,,INSTRUMENT_CLASS_UNRESOLVED,DELISTED,,,STOCKLOOKUP_ONLY_UNRESOLVED,,false,,UNAVAILABLE_NO_EXACT_SESSION_OBSERVATION,,UNAVAILABLE
L45,,,,,,,,,,,,,,,,,,,,NOT_AVAILABLE,,,UPCOM,,,,,,,,,,,EXCHANGE_STOCK_LIST_CANDIDATE_NOT_COMMON_EQUITY_PROVEN,UPCOM,hnx_official_equity_universe/v1,,OFFICIAL_CURRENT_STOCK_LIST_CANDIDATE,,false,,UNAVAILABLE_NO_EXACT_SESSION_OBSERVATION,,UNAVAILABLE
L61,,,,,,,,,,,,,,,,,,,,NOT_AVAILABLE,,,UPCOM,,,,,,,,,,,EXCHANGE_STOCK_LIST_CANDIDATE_NOT_COMMON_EQUITY_PROVEN,UPCOM,hnx_official_equity_universe/v1,,OFFICIAL_CURRENT_STOCK_LIST_CANDIDATE,,false,,UNAVAILABLE_NO_EXACT_SESSION_OBSERVATION,,UNAVAILABLE
L62,,,,,,,,,,,,,,,,,,,,NOT_AVAILABLE,,,UPCOM,,,,,,,,,,,EXCHANGE_STOCK_LIST_CANDIDATE_NOT_COMMON_EQUITY_PROVEN,UPCOM,hnx_official_equity_universe/v1,,OFFICIAL_CURRENT_STOCK_LIST_CANDIDATE,,false,,UNAVAILABLE_NO_EXACT_SESSION_OBSERVATION,,UNAVAILABLE
L63,2026-10-01,9.5,0.0,,,,,,,,,,,,,,,,,NEAR_MA20_NEUTRAL,,2026-10-01T16:19:50.765598+07:00,UPCOM,,,,,,,,2026-10-01,2026-10-01,0,EXCHANGE_STOCK_LIST_CANDIDATE_NOT_COMMON_EQUITY_PROVEN,UPCOM,hnx_official_equity_universe/v1,,OFFICIAL_CURRENT_STOCK_LIST_CANDIDATE,,true,,EXACT_SESSION_RETAINED,CURRENT_DESCRIPTIVE_DNSE_REST_ADJUSTED_RETROSPECTIVE_RAW_AS_TRADED_NOT_PROMOTED,DIRECT_CANONICAL_MAPPING
LAF,,,,,,,,,,,,,,,,,,,,NOT_AVAILABLE,,,HSX,,,,,,,,,,,OFFICIAL_STOCK_MASTER_SECURITY_TYPE_NOT_COMMON_EQUITY_PROVEN,HOSE,hose_public_stock_master/v1,,OFFICIAL_CURRENT_EXCHANGE_SECURITY,,false,,UNAVAILABLE_NO_EXACT_SESSION_OBSERVATION,,UNAVAILABLE
LAI,2026-10-01,7.3,-0.026666666666666727,,,,,,,,,,,,,,,,,BELOW_MA20_MOMENTUM_NEGATIVE,,2026-10-01T16:19:50.765598+07:00,UPCOM,,,,,,,,2026-10-01,2026-10-01,0,EXCHANGE_STOCK_LIST_CANDIDATE_NOT_COMMON_EQUITY_PROVEN,UPCOM,hnx_official_equity_universe/v1,,OFFICIAL_CURRENT_STOCK_LIST_CANDIDATE,,true,,EXACT_SESSION_RETAINED,CURRENT_DESCRIPTIVE_DNSE_REST_ADJUSTED_RETROSPECTIVE_RAW_AS_TRADED_NOT_PROMOTED,DIRECT_CANONICAL_MAPPING
LAS,2026-10-01,11.4,0.017857142857143016,,,,,,,,,,,,,,,,,ABOVE_MA20_MOMENTUM_POSITIVE,,2026-10-01T16:19:50.765598+07:00,DELISTED,,,,,,,,2026-10-01,2026-10-01,0,EXCHANGE_STOCK_LIST_CANDIDATE_NOT_COMMON_EQUITY_PROVEN,HNX_LISTED,hnx_official_equity_universe/v1,,OFFICIAL_CURRENT_STOCK_LIST_CANDIDATE,,true,,EXACT_SESSION_RETAINED,CURRENT_DESCRIPTIVE_DNSE_REST_ADJUSTED_RETROSPECTIVE_RAW_AS_TRADED_NOT_PROMOTED,DIRECT_CANONICAL_MAPPING
LAW,,,,,,,,,,,,,,,,,,,,NOT_AVAILABLE,,,UPCOM,,,,,,,,,,,EXCHANGE_STOCK_LIST_CANDIDATE_NOT_COMMON_EQUITY_PROVEN,UPCOM,hnx_official_equity_universe/v1,,OFFICIAL_CURRENT_STOCK_LIST_CANDIDATE,,false,,UNAVAILABLE_NO_EXACT_SESSION_OBSERVATION,,UNAVAILABLE
LBC,,,,,,,,,,,,,,,,,,,,NOT_AVAILABLE,,,DELISTED,,,,,,,,,,,INSTRUMENT_CLASS_UNRESOLVED,DELISTED,,,STOCKLOOKUP_ONLY_UNRESOLVED,,false,,UNAVAILABLE_NO_EXACT_SESSION_OBSERVATION,,UNAVAILABLE
LBE,2026-10-01,14.8,0.0,,,,,,,,,,,,,,,,,NEAR_MA20_NEUTRAL,,2026-10-01T16:19:50.765598+07:00,DELISTED,,,,,,,,2026-10-01,2026-10-01,0,EXCHANGE_STOCK_LIST_CANDIDATE_NOT_COMMON_EQUITY_PROVEN,HNX_LISTED,hnx_official_equity_universe/v1,,OFFICIAL_CURRENT_STOCK_LIST_CANDIDATE,,true,,EXACT_SESSION_RETAINED,CURRENT_DESCRIPTIVE_DNSE_REST_ADJUSTED_RETROSPECTIVE_RAW_AS_TRADED_NOT_PROMOTED,DIRECT_CANONICAL_MAPPING
LBM,2026-10-01,29.2,-0.006802721088435382,,,,,,,,,,,,,,,,,ABOVE_MA20_MOMENTUM_POSITIVE,,2026-10-01T16:19:50.765598+07:00,HSX,,,,,,,,2026-10-01,2026-10-01,0,OFFICIAL_STOCK_MASTER_SECURITY_TYPE_NOT_COMMON_EQUITY_PROVEN,HOSE,hose_public_stock_master/v1,,OFFICIAL_CURRENT_EXCHANGE_SECURITY,,true,,EXACT_SESSION_RETAINED,CURRENT_DESCRIPTIVE_DNSE_REST_ADJUSTED_RETROSPECTIVE_RAW_AS_TRADED_NOT_PROMOTED,DIRECT_CANONICAL_MAPPING
LCC,,,,,,,,,,,,,,,,,,,,NOT_AVAILABLE,,,DELISTED,,,,,,,,,,,INSTRUMENT_CLASS_UNRESOLVED,DELISTED,,,STOCKLOOKUP_ONLY_UNRESOLVED,,false,,UNAVAILABLE_NO_EXACT_SESSION_OBSERVATION,,UNAVAILABLE
LCD,,,,,,,,,,,,,,,,,,,,NOT_AVAILABLE,,,DELISTED,,,,,,,,,,,EXCHANGE_STOCK_LIST_CANDIDATE_NOT_COMMON_EQUITY_PROVEN,HNX_LISTED,hnx_official_equity_universe/v1,,OFFICIAL_CURRENT_STOCK_LIST_CANDIDATE,,false,,UNAVAILABLE_NO_EXACT_SESSION_OBSERVATION,,UNAVAILABLE
LCG,2026-10-01,6.45,-0.009216589861751112,,,,,,,,,,,,,,,,,BELOW_MA20_MOMENTUM_NEGATIVE,,2026-10-01T16:19:50.765598+07:00,HSX,,,,,,,,2026-10-01,2026-10-01,0,OFFICIAL_STOCK_MASTER_SECURITY_TYPE_NOT_COMMON_EQUITY_PROVEN,HOSE,hose_public_stock_master/v1,,OFFICIAL_CURRENT_EXCHANGE_SECURITY,,true,,EXACT_SESSION_RETAINED,CURRENT_DESCRIPTIVE_DNSE_REST_ADJUSTED_RETROSPECTIVE_RAW_AS_TRADED_NOT_PROMOTED,DIRECT_CANONICAL_MAPPING
LCM,,,,,,,,,,,,,,,,,,,,NOT_AVAILABLE,,,UPCOM,,,,,,,,,,,EXCHANGE_STOCK_LIST_CANDIDATE_NOT_COMMON_EQUITY_PROVEN,UPCOM,hnx_official_equity_universe/v1,,OFFICIAL_CURRENT_STOCK_LIST_CANDIDATE,,false,,UNAVAILABLE_NO_EXACT_SESSION_OBSERVATION,,UNAVAILABLE
LCS,,,,,,,,,,,,,,,,,,,,NOT_AVAILABLE,,,DELISTED,,,,,,,,,,,INSTRUMENT_CLASS_UNRESOLVED,DELISTED,,,STOCKLOOKUP_ONLY_UNRESOLVED,,false,,UNAVAILABLE_NO_EXACT_SESSION_OBSERVATION,,UNAVAILABLE
LCW,,,,,,,,,,,,,,,,,,,,NOT_AVAILABLE,,,DELISTED,,,,,,,,,,,INSTRUMENT_CLASS_UNRESOLVED,DELISTED,,,STOCKLOOKUP_ONLY_UNRESOLVED,,false,,UNAVAILABLE_NO_EXACT_SESSION_OBSERVATION,,UNAVAILABLE
LDG,2026-10-01,2.47,0.008163265306122547,,,,,,,,,,,,,,,,,BELOW_MA20_MOMENTUM_NEGATIVE,,2026-10-01T16:19:50.765598+07:00,HSX,,,,,,,,2026-10-01,2026-10-01,0,OFFICIAL_STOCK_MASTER_SECURITY_TYPE_NOT_COMMON_EQUITY_PROVEN,HOSE,hose_public_stock_master/v1,,OFFICIAL_CURRENT_EXCHANGE_SECURITY,,true,,EXACT_SESSION_RETAINED,CURRENT_DESCRIPTIVE_DNSE_REST_ADJUSTED_RETROSPECTIVE_RAW_AS_TRADED_NOT_PROMOTED,DIRECT_CANONICAL_MAPPING
LDP,2026-10-01,7.7,0.0,,,,,,,,,,,,,,,,,NEAR_MA20_NEUTRAL,,2026-10-01T16:19:50.765598+07:00,DELISTED,,,,,,,,2026-10-01,2026-10-01,0,EXCHANGE_STOCK_LIST_CANDIDATE_NOT_COMMON_EQUITY_PROVEN,HNX_LISTED,hnx_official_equity_universe/v1,,OFFICIAL_CURRENT_STOCK_LIST_CANDIDATE,,true,,EXACT_SESSION_RETAINED,CURRENT_DESCRIPTIVE_DNSE_REST_ADJUSTED_RETROSPECTIVE_RAW_AS_TRADED_NOT_PROMOTED,DIRECT_CANONICAL_MAPPING
LDW,2026-10-01,26,0.13043478260869557,,,,,,,,,,,,,,,,,ABOVE_MA20_MOMENTUM_POSITIVE,,2026-10-01T16:19:50.765598+07:00,UPCOM,,,,,,,,2026-10-01,2026-10-01,0,EXCHANGE_STOCK_LIST_CANDIDATE_NOT_COMMON_EQUITY_PROVEN,UPCOM,hnx_official_equity_universe/v1,,OFFICIAL_CURRENT_STOCK_LIST_CANDIDATE,,true,,EXACT_SESSION_RETAINED,CURRENT_DESCRIPTIVE_DNSE_REST_ADJUSTED_RETROSPECTIVE_RAW_AS_TRADED_NOT_PROMOTED,DIRECT_CANONICAL_MAPPING
LEC,2026-10-01,4.8,-0.020408163265306256,,,,,,,,,,,,,,,,,ABOVE_MA20_MOMENTUM_POSITIVE,,2026-10-01T16:19:50.765598+07:00,UPCOM,,,,,,,,2026-10-01,2026-10-01,0,EXCHANGE_STOCK_LIST_CANDIDATE_NOT_COMMON_EQUITY_PROVEN,UPCOM,hnx_official_equity_universe/v1,,OFFICIAL_CURRENT_STOCK_LIST_CANDIDATE,,true,,EXACT_SESSION_RETAINED,CURRENT_DESCRIPTIVE_DNSE_REST_ADJUSTED_RETROSPECTIVE_RAW_AS_TRADED_NOT_PROMOTED,DIRECT_CANONICAL_MAPPING
LG9,2026-10-01,3.4,-0.15000000000000002,,,,,,,,,,,,,,,,,BELOW_MA20_MOMENTUM_NEGATIVE,,2026-10-01T16:19:50.765598+07:00,UPCOM,,,,,,,,2026-10-01,2026-10-01,0,EXCHANGE_STOCK_LIST_CANDIDATE_NOT_COMMON_EQUITY_PROVEN,UPCOM,hnx_official_equity_universe/v1,,OFFICIAL_CURRENT_STOCK_LIST_CANDIDATE,,true,,EXACT_SESSION_RETAINED,CURRENT_DESCRIPTIVE_DNSE_REST_ADJUSTED_RETROSPECTIVE_RAW_AS_TRADED_NOT_PROMOTED,DIRECT_CANONICAL_MAPPING
LGC,,,,,,,,,,,,,,,,,,,,NOT_AVAILABLE,,,HSX,,,,,,,,,,,OFFICIAL_STOCK_MASTER_SECURITY_TYPE_NOT_COMMON_EQUITY_PROVEN,HOSE,hose_public_stock_master/v1,,OFFICIAL_CURRENT_EXCHANGE_SECURITY,,false,,UNAVAILABLE_NO_EXACT_SESSION_OBSERVATION,,UNAVAILABLE
LGL,2026-10-01,4.02,-0.054117647058823604,,,,,,,,,,,,,,,,,BELOW_MA20_MOMENTUM_NEGATIVE,,2026-10-01T16:19:50.765598+07:00,HSX,,,,,,,,2026-10-01,2026-10-01,0,OFFICIAL_STOCK_MASTER_SECURITY_TYPE_NOT_COMMON_EQUITY_PROVEN,HOSE,hose_public_stock_master/v1,,OFFICIAL_CURRENT_EXCHANGE_SECURITY,,true,,EXACT_SESSION_RETAINED,CURRENT_DESCRIPTIVE_DNSE_REST_ADJUSTED_RETROSPECTIVE_RAW_AS_TRADED_NOT_PROMOTED,DIRECT_CANONICAL_MAPPING
LGM,,,,,,,,,,,,,,,,,,,,NOT_AVAILABLE,,,DELISTED,,,,,,,,,,,INSTRUMENT_CLASS_UNRESOLVED,DELISTED,,,STOCKLOOKUP_ONLY_UNRESOLVED,,false,,UNAVAILABLE_NO_EXACT_SESSION_OBSERVATION,,UNAVAILABLE
LHC,2026-10-01,45.9,0.0,,,,,,,,,,,,,,,,,NEAR_MA20_NEUTRAL,,2026-10-01T16:19:50.765598+07:00,DELISTED,,,,,,,,2026-10-01,2026-10-01,0,EXCHANGE_STOCK_LIST_CANDIDATE_NOT_COMMON_EQUITY_PROVEN,HNX_LISTED,hnx_official_equity_universe/v1,,OFFICIAL_CURRENT_STOCK_LIST_CANDIDATE,,true,,EXACT_SESSION_RETAINED,CURRENT_DESCRIPTIVE_DNSE_REST_ADJUSTED_RETROSPECTIVE_RAW_AS_TRADED_NOT_PROMOTED,DIRECT_CANONICAL_MAPPING
LHG,2026-10-01,26.45,-0.007504690431519689,,,,,,,,,,,,,,,,,NEAR_MA20_NEUTRAL,,2026-10-01T16:19:50.765598+07:00,HSX,,,,,,,,2026-10-01,2026-10-01,0,OFFICIAL_STOCK_MASTER_SECURITY_TYPE_NOT_COMMON_EQUITY_PROVEN,HOSE,hose_public_stock_master/v1,,OFFICIAL_CURRENT_EXCHANGE_SECURITY,,true,,EXACT_SESSION_RETAINED,CURRENT_DESCRIPTIVE_DNSE_REST_ADJUSTED_RETROSPECTIVE_RAW_AS_TRADED_NOT_PROMOTED,DIRECT_CANONICAL_MAPPING
LIC,2026-10-01,30,0.0,,,,,,,,,,,,,,,,,BELOW_MA20_MOMENTUM_NEGATIVE,,2026-10-01T16:19:50.765598+07:00,UPCOM,,,,,,,,2026-10-01,2026-10-01,0,EXCHANGE_STOCK_LIST_CANDIDATE_NOT_COMMON_EQUITY_PROVEN,UPCOM,hnx_official_equity_universe/v1,,OFFICIAL_CURRENT_STOCK_LIST_CANDIDATE,,true,,EXACT_SESSION_RETAINED,CURRENT_DESCRIPTIVE_DNSE_REST_ADJUSTED_RETROSPECTIVE_RAW_AS_TRADED_NOT_PROMOTED,DIRECT_CANONICAL_MAPPING
LIG,2026-10-01,2.9,0.0,,,,,,,,,,,,,,,,,BELOW_MA20_MOMENTUM_NEGATIVE,,2026-10-01T16:19:50.765598+07:00,DELISTED,,,,,,,,2026-10-01,2026-10-01,0,EXCHANGE_STOCK_LIST_CANDIDATE_NOT_COMMON_EQUITY_PROVEN,HNX_LISTED,hnx_official_equity_universe/v1,,OFFICIAL_CURRENT_STOCK_LIST_CANDIDATE,,true,,EXACT_SESSION_RETAINED,CURRENT_DESCRIPTIVE_DNSE_REST_ADJUSTED_RETROSPECTIVE_RAW_AS_TRADED_NOT_PROMOTED,DIRECT_CANONICAL_MAPPING
LIX,2026-10-01,24.8,0.0,,,,,,,,,,,,,,,,,NEAR_MA20_NEUTRAL,,2026-10-01T16:19:50.765598+07:00,HSX,,,,,,,,2026-10-01,2026-10-01,0,OFFICIAL_STOCK_MASTER_SECURITY_TYPE_NOT_COMMON_EQUITY_PROVEN,HOSE,hose_public_stock_master/v1,,OFFICIAL_CURRENT_EXCHANGE_SECURITY,,true,,EXACT_SESSION_RETAINED,CURRENT_DESCRIPTIVE_DNSE_REST_ADJUSTED_RETROSPECTIVE_RAW_AS_TRADED_NOT_PROMOTED,DIRECT_CANONICAL_MAPPING
LKW,2026-10-01,30,0.020408163265306145,,,,,,,,,,,,,,,,,BELOW_MA20_MOMENTUM_NEGATIVE,,2026-10-01T16:19:50.765598+07:00,UPCOM,,,,,,,,2026-10-01,2026-10-01,0,EXCHANGE_STOCK_LIST_CANDIDATE_NOT_COMMON_EQUITY_PROVEN,UPCOM,hnx_official_equity_universe/v1,,OFFICIAL_CURRENT_STOCK_LIST_CANDIDATE,,true,,EXACT_SESSION_RETAINED,CURRENT_DESCRIPTIVE_DNSE_REST_ADJUSTED_RETROSPECTIVE_RAW_AS_TRADED_NOT_PROMOTED,DIRECT_CANONICAL_MAPPING
LLM,2026-10-01,28.2,-0.007042253521126751,,,,,,,,,,,,,,,,,BELOW_MA20_MOMENTUM_NEGATIVE,,2026-10-01T16:19:50.765598+07:00,UPCOM,,,,,,,,2026-10-01,2026-10-01,0,EXCHANGE_STOCK_LIST_CANDIDATE_NOT_COMMON_EQUITY_PROVEN,UPCOM,hnx_official_equity_universe/v1,,OFFICIAL_CURRENT_STOCK_LIST_CANDIDATE,,true,,EXACT_SESSION_RETAINED,CURRENT_DESCRIPTIVE_DNSE_REST_ADJUSTED_RETROSPECTIVE_RAW_AS_TRADED_NOT_PROMOTED,DIRECT_CANONICAL_MAPPING
LM3,,,,,,,,,,,,,,,,,,,,NOT_AVAILABLE,,,UPCOM,,,,,,,,,,,EXCHANGE_STOCK_LIST_CANDIDATE_NOT_COMMON_EQUITY_PROVEN,UPCOM,hnx_official_equity_universe/v1,,OFFICIAL_CURRENT_STOCK_LIST_CANDIDATE,,false,,UNAVAILABLE_NO_EXACT_SESSION_OBSERVATION,,UNAVAILABLE
LM7,,,,,,,,,,,,,,,,,,,,NOT_AVAILABLE,,,UPCOM,,,,,,,,,,,EXCHANGE_STOCK_LIST_CANDIDATE_NOT_COMMON_EQUITY_PROVEN,UPCOM,hnx_official_equity_universe/v1,,OFFICIAL_CURRENT_STOCK_LIST_CANDIDATE,,false,,UNAVAILABLE_NO_EXACT_SESSION_OBSERVATION,,UNAVAILABLE
LM8,,,,,,,,,,,,,,,,,,,,NOT_AVAILABLE,,,HSX,,,,,,,,,,,OFFICIAL_STOCK_MASTER_SECURITY_TYPE_NOT_COMMON_EQUITY_PROVEN,HOSE,hose_public_stock_master/v1,,OFFICIAL_CURRENT_EXCHANGE_SECURITY,,false,,UNAVAILABLE_NO_EXACT_SESSION_OBSERVATION,,UNAVAILABLE
LMC,2026-10-01,9.3,-0.14678899082568808,,,,,,,,,,,,,,,,,ABOVE_MA20_MOMENTUM_POSITIVE,,2026-10-01T16:19:50.765598+07:00,UPCOM,,,,,,,,2026-10-01,2026-10-01,0,EXCHANGE_STOCK_LIST_CANDIDATE_NOT_COMMON_EQUITY_PROVEN,UPCOM,hnx_official_equity_universe/v1,,OFFICIAL_CURRENT_STOCK_LIST_CANDIDATE,,true,,EXACT_SESSION_RETAINED,CURRENT_DESCRIPTIVE_DNSE_REST_ADJUSTED_RETROSPECTIVE_RAW_AS_TRADED_NOT_PROMOTED,DIRECT_CANONICAL_MAPPING
LMH,,,,,,,,,,,,,,,,,,,,NOT_AVAILABLE,,,UPCOM,,,,,,,,,,,EXCHANGE_STOCK_LIST_CANDIDATE_NOT_COMMON_EQUITY_PROVEN,UPCOM,hnx_official_equity_universe/v1,,OFFICIAL_CURRENT_STOCK_LIST_CANDIDATE,,false,,UNAVAILABLE_NO_EXACT_SESSION_OBSERVATION,,UNAVAILABLE
LMI,,,,,,,,,,,,,,,,,,,,NOT_AVAILABLE,,,UPCOM,,,,,,,,,,,EXCHANGE_STOCK_LIST_CANDIDATE_NOT_COMMON_EQUITY_PROVEN,UPCOM,hnx_official_equity_universe/v1,,OFFICIAL_CURRENT_STOCK_LIST_CANDIDATE,,false,,UNAVAILABLE_NO_EXACT_SESSION_OBSERVATION,,UNAVAILABLE
LNC,,,,,,,,,,,,,,,,,,,,NOT_AVAILABLE,,,UPCOM,,,,,,,,,,,EXCHANGE_STOCK_LIST_CANDIDATE_NOT_COMMON_EQUITY_PROVEN,UPCOM,hnx_official_equity_universe/v1,,OFFICIAL_CURRENT_STOCK_LIST_CANDIDATE,,false,,UNAVAILABLE_NO_EXACT_SESSION_OBSERVATION,,UNAVAILABLE
LO5,,,,,,,,,,,,,,,,,,,,NOT_AVAILABLE,,,UPCOM,,,,,,,,,,,EXCHANGE_STOCK_LIST_CANDIDATE_NOT_COMMON_EQUITY_PROVEN,UPCOM,hnx_official_equity_universe/v1,,OFFICIAL_CURRENT_STOCK_LIST_CANDIDATE,,false,,UNAVAILABLE_NO_EXACT_SESSION_OBSERVATION,,UNAVAILABLE
LPB,2026-10-01,42,-0.045454545454545414,,,,,,,,,,,,,,,,,BELOW_MA20_MOMENTUM_NEGATIVE,,2026-10-01T16:19:50.765598+07:00,HSX,,,,,,,,2026-10-01,2026-10-01,0,OFFICIAL_STOCK_MASTER_SECURITY_TYPE_NOT_COMMON_EQUITY_PROVEN,HOSE,hose_public_stock_master/v1,,OFFICIAL_CURRENT_EXCHANGE_SECURITY,,true,,EXACT_SESSION_RETAINED,CURRENT_DESCRIPTIVE_DNSE_REST_ADJUSTED_RETROSPECTIVE_RAW_AS_TRADED_NOT_PROMOTED,DIRECT_CANONICAL_MAPPING
LPT,2026-10-01,6.3,0.0,,,,,,,,,,,,,,,,,BELOW_MA20_MOMENTUM_NEGATIVE,,2026-10-01T16:19:50.765598+07:00,UPCOM,,,,,,,,2026-10-01,2026-10-01,0,EXCHANGE_STOCK_LIST_CANDIDATE_NOT_COMMON_EQUITY_PROVEN,UPCOM,hnx_official_equity_universe/v1,,OFFICIAL_CURRENT_STOCK_LIST_CANDIDATE,,true,,EXACT_SESSION_RETAINED,CURRENT_DESCRIPTIVE_DNSE_REST_ADJUSTED_RETROSPECTIVE_RAW_AS_TRADED_NOT_PROMOTED,DIRECT_CANONICAL_MAPPING
LQN,,,,,,,,,,,,,,,,,,,,NOT_AVAILABLE,,,UPCOM,,,,,,,,,,,EXCHANGE_STOCK_LIST_CANDIDATE_NOT_COMMON_EQUITY_PROVEN,UPCOM,hnx_official_equity_universe/v1,,OFFICIAL_CURRENT_STOCK_LIST_CANDIDATE,,false,,UNAVAILABLE_NO_EXACT_SESSION_OBSERVATION,,UNAVAILABLE
LSG,2026-10-01,35.6,-0.005586592178770777,,,,,,,,,,,,,,,,,NEAR_MA20_NEUTRAL,,2026-10-01T16:19:50.765598+07:00,UPCOM,,,,,,,,2026-10-01,2026-10-01,0,EXCHANGE_STOCK_LIST_CANDIDATE_NOT_COMMON_EQUITY_PROVEN,UPCOM,hnx_official_equity_universe/v1,,OFFICIAL_CURRENT_STOCK_LIST_CANDIDATE,,true,,EXACT_SESSION_RETAINED,CURRENT_DESCRIPTIVE_DNSE_REST_ADJUSTED_RETROSPECTIVE_RAW_AS_TRADED_NOT_PROMOTED,DIRECT_CANONICAL_MAPPING
LSS,2026-10-01,7.81,0.0012820512820512775,,,,,,,,,,,,,,,,,NEAR_MA20_NEUTRAL,,2026-10-01T16:19:50.765598+07:00,HSX,,,,,,,,2026-10-01,2026-10-01,0,OFFICIAL_STOCK_MASTER_SECURITY_TYPE_NOT_COMMON_EQUITY_PROVEN,HOSE,hose_public_stock_master/v1,,OFFICIAL_CURRENT_EXCHANGE_SECURITY,,true,,EXACT_SESSION_RETAINED,CURRENT_DESCRIPTIVE_DNSE_REST_ADJUSTED_RETROSPECTIVE_RAW_AS_TRADED_NOT_PROMOTED,DIRECT_CANONICAL_MAPPING
LTC,,,,,,,,,,,,,,,,,,,,NOT_AVAILABLE,,,UPCOM,,,,,,,,,,,EXCHANGE_STOCK_LIST_CANDIDATE_NOT_COMMON_EQUITY_PROVEN,UPCOM,hnx_official_equity_universe/v1,,OFFICIAL_CURRENT_STOCK_LIST_CANDIDATE,,false,,UNAVAILABLE_NO_EXACT_SESSION_OBSERVATION,,UNAVAILABLE
LTG,,,,,,,,,,,,,,,,,,,,NOT_AVAILABLE,,,UPCOM,,,,,,,,,,,EXCHANGE_STOCK_LIST_CANDIDATE_NOT_COMMON_EQUITY_PROVEN,UPCOM,hnx_official_equity_universe/v1,,OFFICIAL_CURRENT_STOCK_LIST_CANDIDATE,,false,,UNAVAILABLE_NO_EXACT_SESSION_OBSERVATION,,UNAVAILABLE
LUT,,,,,,,,,,,,,,,,,,,,NOT_AVAILABLE,,,UPCOM,,,,,,,,,,,EXCHANGE_STOCK_LIST_CANDIDATE_NOT_COMMON_EQUITY_PROVEN,UPCOM,hnx_official_equity_universe/v1,,OFFICIAL_CURRENT_STOCK_LIST_CANDIDATE,,false,,UNAVAILABLE_NO_EXACT_SESSION_OBSERVATION,,UNAVAILABLE
LWS,,,,,,,,,,,,,,,,,,,,NOT_AVAILABLE,,,DELISTED,,,,,,,,,,,INSTRUMENT_CLASS_UNRESOLVED,DELISTED,,,STOCKLOOKUP_ONLY_UNRESOLVED,,false,,UNAVAILABLE_NO_EXACT_SESSION_OBSERVATION,,UNAVAILABLE
M10,2026-10-01,18.9,-0.030769230769230882,,,,,,,,,,,,,,,,,BELOW_MA20_MOMENTUM_NEGATIVE,,2026-10-01T16:19:50.765598+07:00,UPCOM,,,,,,,,2026-10-01,2026-10-01,0,EXCHANGE_STOCK_LIST_CANDIDATE_NOT_COMMON_EQUITY_PROVEN,UPCOM,hnx_official_equity_universe/v1,,OFFICIAL_CURRENT_STOCK_LIST_CANDIDATE,,true,,EXACT_SESSION_RETAINED,CURRENT_DESCRIPTIVE_DNSE_REST_ADJUSTED_RETROSPECTIVE_RAW_AS_TRADED_NOT_PROMOTED,DIRECT_CANONICAL_MAPPING
MA1,,,,,,,,,,,,,,,,,,,,NOT_AVAILABLE,,,UPCOM,,,,,,,,,,,EXCHANGE_STOCK_LIST_CANDIDATE_NOT_COMMON_EQUITY_PROVEN,UPCOM,hnx_official_equity_universe/v1,,OFFICIAL_CURRENT_STOCK_LIST_CANDIDATE,,false,,UNAVAILABLE_NO_EXACT_SESSION_OBSERVATION,,UNAVAILABLE
MAC,2026-10-01,10.3,0.0,,,,,,,,,,,,,,,,,BELOW_MA20_MOMENTUM_NEGATIVE,,2026-10-01T16:19:50.765598+07:00,DELISTED,,,,,,,,2026-10-01,2026-10-01,0,EXCHANGE_STOCK_LIST_CANDIDATE_NOT_COMMON_EQUITY_PROVEN,HNX_LISTED,hnx_official_equity_universe/v1,,OFFICIAL_CURRENT_STOCK_LIST_CANDIDATE,,true,,EXACT_SESSION_RETAINED,CURRENT_DESCRIPTIVE_DNSE_REST_ADJUSTED_RETROSPECTIVE_RAW_AS_TRADED_NOT_PROMOTED,DIRECT_CANONICAL_MAPPING
MAS,,,,,,,,,,,,,,,,,,,,NOT_AVAILABLE,,,DELISTED,,,,,,,,,,,EXCHANGE_STOCK_LIST_CANDIDATE_NOT_COMMON_EQUITY_PROVEN,HNX_LISTED,hnx_official_equity_universe/v1,,OFFICIAL_CURRENT_STOCK_LIST_CANDIDATE,,false,,UNAVAILABLE_NO_EXACT_SESSION_OBSERVATION,,UNAVAILABLE
MBB,2026-10-01,19.55,-0.0050890585241729624,,,,,,,,,,,,,,,,,BELOW_MA20_MOMENTUM_NEGATIVE,,2026-10-01T16:19:50.765598+07:00,HSX,bank,,,,,,,2026-10-01,2026-10-01,0,OFFICIAL_STOCK_MASTER_SECURITY_TYPE_NOT_COMMON_EQUITY_PROVEN,HOSE,hose_public_stock_master/v1,,OFFICIAL_CURRENT_EXCHANGE_SECURITY,,true,,EXACT_SESSION_RETAINED,CURRENT_DESCRIPTIVE_DNSE_REST_ADJUSTED_RETROSPECTIVE_RAW_AS_TRADED_NOT_PROMOTED,DIRECT_CANONICAL_MAPPING
MBG,2026-10-01,2.2,0.0,,,,,,,,,,,,,,,,,NEAR_MA20_NEUTRAL,,2026-10-01T16:19:50.765598+07:00,DELISTED,,,,,,,,2026-10-01,2026-10-01,0,EXCHANGE_STOCK_LIST_CANDIDATE_NOT_COMMON_EQUITY_PROVEN,HNX_LISTED,hnx_official_equity_universe/v1,,OFFICIAL_CURRENT_STOCK_LIST_CANDIDATE,,true,,EXACT_SESSION_RETAINED,CURRENT_DESCRIPTIVE_DNSE_REST_ADJUSTED_RETROSPECTIVE_RAW_AS_TRADED_NOT_PROMOTED,DIRECT_CANONICAL_MAPPING
MBS,2026-10-01,15.6,0.0,,,,,,,,,,,,,,,,,BELOW_MA20_MOMENTUM_NEGATIVE,,2026-10-01T16:19:50.765598+07:00,DELISTED,,,,,,,,2026-10-01,2026-10-01,0,EXCHANGE_STOCK_LIST_CANDIDATE_NOT_COMMON_EQUITY_PROVEN,HNX_LISTED,hnx_official_equity_universe/v1,,OFFICIAL_CURRENT_STOCK_LIST_CANDIDATE,,true,,EXACT_SESSION_RETAINED,CURRENT_DESCRIPTIVE_DNSE_REST_ADJUSTED_RETROSPECTIVE_RAW_AS_TRADED_NOT_PROMOTED,DIRECT_CANONICAL_MAPPING
MBT,2026-10-01,8.7,-0.1470588235294118,,,,,,,,,,,,,,,,,BELOW_MA20_MOMENTUM_POSITIVE,,2026-10-01T16:19:50.765598+07:00,UPCOM,,,,,,,,2026-10-01,2026-10-01,0,EXCHANGE_STOCK_LIST_CANDIDATE_NOT_COMMON_EQUITY_PROVEN,UPCOM,hnx_official_equity_universe/v1,,OFFICIAL_CURRENT_STOCK_LIST_CANDIDATE,,true,,EXACT_SESSION_RETAINED,CURRENT_DESCRIPTIVE_DNSE_REST_ADJUSTED_RETROSPECTIVE_RAW_AS_TRADED_NOT_PROMOTED,DIRECT_CANONICAL_MAPPING
MC3,,,,,,,,,,,,,,,,,,,,NOT_AVAILABLE,,,DELISTED,,,,,,,,,,,INSTRUMENT_CLASS_UNRESOLVED,DELISTED,,,STOCKLOOKUP_ONLY_UNRESOLVED,,false,,UNAVAILABLE_NO_EXACT_SESSION_OBSERVATION,,UNAVAILABLE
MCC,,,,,,,,,,,,,,,,,,,,NOT_AVAILABLE,,,DELISTED,,,,,,,,,,,EXCHANGE_STOCK_LIST_CANDIDATE_NOT_COMMON_EQUITY_PROVEN,HNX_LISTED,hnx_official_equity_universe/v1,,OFFICIAL_CURRENT_STOCK_LIST_CANDIDATE,,false,,UNAVAILABLE_NO_EXACT_SESSION_OBSERVATION,,UNAVAILABLE
MCF,2026-10-01,7.2,0.0,,,,,,,,,,,,,,,,,NEAR_MA20_NEUTRAL,,2026-10-01T16:19:50.765598+07:00,DELISTED,,,,,,,,2026-10-01,2026-10-01,0,EXCHANGE_STOCK_LIST_CANDIDATE_NOT_COMMON_EQUITY_PROVEN,HNX_LISTED,hnx_official_equity_universe/v1,,OFFICIAL_CURRENT_STOCK_LIST_CANDIDATE,,true,,EXACT_SESSION_RETAINED,CURRENT_DESCRIPTIVE_DNSE_REST_ADJUSTED_RETROSPECTIVE_RAW_AS_TRADED_NOT_PROMOTED,DIRECT_CANONICAL_MAPPING
MCG,2026-10-01,2.4,0.0,,,,,,,,,,,,,,,,,NEAR_MA20_NEUTRAL,,2026-10-01T16:19:50.765598+07:00,UPCOM,,,,,,,,2026-10-01,2026-10-01,0,EXCHANGE_STOCK_LIST_CANDIDATE_NOT_COMMON_EQUITY_PROVEN,UPCOM,hnx_official_equity_universe/v1,,OFFICIAL_CURRENT_STOCK_LIST_CANDIDATE,,true,,EXACT_SESSION_RETAINED,CURRENT_DESCRIPTIVE_DNSE_REST_ADJUSTED_RETROSPECTIVE_RAW_AS_TRADED_NOT_PROMOTED,DIRECT_CANONICAL_MAPPING
MCH,2026-10-01,138.9,-0.0007194244604316058,,,,,,,,,,,,,,,,,BELOW_MA20_MOMENTUM_NEGATIVE,,2026-10-01T16:19:50.765598+07:00,HSX,,,,,,,,2026-10-01,2026-10-01,0,OFFICIAL_STOCK_MASTER_SECURITY_TYPE_NOT_COMMON_EQUITY_PROVEN,HOSE,hose_public_stock_master/v1,,OFFICIAL_CURRENT_EXCHANGE_SECURITY,,true,,EXACT_SESSION_RETAINED,CURRENT_DESCRIPTIVE_DNSE_REST_ADJUSTED_RETROSPECTIVE_RAW_AS_TRADED_NOT_PROMOTED,DIRECT_CANONICAL_MAPPING
MCI,,,,,,,,,,,,,,,,,,,,NOT_AVAILABLE,,,DELISTED,,,,,,,,,,,INSTRUMENT_CLASS_UNRESOLVED,DELISTED,,,STOCKLOOKUP_ONLY_UNRESOLVED,,false,,UNAVAILABLE_NO_EXACT_SESSION_OBSERVATION,,UNAVAILABLE
MCM,2026-10-01,26.45,-0.0018867924528301883,,,,,,,,,,,,,,,,,NEAR_MA20_NEUTRAL,,2026-10-01T16:19:50.765598+07:00,HSX,,,,,,,,2026-10-01,2026-10-01,0,OFFICIAL_STOCK_MASTER_SECURITY_TYPE_NOT_COMMON_EQUITY_PROVEN,HOSE,hose_public_stock_master/v1,,OFFICIAL_CURRENT_EXCHANGE_SECURITY,,true,,EXACT_SESSION_RETAINED,CURRENT_DESCRIPTIVE_DNSE_REST_ADJUSTED_RETROSPECTIVE_RAW_AS_TRADED_NOT_PROMOTED,DIRECT_CANONICAL_MAPPING
MCO,2026-10-01,5.1,0.0851063829787233,,,,,,,,,,,,,,,,,ABOVE_MA20_MOMENTUM_POSITIVE,,2026-10-01T16:19:50.765598+07:00,DELISTED,,,,,,,,2026-10-01,2026-10-01,0,EXCHANGE_STOCK_LIST_CANDIDATE_NOT_COMMON_EQUITY_PROVEN,HNX_LISTED,hnx_official_equity_universe/v1,,OFFICIAL_CURRENT_STOCK_LIST_CANDIDATE,,true,,EXACT_SESSION_RETAINED,CURRENT_DESCRIPTIVE_DNSE_REST_ADJUSTED_RETROSPECTIVE_RAW_AS_TRADED_NOT_PROMOTED,DIRECT_CANONICAL_MAPPING
MCP,2026-10-01,28.05,-0.003552397868561208,,,,,,,,,,,,,,,,,NEAR_MA20_NEUTRAL,,2026-10-01T16:19:50.765598+07:00,HSX,,,,,,,,2026-10-01,2026-10-01,0,OFFICIAL_STOCK_MASTER_SECURITY_TYPE_NOT_COMMON_EQUITY_PROVEN,HOSE,hose_public_stock_master/v1,,OFFICIAL_CURRENT_EXCHANGE_SECURITY,,true,,EXACT_SESSION_RETAINED,CURRENT_DESCRIPTIVE_DNSE_REST_ADJUSTED_RETROSPECTIVE_RAW_AS_TRADED_NOT_PROMOTED,DIRECT_CANONICAL_MAPPING
MDA,,,,,,,,,,,,,,,,,,,,NOT_AVAILABLE,,,UPCOM,,,,,,,,,,,EXCHANGE_STOCK_LIST_CANDIDATE_NOT_COMMON_EQUITY_PROVEN,UPCOM,hnx_official_equity_universe/v1,,OFFICIAL_CURRENT_STOCK_LIST_CANDIDATE,,false,,UNAVAILABLE_NO_EXACT_SESSION_OBSERVATION,,UNAVAILABLE
MDC,2026-10-01,8.5,0.0625,,,,,,,,,,,,,,,,,ABOVE_MA20_MOMENTUM_POSITIVE,,2026-10-01T16:19:50.765598+07:00,DELISTED,,,,,,,,2026-10-01,2026-10-01,0,EXCHANGE_STOCK_LIST_CANDIDATE_NOT_COMMON_EQUITY_PROVEN,HNX_LISTED,hnx_official_equity_universe/v1,,OFFICIAL_CURRENT_STOCK_LIST_CANDIDATE,,true,,EXACT_SESSION_RETAINED,CURRENT_DESCRIPTIVE_DNSE_REST_ADJUSTED_RETROSPECTIVE_RAW_AS_TRADED_NOT_PROMOTED,DIRECT_CANONICAL_MAPPING
MDF,2026-10-01,7.6,0.013333333333333197,,,,,,,,,,,,,,,,,ABOVE_MA20_MOMENTUM_POSITIVE,,2026-10-01T16:19:50.765598+07:00,UPCOM,,,,,,,,2026-10-01,2026-10-01,0,EXCHANGE_STOCK_LIST_CANDIDATE_NOT_COMMON_EQUITY_PROVEN,UPCOM,hnx_official_equity_universe/v1,,OFFICIAL_CURRENT_STOCK_LIST_CANDIDATE,,true,,EXACT_SESSION_RETAINED,CURRENT_DESCRIPTIVE_DNSE_REST_ADJUSTED_RETROSPECTIVE_RAW_AS_TRADED_NOT_PROMOTED,DIRECT_CANONICAL_MAPPING
MDG,2026-10-01,36.9,-0.0013531799729364913,,,,,,,,,,,,,,,,,NEAR_MA20_NEUTRAL,,2026-10-01T16:19:50.765598+07:00,HSX,,,,,,,,2026-10-01,2026-10-01,0,OFFICIAL_STOCK_MASTER_SECURITY_TYPE_NOT_COMMON_EQUITY_PROVEN,HOSE,hose_public_stock_master/v1,,OFFICIAL_CURRENT_EXCHANGE_SECURITY,,true,,EXACT_SESSION_RETAINED,CURRENT_DESCRIPTIVE_DNSE_REST_ADJUSTED_RETROSPECTIVE_RAW_AS_TRADED_NOT_PROMOTED,DIRECT_CANONICAL_MAPPING
MEC,,,,,,,,,,,,,,,,,,,,NOT_AVAILABLE,,,UPCOM,,,,,,,,,,,EXCHANGE_STOCK_LIST_CANDIDATE_NOT_COMMON_EQUITY_PROVEN,UPCOM,hnx_official_equity_universe/v1,,OFFICIAL_CURRENT_STOCK_LIST_CANDIDATE,,false,,UNAVAILABLE_NO_EXACT_SESSION_OBSERVATION,,UNAVAILABLE
MED,,,,,,,,,,,,,,,,,,,,NOT_AVAILABLE,,,DELISTED,,,,,,,,,,,EXCHANGE_STOCK_LIST_CANDIDATE_NOT_COMMON_EQUITY_PROVEN,HNX_LISTED,hnx_official_equity_universe/v1,,OFFICIAL_CURRENT_STOCK_LIST_CANDIDATE,,false,,UNAVAILABLE_NO_EXACT_SESSION_OBSERVATION,,UNAVAILABLE
MEF,,,,,,,,,,,,,,,,,,,,NOT_AVAILABLE,,,UPCOM,,,,,,,,,,,EXCHANGE_STOCK_LIST_CANDIDATE_NOT_COMMON_EQUITY_PROVEN,UPCOM,hnx_official_equity_universe/v1,,OFFICIAL_CURRENT_STOCK_LIST_CANDIDATE,,false,,UNAVAILABLE_NO_EXACT_SESSION_OBSERVATION,,UNAVAILABLE
MEL,,,,,,,,,,,,,,,,,,,,NOT_AVAILABLE,,,DELISTED,,,,,,,,,,,EXCHANGE_STOCK_LIST_CANDIDATE_NOT_COMMON_EQUITY_PROVEN,HNX_LISTED,hnx_official_equity_universe/v1,,OFFICIAL_CURRENT_STOCK_LIST_CANDIDATE,,false,,UNAVAILABLE_NO_EXACT_SESSION_OBSERVATION,,UNAVAILABLE
MFS,2026-10-01,27.2,-0.01090909090909098,,,,,,,,,,,,,,,,,BELOW_MA20_MOMENTUM_NEGATIVE,,2026-10-01T16:19:50.765598+07:00,UPCOM,,,,,,,,2026-10-01,2026-10-01,0,EXCHANGE_STOCK_LIST_CANDIDATE_NOT_COMMON_EQUITY_PROVEN,UPCOM,hnx_official_equity_universe/v1,,OFFICIAL_CURRENT_STOCK_LIST_CANDIDATE,,true,,EXACT_SESSION_RETAINED,CURRENT_DESCRIPTIVE_DNSE_REST_ADJUSTED_RETROSPECTIVE_RAW_AS_TRADED_NOT_PROMOTED,DIRECT_CANONICAL_MAPPING
MGC,2026-10-01,10,0.0,,,,,,,,,,,,,,,,,BELOW_MA20_MOMENTUM_NEGATIVE,,2026-10-01T16:19:50.765598+07:00,UPCOM,,,,,,,,2026-10-01,2026-10-01,0,EXCHANGE_STOCK_LIST_CANDIDATE_NOT_COMMON_EQUITY_PROVEN,UPCOM,hnx_official_equity_universe/v1,,OFFICIAL_CURRENT_STOCK_LIST_CANDIDATE,,true,,EXACT_SESSION_RETAINED,CURRENT_DESCRIPTIVE_DNSE_REST_ADJUSTED_RETROSPECTIVE_RAW_AS_TRADED_NOT_PROMOTED,DIRECT_CANONICAL_MAPPING
MGG,,,,,,,,,,,,,,,,,,,,NOT_AVAILABLE,,,UPCOM,,,,,,,,,,,EXCHANGE_STOCK_LIST_CANDIDATE_NOT_COMMON_EQUITY_PROVEN,UPCOM,hnx_official_equity_universe/v1,,OFFICIAL_CURRENT_STOCK_LIST_CANDIDATE,,false,,UNAVAILABLE_NO_EXACT_SESSION_OBSERVATION,,UNAVAILABLE
MGR,,,,,,,,,,,,,,,,,,,,NOT_AVAILABLE,,,UPCOM,,,,,,,,,,,EXCHANGE_STOCK_LIST_CANDIDATE_NOT_COMMON_EQUITY_PROVEN,UPCOM,hnx_official_equity_universe/v1,,OFFICIAL_CURRENT_STOCK_LIST_CANDIDATE,,false,,UNAVAILABLE_NO_EXACT_SESSION_OBSERVATION,,UNAVAILABLE
MH3,2026-10-01,26.6,0.05555555555555558,,,,,,,,,,,,,,,,,NEAR_MA20_NEUTRAL,,2026-10-01T16:19:50.765598+07:00,UPCOM,,,,,,,,2026-10-01,2026-10-01,0,EXCHANGE_STOCK_LIST_CANDIDATE_NOT_COMMON_EQUITY_PROVEN,UPCOM,hnx_official_equity_universe/v1,,OFFICIAL_CURRENT_STOCK_LIST_CANDIDATE,,true,,EXACT_SESSION_RETAINED,CURRENT_DESCRIPTIVE_DNSE_REST_ADJUSTED_RETROSPECTIVE_RAW_AS_TRADED_NOT_PROMOTED,DIRECT_CANONICAL_MAPPING
MHC,2026-10-01,6.99,-0.0014285714285714457,,,,,,,,,,,,,,,,,BELOW_MA20_MOMENTUM_NEGATIVE,,2026-10-01T16:19:50.765598+07:00,HSX,,,,,,,,2026-10-01,2026-10-01,0,OFFICIAL_STOCK_MASTER_SECURITY_TYPE_NOT_COMMON_EQUITY_PROVEN,HOSE,hose_public_stock_master/v1,,OFFICIAL_CURRENT_EXCHANGE_SECURITY,,true,,EXACT_SESSION_RETAINED,CURRENT_DESCRIPTIVE_DNSE_REST_ADJUSTED_RETROSPECTIVE_RAW_AS_TRADED_NOT_PROMOTED,DIRECT_CANONICAL_MAPPING
MHL,,,,,,,,,,,,,,,,,,,,NOT_AVAILABLE,,,UPCOM,,,,,,,,,,,EXCHANGE_STOCK_LIST_CANDIDATE_NOT_COMMON_EQUITY_PROVEN,UPCOM,hnx_official_equity_universe/v1,,OFFICIAL_CURRENT_STOCK_LIST_CANDIDATE,,false,,UNAVAILABLE_NO_EXACT_SESSION_OBSERVATION,,UNAVAILABLE
MIC,,,,,,,,,,,,,,,,,,,,NOT_AVAILABLE,,,DELISTED,,,,,,,,,,,EXCHANGE_STOCK_LIST_CANDIDATE_NOT_COMMON_EQUITY_PROVEN,HNX_LISTED,hnx_official_equity_universe/v1,,OFFICIAL_CURRENT_STOCK_LIST_CANDIDATE,,false,,UNAVAILABLE_NO_EXACT_SESSION_OBSERVATION,,UNAVAILABLE
MIE,,,,,,,,,,,,,,,,,,,,NOT_AVAILABLE,,,UPCOM,,,,,,,,,,,EXCHANGE_STOCK_LIST_CANDIDATE_NOT_COMMON_EQUITY_PROVEN,UPCOM,hnx_official_equity_universe/v1,,OFFICIAL_CURRENT_STOCK_LIST_CANDIDATE,,false,,UNAVAILABLE_NO_EXACT_SESSION_OBSERVATION,,UNAVAILABLE
MIG,2026-10-01,16.2,-0.003076923076923088,,,,,,,,,,,,,,,,,ABOVE_MA20_MOMENTUM_POSITIVE,,2026-10-01T16:19:50.765598+07:00,HSX,,,,,,,,2026-10-01,2026-10-01,0,OFFICIAL_STOCK_MASTER_SECURITY_TYPE_NOT_COMMON_EQUITY_PROVEN,HOSE,hose_public_stock_master/v1,,OFFICIAL_CURRENT_EXCHANGE_SECURITY,,true,,EXACT_SESSION_RETAINED,CURRENT_DESCRIPTIVE_DNSE_REST_ADJUSTED_RETROSPECTIVE_RAW_AS_TRADED_NOT_PROMOTED,DIRECT_CANONICAL_MAPPING
MIM,,,,,,,,,,,,,,,,,,,,NOT_AVAILABLE,,,DELISTED,,,,,,,,,,,INSTRUMENT_CLASS_UNRESOLVED,DELISTED,,,STOCKLOOKUP_ONLY_UNRESOLVED,,false,,UNAVAILABLE_NO_EXACT_SESSION_OBSERVATION,,UNAVAILABLE
MKP,,,,,,,,,,,,,,,,,,,,NOT_AVAILABLE,,,UPCOM,,,,,,,,,,,EXCHANGE_STOCK_LIST_CANDIDATE_NOT_COMMON_EQUITY_PROVEN,UPCOM,hnx_official_equity_universe/v1,,OFFICIAL_CURRENT_STOCK_LIST_CANDIDATE,,false,,UNAVAILABLE_NO_EXACT_SESSION_OBSERVATION,,UNAVAILABLE
MKV,,,,,,,,,,,,,,,,,,,,NOT_AVAILABLE,,,DELISTED,,,,,,,,,,,EXCHANGE_STOCK_LIST_CANDIDATE_NOT_COMMON_EQUITY_PROVEN,HNX_LISTED,hnx_official_equity_universe/v1,,OFFICIAL_CURRENT_STOCK_LIST_CANDIDATE,,false,,UNAVAILABLE_NO_EXACT_SESSION_OBSERVATION,,UNAVAILABLE
MLC,,,,,,,,,,,,,,,,,,,,NOT_AVAILABLE,,,UPCOM,,,,,,,,,,,EXCHANGE_STOCK_LIST_CANDIDATE_NOT_COMMON_EQUITY_PROVEN,UPCOM,hnx_official_equity_universe/v1,,OFFICIAL_CURRENT_STOCK_LIST_CANDIDATE,,false,,UNAVAILABLE_NO_EXACT_SESSION_OBSERVATION,,UNAVAILABLE
MLS,,,,,,,,,,,,,,,,,,,,NOT_AVAILABLE,,,UPCOM,,,,,,,,,,,EXCHANGE_STOCK_LIST_CANDIDATE_NOT_COMMON_EQUITY_PROVEN,UPCOM,hnx_official_equity_universe/v1,,OFFICIAL_CURRENT_STOCK_LIST_CANDIDATE,,false,,UNAVAILABLE_NO_EXACT_SESSION_OBSERVATION,,UNAVAILABLE
MML,2026-10-01,26.1,0.0038461538461538325,,,,,,,,,,,,,,,,,BELOW_MA20_MOMENTUM_NEGATIVE,,2026-10-01T16:19:50.765598+07:00,UPCOM,,,,,,,,2026-10-01,2026-10-01,0,EXCHANGE_STOCK_LIST_CANDIDATE_NOT_COMMON_EQUITY_PROVEN,UPCOM,hnx_official_equity_universe/v1,,OFFICIAL_CURRENT_STOCK_LIST_CANDIDATE,,true,,EXACT_SESSION_RETAINED,CURRENT_DESCRIPTIVE_DNSE_REST_ADJUSTED_RETROSPECTIVE_RAW_AS_TRADED_NOT_PROMOTED,DIRECT_CANONICAL_MAPPING
MNB,2026-10-01,25,0.0,,,,,,,,,,,,,,,,,ABOVE_MA20_MOMENTUM_POSITIVE,,2026-10-01T16:19:50.765598+07:00,UPCOM,,,,,,,,2026-10-01,2026-10-01,0,EXCHANGE_STOCK_LIST_CANDIDATE_NOT_COMMON_EQUITY_PROVEN,UPCOM,hnx_official_equity_universe/v1,,OFFICIAL_CURRENT_STOCK_LIST_CANDIDATE,,true,,EXACT_SESSION_RETAINED,CURRENT_DESCRIPTIVE_DNSE_REST_ADJUSTED_RETROSPECTIVE_RAW_AS_TRADED_NOT_PROMOTED,DIRECT_CANONICAL_MAPPING
MND,,,,,,,,,,,,,,,,,,,,NOT_AVAILABLE,,,UPCOM,,,,,,,,,,,EXCHANGE_STOCK_LIST_CANDIDATE_NOT_COMMON_EQUITY_PROVEN,UPCOM,hnx_official_equity_universe/v1,,OFFICIAL_CURRENT_STOCK_LIST_CANDIDATE,,false,,UNAVAILABLE_NO_EXACT_SESSION_OBSERVATION,,UNAVAILABLE
MPC,2026-10-01,13.7,-0.007246376811594346,,,,,,,,,,,,,,,,,NEAR_MA20_NEUTRAL,,2026-10-01T16:19:50.765598+07:00,UPCOM,,,,,,,,2026-10-01,2026-10-01,0,EXCHANGE_STOCK_LIST_CANDIDATE_NOT_COMMON_EQUITY_PROVEN,UPCOM,hnx_official_equity_universe/v1,,OFFICIAL_CURRENT_STOCK_LIST_CANDIDATE,,true,,EXACT_SESSION_RETAINED,CURRENT_DESCRIPTIVE_DNSE_REST_ADJUSTED_RETROSPECTIVE_RAW_AS_TRADED_NOT_PROMOTED,DIRECT_CANONICAL_MAPPING
MPT,,,,,,,,,,,,,,,,,,,,NOT_AVAILABLE,,,UPCOM,,,,,,,,,,,EXCHANGE_STOCK_LIST_CANDIDATE_NOT_COMMON_EQUITY_PROVEN,UPCOM,hnx_official_equity_universe/v1,,OFFICIAL_CURRENT_STOCK_LIST_CANDIDATE,,false,,UNAVAILABLE_NO_EXACT_SESSION_OBSERVATION,,UNAVAILABLE
MPY,,,,,,,,,,,,,,,,,,,,NOT_AVAILABLE,,,UPCOM,,,,,,,,,,,EXCHANGE_STOCK_LIST_CANDIDATE_NOT_COMMON_EQUITY_PROVEN,UPCOM,hnx_official_equity_universe/v1,,OFFICIAL_CURRENT_STOCK_LIST_CANDIDATE,,false,,UNAVAILABLE_NO_EXACT_SESSION_OBSERVATION,,UNAVAILABLE
MQB,,,,,,,,,,,,,,,,,,,,NOT_AVAILABLE,,,UPCOM,,,,,,,,,,,EXCHANGE_STOCK_LIST_CANDIDATE_NOT_COMMON_EQUITY_PROVEN,UPCOM,hnx_official_equity_universe/v1,,OFFICIAL_CURRENT_STOCK_LIST_CANDIDATE,,false,,UNAVAILABLE_NO_EXACT_SESSION_OBSERVATION,,UNAVAILABLE
MQN,,,,,,,,,,,,,,,,,,,,NOT_AVAILABLE,,,UPCOM,,,,,,,,,,,EXCHANGE_STOCK_LIST_CANDIDATE_NOT_COMMON_EQUITY_PROVEN,UPCOM,hnx_official_equity_universe/v1,,OFFICIAL_CURRENT_STOCK_LIST_CANDIDATE,,false,,UNAVAILABLE_NO_EXACT_SESSION_OBSERVATION,,UNAVAILABLE
MRF,,,,,,,,,,,,,,,,,,,,NOT_AVAILABLE,,,UPCOM,,,,,,,,,,,EXCHANGE_STOCK_LIST_CANDIDATE_NOT_COMMON_EQUITY_PROVEN,UPCOM,hnx_official_equity_universe/v1,,OFFICIAL_CURRENT_STOCK_LIST_CANDIDATE,,false,,UNAVAILABLE_NO_EXACT_SESSION_OBSERVATION,,UNAVAILABLE
MSB,2026-10-01,14.2,0.0,,,,,,,,,,,,,,,,,ABOVE_MA20_MOMENTUM_POSITIVE,,2026-10-01T16:19:50.765598+07:00,HSX,,,,,,,,2026-10-01,2026-10-01,0,OFFICIAL_STOCK_MASTER_SECURITY_TYPE_NOT_COMMON_EQUITY_PROVEN,HOSE,hose_public_stock_master/v1,,OFFICIAL_CURRENT_EXCHANGE_SECURITY,,true,,EXACT_SESSION_RETAINED,CURRENT_DESCRIPTIVE_DNSE_REST_ADJUSTED_RETROSPECTIVE_RAW_AS_TRADED_NOT_PROMOTED,DIRECT_CANONICAL_MAPPING
MSH,2026-10-01,29.9,0.003355704697986406,,,,,,,,,,,,,,,,,NEAR_MA20_NEUTRAL,,2026-10-01T16:19:50.765598+07:00,HSX,,,,,,,,2026-10-01,2026-10-01,0,OFFICIAL_STOCK_MASTER_SECURITY_TYPE_NOT_COMMON_EQUITY_PROVEN,HOSE,hose_public_stock_master/v1,,OFFICIAL_CURRENT_EXCHANGE_SECURITY,,true,,EXACT_SESSION_RETAINED,CURRENT_DESCRIPTIVE_DNSE_REST_ADJUSTED_RETROSPECTIVE_RAW_AS_TRADED_NOT_PROMOTED,DIRECT_CANONICAL_MAPPING
MSN,2026-10-01,70.9,0.02753623188405796,,,,,,,,,,,,,,,,,ABOVE_MA20_MOMENTUM_POSITIVE,,2026-10-01T16:19:50.765598+07:00,HSX,,,,,,,,2026-10-01,2026-10-01,0,OFFICIAL_STOCK_MASTER_SECURITY_TYPE_NOT_COMMON_EQUITY_PROVEN,HOSE,hose_public_stock_master/v1,,OFFICIAL_CURRENT_EXCHANGE_SECURITY,,true,,EXACT_SESSION_RETAINED,CURRENT_DESCRIPTIVE_DNSE_REST_ADJUSTED_RETROSPECTIVE_RAW_AS_TRADED_NOT_PROMOTED,DIRECT_CANONICAL_MAPPING
MSR,2026-10-01,58.6,0.05967450271247743,,,,,,,,,,,,,,,,,ABOVE_MA20_MOMENTUM_POSITIVE,,2026-10-01T16:19:50.765598+07:00,UPCOM,,,,,,,,2026-10-01,2026-10-01,0,EXCHANGE_STOCK_LIST_CANDIDATE_NOT_COMMON_EQUITY_PROVEN,UPCOM,hnx_official_equity_universe/v1,,OFFICIAL_CURRENT_STOCK_LIST_CANDIDATE,,true,,EXACT_SESSION_RETAINED,CURRENT_DESCRIPTIVE_DNSE_REST_ADJUSTED_RETROSPECTIVE_RAW_AS_TRADED_NOT_PROMOTED,DIRECT_CANONICAL_MAPPING
MST,2026-10-01,9.1,-0.010869565217391242,,,,,,,,,,,,,,,,,BELOW_MA20_MOMENTUM_NEGATIVE,,2026-10-01T16:19:50.765598+07:00,DELISTED,,,,,,,,2026-10-01,2026-10-01,0,EXCHANGE_STOCK_LIST_CANDIDATE_NOT_COMMON_EQUITY_PROVEN,HNX_LISTED,hnx_official_equity_universe/v1,,OFFICIAL_CURRENT_STOCK_LIST_CANDIDATE,,true,,EXACT_SESSION_RETAINED,CURRENT_DESCRIPTIVE_DNSE_REST_ADJUSTED_RETROSPECTIVE_RAW_AS_TRADED_NOT_PROMOTED,DIRECT_CANONICAL_MAPPING
MTA,2026-10-01,9.7,-0.030000000000000027,,,,,,,,,,,,,,,,,BELOW_MA20_MOMENTUM_NEGATIVE,,2026-10-01T16:19:50.765598+07:00,UPCOM,,,,,,,,2026-10-01,2026-10-01,0,EXCHANGE_STOCK_LIST_CANDIDATE_NOT_COMMON_EQUITY_PROVEN,UPCOM,hnx_official_equity_universe/v1,,OFFICIAL_CURRENT_STOCK_LIST_CANDIDATE,,true,,EXACT_SESSION_RETAINED,CURRENT_DESCRIPTIVE_DNSE_REST_ADJUSTED_RETROSPECTIVE_RAW_AS_TRADED_NOT_PROMOTED,DIRECT_CANONICAL_MAPPING
MTB,,,,,,,,,,,,,,,,,,,,NOT_AVAILABLE,,,UPCOM,,,,,,,,,,,EXCHANGE_STOCK_LIST_CANDIDATE_NOT_COMMON_EQUITY_PROVEN,UPCOM,hnx_official_equity_universe/v1,,OFFICIAL_CURRENT_STOCK_LIST_CANDIDATE,,false,,UNAVAILABLE_NO_EXACT_SESSION_OBSERVATION,,UNAVAILABLE
MTC,,,,,,,,,,,,,,,,,,,,NOT_AVAILABLE,,,DELISTED,,,,,,,,,,,INSTRUMENT_CLASS_UNRESOLVED,DELISTED,,,STOCKLOOKUP_ONLY_UNRESOLVED,,false,,UNAVAILABLE_NO_EXACT_SESSION_OBSERVATION,,UNAVAILABLE
MTG,,,,,,,,,,,,,,,,,,,,NOT_AVAILABLE,,,UPCOM,,,,,,,,,,,EXCHANGE_STOCK_LIST_CANDIDATE_NOT_COMMON_EQUITY_PROVEN,UPCOM,hnx_official_equity_universe/v1,,OFFICIAL_CURRENT_STOCK_LIST_CANDIDATE,,false,,UNAVAILABLE_NO_EXACT_SESSION_OBSERVATION,,UNAVAILABLE
MTH,,,,,,,,,,,,,,,,,,,,NOT_AVAILABLE,,,UPCOM,,,,,,,,,,,EXCHANGE_STOCK_LIST_CANDIDATE_NOT_COMMON_EQUITY_PROVEN,UPCOM,hnx_official_equity_universe/v1,,OFFICIAL_CURRENT_STOCK_LIST_CANDIDATE,,false,,UNAVAILABLE_NO_EXACT_SESSION_OBSERVATION,,UNAVAILABLE
MTL,2026-10-01,4.6,-0.14814814814814825,,,,,,,,,,,,,,,,,BELOW_MA20_MOMENTUM_NEGATIVE,,2026-10-01T16:19:50.765598+07:00,UPCOM,,,,,,,,2026-10-01,2026-10-01,0,EXCHANGE_STOCK_LIST_CANDIDATE_NOT_COMMON_EQUITY_PROVEN,UPCOM,hnx_official_equity_universe/v1,,OFFICIAL_CURRENT_STOCK_LIST_CANDIDATE,,true,,EXACT_SESSION_RETAINED,CURRENT_DESCRIPTIVE_DNSE_REST_ADJUSTED_RETROSPECTIVE_RAW_AS_TRADED_NOT_PROMOTED,DIRECT_CANONICAL_MAPPING
MTP,2026-10-01,12.8,-0.01538461538461533,,,,,,,,,,,,,,,,,BELOW_MA20_MOMENTUM_NEGATIVE,,2026-10-01T16:19:50.765598+07:00,UPCOM,,,,,,,,2026-10-01,2026-10-01,0,EXCHANGE_STOCK_LIST_CANDIDATE_NOT_COMMON_EQUITY_PROVEN,UPCOM,hnx_official_equity_universe/v1,,OFFICIAL_CURRENT_STOCK_LIST_CANDIDATE,,true,,EXACT_SESSION_RETAINED,CURRENT_DESCRIPTIVE_DNSE_REST_ADJUSTED_RETROSPECTIVE_RAW_AS_TRADED_NOT_PROMOTED,DIRECT_CANONICAL_MAPPING
MTS,2026-10-01,9,0.11111111111111116,,,,,,,,,,,,,,,,,NEAR_MA20_NEUTRAL,,2026-10-01T16:19:50.765598+07:00,UPCOM,,,,,,,,2026-10-01,2026-10-01,0,EXCHANGE_STOCK_LIST_CANDIDATE_NOT_COMMON_EQUITY_PROVEN,UPCOM,hnx_official_equity_universe/v1,,OFFICIAL_CURRENT_STOCK_LIST_CANDIDATE,,true,,EXACT_SESSION_RETAINED,CURRENT_DESCRIPTIVE_DNSE_REST_ADJUSTED_RETROSPECTIVE_RAW_AS_TRADED_NOT_PROMOTED,DIRECT_CANONICAL_MAPPING
MTV,,,,,,,,,,,,,,,,,,,,NOT_AVAILABLE,,,UPCOM,,,,,,,,,,,EXCHANGE_STOCK_LIST_CANDIDATE_NOT_COMMON_EQUITY_PROVEN,UPCOM,hnx_official_equity_universe/v1,,OFFICIAL_CURRENT_STOCK_LIST_CANDIDATE,,false,,UNAVAILABLE_NO_EXACT_SESSION_OBSERVATION,,UNAVAILABLE
MVB,2026-10-01,12.6,0.008000000000000007,,,,,,,,,,,,,,,,,BELOW_MA20_MOMENTUM_NEGATIVE,,2026-10-01T16:19:50.765598+07:00,DELISTED,,,,,,,,2026-10-01,2026-10-01,0,EXCHANGE_STOCK_LIST_CANDIDATE_NOT_COMMON_EQUITY_PROVEN,HNX_LISTED,hnx_official_equity_universe/v1,,OFFICIAL_CURRENT_STOCK_LIST_CANDIDATE,,true,,EXACT_SESSION_RETAINED,CURRENT_DESCRIPTIVE_DNSE_REST_ADJUSTED_RETROSPECTIVE_RAW_AS_TRADED_NOT_PROMOTED,DIRECT_CANONICAL_MAPPING
MVC,2026-10-01,11.4,0.0,,,,,,,,,,,,,,,,,BELOW_MA20_MOMENTUM_NEGATIVE,,2026-10-01T16:19:50.765598+07:00,UPCOM,,,,,,,,2026-10-01,2026-10-01,0,EXCHANGE_STOCK_LIST_CANDIDATE_NOT_COMMON_EQUITY_PROVEN,UPCOM,hnx_official_equity_universe/v1,,OFFICIAL_CURRENT_STOCK_LIST_CANDIDATE,,true,,EXACT_SESSION_RETAINED,CURRENT_DESCRIPTIVE_DNSE_REST_ADJUSTED_RETROSPECTIVE_RAW_AS_TRADED_NOT_PROMOTED,DIRECT_CANONICAL_MAPPING
MVN,2026-10-01,64.9,0.04508856682769724,,,,,,,,,,,,,,,,,ABOVE_MA20_MOMENTUM_NEGATIVE,,2026-10-01T16:19:50.765598+07:00,UPCOM,,,,,,,,2026-10-01,2026-10-01,0,EXCHANGE_STOCK_LIST_CANDIDATE_NOT_COMMON_EQUITY_PROVEN,UPCOM,hnx_official_equity_universe/v1,,OFFICIAL_CURRENT_STOCK_LIST_CANDIDATE,,true,,EXACT_SESSION_RETAINED,CURRENT_DESCRIPTIVE_DNSE_REST_ADJUSTED_RETROSPECTIVE_RAW_AS_TRADED_NOT_PROMOTED,DIRECT_CANONICAL_MAPPING
MWG,2026-10-01,72.6,0.0027624309392264568,,,,,,,,,,,,,,,,,NEAR_MA20_NEUTRAL,,2026-10-01T16:19:50.765598+07:00,HSX,corporate,,,,,,,2026-10-01,2026-10-01,0,OFFICIAL_STOCK_MASTER_SECURITY_TYPE_NOT_COMMON_EQUITY_PROVEN,HOSE,hose_public_stock_master/v1,,OFFICIAL_CURRENT_EXCHANGE_SECURITY,,true,,EXACT_SESSION_RETAINED,CURRENT_DESCRIPTIVE_DNSE_REST_ADJUSTED_RETROSPECTIVE_RAW_AS_TRADED_NOT_PROMOTED,DIRECT_CANONICAL_MAPPING
MZG,2026-10-01,11.8,-0.012552301255229992,,,,,,,,,,,,,,,,,BELOW_MA20_MOMENTUM_NEGATIVE,,2026-10-01T16:19:50.765598+07:00,HSX,,,,,,,,2026-10-01,2026-10-01,0,OFFICIAL_STOCK_MASTER_SECURITY_TYPE_NOT_COMMON_EQUITY_PROVEN,HOSE,hose_public_stock_master/v1,,OFFICIAL_CURRENT_EXCHANGE_SECURITY,,true,,EXACT_SESSION_RETAINED,CURRENT_DESCRIPTIVE_DNSE_REST_ADJUSTED_RETROSPECTIVE_RAW_AS_TRADED_NOT_PROMOTED,DIRECT_CANONICAL_MAPPING
NAB,2026-10-01,12.35,0.00406504065040636,,,,,,,,,,,,,,,,,ABOVE_MA20_MOMENTUM_POSITIVE,,2026-10-01T16:19:50.765598+07:00,HSX,,,,,,,,2026-10-01,2026-10-01,0,OFFICIAL_STOCK_MASTER_SECURITY_TYPE_NOT_COMMON_EQUITY_PROVEN,HOSE,hose_public_stock_master/v1,,OFFICIAL_CURRENT_EXCHANGE_SECURITY,,true,,EXACT_SESSION_RETAINED,CURRENT_DESCRIPTIVE_DNSE_REST_ADJUSTED_RETROSPECTIVE_RAW_AS_TRADED_NOT_PROMOTED,DIRECT_CANONICAL_MAPPING
NAC,,,,,,,,,,,,,,,,,,,,NOT_AVAILABLE,,,UPCOM,,,,,,,,,,,EXCHANGE_STOCK_LIST_CANDIDATE_NOT_COMMON_EQUITY_PROVEN,UPCOM,hnx_official_equity_universe/v1,,OFFICIAL_CURRENT_STOCK_LIST_CANDIDATE,,false,,UNAVAILABLE_NO_EXACT_SESSION_OBSERVATION,,UNAVAILABLE
NAF,2026-10-01,47.95,-0.0010416666666666075,,,,,,,,,,,,,,,,,NEAR_MA20_NEUTRAL,,2026-10-01T16:19:50.765598+07:00,HSX,,,,,,,,2026-10-01,2026-10-01,0,OFFICIAL_STOCK_MASTER_SECURITY_TYPE_NOT_COMMON_EQUITY_PROVEN,HOSE,hose_public_stock_master/v1,,OFFICIAL_CURRENT_EXCHANGE_SECURITY,,true,,EXACT_SESSION_RETAINED,CURRENT_DESCRIPTIVE_DNSE_REST_ADJUSTED_RETROSPECTIVE_RAW_AS_TRADED_NOT_PROMOTED,DIRECT_CANONICAL_MAPPING
NAG,2026-10-01,6.4,0.0,,,,,,,,,,,,,,,,,BELOW_MA20_MOMENTUM_NEGATIVE,,2026-10-01T16:19:50.765598+07:00,DELISTED,,,,,,,,2026-10-01,2026-10-01,0,EXCHANGE_STOCK_LIST_CANDIDATE_NOT_COMMON_EQUITY_PROVEN,HNX_LISTED,hnx_official_equity_universe/v1,,OFFICIAL_CURRENT_STOCK_LIST_CANDIDATE,,true,,EXACT_SESSION_RETAINED,CURRENT_DESCRIPTIVE_DNSE_REST_ADJUSTED_RETROSPECTIVE_RAW_AS_TRADED_NOT_PROMOTED,DIRECT_CANONICAL_MAPPING
NAP,2026-10-01,11.3,0.008928571428571619,,,,,,,,,,,,,,,,,ABOVE_MA20_MOMENTUM_POSITIVE,,2026-10-01T16:19:50.765598+07:00,DELISTED,,,,,,,,2026-10-01,2026-10-01,0,EXCHANGE_STOCK_LIST_CANDIDATE_NOT_COMMON_EQUITY_PROVEN,HNX_LISTED,hnx_official_equity_universe/v1,,OFFICIAL_CURRENT_STOCK_LIST_CANDIDATE,,true,,EXACT_SESSION_RETAINED,CURRENT_DESCRIPTIVE_DNSE_REST_ADJUSTED_RETROSPECTIVE_RAW_AS_TRADED_NOT_PROMOTED,DIRECT_CANONICAL_MAPPING
NAS,,,,,,,,,,,,,,,,,,,,NOT_AVAILABLE,,,UPCOM,,,,,,,,,,,EXCHANGE_STOCK_LIST_CANDIDATE_NOT_COMMON_EQUITY_PROVEN,UPCOM,hnx_official_equity_universe/v1,,OFFICIAL_CURRENT_STOCK_LIST_CANDIDATE,,false,,UNAVAILABLE_NO_EXACT_SESSION_OBSERVATION,,UNAVAILABLE
NAU,,,,,,,,,,,,,,,,,,,,NOT_AVAILABLE,,,UPCOM,,,,,,,,,,,EXCHANGE_STOCK_LIST_CANDIDATE_NOT_COMMON_EQUITY_PROVEN,UPCOM,hnx_official_equity_universe/v1,,OFFICIAL_CURRENT_STOCK_LIST_CANDIDATE,,false,,UNAVAILABLE_NO_EXACT_SESSION_OBSERVATION,,UNAVAILABLE
NAV,2026-10-01,13.8,0.06153846153846154,,,,,,,,,,,,,,,,,BELOW_MA20_MOMENTUM_NEGATIVE,,2026-10-01T16:19:50.765598+07:00,HSX,,,,,,,,2026-10-01,2026-10-01,0,OFFICIAL_STOCK_MASTER_SECURITY_TYPE_NOT_COMMON_EQUITY_PROVEN,HOSE,hose_public_stock_master/v1,,OFFICIAL_CURRENT_EXCHANGE_SECURITY,,true,,EXACT_SESSION_RETAINED,CURRENT_DESCRIPTIVE_DNSE_REST_ADJUSTED_RETROSPECTIVE_RAW_AS_TRADED_NOT_PROMOTED,DIRECT_CANONICAL_MAPPING
NAW,,,,,,,,,,,,,,,,,,,,NOT_AVAILABLE,,,UPCOM,,,,,,,,,,,EXCHANGE_STOCK_LIST_CANDIDATE_NOT_COMMON_EQUITY_PROVEN,UPCOM,hnx_official_equity_universe/v1,,OFFICIAL_CURRENT_STOCK_LIST_CANDIDATE,,false,,UNAVAILABLE_NO_EXACT_SESSION_OBSERVATION,,UNAVAILABLE
NBB,2026-10-01,17.2,-0.03370786516853941,,,,,,,,,,,,,,,,,NEAR_MA20_NEUTRAL,,2026-10-01T16:19:50.765598+07:00,HSX,,,,,,,,2026-10-01,2026-10-01,0,OFFICIAL_STOCK_MASTER_SECURITY_TYPE_NOT_COMMON_EQUITY_PROVEN,HOSE,hose_public_stock_master/v1,,OFFICIAL_CURRENT_EXCHANGE_SECURITY,,true,,EXACT_SESSION_RETAINED,CURRENT_DESCRIPTIVE_DNSE_REST_ADJUSTED_RETROSPECTIVE_RAW_AS_TRADED_NOT_PROMOTED,DIRECT_CANONICAL_MAPPING
NBC,2026-10-01,7.9,0.025974025974025983,,,,,,,,,,,,,,,,,ABOVE_MA20_MOMENTUM_POSITIVE,,2026-10-01T16:19:50.765598+07:00,DELISTED,,,,,,,,2026-10-01,2026-10-01,0,EXCHANGE_STOCK_LIST_CANDIDATE_NOT_COMMON_EQUITY_PROVEN,HNX_LISTED,hnx_official_equity_universe/v1,,OFFICIAL_CURRENT_STOCK_LIST_CANDIDATE,,true,,EXACT_SESSION_RETAINED,CURRENT_DESCRIPTIVE_DNSE_REST_ADJUSTED_RETROSPECTIVE_RAW_AS_TRADED_NOT_PROMOTED,DIRECT_CANONICAL_MAPPING
NBE,2026-10-01,8.5,0.011904761904761862,,,,,,,,,,,,,,,,,NEAR_MA20_NEUTRAL,,2026-10-01T16:19:50.765598+07:00,UPCOM,,,,,,,,2026-10-01,2026-10-01,0,EXCHANGE_STOCK_LIST_CANDIDATE_NOT_COMMON_EQUITY_PROVEN,UPCOM,hnx_official_equity_universe/v1,,OFFICIAL_CURRENT_STOCK_LIST_CANDIDATE,,true,,EXACT_SESSION_RETAINED,CURRENT_DESCRIPTIVE_DNSE_REST_ADJUSTED_RETROSPECTIVE_RAW_AS_TRADED_NOT_PROMOTED,DIRECT_CANONICAL_MAPPING
NBP,2026-10-01,7.2,-0.013698630136986245,,,,,,,,,,,,,,,,,NEAR_MA20_NEUTRAL,,2026-10-01T16:19:50.765598+07:00,DELISTED,,,,,,,,2026-10-01,2026-10-01,0,EXCHANGE_STOCK_LIST_CANDIDATE_NOT_COMMON_EQUITY_PROVEN,HNX_LISTED,hnx_official_equity_universe/v1,,OFFICIAL_CURRENT_STOCK_LIST_CANDIDATE,,true,,EXACT_SESSION_RETAINED,CURRENT_DESCRIPTIVE_DNSE_REST_ADJUSTED_RETROSPECTIVE_RAW_AS_TRADED_NOT_PROMOTED,DIRECT_CANONICAL_MAPPING
NBT,,,,,,,,,,,,,,,,,,,,NOT_AVAILABLE,,,UPCOM,,,,,,,,,,,EXCHANGE_STOCK_LIST_CANDIDATE_NOT_COMMON_EQUITY_PROVEN,UPCOM,hnx_official_equity_universe/v1,,OFFICIAL_CURRENT_STOCK_LIST_CANDIDATE,,false,,UNAVAILABLE_NO_EXACT_SESSION_OBSERVATION,,UNAVAILABLE
NBW,,,,,,,,,,,,,,,,,,,,NOT_AVAILABLE,,,DELISTED,,,,,,,,,,,EXCHANGE_STOCK_LIST_CANDIDATE_NOT_COMMON_EQUITY_PROVEN,HNX_LISTED,hnx_official_equity_universe/v1,,OFFICIAL_CURRENT_STOCK_LIST_CANDIDATE,,false,,UNAVAILABLE_NO_EXACT_SESSION_OBSERVATION,,UNAVAILABLE
NCG,2026-10-01,10.4,-0.01886792452830177,,,,,,,,,,,,,,,,,BELOW_MA20_MOMENTUM_NEGATIVE,,2026-10-01T16:19:50.765598+07:00,UPCOM,,,,,,,,2026-10-01,2026-10-01,0,EXCHANGE_STOCK_LIST_CANDIDATE_NOT_COMMON_EQUITY_PROVEN,UPCOM,hnx_official_equity_universe/v1,,OFFICIAL_CURRENT_STOCK_LIST_CANDIDATE,,true,,EXACT_SESSION_RETAINED,CURRENT_DESCRIPTIVE_DNSE_REST_ADJUSTED_RETROSPECTIVE_RAW_AS_TRADED_NOT_PROMOTED,DIRECT_CANONICAL_MAPPING
NCS,2026-10-01,31.6,0.0031746031746031633,,,,,,,,,,,,,,,,,BELOW_MA20_MOMENTUM_NEGATIVE,,2026-10-01T16:19:50.765598+07:00,UPCOM,,,,,,,,2026-10-01,2026-10-01,0,EXCHANGE_STOCK_LIST_CANDIDATE_NOT_COMMON_EQUITY_PROVEN,UPCOM,hnx_official_equity_universe/v1,,OFFICIAL_CURRENT_STOCK_LIST_CANDIDATE,,true,,EXACT_SESSION_RETAINED,CURRENT_DESCRIPTIVE_DNSE_REST_ADJUSTED_RETROSPECTIVE_RAW_AS_TRADED_NOT_PROMOTED,DIRECT_CANONICAL_MAPPING
NCT,2026-10-01,83.4,0.0036101083032491488,,,,,,,,,,,,,,,,,NEAR_MA20_NEUTRAL,,2026-10-01T16:19:50.765598+07:00,HSX,,,,,,,,2026-10-01,2026-10-01,0,OFFICIAL_STOCK_MASTER_SECURITY_TYPE_NOT_COMMON_EQUITY_PROVEN,HOSE,hose_public_stock_master/v1,,OFFICIAL_CURRENT_EXCHANGE_SECURITY,,true,,EXACT_SESSION_RETAINED,CURRENT_DESCRIPTIVE_DNSE_REST_ADJUSTED_RETROSPECTIVE_RAW_AS_TRADED_NOT_PROMOTED,DIRECT_CANONICAL_MAPPING
ND2,2026-10-01,32.4,-0.003076923076923088,,,,,,,,,,,,,,,,,BELOW_MA20_MOMENTUM_NEGATIVE,,2026-10-01T16:19:50.765598+07:00,UPCOM,,,,,,,,2026-10-01,2026-10-01,0,EXCHANGE_STOCK_LIST_CANDIDATE_NOT_COMMON_EQUITY_PROVEN,UPCOM,hnx_official_equity_universe/v1,,OFFICIAL_CURRENT_STOCK_LIST_CANDIDATE,,true,,EXACT_SESSION_RETAINED,CURRENT_DESCRIPTIVE_DNSE_REST_ADJUSTED_RETROSPECTIVE_RAW_AS_TRADED_NOT_PROMOTED,DIRECT_CANONICAL_MAPPING
NDC,,,,,,,,,,,,,,,,,,,,NOT_AVAILABLE,,,UPCOM,,,,,,,,,,,EXCHANGE_STOCK_LIST_CANDIDATE_NOT_COMMON_EQUITY_PROVEN,UPCOM,hnx_official_equity_universe/v1,,OFFICIAL_CURRENT_STOCK_LIST_CANDIDATE,,false,,UNAVAILABLE_NO_EXACT_SESSION_OBSERVATION,,UNAVAILABLE
NDF,,,,,,,,,,,,,,,,,,,,NOT_AVAILABLE,,,UPCOM,,,,,,,,,,,EXCHANGE_STOCK_LIST_CANDIDATE_NOT_COMMON_EQUITY_PROVEN,UPCOM,hnx_official_equity_universe/v1,,OFFICIAL_CURRENT_STOCK_LIST_CANDIDATE,,false,,UNAVAILABLE_NO_EXACT_SESSION_OBSERVATION,,UNAVAILABLE
NDN,2026-10-01,7.8,0.0,,,,,,,,,,,,,,,,,BELOW_MA20_MOMENTUM_NEGATIVE,,2026-10-01T16:19:50.765598+07:00,DELISTED,,,,,,,,2026-10-01,2026-10-01,0,EXCHANGE_STOCK_LIST_CANDIDATE_NOT_COMMON_EQUITY_PROVEN,HNX_LISTED,hnx_official_equity_universe/v1,,OFFICIAL_CURRENT_STOCK_LIST_CANDIDATE,,true,,EXACT_SESSION_RETAINED,CURRENT_DESCRIPTIVE_DNSE_REST_ADJUSTED_RETROSPECTIVE_RAW_AS_TRADED_NOT_PROMOTED,DIRECT_CANONICAL_MAPPING
NDP,,,,,,,,,,,,,,,,,,,,NOT_AVAILABLE,,,UPCOM,,,,,,,,,,,EXCHANGE_STOCK_LIST_CANDIDATE_NOT_COMMON_EQUITY_PROVEN,UPCOM,hnx_official_equity_universe/v1,,OFFICIAL_CURRENT_STOCK_LIST_CANDIDATE,,false,,UNAVAILABLE_NO_EXACT_SESSION_OBSERVATION,,UNAVAILABLE
NDT,,,,,,,,,,,,,,,,,,,,NOT_AVAILABLE,,,UPCOM,,,,,,,,,,,EXCHANGE_STOCK_LIST_CANDIDATE_NOT_COMMON_EQUITY_PROVEN,UPCOM,hnx_official_equity_universe/v1,,OFFICIAL_CURRENT_STOCK_LIST_CANDIDATE,,false,,UNAVAILABLE_NO_EXACT_SESSION_OBSERVATION,,UNAVAILABLE
NDW,,,,,,,,,,,,,,,,,,,,NOT_AVAILABLE,,,UPCOM,,,,,,,,,,,EXCHANGE_STOCK_LIST_CANDIDATE_NOT_COMMON_EQUITY_PROVEN,UPCOM,hnx_official_equity_universe/v1,,OFFICIAL_CURRENT_STOCK_LIST_CANDIDATE,,false,,UNAVAILABLE_NO_EXACT_SESSION_OBSERVATION,,UNAVAILABLE
NDX,2026-10-01,5.1,-0.0892857142857143,,,,,,,,,,,,,,,,,BELOW_MA20_MOMENTUM_POSITIVE,,2026-10-01T16:19:50.765598+07:00,DELISTED,,,,,,,,2026-10-01,2026-10-01,0,EXCHANGE_STOCK_LIST_CANDIDATE_NOT_COMMON_EQUITY_PROVEN,HNX_LISTED,hnx_official_equity_universe/v1,,OFFICIAL_CURRENT_STOCK_LIST_CANDIDATE,,true,,EXACT_SESSION_RETAINED,CURRENT_DESCRIPTIVE_DNSE_REST_ADJUSTED_RETROSPECTIVE_RAW_AS_TRADED_NOT_PROMOTED,DIRECT_CANONICAL_MAPPING
NED,2026-10-01,5.7,0.0,,,,,,,,,,,,,,,,,NEAR_MA20_NEUTRAL,,2026-10-01T16:19:50.765598+07:00,UPCOM,,,,,,,,2026-10-01,2026-10-01,0,EXCHANGE_STOCK_LIST_CANDIDATE_NOT_COMMON_EQUITY_PROVEN,UPCOM,hnx_official_equity_universe/v1,,OFFICIAL_CURRENT_STOCK_LIST_CANDIDATE,,true,,EXACT_SESSION_RETAINED,CURRENT_DESCRIPTIVE_DNSE_REST_ADJUSTED_RETROSPECTIVE_RAW_AS_TRADED_NOT_PROMOTED,DIRECT_CANONICAL_MAPPING
NEM,,,,,,,,,,,,,,,,,,,,NOT_AVAILABLE,,,DELISTED,,,,,,,,,,,INSTRUMENT_CLASS_UNRESOLVED,DELISTED,,,STOCKLOOKUP_ONLY_UNRESOLVED,,false,,UNAVAILABLE_NO_EXACT_SESSION_OBSERVATION,,UNAVAILABLE
NET,2026-10-01,66.4,0.00911854103343468,,,,,,,,,,,,,,,,,ABOVE_MA20_MOMENTUM_POSITIVE,,2026-10-01T16:19:50.765598+07:00,DELISTED,,,,,,,,2026-10-01,2026-10-01,0,EXCHANGE_STOCK_LIST_CANDIDATE_NOT_COMMON_EQUITY_PROVEN,HNX_LISTED,hnx_official_equity_universe/v1,,OFFICIAL_CURRENT_STOCK_LIST_CANDIDATE,,true,,EXACT_SESSION_RETAINED,CURRENT_DESCRIPTIVE_DNSE_REST_ADJUSTED_RETROSPECTIVE_RAW_AS_TRADED_NOT_PROMOTED,DIRECT_CANONICAL_MAPPING
NFC,,,,,,,,,,,,,,,,,,,,NOT_AVAILABLE,,,DELISTED,,,,,,,,,,,EXCHANGE_STOCK_LIST_CANDIDATE_NOT_COMMON_EQUITY_PROVEN,HNX_LISTED,hnx_official_equity_universe/v1,,OFFICIAL_CURRENT_STOCK_LIST_CANDIDATE,,false,,UNAVAILABLE_NO_EXACT_SESSION_OBSERVATION,,UNAVAILABLE
NGC,,,,,,,,,,,,,,,,,,,,NOT_AVAILABLE,,,UPCOM,,,,,,,,,,,EXCHANGE_STOCK_LIST_CANDIDATE_NOT_COMMON_EQUITY_PROVEN,UPCOM,hnx_official_equity_universe/v1,,OFFICIAL_CURRENT_STOCK_LIST_CANDIDATE,,false,,UNAVAILABLE_NO_EXACT_SESSION_OBSERVATION,,UNAVAILABLE
NHA,2026-10-01,7.29,0.06891495601173014,,,,,,,,,,,,,,,,,NEAR_MA20_NEUTRAL,,2026-10-01T16:19:50.765598+07:00,HSX,,,,,,,,2026-10-01,2026-10-01,0,OFFICIAL_STOCK_MASTER_SECURITY_TYPE_NOT_COMMON_EQUITY_PROVEN,HOSE,hose_public_stock_master/v1,,OFFICIAL_CURRENT_EXCHANGE_SECURITY,,true,,EXACT_SESSION_RETAINED,CURRENT_DESCRIPTIVE_DNSE_REST_ADJUSTED_RETROSPECTIVE_RAW_AS_TRADED_NOT_PROMOTED,DIRECT_CANONICAL_MAPPING
NHC,,,,,,,,,,,,,,,,,,,,NOT_AVAILABLE,,,DELISTED,,,,,,,,,,,EXCHANGE_STOCK_LIST_CANDIDATE_NOT_COMMON_EQUITY_PROVEN,HNX_LISTED,hnx_official_equity_universe/v1,,OFFICIAL_CURRENT_STOCK_LIST_CANDIDATE,,false,,UNAVAILABLE_NO_EXACT_SESSION_OBSERVATION,,UNAVAILABLE
NHD,2026-10-01,54.5,0.09000000000000008,,,,,,,,,,,,,,,,,BELOW_MA20_MOMENTUM_NEGATIVE,,2026-10-01T16:19:50.765598+07:00,UPCOM,,,,,,,,2026-10-01,2026-10-01,0,EXCHANGE_STOCK_LIST_CANDIDATE_NOT_COMMON_EQUITY_PROVEN,UPCOM,hnx_official_equity_universe/v1,,OFFICIAL_CURRENT_STOCK_LIST_CANDIDATE,,true,,EXACT_SESSION_RETAINED,CURRENT_DESCRIPTIVE_DNSE_REST_ADJUSTED_RETROSPECTIVE_RAW_AS_TRADED_NOT_PROMOTED,DIRECT_CANONICAL_MAPPING
NHH,2026-10-01,9.77,-0.002042900919305368,,,,,,,,,,,,,,,,,NEAR_MA20_NEUTRAL,,2026-10-01T16:19:50.765598+07:00,HSX,,,,,,,,2026-10-01,2026-10-01,0,OFFICIAL_STOCK_MASTER_SECURITY_TYPE_NOT_COMMON_EQUITY_PROVEN,HOSE,hose_public_stock_master/v1,,OFFICIAL_CURRENT_EXCHANGE_SECURITY,,true,,EXACT_SESSION_RETAINED,CURRENT_DESCRIPTIVE_DNSE_REST_ADJUSTED_RETROSPECTIVE_RAW_AS_TRADED_NOT_PROMOTED,DIRECT_CANONICAL_MAPPING
NHP,,,,,,,,,,,,,,,,,,,,NOT_AVAILABLE,,,DELISTED,,,,,,,,,,,INSTRUMENT_CLASS_UNRESOLVED,DELISTED,,,STOCKLOOKUP_ONLY_UNRESOLVED,,false,,UNAVAILABLE_NO_EXACT_SESSION_OBSERVATION,,UNAVAILABLE
NHT,2026-10-01,11.3,-0.03418803418803407,,,,,,,,,,,,,,,,,NEAR_MA20_NEUTRAL,,2026-10-01T16:19:50.765598+07:00,HSX,,,,,,,,2026-10-01,2026-10-01,0,OFFICIAL_STOCK_MASTER_SECURITY_TYPE_NOT_COMMON_EQUITY_PROVEN,HOSE,hose_public_stock_master/v1,,OFFICIAL_CURRENT_EXCHANGE_SECURITY,,true,,EXACT_SESSION_RETAINED,CURRENT_DESCRIPTIVE_DNSE_REST_ADJUSTED_RETROSPECTIVE_RAW_AS_TRADED_NOT_PROMOTED,DIRECT_CANONICAL_MAPPING
NHV,,,,,,,,,,,,,,,,,,,,NOT_AVAILABLE,,,UPCOM,,,,,,,,,,,EXCHANGE_STOCK_LIST_CANDIDATE_NOT_COMMON_EQUITY_PROVEN,UPCOM,hnx_official_equity_universe/v1,,OFFICIAL_CURRENT_STOCK_LIST_CANDIDATE,,false,,UNAVAILABLE_NO_EXACT_SESSION_OBSERVATION,,UNAVAILABLE
NJC,,,,,,,,,,,,,,,,,,,,NOT_AVAILABLE,,,UPCOM,,,,,,,,,,,EXCHANGE_STOCK_LIST_CANDIDATE_NOT_COMMON_EQUITY_PROVEN,UPCOM,hnx_official_equity_universe/v1,,OFFICIAL_CURRENT_STOCK_LIST_CANDIDATE,,false,,UNAVAILABLE_NO_EXACT_SESSION_OBSERVATION,,UNAVAILABLE
NKG,2026-10-01,9.45,-0.004214963119072768,,,,,,,,,,,,,,,,,BELOW_MA20_MOMENTUM_NEGATIVE,,2026-10-01T16:19:50.765598+07:00,HSX,,,,,,,,2026-10-01,2026-10-01,0,OFFICIAL_STOCK_MASTER_SECURITY_TYPE_NOT_COMMON_EQUITY_PROVEN,HOSE,hose_public_stock_master/v1,,OFFICIAL_CURRENT_EXCHANGE_SECURITY,,true,,EXACT_SESSION_RETAINED,CURRENT_DESCRIPTIVE_DNSE_REST_ADJUSTED_RETROSPECTIVE_RAW_AS_TRADED_NOT_PROMOTED,DIRECT_CANONICAL_MAPPING
NLG,2026-10-01,21.85,0.0045977011494253706,,,,,,,,,,,,,,,,,BELOW_MA20_MOMENTUM_NEGATIVE,,2026-10-01T16:19:50.765598+07:00,HSX,,,,,,,,2026-10-01,2026-10-01,0,OFFICIAL_STOCK_MASTER_SECURITY_TYPE_NOT_COMMON_EQUITY_PROVEN,HOSE,hose_public_stock_master/v1,,OFFICIAL_CURRENT_EXCHANGE_SECURITY,,true,,EXACT_SESSION_RETAINED,CURRENT_DESCRIPTIVE_DNSE_REST_ADJUSTED_RETROSPECTIVE_RAW_AS_TRADED_NOT_PROMOTED,DIRECT_CANONICAL_MAPPING
NLS,,,,,,,,,,,,,,,,,,,,NOT_AVAILABLE,,,UPCOM,,,,,,,,,,,EXCHANGE_STOCK_LIST_CANDIDATE_NOT_COMMON_EQUITY_PROVEN,UPCOM,hnx_official_equity_universe/v1,,OFFICIAL_CURRENT_STOCK_LIST_CANDIDATE,,false,,UNAVAILABLE_NO_EXACT_SESSION_OBSERVATION,,UNAVAILABLE
NNC,2026-10-01,38.8,0.0,,,,,,,,,,,,,,,,,NEAR_MA20_NEUTRAL,,2026-10-01T16:19:50.765598+07:00,HSX,,,,,,,,2026-10-01,2026-10-01,0,OFFICIAL_STOCK_MASTER_SECURITY_TYPE_NOT_COMMON_EQUITY_PROVEN,HOSE,hose_public_stock_master/v1,,OFFICIAL_CURRENT_EXCHANGE_SECURITY,,true,,EXACT_SESSION_RETAINED,CURRENT_DESCRIPTIVE_DNSE_REST_ADJUSTED_RETROSPECTIVE_RAW_AS_TRADED_NOT_PROMOTED,DIRECT_CANONICAL_MAPPING
NNG,,,,,,,,,,,,,,,,,,,,NOT_AVAILABLE,,,DELISTED,,,,,,,,,,,INSTRUMENT_CLASS_UNRESOLVED,DELISTED,,,STOCKLOOKUP_ONLY_UNRESOLVED,,false,,UNAVAILABLE_NO_EXACT_SESSION_OBSERVATION,,UNAVAILABLE
NNT,2026-10-01,58.9,0.08073394495412844,,,,,,,,,,,,,,,,,NEAR_MA20_NEUTRAL,,2026-10-01T16:19:50.765598+07:00,UPCOM,,,,,,,,2026-10-01,2026-10-01,0,EXCHANGE_STOCK_LIST_CANDIDATE_NOT_COMMON_EQUITY_PROVEN,UPCOM,hnx_official_equity_universe/v1,,OFFICIAL_CURRENT_STOCK_LIST_CANDIDATE,,true,,EXACT_SESSION_RETAINED,CURRENT_DESCRIPTIVE_DNSE_REST_ADJUSTED_RETROSPECTIVE_RAW_AS_TRADED_NOT_PROMOTED,DIRECT_CANONICAL_MAPPING
NO1,2026-10-01,3.64,-0.024128686327077764,,,,,,,,,,,,,,,,,BELOW_MA20_MOMENTUM_NEGATIVE,,2026-10-01T16:19:50.765598+07:00,HSX,,,,,,,,2026-10-01,2026-10-01,0,OFFICIAL_STOCK_MASTER_SECURITY_TYPE_NOT_COMMON_EQUITY_PROVEN,HOSE,hose_public_stock_master/v1,,OFFICIAL_CURRENT_EXCHANGE_SECURITY,,true,,EXACT_SESSION_RETAINED,CURRENT_DESCRIPTIVE_DNSE_REST_ADJUSTED_RETROSPECTIVE_RAW_AS_TRADED_NOT_PROMOTED,DIRECT_CANONICAL_MAPPING
NOS,,,,,,,,,,,,,,,,,,,,NOT_AVAILABLE,,,UPCOM,,,,,,,,,,,EXCHANGE_STOCK_LIST_CANDIDATE_NOT_COMMON_EQUITY_PROVEN,UPCOM,hnx_official_equity_universe/v1,,OFFICIAL_CURRENT_STOCK_LIST_CANDIDATE,,false,,UNAVAILABLE_NO_EXACT_SESSION_OBSERVATION,,UNAVAILABLE
NQB,,,,,,,,,,,,,,,,,,,,NOT_AVAILABLE,,,UPCOM,,,,,,,,,,,EXCHANGE_STOCK_LIST_CANDIDATE_NOT_COMMON_EQUITY_PROVEN,UPCOM,hnx_official_equity_universe/v1,,OFFICIAL_CURRENT_STOCK_LIST_CANDIDATE,,false,,UNAVAILABLE_NO_EXACT_SESSION_OBSERVATION,,UNAVAILABLE
NQN,2026-10-01,10,0.0,,,,,,,,,,,,,,,,,BELOW_MA20_MOMENTUM_NEGATIVE,,2026-10-01T16:19:50.765598+07:00,UPCOM,,,,,,,,2026-10-01,2026-10-01,0,EXCHANGE_STOCK_LIST_CANDIDATE_NOT_COMMON_EQUITY_PROVEN,UPCOM,hnx_official_equity_universe/v1,,OFFICIAL_CURRENT_STOCK_LIST_CANDIDATE,,true,,EXACT_SESSION_RETAINED,CURRENT_DESCRIPTIVE_DNSE_REST_ADJUSTED_RETROSPECTIVE_RAW_AS_TRADED_NOT_PROMOTED,DIRECT_CANONICAL_MAPPING
NQT,,,,,,,,,,,,,,,,,,,,NOT_AVAILABLE,,,DELISTED,,,,,,,,,,,INSTRUMENT_CLASS_UNRESOLVED,DELISTED,,,STOCKLOOKUP_ONLY_UNRESOLVED,,false,,UNAVAILABLE_NO_EXACT_SESSION_OBSERVATION,,UNAVAILABLE
NRC,2026-10-01,4.7,0.0,,,,,,,,,,,,,,,,,NEAR_MA20_NEUTRAL,,2026-10-01T16:19:50.765598+07:00,DELISTED,,,,,,,,2026-10-01,2026-10-01,0,EXCHANGE_STOCK_LIST_CANDIDATE_NOT_COMMON_EQUITY_PROVEN,HNX_LISTED,hnx_official_equity_universe/v1,,OFFICIAL_CURRENT_STOCK_LIST_CANDIDATE,,true,,EXACT_SESSION_RETAINED,CURRENT_DESCRIPTIVE_DNSE_REST_ADJUSTED_RETROSPECTIVE_RAW_AS_TRADED_NOT_PROMOTED,DIRECT_CANONICAL_MAPPING
NS2,,,,,,,,,,,,,,,,,,,,NOT_AVAILABLE,,,DELISTED,,,,,,,,,,,INSTRUMENT_CLASS_UNRESOLVED,DELISTED,,,STOCKLOOKUP_ONLY_UNRESOLVED,,false,,UNAVAILABLE_NO_EXACT_SESSION_OBSERVATION,,UNAVAILABLE
NS3,,,,,,,,,,,,,,,,,,,,NOT_AVAILABLE,,,DELISTED,,,,,,,,,,,INSTRUMENT_CLASS_UNRESOLVED,DELISTED,,,STOCKLOOKUP_ONLY_UNRESOLVED,,false,,UNAVAILABLE_NO_EXACT_SESSION_OBSERVATION,,UNAVAILABLE
NSC,,,,,,,,,,,,,,,,,,,,NOT_AVAILABLE,,,HSX,,,,,,,,,,,OFFICIAL_STOCK_MASTER_SECURITY_TYPE_NOT_COMMON_EQUITY_PROVEN,HOSE,hose_public_stock_master/v1,,OFFICIAL_CURRENT_EXCHANGE_SECURITY,,false,,UNAVAILABLE_NO_EXACT_SESSION_OBSERVATION,,UNAVAILABLE
NSG,,,,,,,,,,,,,,,,,,,,NOT_AVAILABLE,,,UPCOM,,,,,,,,,,,EXCHANGE_STOCK_LIST_CANDIDATE_NOT_COMMON_EQUITY_PROVEN,UPCOM,hnx_official_equity_universe/v1,,OFFICIAL_CURRENT_STOCK_LIST_CANDIDATE,,false,,UNAVAILABLE_NO_EXACT_SESSION_OBSERVATION,,UNAVAILABLE
NSH,2026-10-01,3.9,0.0,,,,,,,,,,,,,,,,,BELOW_MA20_MOMENTUM_NEGATIVE,,2026-10-01T16:19:50.765598+07:00,DELISTED,,,,,,,,2026-10-01,2026-10-01,0,EXCHANGE_STOCK_LIST_CANDIDATE_NOT_COMMON_EQUITY_PROVEN,HNX_LISTED,hnx_official_equity_universe/v1,,OFFICIAL_CURRENT_STOCK_LIST_CANDIDATE,,true,,EXACT_SESSION_RETAINED,CURRENT_DESCRIPTIVE_DNSE_REST_ADJUSTED_RETROSPECTIVE_RAW_AS_TRADED_NOT_PROMOTED,DIRECT_CANONICAL_MAPPING
NSL,,,,,,,,,,,,,,,,,,,,NOT_AVAILABLE,,,UPCOM,,,,,,,,,,,EXCHANGE_STOCK_LIST_CANDIDATE_NOT_COMMON_EQUITY_PROVEN,UPCOM,hnx_official_equity_universe/v1,,OFFICIAL_CURRENT_STOCK_LIST_CANDIDATE,,false,,UNAVAILABLE_NO_EXACT_SESSION_OBSERVATION,,UNAVAILABLE
NSS,,,,,,,,,,,,,,,,,,,,NOT_AVAILABLE,,,UPCOM,,,,,,,,,,,EXCHANGE_STOCK_LIST_CANDIDATE_NOT_COMMON_EQUITY_PROVEN,UPCOM,hnx_official_equity_universe/v1,,OFFICIAL_CURRENT_STOCK_LIST_CANDIDATE,,false,,UNAVAILABLE_NO_EXACT_SESSION_OBSERVATION,,UNAVAILABLE
NST,2026-10-01,11.3,0.008928571428571619,,,,,,,,,,,,,,,,,ABOVE_MA20_MOMENTUM_POSITIVE,,2026-10-01T16:19:50.765598+07:00,DELISTED,,,,,,,,2026-10-01,2026-10-01,0,EXCHANGE_STOCK_LIST_CANDIDATE_NOT_COMMON_EQUITY_PROVEN,HNX_LISTED,hnx_official_equity_universe/v1,,OFFICIAL_CURRENT_STOCK_LIST_CANDIDATE,,true,,EXACT_SESSION_RETAINED,CURRENT_DESCRIPTIVE_DNSE_REST_ADJUSTED_RETROSPECTIVE_RAW_AS_TRADED_NOT_PROMOTED,DIRECT_CANONICAL_MAPPING
NT2,2026-10-01,21.95,-0.006787330316742168,,,,,,,,,,,,,,,,,ABOVE_MA20_MOMENTUM_POSITIVE,,2026-10-01T16:19:50.765598+07:00,HSX,,,,,,,,2026-10-01,2026-10-01,0,OFFICIAL_STOCK_MASTER_SECURITY_TYPE_NOT_COMMON_EQUITY_PROVEN,HOSE,hose_public_stock_master/v1,,OFFICIAL_CURRENT_EXCHANGE_SECURITY,,true,,EXACT_SESSION_RETAINED,CURRENT_DESCRIPTIVE_DNSE_REST_ADJUSTED_RETROSPECTIVE_RAW_AS_TRADED_NOT_PROMOTED,DIRECT_CANONICAL_MAPPING
NTB,,,,,,,,,,,,,,,,,,,,NOT_AVAILABLE,,,DELISTED,,,,,,,,,,,INSTRUMENT_CLASS_UNRESOLVED,DELISTED,,,STOCKLOOKUP_ONLY_UNRESOLVED,,false,,UNAVAILABLE_NO_EXACT_SESSION_OBSERVATION,,UNAVAILABLE
NTC,2026-10-01,133.3,0.0022556390977443996,,,,,,,,,,,,,,,,,ABOVE_MA20_MOMENTUM_POSITIVE,,2026-10-01T16:19:50.765598+07:00,HSX,,,,,,,,2026-10-01,2026-10-01,0,OFFICIAL_STOCK_MASTER_SECURITY_TYPE_NOT_COMMON_EQUITY_PROVEN,HOSE,hose_public_stock_master/v1,,OFFICIAL_CURRENT_EXCHANGE_SECURITY,,true,,EXACT_SESSION_RETAINED,CURRENT_DESCRIPTIVE_DNSE_REST_ADJUSTED_RETROSPECTIVE_RAW_AS_TRADED_NOT_PROMOTED,DIRECT_CANONICAL_MAPPING
NTF,,,,,,,,,,,,,,,,,,,,NOT_AVAILABLE,,,UPCOM,,,,,,,,,,,EXCHANGE_STOCK_LIST_CANDIDATE_NOT_COMMON_EQUITY_PROVEN,UPCOM,hnx_official_equity_universe/v1,,OFFICIAL_CURRENT_STOCK_LIST_CANDIDATE,,false,,UNAVAILABLE_NO_EXACT_SESSION_OBSERVATION,,UNAVAILABLE
NTH,2026-10-01,52,0.0,,,,,,,,,,,,,,,,,NEAR_MA20_NEUTRAL,,2026-10-01T16:19:50.765598+07:00,DELISTED,,,,,,,,2026-10-01,2026-10-01,0,EXCHANGE_STOCK_LIST_CANDIDATE_NOT_COMMON_EQUITY_PROVEN,HNX_LISTED,hnx_official_equity_universe/v1,,OFFICIAL_CURRENT_STOCK_LIST_CANDIDATE,,true,,EXACT_SESSION_RETAINED,CURRENT_DESCRIPTIVE_DNSE_REST_ADJUSTED_RETROSPECTIVE_RAW_AS_TRADED_NOT_PROMOTED,DIRECT_CANONICAL_MAPPING
NTL,2026-10-01,11.4,0.0,,,,,,,,,,,,,,,,,BELOW_MA20_MOMENTUM_NEGATIVE,,2026-10-01T16:19:50.765598+07:00,HSX,,,,,,,,2026-10-01,2026-10-01,0,OFFICIAL_STOCK_MASTER_SECURITY_TYPE_NOT_COMMON_EQUITY_PROVEN,HOSE,hose_public_stock_master/v1,,OFFICIAL_CURRENT_EXCHANGE_SECURITY,,true,,EXACT_SESSION_RETAINED,CURRENT_DESCRIPTIVE_DNSE_REST_ADJUSTED_RETROSPECTIVE_RAW_AS_TRADED_NOT_PROMOTED,DIRECT_CANONICAL_MAPPING
NTP,2026-10-01,52.1,-0.007619047619047636,,,,,,,,,,,,,,,,,NEAR_MA20_NEUTRAL,,2026-10-01T16:19:50.765598+07:00,DELISTED,,,,,,,,2026-10-01,2026-10-01,0,EXCHANGE_STOCK_LIST_CANDIDATE_NOT_COMMON_EQUITY_PROVEN,HNX_LISTED,hnx_official_equity_universe/v1,,OFFICIAL_CURRENT_STOCK_LIST_CANDIDATE,,true,,EXACT_SESSION_RETAINED,CURRENT_DESCRIPTIVE_DNSE_REST_ADJUSTED_RETROSPECTIVE_RAW_AS_TRADED_NOT_PROMOTED,DIRECT_CANONICAL_MAPPING
NTT,2026-10-01,10.4,0.14285714285714302,,,,,,,,,,,,,,,,,ABOVE_MA20_MOMENTUM_POSITIVE,,2026-10-01T16:19:50.765598+07:00,UPCOM,,,,,,,,2026-10-01,2026-10-01,0,EXCHANGE_STOCK_LIST_CANDIDATE_NOT_COMMON_EQUITY_PROVEN,UPCOM,hnx_official_equity_universe/v1,,OFFICIAL_CURRENT_STOCK_LIST_CANDIDATE,,true,,EXACT_SESSION_RETAINED,CURRENT_DESCRIPTIVE_DNSE_REST_ADJUSTED_RETROSPECTIVE_RAW_AS_TRADED_NOT_PROMOTED,DIRECT_CANONICAL_MAPPING
NTW,2026-10-01,16,0.05263157894736836,,,,,,,,,,,,,,,,,BELOW_MA20_MOMENTUM_NEGATIVE,,2026-10-01T16:19:50.765598+07:00,UPCOM,,,,,,,,2026-10-01,2026-10-01,0,EXCHANGE_STOCK_LIST_CANDIDATE_NOT_COMMON_EQUITY_PROVEN,UPCOM,hnx_official_equity_universe/v1,,OFFICIAL_CURRENT_STOCK_LIST_CANDIDATE,,true,,EXACT_SESSION_RETAINED,CURRENT_DESCRIPTIVE_DNSE_REST_ADJUSTED_RETROSPECTIVE_RAW_AS_TRADED_NOT_PROMOTED,DIRECT_CANONICAL_MAPPING
NUE,,,,,,,,,,,,,,,,,,,,NOT_AVAILABLE,,,UPCOM,,,,,,,,,,,EXCHANGE_STOCK_LIST_CANDIDATE_NOT_COMMON_EQUITY_PROVEN,UPCOM,hnx_official_equity_universe/v1,,OFFICIAL_CURRENT_STOCK_LIST_CANDIDATE,,false,,UNAVAILABLE_NO_EXACT_SESSION_OBSERVATION,,UNAVAILABLE
NVB,2026-10-01,13.7,-0.04195804195804209,,,,,,,,,,,,,,,,,ABOVE_MA20_MOMENTUM_POSITIVE,,2026-10-01T16:19:50.765598+07:00,DELISTED,,,,,,,,2026-10-01,2026-10-01,0,EXCHANGE_STOCK_LIST_CANDIDATE_NOT_COMMON_EQUITY_PROVEN,HNX_LISTED,hnx_official_equity_universe/v1,,OFFICIAL_CURRENT_STOCK_LIST_CANDIDATE,,true,,EXACT_SESSION_RETAINED,CURRENT_DESCRIPTIVE_DNSE_REST_ADJUSTED_RETROSPECTIVE_RAW_AS_TRADED_NOT_PROMOTED,DIRECT_CANONICAL_MAPPING
NVL,2026-10-01,10.4,0.019607843137255054,,,,,,,,,,,,,,,,,BELOW_MA20_MOMENTUM_NEGATIVE,,2026-10-01T16:19:50.765598+07:00,HSX,corporate,,,,,,,2026-10-01,2026-10-01,0,OFFICIAL_STOCK_MASTER_SECURITY_TYPE_NOT_COMMON_EQUITY_PROVEN,HOSE,hose_public_stock_master/v1,,OFFICIAL_CURRENT_EXCHANGE_SECURITY,,true,,EXACT_SESSION_RETAINED,CURRENT_DESCRIPTIVE_DNSE_REST_ADJUSTED_RETROSPECTIVE_RAW_AS_TRADED_NOT_PROMOTED,DIRECT_CANONICAL_MAPPING
NVP,,,,,,,,,,,,,,,,,,,,NOT_AVAILABLE,,,UPCOM,,,,,,,,,,,EXCHANGE_STOCK_LIST_CANDIDATE_NOT_COMMON_EQUITY_PROVEN,UPCOM,hnx_official_equity_universe/v1,,OFFICIAL_CURRENT_STOCK_LIST_CANDIDATE,,false,,UNAVAILABLE_NO_EXACT_SESSION_OBSERVATION,,UNAVAILABLE
NVT,,,,,,,,,,,,,,,,,,,,NOT_AVAILABLE,,,HSX,,,,,,,,,,,OFFICIAL_STOCK_MASTER_SECURITY_TYPE_NOT_COMMON_EQUITY_PROVEN,HOSE,hose_public_stock_master/v1,,OFFICIAL_CURRENT_EXCHANGE_SECURITY,,false,,UNAVAILABLE_NO_EXACT_SESSION_OBSERVATION,,UNAVAILABLE
NWT,,,,,,,,,,,,,,,,,,,,NOT_AVAILABLE,,,UPCOM,,,,,,,,,,,EXCHANGE_STOCK_LIST_CANDIDATE_NOT_COMMON_EQUITY_PROVEN,UPCOM,hnx_official_equity_universe/v1,,OFFICIAL_CURRENT_STOCK_LIST_CANDIDATE,,false,,UNAVAILABLE_NO_EXACT_SESSION_OBSERVATION,,UNAVAILABLE
NXT,2026-10-01,3.3,0.13793103448275867,,,,,,,,,,,,,,,,,BELOW_MA20_MOMENTUM_NEGATIVE,,2026-10-01T16:19:50.765598+07:00,UPCOM,,,,,,,,2026-10-01,2026-10-01,0,EXCHANGE_STOCK_LIST_CANDIDATE_NOT_COMMON_EQUITY_PROVEN,UPCOM,hnx_official_equity_universe/v1,,OFFICIAL_CURRENT_STOCK_LIST_CANDIDATE,,true,,EXACT_SESSION_RETAINED,CURRENT_DESCRIPTIVE_DNSE_REST_ADJUSTED_RETROSPECTIVE_RAW_AS_TRADED_NOT_PROMOTED,DIRECT_CANONICAL_MAPPING
OCB,2026-10-01,10.2,0.00990099009900991,,,,,,,,,,,,,,,,,NEAR_MA20_NEUTRAL,,2026-10-01T16:19:50.765598+07:00,HSX,,,,,,,,2026-10-01,2026-10-01,0,OFFICIAL_STOCK_MASTER_SECURITY_TYPE_NOT_COMMON_EQUITY_PROVEN,HOSE,hose_public_stock_master/v1,,OFFICIAL_CURRENT_EXCHANGE_SECURITY,,true,,EXACT_SESSION_RETAINED,CURRENT_DESCRIPTIVE_DNSE_REST_ADJUSTED_RETROSPECTIVE_RAW_AS_TRADED_NOT_PROMOTED,DIRECT_CANONICAL_MAPPING
OCH,2026-10-01,6.3,0.0,,,,,,,,,,,,,,,,,NEAR_MA20_NEUTRAL,,2026-10-01T16:19:50.765598+07:00,DELISTED,,,,,,,,2026-10-01,2026-10-01,0,EXCHANGE_STOCK_LIST_CANDIDATE_NOT_COMMON_EQUITY_PROVEN,HNX_LISTED,hnx_official_equity_universe/v1,,OFFICIAL_CURRENT_STOCK_LIST_CANDIDATE,,true,,EXACT_SESSION_RETAINED,CURRENT_DESCRIPTIVE_DNSE_REST_ADJUSTED_RETROSPECTIVE_RAW_AS_TRADED_NOT_PROMOTED,DIRECT_CANONICAL_MAPPING
ODE,2026-10-01,45.5,-0.002192982456140413,,,,,,,,,,,,,,,,,NEAR_MA20_NEUTRAL,,2026-10-01T16:19:50.765598+07:00,UPCOM,,,,,,,,2026-10-01,2026-10-01,0,EXCHANGE_STOCK_LIST_CANDIDATE_NOT_COMMON_EQUITY_PROVEN,UPCOM,hnx_official_equity_universe/v1,,OFFICIAL_CURRENT_STOCK_LIST_CANDIDATE,,true,,EXACT_SESSION_RETAINED,CURRENT_DESCRIPTIVE_DNSE_REST_ADJUSTED_RETROSPECTIVE_RAW_AS_TRADED_NOT_PROMOTED,DIRECT_CANONICAL_MAPPING
OGC,2026-10-01,2.03,-0.004901960784313819,,,,,,,,,,,,,,,,,BELOW_MA20_MOMENTUM_NEGATIVE,,2026-10-01T16:19:50.765598+07:00,HSX,,,,,,,,2026-10-01,2026-10-01,0,OFFICIAL_STOCK_MASTER_SECURITY_TYPE_NOT_COMMON_EQUITY_PROVEN,HOSE,hose_public_stock_master/v1,,OFFICIAL_CURRENT_EXCHANGE_SECURITY,,true,,EXACT_SESSION_RETAINED,CURRENT_DESCRIPTIVE_DNSE_REST_ADJUSTED_RETROSPECTIVE_RAW_AS_TRADED_NOT_PROMOTED,DIRECT_CANONICAL_MAPPING
OIL,2026-10-01,13.4,0.007518796992481258,,,,,,,,,,,,,,,,,BELOW_MA20_MOMENTUM_NEGATIVE,,2026-10-01T16:19:50.765598+07:00,UPCOM,,,,,,,,2026-10-01,2026-10-01,0,EXCHANGE_STOCK_LIST_CANDIDATE_NOT_COMMON_EQUITY_PROVEN,UPCOM,hnx_official_equity_universe/v1,,OFFICIAL_CURRENT_STOCK_LIST_CANDIDATE,,true,,EXACT_SESSION_RETAINED,CURRENT_DESCRIPTIVE_DNSE_REST_ADJUSTED_RETROSPECTIVE_RAW_AS_TRADED_NOT_PROMOTED,DIRECT_CANONICAL_MAPPING
ONE,2026-10-01,9,-0.0625,,,,,,,,,,,,,,,,,BELOW_MA20_MOMENTUM_NEGATIVE,,2026-10-01T16:19:50.765598+07:00,DELISTED,,,,,,,,2026-10-01,2026-10-01,0,EXCHANGE_STOCK_LIST_CANDIDATE_NOT_COMMON_EQUITY_PROVEN,HNX_LISTED,hnx_official_equity_universe/v1,,OFFICIAL_CURRENT_STOCK_LIST_CANDIDATE,,true,,EXACT_SESSION_RETAINED,CURRENT_DESCRIPTIVE_DNSE_REST_ADJUSTED_RETROSPECTIVE_RAW_AS_TRADED_NOT_PROMOTED,DIRECT_CANONICAL_MAPPING
ONW,,,,,,,,,,,,,,,,,,,,NOT_AVAILABLE,,,UPCOM,,,,,,,,,,,EXCHANGE_STOCK_LIST_CANDIDATE_NOT_COMMON_EQUITY_PROVEN,UPCOM,hnx_official_equity_universe/v1,,OFFICIAL_CURRENT_STOCK_LIST_CANDIDATE,,false,,UNAVAILABLE_NO_EXACT_SESSION_OBSERVATION,,UNAVAILABLE
OPC,2026-10-01,20,0.005025125628140836,,,,,,,,,,,,,,,,,NEAR_MA20_NEUTRAL,,2026-10-01T16:19:50.765598+07:00,HSX,,,,,,,,2026-10-01,2026-10-01,0,OFFICIAL_STOCK_MASTER_SECURITY_TYPE_NOT_COMMON_EQUITY_PROVEN,HOSE,hose_public_stock_master/v1,,OFFICIAL_CURRENT_EXCHANGE_SECURITY,,true,,EXACT_SESSION_RETAINED,CURRENT_DESCRIPTIVE_DNSE_REST_ADJUSTED_RETROSPECTIVE_RAW_AS_TRADED_NOT_PROMOTED,DIRECT_CANONICAL_MAPPING
ORS,2026-10-01,13.5,0.026615969581748944,,,,,,,,,,,,,,,,,NEAR_MA20_NEUTRAL,,2026-10-01T16:19:50.765598+07:00,HSX,,,,,,,,2026-10-01,2026-10-01,0,OFFICIAL_STOCK_MASTER_SECURITY_TYPE_NOT_COMMON_EQUITY_PROVEN,HOSE,hose_public_stock_master/v1,,OFFICIAL_CURRENT_EXCHANGE_SECURITY,,true,,EXACT_SESSION_RETAINED,CURRENT_DESCRIPTIVE_DNSE_REST_ADJUSTED_RETROSPECTIVE_RAW_AS_TRADED_NOT_PROMOTED,DIRECT_CANONICAL_MAPPING
PAC,2026-10-01,13.9,0.007246376811594235,,,,,,,,,,,,,,,,,BELOW_MA20_MOMENTUM_NEGATIVE,,2026-10-01T16:19:50.765598+07:00,HSX,,,,,,,,2026-10-01,2026-10-01,0,OFFICIAL_STOCK_MASTER_SECURITY_TYPE_NOT_COMMON_EQUITY_PROVEN,HOSE,hose_public_stock_master/v1,,OFFICIAL_CURRENT_EXCHANGE_SECURITY,,true,,EXACT_SESSION_RETAINED,CURRENT_DESCRIPTIVE_DNSE_REST_ADJUSTED_RETROSPECTIVE_RAW_AS_TRADED_NOT_PROMOTED,DIRECT_CANONICAL_MAPPING
PAI,,,,,,,,,,,,,,,,,,,,NOT_AVAILABLE,,,UPCOM,,,,,,,,,,,EXCHANGE_STOCK_LIST_CANDIDATE_NOT_COMMON_EQUITY_PROVEN,UPCOM,hnx_official_equity_universe/v1,,OFFICIAL_CURRENT_STOCK_LIST_CANDIDATE,,false,,UNAVAILABLE_NO_EXACT_SESSION_OBSERVATION,,UNAVAILABLE
PAN,2026-10-01,18.5,0.0,,,,,,,,,,,,,,,,,NEAR_MA20_NEUTRAL,,2026-10-01T16:19:50.765598+07:00,HSX,corporate,,,,,,,2026-10-01,2026-10-01,0,OFFICIAL_STOCK_MASTER_SECURITY_TYPE_NOT_COMMON_EQUITY_PROVEN,HOSE,hose_public_stock_master/v1,,OFFICIAL_CURRENT_EXCHANGE_SECURITY,,true,,EXACT_SESSION_RETAINED,CURRENT_DESCRIPTIVE_DNSE_REST_ADJUSTED_RETROSPECTIVE_RAW_AS_TRADED_NOT_PROMOTED,DIRECT_CANONICAL_MAPPING
PAP,,,,,,,,,,,,,,,,,,,,NOT_AVAILABLE,,,UPCOM,,,,,,,,,,,EXCHANGE_STOCK_LIST_CANDIDATE_NOT_COMMON_EQUITY_PROVEN,UPCOM,hnx_official_equity_universe/v1,,OFFICIAL_CURRENT_STOCK_LIST_CANDIDATE,,false,,UNAVAILABLE_NO_EXACT_SESSION_OBSERVATION,,UNAVAILABLE
PAS,2026-10-01,2,-0.04761904761904767,,,,,,,,,,,,,,,,,BELOW_MA20_MOMENTUM_NEGATIVE,,2026-10-01T16:19:50.765598+07:00,UPCOM,,,,,,,,2026-10-01,2026-10-01,0,EXCHANGE_STOCK_LIST_CANDIDATE_NOT_COMMON_EQUITY_PROVEN,UPCOM,hnx_official_equity_universe/v1,,OFFICIAL_CURRENT_STOCK_LIST_CANDIDATE,,true,,EXACT_SESSION_RETAINED,CURRENT_DESCRIPTIVE_DNSE_REST_ADJUSTED_RETROSPECTIVE_RAW_AS_TRADED_NOT_PROMOTED,DIRECT_CANONICAL_MAPPING
PAT,2026-10-01,78,0.026315789473684292,,,,,,,,,,,,,,,,,ABOVE_MA20_MOMENTUM_POSITIVE,,2026-10-01T16:19:50.765598+07:00,UPCOM,,,,,,,,2026-10-01,2026-10-01,0,EXCHANGE_STOCK_LIST_CANDIDATE_NOT_COMMON_EQUITY_PROVEN,UPCOM,hnx_official_equity_universe/v1,,OFFICIAL_CURRENT_STOCK_LIST_CANDIDATE,,true,,EXACT_SESSION_RETAINED,CURRENT_DESCRIPTIVE_DNSE_REST_ADJUSTED_RETROSPECTIVE_RAW_AS_TRADED_NOT_PROMOTED,DIRECT_CANONICAL_MAPPING
PBC,2026-10-01,5.1,-0.019230769230769384,,,,,,,,,,,,,,,,,BELOW_MA20_MOMENTUM_NEGATIVE,,2026-10-01T16:19:50.765598+07:00,UPCOM,,,,,,,,2026-10-01,2026-10-01,0,EXCHANGE_STOCK_LIST_CANDIDATE_NOT_COMMON_EQUITY_PROVEN,UPCOM,hnx_official_equity_universe/v1,,OFFICIAL_CURRENT_STOCK_LIST_CANDIDATE,,true,,EXACT_SESSION_RETAINED,CURRENT_DESCRIPTIVE_DNSE_REST_ADJUSTED_RETROSPECTIVE_RAW_AS_TRADED_NOT_PROMOTED,DIRECT_CANONICAL_MAPPING
PBP,,,,,,,,,,,,,,,,,,,,NOT_AVAILABLE,,,DELISTED,,,,,,,,,,,EXCHANGE_STOCK_LIST_CANDIDATE_NOT_COMMON_EQUITY_PROVEN,HNX_LISTED,hnx_official_equity_universe/v1,,OFFICIAL_CURRENT_STOCK_LIST_CANDIDATE,,false,,UNAVAILABLE_NO_EXACT_SESSION_OBSERVATION,,UNAVAILABLE
PBT,,,,,,,,,,,,,,,,,,,,NOT_AVAILABLE,,,UPCOM,,,,,,,,,,,EXCHANGE_STOCK_LIST_CANDIDATE_NOT_COMMON_EQUITY_PROVEN,UPCOM,hnx_official_equity_universe/v1,,OFFICIAL_CURRENT_STOCK_LIST_CANDIDATE,,false,,UNAVAILABLE_NO_EXACT_SESSION_OBSERVATION,,UNAVAILABLE
PC1,2026-10-01,20.2,-0.026506024096385583,,,,,,,,,,,,,,,,,NEAR_MA20_NEUTRAL,,2026-10-01T16:19:50.765598+07:00,HSX,,,,,,,,2026-10-01,2026-10-01,0,OFFICIAL_STOCK_MASTER_SECURITY_TYPE_NOT_COMMON_EQUITY_PROVEN,HOSE,hose_public_stock_master/v1,,OFFICIAL_CURRENT_EXCHANGE_SECURITY,,true,,EXACT_SESSION_RETAINED,CURRENT_DESCRIPTIVE_DNSE_REST_ADJUSTED_RETROSPECTIVE_RAW_AS_TRADED_NOT_PROMOTED,DIRECT_CANONICAL_MAPPING
PCC,2026-10-01,22,0.04761904761904767,,,,,,,,,,,,,,,,,BELOW_MA20_MOMENTUM_NEGATIVE,,2026-10-01T16:19:50.765598+07:00,UPCOM,,,,,,,,2026-10-01,2026-10-01,0,EXCHANGE_STOCK_LIST_CANDIDATE_NOT_COMMON_EQUITY_PROVEN,UPCOM,hnx_official_equity_universe/v1,,OFFICIAL_CURRENT_STOCK_LIST_CANDIDATE,,true,,EXACT_SESSION_RETAINED,CURRENT_DESCRIPTIVE_DNSE_REST_ADJUSTED_RETROSPECTIVE_RAW_AS_TRADED_NOT_PROMOTED,DIRECT_CANONICAL_MAPPING
PCE,,,,,,,,,,,,,,,,,,,,NOT_AVAILABLE,,,DELISTED,,,,,,,,,,,EXCHANGE_STOCK_LIST_CANDIDATE_NOT_COMMON_EQUITY_PROVEN,HNX_LISTED,hnx_official_equity_universe/v1,,OFFICIAL_CURRENT_STOCK_LIST_CANDIDATE,,false,,UNAVAILABLE_NO_EXACT_SESSION_OBSERVATION,,UNAVAILABLE
PCF,,,,,,,,,,,,,,,,,,,,NOT_AVAILABLE,,,UPCOM,,,,,,,,,,,EXCHANGE_STOCK_LIST_CANDIDATE_NOT_COMMON_EQUITY_PROVEN,UPCOM,hnx_official_equity_universe/v1,,OFFICIAL_CURRENT_STOCK_LIST_CANDIDATE,,false,,UNAVAILABLE_NO_EXACT_SESSION_OBSERVATION,,UNAVAILABLE
PCG,,,,,,,,,,,,,,,,,,,,NOT_AVAILABLE,,,UPCOM,,,,,,,,,,,EXCHANGE_STOCK_LIST_CANDIDATE_NOT_COMMON_EQUITY_PROVEN,UPCOM,hnx_official_equity_universe/v1,,OFFICIAL_CURRENT_STOCK_LIST_CANDIDATE,,false,,UNAVAILABLE_NO_EXACT_SESSION_OBSERVATION,,UNAVAILABLE
PCH,2026-10-01,18.3,-0.010810810810810811,,,,,,,,,,,,,,,,,NEAR_MA20_NEUTRAL,,2026-10-01T16:19:50.765598+07:00,DELISTED,,,,,,,,2026-10-01,2026-10-01,0,EXCHANGE_STOCK_LIST_CANDIDATE_NOT_COMMON_EQUITY_PROVEN,HNX_LISTED,hnx_official_equity_universe/v1,,OFFICIAL_CURRENT_STOCK_LIST_CANDIDATE,,true,,EXACT_SESSION_RETAINED,CURRENT_DESCRIPTIVE_DNSE_REST_ADJUSTED_RETROSPECTIVE_RAW_AS_TRADED_NOT_PROMOTED,DIRECT_CANONICAL_MAPPING
PCM,,,,,,,,,,,,,,,,,,,,NOT_AVAILABLE,,,UPCOM,,,,,,,,,,,EXCHANGE_STOCK_LIST_CANDIDATE_NOT_COMMON_EQUITY_PROVEN,UPCOM,hnx_official_equity_universe/v1,,OFFICIAL_CURRENT_STOCK_LIST_CANDIDATE,,false,,UNAVAILABLE_NO_EXACT_SESSION_OBSERVATION,,UNAVAILABLE
PCN,,,,,,,,,,,,,,,,,,,,NOT_AVAILABLE,,,DELISTED,,,,,,,,,,,INSTRUMENT_CLASS_UNRESOLVED,DELISTED,,,STOCKLOOKUP_ONLY_UNRESOLVED,,false,,UNAVAILABLE_NO_EXACT_SESSION_OBSERVATION,,UNAVAILABLE
PCT,2026-10-01,10.7,0.03883495145631044,,,,,,,,,,,,,,,,,ABOVE_MA20_MOMENTUM_POSITIVE,,2026-10-01T16:19:50.765598+07:00,DELISTED,,,,,,,,2026-10-01,2026-10-01,0,EXCHANGE_STOCK_LIST_CANDIDATE_NOT_COMMON_EQUITY_PROVEN,HNX_LISTED,hnx_official_equity_universe/v1,,OFFICIAL_CURRENT_STOCK_LIST_CANDIDATE,,true,,EXACT_SESSION_RETAINED,CURRENT_DESCRIPTIVE_DNSE_REST_ADJUSTED_RETROSPECTIVE_RAW_AS_TRADED_NOT_PROMOTED,DIRECT_CANONICAL_MAPPING
PDB,2026-10-01,23,-0.008620689655172376,,,,,,,,,,,,,,,,,NEAR_MA20_NEUTRAL,,2026-10-01T16:19:50.765598+07:00,DELISTED,,,,,,,,2026-10-01,2026-10-01,0,EXCHANGE_STOCK_LIST_CANDIDATE_NOT_COMMON_EQUITY_PROVEN,HNX_LISTED,hnx_official_equity_universe/v1,,OFFICIAL_CURRENT_STOCK_LIST_CANDIDATE,,true,,EXACT_SESSION_RETAINED,CURRENT_DESCRIPTIVE_DNSE_REST_ADJUSTED_RETROSPECTIVE_RAW_AS_TRADED_NOT_PROMOTED,DIRECT_CANONICAL_MAPPING
PDC,,,,,,,,,,,,,,,,,,,,NOT_AVAILABLE,,,UPCOM,,,,,,,,,,,EXCHANGE_STOCK_LIST_CANDIDATE_NOT_COMMON_EQUITY_PROVEN,UPCOM,hnx_official_equity_universe/v1,,OFFICIAL_CURRENT_STOCK_LIST_CANDIDATE,,false,,UNAVAILABLE_NO_EXACT_SESSION_OBSERVATION,,UNAVAILABLE
PDN,2026-10-01,83.7,0.0,,,,,,,,,,,,,,,,,NEAR_MA20_NEUTRAL,,2026-10-01T16:19:50.765598+07:00,HSX,,,,,,,,2026-10-01,2026-10-01,0,OFFICIAL_STOCK_MASTER_SECURITY_TYPE_NOT_COMMON_EQUITY_PROVEN,HOSE,hose_public_stock_master/v1,,OFFICIAL_CURRENT_EXCHANGE_SECURITY,,true,,EXACT_SESSION_RETAINED,CURRENT_DESCRIPTIVE_DNSE_REST_ADJUSTED_RETROSPECTIVE_RAW_AS_TRADED_NOT_PROMOTED,DIRECT_CANONICAL_MAPPING
PDR,2026-10-01,11.25,0.0,,,,,,,,,,,,,,,,,BELOW_MA20_MOMENTUM_NEGATIVE,,2026-10-01T16:19:50.765598+07:00,HSX,,,,,,,,2026-10-01,2026-10-01,0,OFFICIAL_STOCK_MASTER_SECURITY_TYPE_NOT_COMMON_EQUITY_PROVEN,HOSE,hose_public_stock_master/v1,,OFFICIAL_CURRENT_EXCHANGE_SECURITY,,true,,EXACT_SESSION_RETAINED,CURRENT_DESCRIPTIVE_DNSE_REST_ADJUSTED_RETROSPECTIVE_RAW_AS_TRADED_NOT_PROMOTED,DIRECT_CANONICAL_MAPPING
PDV,2026-10-01,9.01,0.02154195011337867,,,,,,,,,,,,,,,,,ABOVE_MA20_MOMENTUM_POSITIVE,,2026-10-01T16:19:50.765598+07:00,HSX,,,,,,,,2026-10-01,2026-10-01,0,OFFICIAL_STOCK_MASTER_SECURITY_TYPE_NOT_COMMON_EQUITY_PROVEN,HOSE,hose_public_stock_master/v1,,OFFICIAL_CURRENT_EXCHANGE_SECURITY,,true,,EXACT_SESSION_RETAINED,CURRENT_DESCRIPTIVE_DNSE_REST_ADJUSTED_RETROSPECTIVE_RAW_AS_TRADED_NOT_PROMOTED,DIRECT_CANONICAL_MAPPING
PEC,,,,,,,,,,,,,,,,,,,,NOT_AVAILABLE,,,DELISTED,,,,,,,,,,,INSTRUMENT_CLASS_UNRESOLVED,DELISTED,,,STOCKLOOKUP_ONLY_UNRESOLVED,,false,,UNAVAILABLE_NO_EXACT_SESSION_OBSERVATION,,UNAVAILABLE
PEG,,,,,,,,,,,,,,,,,,,,NOT_AVAILABLE,,,UPCOM,,,,,,,,,,,EXCHANGE_STOCK_LIST_CANDIDATE_NOT_COMMON_EQUITY_PROVEN,UPCOM,hnx_official_equity_universe/v1,,OFFICIAL_CURRENT_STOCK_LIST_CANDIDATE,,false,,UNAVAILABLE_NO_EXACT_SESSION_OBSERVATION,,UNAVAILABLE
PEN,2026-10-01,9.5,-0.09523809523809523,,,,,,,,,,,,,,,,,BELOW_MA20_MOMENTUM_POSITIVE,,2026-10-01T16:19:50.765598+07:00,DELISTED,,,,,,,,2026-10-01,2026-10-01,0,EXCHANGE_STOCK_LIST_CANDIDATE_NOT_COMMON_EQUITY_PROVEN,HNX_LISTED,hnx_official_equity_universe/v1,,OFFICIAL_CURRENT_STOCK_LIST_CANDIDATE,,true,,EXACT_SESSION_RETAINED,CURRENT_DESCRIPTIVE_DNSE_REST_ADJUSTED_RETROSPECTIVE_RAW_AS_TRADED_NOT_PROMOTED,DIRECT_CANONICAL_MAPPING
PEQ,,,,,,,,,,,,,,,,,,,,NOT_AVAILABLE,,,UPCOM,,,,,,,,,,,EXCHANGE_STOCK_LIST_CANDIDATE_NOT_COMMON_EQUITY_PROVEN,UPCOM,hnx_official_equity_universe/v1,,OFFICIAL_CURRENT_STOCK_LIST_CANDIDATE,,false,,UNAVAILABLE_NO_EXACT_SESSION_OBSERVATION,,UNAVAILABLE
PET,2026-10-01,53,-0.06854130052724072,,,,,,,,,,,,,,,,,ABOVE_MA20_MOMENTUM_POSITIVE,,2026-10-01T16:19:50.765598+07:00,HSX,,,,,,,,2026-10-01,2026-10-01,0,OFFICIAL_STOCK_MASTER_SECURITY_TYPE_NOT_COMMON_EQUITY_PROVEN,HOSE,hose_public_stock_master/v1,,OFFICIAL_CURRENT_EXCHANGE_SECURITY,,true,,EXACT_SESSION_RETAINED,CURRENT_DESCRIPTIVE_DNSE_REST_ADJUSTED_RETROSPECTIVE_RAW_AS_TRADED_NOT_PROMOTED,DIRECT_CANONICAL_MAPPING
PFL,2026-10-01,1.5,-0.0625,,,,,,,,,,,,,,,,,BELOW_MA20_MOMENTUM_NEGATIVE,,2026-10-01T16:19:50.765598+07:00,UPCOM,,,,,,,,2026-10-01,2026-10-01,0,EXCHANGE_STOCK_LIST_CANDIDATE_NOT_COMMON_EQUITY_PROVEN,UPCOM,hnx_official_equity_universe/v1,,OFFICIAL_CURRENT_STOCK_LIST_CANDIDATE,,true,,EXACT_SESSION_RETAINED,CURRENT_DESCRIPTIVE_DNSE_REST_ADJUSTED_RETROSPECTIVE_RAW_AS_TRADED_NOT_PROMOTED,DIRECT_CANONICAL_MAPPING
PGB,2026-10-01,9.7,-0.010204081632653184,,,,,,,,,,,,,,,,,NEAR_MA20_NEUTRAL,,2026-10-01T16:19:50.765598+07:00,UPCOM,,,,,,,,2026-10-01,2026-10-01,0,EXCHANGE_STOCK_LIST_CANDIDATE_NOT_COMMON_EQUITY_PROVEN,UPCOM,hnx_official_equity_universe/v1,,OFFICIAL_CURRENT_STOCK_LIST_CANDIDATE,,true,,EXACT_SESSION_RETAINED,CURRENT_DESCRIPTIVE_DNSE_REST_ADJUSTED_RETROSPECTIVE_RAW_AS_TRADED_NOT_PROMOTED,DIRECT_CANONICAL_MAPPING
PGC,2026-10-01,15.15,0.06690140845070425,,,,,,,,,,,,,,,,,ABOVE_MA20_MOMENTUM_POSITIVE,,2026-10-01T16:19:50.765598+07:00,HSX,,,,,,,,2026-10-01,2026-10-01,0,OFFICIAL_STOCK_MASTER_SECURITY_TYPE_NOT_COMMON_EQUITY_PROVEN,HOSE,hose_public_stock_master/v1,,OFFICIAL_CURRENT_EXCHANGE_SECURITY,,true,,EXACT_SESSION_RETAINED,CURRENT_DESCRIPTIVE_DNSE_REST_ADJUSTED_RETROSPECTIVE_RAW_AS_TRADED_NOT_PROMOTED,DIRECT_CANONICAL_MAPPING
PGD,2026-10-01,19.85,-0.06146572104018899,,,,,,,,,,,,,,,,,BELOW_MA20_MOMENTUM_NEGATIVE,,2026-10-01T16:19:50.765598+07:00,HSX,,,,,,,,2026-10-01,2026-10-01,0,OFFICIAL_STOCK_MASTER_SECURITY_TYPE_NOT_COMMON_EQUITY_PROVEN,HOSE,hose_public_stock_master/v1,,OFFICIAL_CURRENT_EXCHANGE_SECURITY,,true,,EXACT_SESSION_RETAINED,CURRENT_DESCRIPTIVE_DNSE_REST_ADJUSTED_RETROSPECTIVE_RAW_AS_TRADED_NOT_PROMOTED,DIRECT_CANONICAL_MAPPING
PGI,,,,,,,,,,,,,,,,,,,,NOT_AVAILABLE,,,HSX,,,,,,,,,,,OFFICIAL_STOCK_MASTER_SECURITY_TYPE_NOT_COMMON_EQUITY_PROVEN,HOSE,hose_public_stock_master/v1,,OFFICIAL_CURRENT_EXCHANGE_SECURITY,,false,,UNAVAILABLE_NO_EXACT_SESSION_OBSERVATION,,UNAVAILABLE
PGN,2026-10-01,5.7,-0.04999999999999993,,,,,,,,,,,,,,,,,BELOW_MA20_MOMENTUM_NEGATIVE,,2026-10-01T16:19:50.765598+07:00,DELISTED,,,,,,,,2026-10-01,2026-10-01,0,EXCHANGE_STOCK_LIST_CANDIDATE_NOT_COMMON_EQUITY_PROVEN,HNX_LISTED,hnx_official_equity_universe/v1,,OFFICIAL_CURRENT_STOCK_LIST_CANDIDATE,,true,,EXACT_SESSION_RETAINED,CURRENT_DESCRIPTIVE_DNSE_REST_ADJUSTED_RETROSPECTIVE_RAW_AS_TRADED_NOT_PROMOTED,DIRECT_CANONICAL_MAPPING
PGS,2026-10-01,75,-0.09747292418772557,,,,,,,,,,,,,,,,,NEAR_MA20_NEUTRAL,,2026-10-01T16:19:50.765598+07:00,DELISTED,,,,,,,,2026-10-01,2026-10-01,0,EXCHANGE_STOCK_LIST_CANDIDATE_NOT_COMMON_EQUITY_PROVEN,HNX_LISTED,hnx_official_equity_universe/v1,,OFFICIAL_CURRENT_STOCK_LIST_CANDIDATE,,true,,EXACT_SESSION_RETAINED,CURRENT_DESCRIPTIVE_DNSE_REST_ADJUSTED_RETROSPECTIVE_RAW_AS_TRADED_NOT_PROMOTED,DIRECT_CANONICAL_MAPPING
PGT,2026-10-01,5.7,0.05555555555555558,,,,,,,,,,,,,,,,,BELOW_MA20_MOMENTUM_NEGATIVE,,2026-10-01T16:19:50.765598+07:00,DELISTED,,,,,,,,2026-10-01,2026-10-01,0,EXCHANGE_STOCK_LIST_CANDIDATE_NOT_COMMON_EQUITY_PROVEN,HNX_LISTED,hnx_official_equity_universe/v1,,OFFICIAL_CURRENT_STOCK_LIST_CANDIDATE,,true,,EXACT_SESSION_RETAINED,CURRENT_DESCRIPTIVE_DNSE_REST_ADJUSTED_RETROSPECTIVE_RAW_AS_TRADED_NOT_PROMOTED,DIRECT_CANONICAL_MAPPING
PGV,2026-10-01,21.9,-0.002277904328018221,,,,,,,,,,,,,,,,,NEAR_MA20_NEUTRAL,,2026-10-01T16:19:50.765598+07:00,HSX,,,,,,,,2026-10-01,2026-10-01,0,OFFICIAL_STOCK_MASTER_SECURITY_TYPE_NOT_COMMON_EQUITY_PROVEN,HOSE,hose_public_stock_master/v1,,OFFICIAL_CURRENT_EXCHANGE_SECURITY,,true,,EXACT_SESSION_RETAINED,CURRENT_DESCRIPTIVE_DNSE_REST_ADJUSTED_RETROSPECTIVE_RAW_AS_TRADED_NOT_PROMOTED,DIRECT_CANONICAL_MAPPING
PHC,2026-10-01,3.69,0.0027173913043476716,,,,,,,,,,,,,,,,,NEAR_MA20_NEUTRAL,,2026-10-01T16:19:50.765598+07:00,HSX,,,,,,,,2026-10-01,2026-10-01,0,OFFICIAL_STOCK_MASTER_SECURITY_TYPE_NOT_COMMON_EQUITY_PROVEN,HOSE,hose_public_stock_master/v1,,OFFICIAL_CURRENT_EXCHANGE_SECURITY,,true,,EXACT_SESSION_RETAINED,CURRENT_DESCRIPTIVE_DNSE_REST_ADJUSTED_RETROSPECTIVE_RAW_AS_TRADED_NOT_PROMOTED,DIRECT_CANONICAL_MAPPING
PHH,,,,,,,,,,,,,,,,,,,,NOT_AVAILABLE,,,UPCOM,,,,,,,,,,,EXCHANGE_STOCK_LIST_CANDIDATE_NOT_COMMON_EQUITY_PROVEN,UPCOM,hnx_official_equity_universe/v1,,OFFICIAL_CURRENT_STOCK_LIST_CANDIDATE,,false,,UNAVAILABLE_NO_EXACT_SESSION_OBSERVATION,,UNAVAILABLE
PHN,2026-10-01,50,-0.07407407407407407,,,,,,,,,,,,,,,,,BELOW_MA20_MOMENTUM_NEGATIVE,,2026-10-01T16:19:50.765598+07:00,DELISTED,,,,,,,,2026-10-01,2026-10-01,0,EXCHANGE_STOCK_LIST_CANDIDATE_NOT_COMMON_EQUITY_PROVEN,HNX_LISTED,hnx_official_equity_universe/v1,,OFFICIAL_CURRENT_STOCK_LIST_CANDIDATE,,true,,EXACT_SESSION_RETAINED,CURRENT_DESCRIPTIVE_DNSE_REST_ADJUSTED_RETROSPECTIVE_RAW_AS_TRADED_NOT_PROMOTED,DIRECT_CANONICAL_MAPPING
PHP,2026-10-01,46.1,-0.008602150537634357,,,,,,,,,,,,,,,,,ABOVE_MA20_MOMENTUM_NEGATIVE,,2026-10-01T16:19:50.765598+07:00,UPCOM,,,,,,,,2026-10-01,2026-10-01,0,EXCHANGE_STOCK_LIST_CANDIDATE_NOT_COMMON_EQUITY_PROVEN,UPCOM,hnx_official_equity_universe/v1,,OFFICIAL_CURRENT_STOCK_LIST_CANDIDATE,,true,,EXACT_SESSION_RETAINED,CURRENT_DESCRIPTIVE_DNSE_REST_ADJUSTED_RETROSPECTIVE_RAW_AS_TRADED_NOT_PROMOTED,DIRECT_CANONICAL_MAPPING
PHR,2026-10-01,33.85,0.008941877794336861,,,,,,,,,,,,,,,,,ABOVE_MA20_MOMENTUM_POSITIVE,,2026-10-01T16:19:50.765598+07:00,HSX,,,,,,,,2026-10-01,2026-10-01,0,OFFICIAL_STOCK_MASTER_SECURITY_TYPE_NOT_COMMON_EQUITY_PROVEN,HOSE,hose_public_stock_master/v1,,OFFICIAL_CURRENT_EXCHANGE_SECURITY,,true,,EXACT_SESSION_RETAINED,CURRENT_DESCRIPTIVE_DNSE_REST_ADJUSTED_RETROSPECTIVE_RAW_AS_TRADED_NOT_PROMOTED,DIRECT_CANONICAL_MAPPING
PHS,,,,,,,,,,,,,,,,,,,,NOT_AVAILABLE,,,UPCOM,,,,,,,,,,,EXCHANGE_STOCK_LIST_CANDIDATE_NOT_COMMON_EQUITY_PROVEN,UPCOM,hnx_official_equity_universe/v1,,OFFICIAL_CURRENT_STOCK_LIST_CANDIDATE,,false,,UNAVAILABLE_NO_EXACT_SESSION_OBSERVATION,,UNAVAILABLE
PIA,,,,,,,,,,,,,,,,,,,,NOT_AVAILABLE,,,DELISTED,,,,,,,,,,,EXCHANGE_STOCK_LIST_CANDIDATE_NOT_COMMON_EQUITY_PROVEN,HNX_LISTED,hnx_official_equity_universe/v1,,OFFICIAL_CURRENT_STOCK_LIST_CANDIDATE,,false,,UNAVAILABLE_NO_EXACT_SESSION_OBSERVATION,,UNAVAILABLE
PIC,2026-10-01,14.3,0.04379562043795637,,,,,,,,,,,,,,,,,ABOVE_MA20_MOMENTUM_POSITIVE,,2026-10-01T16:19:50.765598+07:00,DELISTED,,,,,,,,2026-10-01,2026-10-01,0,EXCHANGE_STOCK_LIST_CANDIDATE_NOT_COMMON_EQUITY_PROVEN,HNX_LISTED,hnx_official_equity_universe/v1,,OFFICIAL_CURRENT_STOCK_LIST_CANDIDATE,,true,,EXACT_SESSION_RETAINED,CURRENT_DESCRIPTIVE_DNSE_REST_ADJUSTED_RETROSPECTIVE_RAW_AS_TRADED_NOT_PROMOTED,DIRECT_CANONICAL_MAPPING
PID,,,,,,,,,,,,,,,,,,,,NOT_AVAILABLE,,,UPCOM,,,,,,,,,,,EXCHANGE_STOCK_LIST_CANDIDATE_NOT_COMMON_EQUITY_PROVEN,UPCOM,hnx_official_equity_universe/v1,,OFFICIAL_CURRENT_STOCK_LIST_CANDIDATE,,false,,UNAVAILABLE_NO_EXACT_SESSION_OBSERVATION,,UNAVAILABLE
PIS,,,,,,,,,,,,,,,,,,,,NOT_AVAILABLE,,,UPCOM,,,,,,,,,,,EXCHANGE_STOCK_LIST_CANDIDATE_NOT_COMMON_EQUITY_PROVEN,UPCOM,hnx_official_equity_universe/v1,,OFFICIAL_CURRENT_STOCK_LIST_CANDIDATE,,false,,UNAVAILABLE_NO_EXACT_SESSION_OBSERVATION,,UNAVAILABLE
PIT,,,,,,,,,,,,,,,,,,,,NOT_AVAILABLE,,,HSX,,,,,,,,,,,OFFICIAL_STOCK_MASTER_SECURITY_TYPE_NOT_COMMON_EQUITY_PROVEN,HOSE,hose_public_stock_master/v1,,OFFICIAL_CURRENT_EXCHANGE_SECURITY,,false,,UNAVAILABLE_NO_EXACT_SESSION_OBSERVATION,,UNAVAILABLE
PIV,2026-10-01,6,-0.016393442622950727,,,,,,,,,,,,,,,,,BELOW_MA20_MOMENTUM_NEGATIVE,,2026-10-01T16:19:50.765598+07:00,UPCOM,,,,,,,,2026-10-01,2026-10-01,0,EXCHANGE_STOCK_LIST_CANDIDATE_NOT_COMMON_EQUITY_PROVEN,UPCOM,hnx_official_equity_universe/v1,,OFFICIAL_CURRENT_STOCK_LIST_CANDIDATE,,true,,EXACT_SESSION_RETAINED,CURRENT_DESCRIPTIVE_DNSE_REST_ADJUSTED_RETROSPECTIVE_RAW_AS_TRADED_NOT_PROMOTED,DIRECT_CANONICAL_MAPPING
PJC,,,,,,,,,,,,,,,,,,,,NOT_AVAILABLE,,,DELISTED,,,,,,,,,,,EXCHANGE_STOCK_LIST_CANDIDATE_NOT_COMMON_EQUITY_PROVEN,HNX_LISTED,hnx_official_equity_universe/v1,,OFFICIAL_CURRENT_STOCK_LIST_CANDIDATE,,false,,UNAVAILABLE_NO_EXACT_SESSION_OBSERVATION,,UNAVAILABLE
PJS,,,,,,,,,,,,,,,,,,,,NOT_AVAILABLE,,,UPCOM,,,,,,,,,,,EXCHANGE_STOCK_LIST_CANDIDATE_NOT_COMMON_EQUITY_PROVEN,UPCOM,hnx_official_equity_universe/v1,,OFFICIAL_CURRENT_STOCK_LIST_CANDIDATE,,false,,UNAVAILABLE_NO_EXACT_SESSION_OBSERVATION,,UNAVAILABLE
PJT,,,,,,,,,,,,,,,,,,,,NOT_AVAILABLE,,,HSX,,,,,,,,,,,OFFICIAL_STOCK_MASTER_SECURITY_TYPE_NOT_COMMON_EQUITY_PROVEN,HOSE,hose_public_stock_master/v1,,OFFICIAL_CURRENT_EXCHANGE_SECURITY,,false,,UNAVAILABLE_NO_EXACT_SESSION_OBSERVATION,,UNAVAILABLE
PLA,,,,,,,,,,,,,,,,,,,,NOT_AVAILABLE,,,UPCOM,,,,,,,,,,,EXCHANGE_STOCK_LIST_CANDIDATE_NOT_COMMON_EQUITY_PROVEN,UPCOM,hnx_official_equity_universe/v1,,OFFICIAL_CURRENT_STOCK_LIST_CANDIDATE,,false,,UNAVAILABLE_NO_EXACT_SESSION_OBSERVATION,,UNAVAILABLE
PLC,2026-10-01,18.7,0.005376344086021501,,,,,,,,,,,,,,,,,BELOW_MA20_MOMENTUM_NEGATIVE,,2026-10-01T16:19:50.765598+07:00,DELISTED,,,,,,,,2026-10-01,2026-10-01,0,EXCHANGE_STOCK_LIST_CANDIDATE_NOT_COMMON_EQUITY_PROVEN,HNX_LISTED,hnx_official_equity_universe/v1,,OFFICIAL_CURRENT_STOCK_LIST_CANDIDATE,,true,,EXACT_SESSION_RETAINED,CURRENT_DESCRIPTIVE_DNSE_REST_ADJUSTED_RETROSPECTIVE_RAW_AS_TRADED_NOT_PROMOTED,DIRECT_CANONICAL_MAPPING
PLE,,,,,,,,,,,,,,,,,,,,NOT_AVAILABLE,,,UPCOM,,,,,,,,,,,EXCHANGE_STOCK_LIST_CANDIDATE_NOT_COMMON_EQUITY_PROVEN,UPCOM,hnx_official_equity_universe/v1,,OFFICIAL_CURRENT_STOCK_LIST_CANDIDATE,,false,,UNAVAILABLE_NO_EXACT_SESSION_OBSERVATION,,UNAVAILABLE
PLO,2026-10-01,4.1,0.05128205128205132,,,,,,,,,,,,,,,,,ABOVE_MA20_MOMENTUM_POSITIVE,,2026-10-01T16:19:50.765598+07:00,UPCOM,,,,,,,,2026-10-01,2026-10-01,0,EXCHANGE_STOCK_LIST_CANDIDATE_NOT_COMMON_EQUITY_PROVEN,UPCOM,hnx_official_equity_universe/v1,,OFFICIAL_CURRENT_STOCK_LIST_CANDIDATE,,true,,EXACT_SESSION_RETAINED,CURRENT_DESCRIPTIVE_DNSE_REST_ADJUSTED_RETROSPECTIVE_RAW_AS_TRADED_NOT_PROMOTED,DIRECT_CANONICAL_MAPPING
PLP,2026-10-01,3.75,0.0,,,,,,,,,,,,,,,,,BELOW_MA20_MOMENTUM_NEGATIVE,,2026-10-01T16:19:50.765598+07:00,HSX,,,,,,,,2026-10-01,2026-10-01,0,OFFICIAL_STOCK_MASTER_SECURITY_TYPE_NOT_COMMON_EQUITY_PROVEN,HOSE,hose_public_stock_master/v1,,OFFICIAL_CURRENT_EXCHANGE_SECURITY,,true,,EXACT_SESSION_RETAINED,CURRENT_DESCRIPTIVE_DNSE_REST_ADJUSTED_RETROSPECTIVE_RAW_AS_TRADED_NOT_PROMOTED,DIRECT_CANONICAL_MAPPING
PLX,2026-10-01,36.65,0.029494382022471788,,,,,,,,,,,,,,,,,NEAR_MA20_NEUTRAL,,2026-10-01T16:19:50.765598+07:00,HSX,,,,,,,,2026-10-01,2026-10-01,0,OFFICIAL_STOCK_MASTER_SECURITY_TYPE_NOT_COMMON_EQUITY_PROVEN,HOSE,hose_public_stock_master/v1,,OFFICIAL_CURRENT_EXCHANGE_SECURITY,,true,,EXACT_SESSION_RETAINED,CURRENT_DESCRIPTIVE_DNSE_REST_ADJUSTED_RETROSPECTIVE_RAW_AS_TRADED_NOT_PROMOTED,DIRECT_CANONICAL_MAPPING
PMB,2026-10-01,9.5,-0.020618556701030855,,,,,,,,,,,,,,,,,BELOW_MA20_MOMENTUM_NEGATIVE,,2026-10-01T16:19:50.765598+07:00,DELISTED,,,,,,,,2026-10-01,2026-10-01,0,EXCHANGE_STOCK_LIST_CANDIDATE_NOT_COMMON_EQUITY_PROVEN,HNX_LISTED,hnx_official_equity_universe/v1,,OFFICIAL_CURRENT_STOCK_LIST_CANDIDATE,,true,,EXACT_SESSION_RETAINED,CURRENT_DESCRIPTIVE_DNSE_REST_ADJUSTED_RETROSPECTIVE_RAW_AS_TRADED_NOT_PROMOTED,DIRECT_CANONICAL_MAPPING
PMC,2026-10-01,120,-0.012345679012345734,,,,,,,,,,,,,,,,,NEAR_MA20_NEUTRAL,,2026-10-01T16:19:50.765598+07:00,DELISTED,,,,,,,,2026-10-01,2026-10-01,0,EXCHANGE_STOCK_LIST_CANDIDATE_NOT_COMMON_EQUITY_PROVEN,HNX_LISTED,hnx_official_equity_universe/v1,,OFFICIAL_CURRENT_STOCK_LIST_CANDIDATE,,true,,EXACT_SESSION_RETAINED,CURRENT_DESCRIPTIVE_DNSE_REST_ADJUSTED_RETROSPECTIVE_RAW_AS_TRADED_NOT_PROMOTED,DIRECT_CANONICAL_MAPPING
PMG,2026-10-01,5.52,0.007299270072992581,,,,,,,,,,,,,,,,,BELOW_MA20_MOMENTUM_NEGATIVE,,2026-10-01T16:19:50.765598+07:00,HSX,,,,,,,,2026-10-01,2026-10-01,0,OFFICIAL_STOCK_MASTER_SECURITY_TYPE_NOT_COMMON_EQUITY_PROVEN,HOSE,hose_public_stock_master/v1,,OFFICIAL_CURRENT_EXCHANGE_SECURITY,,true,,EXACT_SESSION_RETAINED,CURRENT_DESCRIPTIVE_DNSE_REST_ADJUSTED_RETROSPECTIVE_RAW_AS_TRADED_NOT_PROMOTED,DIRECT_CANONICAL_MAPPING
PMJ,,,,,,,,,,,,,,,,,,,,NOT_AVAILABLE,,,UPCOM,,,,,,,,,,,EXCHANGE_STOCK_LIST_CANDIDATE_NOT_COMMON_EQUITY_PROVEN,UPCOM,hnx_official_equity_universe/v1,,OFFICIAL_CURRENT_STOCK_LIST_CANDIDATE,,false,,UNAVAILABLE_NO_EXACT_SESSION_OBSERVATION,,UNAVAILABLE
PMP,,,,,,,,,,,,,,,,,,,,NOT_AVAILABLE,,,DELISTED,,,,,,,,,,,EXCHANGE_STOCK_LIST_CANDIDATE_NOT_COMMON_EQUITY_PROVEN,HNX_LISTED,hnx_official_equity_universe/v1,,OFFICIAL_CURRENT_STOCK_LIST_CANDIDATE,,false,,UNAVAILABLE_NO_EXACT_SESSION_OBSERVATION,,UNAVAILABLE
PMS,,,,,,,,,,,,,,,,,,,,NOT_AVAILABLE,,,DELISTED,,,,,,,,,,,EXCHANGE_STOCK_LIST_CANDIDATE_NOT_COMMON_EQUITY_PROVEN,HNX_LISTED,hnx_official_equity_universe/v1,,OFFICIAL_CURRENT_STOCK_LIST_CANDIDATE,,false,,UNAVAILABLE_NO_EXACT_SESSION_OBSERVATION,,UNAVAILABLE
PMT,2026-10-01,8.5,0.0,,,,,,,,,,,,,,,,,ABOVE_MA20_MOMENTUM_POSITIVE,,2026-10-01T16:19:50.765598+07:00,UPCOM,,,,,,,,2026-10-01,2026-10-01,0,EXCHANGE_STOCK_LIST_CANDIDATE_NOT_COMMON_EQUITY_PROVEN,UPCOM,hnx_official_equity_universe/v1,,OFFICIAL_CURRENT_STOCK_LIST_CANDIDATE,,true,,EXACT_SESSION_RETAINED,CURRENT_DESCRIPTIVE_DNSE_REST_ADJUSTED_RETROSPECTIVE_RAW_AS_TRADED_NOT_PROMOTED,DIRECT_CANONICAL_MAPPING
PMW,2026-10-01,32,0.0,,,,,,,,,,,,,,,,,BELOW_MA20_MOMENTUM_NEGATIVE,,2026-10-01T16:19:50.765598+07:00,UPCOM,,,,,,,,2026-10-01,2026-10-01,0,EXCHANGE_STOCK_LIST_CANDIDATE_NOT_COMMON_EQUITY_PROVEN,UPCOM,hnx_official_equity_universe/v1,,OFFICIAL_CURRENT_STOCK_LIST_CANDIDATE,,true,,EXACT_SESSION_RETAINED,CURRENT_DESCRIPTIVE_DNSE_REST_ADJUSTED_RETROSPECTIVE_RAW_AS_TRADED_NOT_PROMOTED,DIRECT_CANONICAL_MAPPING
PNC,2026-10-01,21.95,-0.06991525423728817,,,,,,,,,,,,,,,,,BELOW_MA20_MOMENTUM_NEGATIVE,,2026-10-01T16:19:50.765598+07:00,HSX,,,,,,,,2026-10-01,2026-10-01,0,OFFICIAL_STOCK_MASTER_SECURITY_TYPE_NOT_COMMON_EQUITY_PROVEN,HOSE,hose_public_stock_master/v1,,OFFICIAL_CURRENT_EXCHANGE_SECURITY,,true,,EXACT_SESSION_RETAINED,CURRENT_DESCRIPTIVE_DNSE_REST_ADJUSTED_RETROSPECTIVE_RAW_AS_TRADED_NOT_PROMOTED,DIRECT_CANONICAL_MAPPING
PND,,,,,,,,,,,,,,,,,,,,NOT_AVAILABLE,,,UPCOM,,,,,,,,,,,EXCHANGE_STOCK_LIST_CANDIDATE_NOT_COMMON_EQUITY_PROVEN,UPCOM,hnx_official_equity_universe/v1,,OFFICIAL_CURRENT_STOCK_LIST_CANDIDATE,,false,,UNAVAILABLE_NO_EXACT_SESSION_OBSERVATION,,UNAVAILABLE
PNG,,,,,,,,,,,,,,,,,,,,NOT_AVAILABLE,,,UPCOM,,,,,,,,,,,EXCHANGE_STOCK_LIST_CANDIDATE_NOT_COMMON_EQUITY_PROVEN,UPCOM,hnx_official_equity_universe/v1,,OFFICIAL_CURRENT_STOCK_LIST_CANDIDATE,,false,,UNAVAILABLE_NO_EXACT_SESSION_OBSERVATION,,UNAVAILABLE
PNJ,2026-10-01,24.75,-0.06954887218045114,,,,,,,,,,,,,,,,,BELOW_MA20_MOMENTUM_NEGATIVE,,2026-10-01T16:19:50.765598+07:00,HSX,corporate,,,,,,,2026-10-01,2026-10-01,0,OFFICIAL_STOCK_MASTER_SECURITY_TYPE_NOT_COMMON_EQUITY_PROVEN,HOSE,hose_public_stock_master/v1,,OFFICIAL_CURRENT_EXCHANGE_SECURITY,,true,,EXACT_SESSION_RETAINED,CURRENT_DESCRIPTIVE_DNSE_REST_ADJUSTED_RETROSPECTIVE_RAW_AS_TRADED_NOT_PROMOTED,DIRECT_CANONICAL_MAPPING
PNP,2026-10-01,19.8,0.05319148936170204,,,,,,,,,,,,,,,,,ABOVE_MA20_MOMENTUM_POSITIVE,,2026-10-01T16:19:50.765598+07:00,UPCOM,,,,,,,,2026-10-01,2026-10-01,0,EXCHANGE_STOCK_LIST_CANDIDATE_NOT_COMMON_EQUITY_PROVEN,UPCOM,hnx_official_equity_universe/v1,,OFFICIAL_CURRENT_STOCK_LIST_CANDIDATE,,true,,EXACT_SESSION_RETAINED,CURRENT_DESCRIPTIVE_DNSE_REST_ADJUSTED_RETROSPECTIVE_RAW_AS_TRADED_NOT_PROMOTED,DIRECT_CANONICAL_MAPPING
PNT,,,,,,,,,,,,,,,,,,,,NOT_AVAILABLE,,,UPCOM,,,,,,,,,,,EXCHANGE_STOCK_LIST_CANDIDATE_NOT_COMMON_EQUITY_PROVEN,UPCOM,hnx_official_equity_universe/v1,,OFFICIAL_CURRENT_STOCK_LIST_CANDIDATE,,false,,UNAVAILABLE_NO_EXACT_SESSION_OBSERVATION,,UNAVAILABLE
POB,2026-10-01,50,,,,,,,,,,,,,,,,,,NOT_AVAILABLE,,2026-10-01T16:19:50.765598+07:00,UPCOM,,,,,,,,2026-10-01,2026-10-01,0,EXCHANGE_STOCK_LIST_CANDIDATE_NOT_COMMON_EQUITY_PROVEN,UPCOM,hnx_official_equity_universe/v1,,OFFICIAL_CURRENT_STOCK_LIST_CANDIDATE,,true,,EXACT_SESSION_RETAINED,CURRENT_DESCRIPTIVE_DNSE_REST_ADJUSTED_RETROSPECTIVE_RAW_AS_TRADED_NOT_PROMOTED,DIRECT_CANONICAL_MAPPING
POM,,,,,,,,,,,,,,,,,,,,NOT_AVAILABLE,,,UPCOM,,,,,,,,,,,EXCHANGE_STOCK_LIST_CANDIDATE_NOT_COMMON_EQUITY_PROVEN,UPCOM,hnx_official_equity_universe/v1,,OFFICIAL_CURRENT_STOCK_LIST_CANDIDATE,,false,,UNAVAILABLE_NO_EXACT_SESSION_OBSERVATION,,UNAVAILABLE
POS,2026-10-01,15,0.013513513513513375,,,,,,,,,,,,,,,,,NEAR_MA20_NEUTRAL,,2026-10-01T16:19:50.765598+07:00,UPCOM,,,,,,,,2026-10-01,2026-10-01,0,EXCHANGE_STOCK_LIST_CANDIDATE_NOT_COMMON_EQUITY_PROVEN,UPCOM,hnx_official_equity_universe/v1,,OFFICIAL_CURRENT_STOCK_LIST_CANDIDATE,,true,,EXACT_SESSION_RETAINED,CURRENT_DESCRIPTIVE_DNSE_REST_ADJUSTED_RETROSPECTIVE_RAW_AS_TRADED_NOT_PROMOTED,DIRECT_CANONICAL_MAPPING
POT,,,,,,,,,,,,,,,,,,,,NOT_AVAILABLE,,,DELISTED,,,,,,,,,,,EXCHANGE_STOCK_LIST_CANDIDATE_NOT_COMMON_EQUITY_PROVEN,HNX_LISTED,hnx_official_equity_universe/v1,,OFFICIAL_CURRENT_STOCK_LIST_CANDIDATE,,false,,UNAVAILABLE_NO_EXACT_SESSION_OBSERVATION,,UNAVAILABLE
POV,2026-10-01,7.3,-0.026666666666666727,,,,,,,,,,,,,,,,,NEAR_MA20_NEUTRAL,,2026-10-01T16:19:50.765598+07:00,UPCOM,,,,,,,,2026-10-01,2026-10-01,0,EXCHANGE_STOCK_LIST_CANDIDATE_NOT_COMMON_EQUITY_PROVEN,UPCOM,hnx_official_equity_universe/v1,,OFFICIAL_CURRENT_STOCK_LIST_CANDIDATE,,true,,EXACT_SESSION_RETAINED,CURRENT_DESCRIPTIVE_DNSE_REST_ADJUSTED_RETROSPECTIVE_RAW_AS_TRADED_NOT_PROMOTED,DIRECT_CANONICAL_MAPPING
POW,2026-10-01,12.9,-0.007692307692307665,,,,,,,,,,,,,,,,,NEAR_MA20_NEUTRAL,,2026-10-01T16:19:50.765598+07:00,HSX,corporate,,,,,,,2026-10-01,2026-10-01,0,OFFICIAL_STOCK_MASTER_SECURITY_TYPE_NOT_COMMON_EQUITY_PROVEN,HOSE,hose_public_stock_master/v1,,OFFICIAL_CURRENT_EXCHANGE_SECURITY,,true,,EXACT_SESSION_RETAINED,CURRENT_DESCRIPTIVE_DNSE_REST_ADJUSTED_RETROSPECTIVE_RAW_AS_TRADED_NOT_PROMOTED,DIRECT_CANONICAL_MAPPING
PPC,2026-10-01,8.6,-0.005780346820809301,,,,,,,,,,,,,,,,,NEAR_MA20_NEUTRAL,,2026-10-01T16:19:50.765598+07:00,HSX,,,,,,,,2026-10-01,2026-10-01,0,OFFICIAL_STOCK_MASTER_SECURITY_TYPE_NOT_COMMON_EQUITY_PROVEN,HOSE,hose_public_stock_master/v1,,OFFICIAL_CURRENT_EXCHANGE_SECURITY,,true,,EXACT_SESSION_RETAINED,CURRENT_DESCRIPTIVE_DNSE_REST_ADJUSTED_RETROSPECTIVE_RAW_AS_TRADED_NOT_PROMOTED,DIRECT_CANONICAL_MAPPING
PPE,,,,,,,,,,,,,,,,,,,,NOT_AVAILABLE,,,DELISTED,,,,,,,,,,,EXCHANGE_STOCK_LIST_CANDIDATE_NOT_COMMON_EQUITY_PROVEN,HNX_LISTED,hnx_official_equity_universe/v1,,OFFICIAL_CURRENT_STOCK_LIST_CANDIDATE,,false,,UNAVAILABLE_NO_EXACT_SESSION_OBSERVATION,,UNAVAILABLE
PPH,2026-10-01,25.6,-0.0038910505836574627,,,,,,,,,,,,,,,,,NEAR_MA20_NEUTRAL,,2026-10-01T16:19:50.765598+07:00,UPCOM,,,,,,,,2026-10-01,2026-10-01,0,EXCHANGE_STOCK_LIST_CANDIDATE_NOT_COMMON_EQUITY_PROVEN,UPCOM,hnx_official_equity_universe/v1,,OFFICIAL_CURRENT_STOCK_LIST_CANDIDATE,,true,,EXACT_SESSION_RETAINED,CURRENT_DESCRIPTIVE_DNSE_REST_ADJUSTED_RETROSPECTIVE_RAW_AS_TRADED_NOT_PROMOTED,DIRECT_CANONICAL_MAPPING
PPI,,,,,,,,,,,,,,,,,,,,NOT_AVAILABLE,,,UPCOM,,,,,,,,,,,EXCHANGE_STOCK_LIST_CANDIDATE_NOT_COMMON_EQUITY_PROVEN,UPCOM,hnx_official_equity_universe/v1,,OFFICIAL_CURRENT_STOCK_LIST_CANDIDATE,,false,,UNAVAILABLE_NO_EXACT_SESSION_OBSERVATION,,UNAVAILABLE
PPP,,,,,,,,,,,,,,,,,,,,NOT_AVAILABLE,,,DELISTED,,,,,,,,,,,EXCHANGE_STOCK_LIST_CANDIDATE_NOT_COMMON_EQUITY_PROVEN,HNX_LISTED,hnx_official_equity_universe/v1,,OFFICIAL_CURRENT_STOCK_LIST_CANDIDATE,,false,,UNAVAILABLE_NO_EXACT_SESSION_OBSERVATION,,UNAVAILABLE
PPS,2026-10-01,10,0.0,,,,,,,,,,,,,,,,,BELOW_MA20_MOMENTUM_NEGATIVE,,2026-10-01T16:19:50.765598+07:00,DELISTED,,,,,,,,2026-10-01,2026-10-01,0,EXCHANGE_STOCK_LIST_CANDIDATE_NOT_COMMON_EQUITY_PROVEN,HNX_LISTED,hnx_official_equity_universe/v1,,OFFICIAL_CURRENT_STOCK_LIST_CANDIDATE,,true,,EXACT_SESSION_RETAINED,CURRENT_DESCRIPTIVE_DNSE_REST_ADJUSTED_RETROSPECTIVE_RAW_AS_TRADED_NOT_PROMOTED,DIRECT_CANONICAL_MAPPING
PPT,2026-10-01,15.2,0.0,,,,,,,,,,,,,,,,,NEAR_MA20_NEUTRAL,,2026-10-01T16:19:50.765598+07:00,DELISTED,,,,,,,,2026-10-01,2026-10-01,0,EXCHANGE_STOCK_LIST_CANDIDATE_NOT_COMMON_EQUITY_PROVEN,HNX_LISTED,hnx_official_equity_universe/v1,,OFFICIAL_CURRENT_STOCK_LIST_CANDIDATE,,true,,EXACT_SESSION_RETAINED,CURRENT_DESCRIPTIVE_DNSE_REST_ADJUSTED_RETROSPECTIVE_RAW_AS_TRADED_NOT_PROMOTED,DIRECT_CANONICAL_MAPPING
PPY,2026-10-01,7,0.0,,,,,,,,,,,,,,,,,NEAR_MA20_NEUTRAL,,2026-10-01T16:19:50.765598+07:00,DELISTED,,,,,,,,2026-10-01,2026-10-01,0,EXCHANGE_STOCK_LIST_CANDIDATE_NOT_COMMON_EQUITY_PROVEN,HNX_LISTED,hnx_official_equity_universe/v1,,OFFICIAL_CURRENT_STOCK_LIST_CANDIDATE,,true,,EXACT_SESSION_RETAINED,CURRENT_DESCRIPTIVE_DNSE_REST_ADJUSTED_RETROSPECTIVE_RAW_AS_TRADED_NOT_PROMOTED,DIRECT_CANONICAL_MAPPING
PRC,2026-10-01,9,-0.09090909090909094,,,,,,,,,,,,,,,,,BELOW_MA20_MOMENTUM_NEGATIVE,,2026-10-01T16:19:50.765598+07:00,DELISTED,,,,,,,,2026-10-01,2026-10-01,0,EXCHANGE_STOCK_LIST_CANDIDATE_NOT_COMMON_EQUITY_PROVEN,HNX_LISTED,hnx_official_equity_universe/v1,,OFFICIAL_CURRENT_STOCK_LIST_CANDIDATE,,true,,EXACT_SESSION_RETAINED,CURRENT_DESCRIPTIVE_DNSE_REST_ADJUSTED_RETROSPECTIVE_RAW_AS_TRADED_NOT_PROMOTED,DIRECT_CANONICAL_MAPPING
PRE,2026-10-01,29.8,-0.006666666666666599,,,,,,,,,,,,,,,,,NEAR_MA20_NEUTRAL,,2026-10-01T16:19:50.765598+07:00,DELISTED,,,,,,,,2026-10-01,2026-10-01,0,EXCHANGE_STOCK_LIST_CANDIDATE_NOT_COMMON_EQUITY_PROVEN,HNX_LISTED,hnx_official_equity_universe/v1,,OFFICIAL_CURRENT_STOCK_LIST_CANDIDATE,,true,,EXACT_SESSION_RETAINED,CURRENT_DESCRIPTIVE_DNSE_REST_ADJUSTED_RETROSPECTIVE_RAW_AS_TRADED_NOT_PROMOTED,DIRECT_CANONICAL_MAPPING
PRO,2026-10-01,6.4,-0.01538461538461533,,,,,,,,,,,,,,,,,NEAR_MA20_NEUTRAL,,2026-10-01T16:19:50.765598+07:00,UPCOM,,,,,,,,2026-10-01,2026-10-01,0,EXCHANGE_STOCK_LIST_CANDIDATE_NOT_COMMON_EQUITY_PROVEN,UPCOM,hnx_official_equity_universe/v1,,OFFICIAL_CURRENT_STOCK_LIST_CANDIDATE,,true,,EXACT_SESSION_RETAINED,CURRENT_DESCRIPTIVE_DNSE_REST_ADJUSTED_RETROSPECTIVE_RAW_AS_TRADED_NOT_PROMOTED,DIRECT_CANONICAL_MAPPING
PRT,2026-10-01,9.6,0.010526315789473717,,,,,,,,,,,,,,,,,ABOVE_MA20_MOMENTUM_NEGATIVE,,2026-10-01T16:19:50.765598+07:00,UPCOM,,,,,,,,2026-10-01,2026-10-01,0,EXCHANGE_STOCK_LIST_CANDIDATE_NOT_COMMON_EQUITY_PROVEN,UPCOM,hnx_official_equity_universe/v1,,OFFICIAL_CURRENT_STOCK_LIST_CANDIDATE,,true,,EXACT_SESSION_RETAINED,CURRENT_DESCRIPTIVE_DNSE_REST_ADJUSTED_RETROSPECTIVE_RAW_AS_TRADED_NOT_PROMOTED,DIRECT_CANONICAL_MAPPING
PSB,2026-10-01,4.9,-0.019999999999999907,,,,,,,,,,,,,,,,,NEAR_MA20_NEUTRAL,,2026-10-01T16:19:50.765598+07:00,UPCOM,,,,,,,,2026-10-01,2026-10-01,0,EXCHANGE_STOCK_LIST_CANDIDATE_NOT_COMMON_EQUITY_PROVEN,UPCOM,hnx_official_equity_universe/v1,,OFFICIAL_CURRENT_STOCK_LIST_CANDIDATE,,true,,EXACT_SESSION_RETAINED,CURRENT_DESCRIPTIVE_DNSE_REST_ADJUSTED_RETROSPECTIVE_RAW_AS_TRADED_NOT_PROMOTED,DIRECT_CANONICAL_MAPPING
PSC,,,,,,,,,,,,,,,,,,,,NOT_AVAILABLE,,,DELISTED,,,,,,,,,,,EXCHANGE_STOCK_LIST_CANDIDATE_NOT_COMMON_EQUITY_PROVEN,HNX_LISTED,hnx_official_equity_universe/v1,,OFFICIAL_CURRENT_STOCK_LIST_CANDIDATE,,false,,UNAVAILABLE_NO_EXACT_SESSION_OBSERVATION,,UNAVAILABLE
PSD,2026-10-01,12.2,-0.02400000000000002,,,,,,,,,,,,,,,,,ABOVE_MA20_MOMENTUM_POSITIVE,,2026-10-01T16:19:50.765598+07:00,DELISTED,,,,,,,,2026-10-01,2026-10-01,0,EXCHANGE_STOCK_LIST_CANDIDATE_NOT_COMMON_EQUITY_PROVEN,HNX_LISTED,hnx_official_equity_universe/v1,,OFFICIAL_CURRENT_STOCK_LIST_CANDIDATE,,true,,EXACT_SESSION_RETAINED,CURRENT_DESCRIPTIVE_DNSE_REST_ADJUSTED_RETROSPECTIVE_RAW_AS_TRADED_NOT_PROMOTED,DIRECT_CANONICAL_MAPPING
PSE,2026-10-01,10.7,-0.01834862385321112,,,,,,,,,,,,,,,,,NEAR_MA20_NEUTRAL,,2026-10-01T16:19:50.765598+07:00,DELISTED,,,,,,,,2026-10-01,2026-10-01,0,EXCHANGE_STOCK_LIST_CANDIDATE_NOT_COMMON_EQUITY_PROVEN,HNX_LISTED,hnx_official_equity_universe/v1,,OFFICIAL_CURRENT_STOCK_LIST_CANDIDATE,,true,,EXACT_SESSION_RETAINED,CURRENT_DESCRIPTIVE_DNSE_REST_ADJUSTED_RETROSPECTIVE_RAW_AS_TRADED_NOT_PROMOTED,DIRECT_CANONICAL_MAPPING
PSG,,,,,,,,,,,,,,,,,,,,NOT_AVAILABLE,,,DELISTED,,,,,,,,,,,INSTRUMENT_CLASS_UNRESOLVED,DELISTED,,,STOCKLOOKUP_ONLY_UNRESOLVED,,false,,UNAVAILABLE_NO_EXACT_SESSION_OBSERVATION,,UNAVAILABLE
PSH,,,,,,,,,,,,,,,,,,,,NOT_AVAILABLE,,,UPCOM,,,,,,,,,,,EXCHANGE_STOCK_LIST_CANDIDATE_NOT_COMMON_EQUITY_PROVEN,UPCOM,hnx_official_equity_universe/v1,,OFFICIAL_CURRENT_STOCK_LIST_CANDIDATE,,false,,UNAVAILABLE_NO_EXACT_SESSION_OBSERVATION,,UNAVAILABLE
PSI,2026-10-01,8,0.012658227848101111,,,,,,,,,,,,,,,,,BELOW_MA20_MOMENTUM_NEGATIVE,,2026-10-01T16:19:50.765598+07:00,DELISTED,,,,,,,,2026-10-01,2026-10-01,0,EXCHANGE_STOCK_LIST_CANDIDATE_NOT_COMMON_EQUITY_PROVEN,HNX_LISTED,hnx_official_equity_universe/v1,,OFFICIAL_CURRENT_STOCK_LIST_CANDIDATE,,true,,EXACT_SESSION_RETAINED,CURRENT_DESCRIPTIVE_DNSE_REST_ADJUSTED_RETROSPECTIVE_RAW_AS_TRADED_NOT_PROMOTED,DIRECT_CANONICAL_MAPPING
PSL,,,,,,,,,,,,,,,,,,,,NOT_AVAILABLE,,,UPCOM,,,,,,,,,,,EXCHANGE_STOCK_LIST_CANDIDATE_NOT_COMMON_EQUITY_PROVEN,UPCOM,hnx_official_equity_universe/v1,,OFFICIAL_CURRENT_STOCK_LIST_CANDIDATE,,false,,UNAVAILABLE_NO_EXACT_SESSION_OBSERVATION,,UNAVAILABLE
PSN,,,,,,,,,,,,,,,,,,,,NOT_AVAILABLE,,,UPCOM,,,,,,,,,,,EXCHANGE_STOCK_LIST_CANDIDATE_NOT_COMMON_EQUITY_PROVEN,UPCOM,hnx_official_equity_universe/v1,,OFFICIAL_CURRENT_STOCK_LIST_CANDIDATE,,false,,UNAVAILABLE_NO_EXACT_SESSION_OBSERVATION,,UNAVAILABLE
PSP,2026-10-01,15,-0.06832298136645976,,,,,,,,,,,,,,,,,BELOW_MA20_MOMENTUM_NEGATIVE,,2026-10-01T16:19:50.765598+07:00,UPCOM,,,,,,,,2026-10-01,2026-10-01,0,EXCHANGE_STOCK_LIST_CANDIDATE_NOT_COMMON_EQUITY_PROVEN,UPCOM,hnx_official_equity_universe/v1,,OFFICIAL_CURRENT_STOCK_LIST_CANDIDATE,,true,,EXACT_SESSION_RETAINED,CURRENT_DESCRIPTIVE_DNSE_REST_ADJUSTED_RETROSPECTIVE_RAW_AS_TRADED_NOT_PROMOTED,DIRECT_CANONICAL_MAPPING
PSW,2026-10-01,7.3,-0.013513513513513598,,,,,,,,,,,,,,,,,NEAR_MA20_NEUTRAL,,2026-10-01T16:19:50.765598+07:00,DELISTED,,,,,,,,2026-10-01,2026-10-01,0,EXCHANGE_STOCK_LIST_CANDIDATE_NOT_COMMON_EQUITY_PROVEN,HNX_LISTED,hnx_official_equity_universe/v1,,OFFICIAL_CURRENT_STOCK_LIST_CANDIDATE,,true,,EXACT_SESSION_RETAINED,CURRENT_DESCRIPTIVE_DNSE_REST_ADJUSTED_RETROSPECTIVE_RAW_AS_TRADED_NOT_PROMOTED,DIRECT_CANONICAL_MAPPING
PTB,2026-10-01,29.1,0.005181347150259086,,,,,,,,,,,,,,,,,NEAR_MA20_NEUTRAL,,2026-10-01T16:19:50.765598+07:00,HSX,,,,,,,,2026-10-01,2026-10-01,0,OFFICIAL_STOCK_MASTER_SECURITY_TYPE_NOT_COMMON_EQUITY_PROVEN,HOSE,hose_public_stock_master/v1,,OFFICIAL_CURRENT_EXCHANGE_SECURITY,,true,,EXACT_SESSION_RETAINED,CURRENT_DESCRIPTIVE_DNSE_REST_ADJUSTED_RETROSPECTIVE_RAW_AS_TRADED_NOT_PROMOTED,DIRECT_CANONICAL_MAPPING
PTC,,,,,,,,,,,,,,,,,,,,NOT_AVAILABLE,,,HSX,,,,,,,,,,,OFFICIAL_STOCK_MASTER_SECURITY_TYPE_NOT_COMMON_EQUITY_PROVEN,HOSE,hose_public_stock_master/v1,,OFFICIAL_CURRENT_EXCHANGE_SECURITY,,false,,UNAVAILABLE_NO_EXACT_SESSION_OBSERVATION,,UNAVAILABLE
PTD,2026-10-01,8,0.012658227848101111,,,,,,,,,,,,,,,,,ABOVE_MA20_MOMENTUM_POSITIVE,,2026-10-01T16:19:50.765598+07:00,DELISTED,,,,,,,,2026-10-01,2026-10-01,0,EXCHANGE_STOCK_LIST_CANDIDATE_NOT_COMMON_EQUITY_PROVEN,HNX_LISTED,hnx_official_equity_universe/v1,,OFFICIAL_CURRENT_STOCK_LIST_CANDIDATE,,true,,EXACT_SESSION_RETAINED,CURRENT_DESCRIPTIVE_DNSE_REST_ADJUSTED_RETROSPECTIVE_RAW_AS_TRADED_NOT_PROMOTED,DIRECT_CANONICAL_MAPPING
PTE,,,,,,,,,,,,,,,,,,,,NOT_AVAILABLE,,,UPCOM,,,,,,,,,,,EXCHANGE_STOCK_LIST_CANDIDATE_NOT_COMMON_EQUITY_PROVEN,UPCOM,hnx_official_equity_universe/v1,,OFFICIAL_CURRENT_STOCK_LIST_CANDIDATE,,false,,UNAVAILABLE_NO_EXACT_SESSION_OBSERVATION,,UNAVAILABLE
PTG,,,,,,,,,,,,,,,,,,,,NOT_AVAILABLE,,,UPCOM,,,,,,,,,,,EXCHANGE_STOCK_LIST_CANDIDATE_NOT_COMMON_EQUITY_PROVEN,UPCOM,hnx_official_equity_universe/v1,,OFFICIAL_CURRENT_STOCK_LIST_CANDIDATE,,false,,UNAVAILABLE_NO_EXACT_SESSION_OBSERVATION,,UNAVAILABLE
PTH,,,,,,,,,,,,,,,,,,,,NOT_AVAILABLE,,,UPCOM,,,,,,,,,,,EXCHANGE_STOCK_LIST_CANDIDATE_NOT_COMMON_EQUITY_PROVEN,UPCOM,hnx_official_equity_universe/v1,,OFFICIAL_CURRENT_STOCK_LIST_CANDIDATE,,false,,UNAVAILABLE_NO_EXACT_SESSION_OBSERVATION,,UNAVAILABLE
PTI,,,,,,,,,,,,,,,,,,,,NOT_AVAILABLE,,,DELISTED,,,,,,,,,,,EXCHANGE_STOCK_LIST_CANDIDATE_NOT_COMMON_EQUITY_PROVEN,HNX_LISTED,hnx_official_equity_universe/v1,,OFFICIAL_CURRENT_STOCK_LIST_CANDIDATE,,false,,UNAVAILABLE_NO_EXACT_SESSION_OBSERVATION,,UNAVAILABLE
PTL,2026-10-01,1.73,0.0,,,,,,,,,,,,,,,,,NEAR_MA20_NEUTRAL,,2026-10-01T16:19:50.765598+07:00,HSX,,,,,,,,2026-10-01,2026-10-01,0,OFFICIAL_STOCK_MASTER_SECURITY_TYPE_NOT_COMMON_EQUITY_PROVEN,HOSE,hose_public_stock_master/v1,,OFFICIAL_CURRENT_EXCHANGE_SECURITY,,true,,EXACT_SESSION_RETAINED,CURRENT_DESCRIPTIVE_DNSE_REST_ADJUSTED_RETROSPECTIVE_RAW_AS_TRADED_NOT_PROMOTED,DIRECT_CANONICAL_MAPPING
PTM,2026-10-01,10.4,0.040000000000000036,,,,,,,,,,,,,,,,,BELOW_MA20_MOMENTUM_NEGATIVE,,2026-10-01T16:19:50.765598+07:00,UPCOM,,,,,,,,2026-10-01,2026-10-01,0,EXCHANGE_STOCK_LIST_CANDIDATE_NOT_COMMON_EQUITY_PROVEN,UPCOM,hnx_official_equity_universe/v1,,OFFICIAL_CURRENT_STOCK_LIST_CANDIDATE,,true,,EXACT_SESSION_RETAINED,CURRENT_DESCRIPTIVE_DNSE_REST_ADJUSTED_RETROSPECTIVE_RAW_AS_TRADED_NOT_PROMOTED,DIRECT_CANONICAL_MAPPING
PTN,,,,,,,,,,,,,,,,,,,,NOT_AVAILABLE,,,DELISTED,,,,,,,,,,,INSTRUMENT_CLASS_UNRESOLVED,DELISTED,,,STOCKLOOKUP_ONLY_UNRESOLVED,,false,,UNAVAILABLE_NO_EXACT_SESSION_OBSERVATION,,UNAVAILABLE
PTO,,,,,,,,,,,,,,,,,,,,NOT_AVAILABLE,,,UPCOM,,,,,,,,,,,EXCHANGE_STOCK_LIST_CANDIDATE_NOT_COMMON_EQUITY_PROVEN,UPCOM,hnx_official_equity_universe/v1,,OFFICIAL_CURRENT_STOCK_LIST_CANDIDATE,,false,,UNAVAILABLE_NO_EXACT_SESSION_OBSERVATION,,UNAVAILABLE
PTP,,,,,,,,,,,,,,,,,,,,NOT_AVAILABLE,,,UPCOM,,,,,,,,,,,EXCHANGE_STOCK_LIST_CANDIDATE_NOT_COMMON_EQUITY_PROVEN,UPCOM,hnx_official_equity_universe/v1,,OFFICIAL_CURRENT_STOCK_LIST_CANDIDATE,,false,,UNAVAILABLE_NO_EXACT_SESSION_OBSERVATION,,UNAVAILABLE
PTS,2026-10-01,9.7,0.01041666666666674,,,,,,,,,,,,,,,,,NEAR_MA20_NEUTRAL,,2026-10-01T16:19:50.765598+07:00,DELISTED,,,,,,,,2026-10-01,2026-10-01,0,EXCHANGE_STOCK_LIST_CANDIDATE_NOT_COMMON_EQUITY_PROVEN,HNX_LISTED,hnx_official_equity_universe/v1,,OFFICIAL_CURRENT_STOCK_LIST_CANDIDATE,,true,,EXACT_SESSION_RETAINED,CURRENT_DESCRIPTIVE_DNSE_REST_ADJUSTED_RETROSPECTIVE_RAW_AS_TRADED_NOT_PROMOTED,DIRECT_CANONICAL_MAPPING
PTT,,,,,,,,,,,,,,,,,,,,NOT_AVAILABLE,,,UPCOM,,,,,,,,,,,EXCHANGE_STOCK_LIST_CANDIDATE_NOT_COMMON_EQUITY_PROVEN,UPCOM,hnx_official_equity_universe/v1,,OFFICIAL_CURRENT_STOCK_LIST_CANDIDATE,,false,,UNAVAILABLE_NO_EXACT_SESSION_OBSERVATION,,UNAVAILABLE
PTV,2026-10-01,4.3,-0.06521739130434778,,,,,,,,,,,,,,,,,BELOW_MA20_MOMENTUM_NEGATIVE,,2026-10-01T16:19:50.765598+07:00,UPCOM,,,,,,,,2026-10-01,2026-10-01,0,EXCHANGE_STOCK_LIST_CANDIDATE_NOT_COMMON_EQUITY_PROVEN,UPCOM,hnx_official_equity_universe/v1,,OFFICIAL_CURRENT_STOCK_LIST_CANDIDATE,,true,,EXACT_SESSION_RETAINED,CURRENT_DESCRIPTIVE_DNSE_REST_ADJUSTED_RETROSPECTIVE_RAW_AS_TRADED_NOT_PROMOTED,DIRECT_CANONICAL_MAPPING
PTX,,,,,,,,,,,,,,,,,,,,NOT_AVAILABLE,,,DELISTED,,,,,,,,,,,EXCHANGE_STOCK_LIST_CANDIDATE_NOT_COMMON_EQUITY_PROVEN,HNX_LISTED,hnx_official_equity_universe/v1,,OFFICIAL_CURRENT_STOCK_LIST_CANDIDATE,,false,,UNAVAILABLE_NO_EXACT_SESSION_OBSERVATION,,UNAVAILABLE
PV2,2026-10-01,2.4,0.09090909090909083,,,,,,,,,,,,,,,,,ABOVE_MA20_MOMENTUM_POSITIVE,,2026-10-01T16:19:50.765598+07:00,DELISTED,,,,,,,,2026-10-01,2026-10-01,0,EXCHANGE_STOCK_LIST_CANDIDATE_NOT_COMMON_EQUITY_PROVEN,HNX_LISTED,hnx_official_equity_universe/v1,,OFFICIAL_CURRENT_STOCK_LIST_CANDIDATE,,true,,EXACT_SESSION_RETAINED,CURRENT_DESCRIPTIVE_DNSE_REST_ADJUSTED_RETROSPECTIVE_RAW_AS_TRADED_NOT_PROMOTED,DIRECT_CANONICAL_MAPPING
PVA,,,,,,,,,,,,,,,,,,,,NOT_AVAILABLE,,,DELISTED,,,,,,,,,,,INSTRUMENT_CLASS_UNRESOLVED,DELISTED,,,STOCKLOOKUP_ONLY_UNRESOLVED,,false,,UNAVAILABLE_NO_EXACT_SESSION_OBSERVATION,,UNAVAILABLE
PVB,2026-10-01,21,0.004784688995215447,,,,,,,,,,,,,,,,,BELOW_MA20_MOMENTUM_NEGATIVE,,2026-10-01T16:19:50.765598+07:00,DELISTED,,,,,,,,2026-10-01,2026-10-01,0,EXCHANGE_STOCK_LIST_CANDIDATE_NOT_COMMON_EQUITY_PROVEN,HNX_LISTED,hnx_official_equity_universe/v1,,OFFICIAL_CURRENT_STOCK_LIST_CANDIDATE,,true,,EXACT_SESSION_RETAINED,CURRENT_DESCRIPTIVE_DNSE_REST_ADJUSTED_RETROSPECTIVE_RAW_AS_TRADED_NOT_PROMOTED,DIRECT_CANONICAL_MAPPING
PVC,2026-10-01,12.3,0.00819672131147553,,,,,,,,,,,,,,,,,NEAR_MA20_NEUTRAL,,2026-10-01T16:19:50.765598+07:00,DELISTED,,,,,,,,2026-10-01,2026-10-01,0,EXCHANGE_STOCK_LIST_CANDIDATE_NOT_COMMON_EQUITY_PROVEN,HNX_LISTED,hnx_official_equity_universe/v1,,OFFICIAL_CURRENT_STOCK_LIST_CANDIDATE,,true,,EXACT_SESSION_RETAINED,CURRENT_DESCRIPTIVE_DNSE_REST_ADJUSTED_RETROSPECTIVE_RAW_AS_TRADED_NOT_PROMOTED,DIRECT_CANONICAL_MAPPING
PVD,2026-10-01,18.35,0.002732240437158584,,,,,,,,,,,,,,,,,BELOW_MA20_MOMENTUM_NEGATIVE,,2026-10-01T16:19:50.765598+07:00,HSX,corporate,,,,,,,2026-10-01,2026-10-01,0,OFFICIAL_STOCK_MASTER_SECURITY_TYPE_NOT_COMMON_EQUITY_PROVEN,HOSE,hose_public_stock_master/v1,,OFFICIAL_CURRENT_EXCHANGE_SECURITY,,true,,EXACT_SESSION_RETAINED,CURRENT_DESCRIPTIVE_DNSE_REST_ADJUSTED_RETROSPECTIVE_RAW_AS_TRADED_NOT_PROMOTED,DIRECT_CANONICAL_MAPPING
PVE,,,,,,,,,,,,,,,,,,,,NOT_AVAILABLE,,,UPCOM,,,,,,,,,,,EXCHANGE_STOCK_LIST_CANDIDATE_NOT_COMMON_EQUITY_PROVEN,UPCOM,hnx_official_equity_universe/v1,,OFFICIAL_CURRENT_STOCK_LIST_CANDIDATE,,false,,UNAVAILABLE_NO_EXACT_SESSION_OBSERVATION,,UNAVAILABLE
PVG,2026-10-01,6,0.0,,,,,,,,,,,,,,,,,NEAR_MA20_NEUTRAL,,2026-10-01T16:19:50.765598+07:00,DELISTED,,,,,,,,2026-10-01,2026-10-01,0,EXCHANGE_STOCK_LIST_CANDIDATE_NOT_COMMON_EQUITY_PROVEN,HNX_LISTED,hnx_official_equity_universe/v1,,OFFICIAL_CURRENT_STOCK_LIST_CANDIDATE,,true,,EXACT_SESSION_RETAINED,CURRENT_DESCRIPTIVE_DNSE_REST_ADJUSTED_RETROSPECTIVE_RAW_AS_TRADED_NOT_PROMOTED,DIRECT_CANONICAL_MAPPING
PVH,,,,,,,,,,,,,,,,,,,,NOT_AVAILABLE,,,UPCOM,,,,,,,,,,,EXCHANGE_STOCK_LIST_CANDIDATE_NOT_COMMON_EQUITY_PROVEN,UPCOM,hnx_official_equity_universe/v1,,OFFICIAL_CURRENT_STOCK_LIST_CANDIDATE,,false,,UNAVAILABLE_NO_EXACT_SESSION_OBSERVATION,,UNAVAILABLE
PVI,2026-10-01,66.3,-0.00300751879699257,,,,,,,,,,,,,,,,,NEAR_MA20_NEUTRAL,,2026-10-01T16:19:50.765598+07:00,DELISTED,,,,,,,,2026-10-01,2026-10-01,0,EXCHANGE_STOCK_LIST_CANDIDATE_NOT_COMMON_EQUITY_PROVEN,HNX_LISTED,hnx_official_equity_universe/v1,,OFFICIAL_CURRENT_STOCK_LIST_CANDIDATE,,true,,EXACT_SESSION_RETAINED,CURRENT_DESCRIPTIVE_DNSE_REST_ADJUSTED_RETROSPECTIVE_RAW_AS_TRADED_NOT_PROMOTED,DIRECT_CANONICAL_MAPPING
PVL,,,,,,,,,,,,,,,,,,,,NOT_AVAILABLE,,,UPCOM,,,,,,,,,,,EXCHANGE_STOCK_LIST_CANDIDATE_NOT_COMMON_EQUITY_PROVEN,UPCOM,hnx_official_equity_universe/v1,,OFFICIAL_CURRENT_STOCK_LIST_CANDIDATE,,false,,UNAVAILABLE_NO_EXACT_SESSION_OBSERVATION,,UNAVAILABLE
PVM,,,,,,,,,,,,,,,,,,,,NOT_AVAILABLE,,,UPCOM,,,,,,,,,,,EXCHANGE_STOCK_LIST_CANDIDATE_NOT_COMMON_EQUITY_PROVEN,UPCOM,hnx_official_equity_universe/v1,,OFFICIAL_CURRENT_STOCK_LIST_CANDIDATE,,false,,UNAVAILABLE_NO_EXACT_SESSION_OBSERVATION,,UNAVAILABLE
PVO,2026-10-01,6,0.034482758620689724,,,,,,,,,,,,,,,,,ABOVE_MA20_MOMENTUM_POSITIVE,,2026-10-01T16:19:50.765598+07:00,UPCOM,,,,,,,,2026-10-01,2026-10-01,0,EXCHANGE_STOCK_LIST_CANDIDATE_NOT_COMMON_EQUITY_PROVEN,UPCOM,hnx_official_equity_universe/v1,,OFFICIAL_CURRENT_STOCK_LIST_CANDIDATE,,true,,EXACT_SESSION_RETAINED,CURRENT_DESCRIPTIVE_DNSE_REST_ADJUSTED_RETROSPECTIVE_RAW_AS_TRADED_NOT_PROMOTED,DIRECT_CANONICAL_MAPPING
PVP,2026-10-01,21.6,0.03349282296650724,,,,,,,,,,,,,,,,,ABOVE_MA20_MOMENTUM_POSITIVE,,2026-10-01T16:19:50.765598+07:00,HSX,,,,,,,,2026-10-01,2026-10-01,0,OFFICIAL_STOCK_MASTER_SECURITY_TYPE_NOT_COMMON_EQUITY_PROVEN,HOSE,hose_public_stock_master/v1,,OFFICIAL_CURRENT_EXCHANGE_SECURITY,,true,,EXACT_SESSION_RETAINED,CURRENT_DESCRIPTIVE_DNSE_REST_ADJUSTED_RETROSPECTIVE_RAW_AS_TRADED_NOT_PROMOTED,DIRECT_CANONICAL_MAPPING
PVR,,,,,,,,,,,,,,,,,,,,NOT_AVAILABLE,,,UPCOM,,,,,,,,,,,EXCHANGE_STOCK_LIST_CANDIDATE_NOT_COMMON_EQUITY_PROVEN,UPCOM,hnx_official_equity_universe/v1,,OFFICIAL_CURRENT_STOCK_LIST_CANDIDATE,,false,,UNAVAILABLE_NO_EXACT_SESSION_OBSERVATION,,UNAVAILABLE
PVS,2026-10-01,34,0.014925373134328401,,,,,,,,,,,,,,,,,ABOVE_MA20_MOMENTUM_POSITIVE,,2026-10-01T16:19:50.765598+07:00,DELISTED,,,,,,,,2026-10-01,2026-10-01,0,EXCHANGE_STOCK_LIST_CANDIDATE_NOT_COMMON_EQUITY_PROVEN,HNX_LISTED,hnx_official_equity_universe/v1,,OFFICIAL_CURRENT_STOCK_LIST_CANDIDATE,,true,,EXACT_SESSION_RETAINED,CURRENT_DESCRIPTIVE_DNSE_REST_ADJUSTED_RETROSPECTIVE_RAW_AS_TRADED_NOT_PROMOTED,DIRECT_CANONICAL_MAPPING
PVT,2026-10-01,23.75,-0.0021008403361344463,,,,,,,,,,,,,,,,,ABOVE_MA20_MOMENTUM_POSITIVE,,2026-10-01T16:19:50.765598+07:00,HSX,,,,,,,,2026-10-01,2026-10-01,0,OFFICIAL_STOCK_MASTER_SECURITY_TYPE_NOT_COMMON_EQUITY_PROVEN,HOSE,hose_public_stock_master/v1,,OFFICIAL_CURRENT_EXCHANGE_SECURITY,,true,,EXACT_SESSION_RETAINED,CURRENT_DESCRIPTIVE_DNSE_REST_ADJUSTED_RETROSPECTIVE_RAW_AS_TRADED_NOT_PROMOTED,DIRECT_CANONICAL_MAPPING
PVV,,,,,,,,,,,,,,,,,,,,NOT_AVAILABLE,,,UPCOM,,,,,,,,,,,EXCHANGE_STOCK_LIST_CANDIDATE_NOT_COMMON_EQUITY_PROVEN,UPCOM,hnx_official_equity_universe/v1,,OFFICIAL_CURRENT_STOCK_LIST_CANDIDATE,,false,,UNAVAILABLE_NO_EXACT_SESSION_OBSERVATION,,UNAVAILABLE
PVX,,,,,,,,,,,,,,,,,,,,NOT_AVAILABLE,,,UPCOM,,,,,,,,,,,EXCHANGE_STOCK_LIST_CANDIDATE_NOT_COMMON_EQUITY_PROVEN,UPCOM,hnx_official_equity_universe/v1,,OFFICIAL_CURRENT_STOCK_LIST_CANDIDATE,,false,,UNAVAILABLE_NO_EXACT_SESSION_OBSERVATION,,UNAVAILABLE
PVY,,,,,,,,,,,,,,,,,,,,NOT_AVAILABLE,,,UPCOM,,,,,,,,,,,EXCHANGE_STOCK_LIST_CANDIDATE_NOT_COMMON_EQUITY_PROVEN,UPCOM,hnx_official_equity_universe/v1,,OFFICIAL_CURRENT_STOCK_LIST_CANDIDATE,,false,,UNAVAILABLE_NO_EXACT_SESSION_OBSERVATION,,UNAVAILABLE
PWA,2026-10-01,5.7,0.14000000000000012,,,,,,,,,,,,,,,,,NEAR_MA20_NEUTRAL,,2026-10-01T16:19:50.765598+07:00,UPCOM,,,,,,,,2026-10-01,2026-10-01,0,EXCHANGE_STOCK_LIST_CANDIDATE_NOT_COMMON_EQUITY_PROVEN,UPCOM,hnx_official_equity_universe/v1,,OFFICIAL_CURRENT_STOCK_LIST_CANDIDATE,,true,,EXACT_SESSION_RETAINED,CURRENT_DESCRIPTIVE_DNSE_REST_ADJUSTED_RETROSPECTIVE_RAW_AS_TRADED_NOT_PROMOTED,DIRECT_CANONICAL_MAPPING
PWS,,,,,,,,,,,,,,,,,,,,NOT_AVAILABLE,,,UPCOM,,,,,,,,,,,EXCHANGE_STOCK_LIST_CANDIDATE_NOT_COMMON_EQUITY_PROVEN,UPCOM,hnx_official_equity_universe/v1,,OFFICIAL_CURRENT_STOCK_LIST_CANDIDATE,,false,,UNAVAILABLE_NO_EXACT_SESSION_OBSERVATION,,UNAVAILABLE
PX1,,,,,,,,,,,,,,,,,,,,NOT_AVAILABLE,,,DELISTED,,,,,,,,,,,INSTRUMENT_CLASS_UNRESOLVED,DELISTED,,,STOCKLOOKUP_ONLY_UNRESOLVED,,false,,UNAVAILABLE_NO_EXACT_SESSION_OBSERVATION,,UNAVAILABLE
PXA,,,,,,,,,,,,,,,,,,,,NOT_AVAILABLE,,,UPCOM,,,,,,,,,,,EXCHANGE_STOCK_LIST_CANDIDATE_NOT_COMMON_EQUITY_PROVEN,UPCOM,hnx_official_equity_universe/v1,,OFFICIAL_CURRENT_STOCK_LIST_CANDIDATE,,false,,UNAVAILABLE_NO_EXACT_SESSION_OBSERVATION,,UNAVAILABLE
PXC,,,,,,,,,,,,,,,,,,,,NOT_AVAILABLE,,,DELISTED,,,,,,,,,,,INSTRUMENT_CLASS_UNRESOLVED,DELISTED,,,STOCKLOOKUP_ONLY_UNRESOLVED,,false,,UNAVAILABLE_NO_EXACT_SESSION_OBSERVATION,,UNAVAILABLE
PXI,,,,,,,,,,,,,,,,,,,,NOT_AVAILABLE,,,UPCOM,,,,,,,,,,,EXCHANGE_STOCK_LIST_CANDIDATE_NOT_COMMON_EQUITY_PROVEN,UPCOM,hnx_official_equity_universe/v1,,OFFICIAL_CURRENT_STOCK_LIST_CANDIDATE,,false,,UNAVAILABLE_NO_EXACT_SESSION_OBSERVATION,,UNAVAILABLE
PXL,2026-10-01,10.6,-0.009345794392523366,,,,,,,,,,,,,,,,,ABOVE_MA20_MOMENTUM_NEGATIVE,,2026-10-01T16:19:50.765598+07:00,UPCOM,,,,,,,,2026-10-01,2026-10-01,0,EXCHANGE_STOCK_LIST_CANDIDATE_NOT_COMMON_EQUITY_PROVEN,UPCOM,hnx_official_equity_universe/v1,,OFFICIAL_CURRENT_STOCK_LIST_CANDIDATE,,true,,EXACT_SESSION_RETAINED,CURRENT_DESCRIPTIVE_DNSE_REST_ADJUSTED_RETROSPECTIVE_RAW_AS_TRADED_NOT_PROMOTED,DIRECT_CANONICAL_MAPPING
PXM,,,,,,,,,,,,,,,,,,,,NOT_AVAILABLE,,,UPCOM,,,,,,,,,,,EXCHANGE_STOCK_LIST_CANDIDATE_NOT_COMMON_EQUITY_PROVEN,UPCOM,hnx_official_equity_universe/v1,,OFFICIAL_CURRENT_STOCK_LIST_CANDIDATE,,false,,UNAVAILABLE_NO_EXACT_SESSION_OBSERVATION,,UNAVAILABLE
PXS,,,,,,,,,,,,,,,,,,,,NOT_AVAILABLE,,,UPCOM,,,,,,,,,,,EXCHANGE_STOCK_LIST_CANDIDATE_NOT_COMMON_EQUITY_PROVEN,UPCOM,hnx_official_equity_universe/v1,,OFFICIAL_CURRENT_STOCK_LIST_CANDIDATE,,false,,UNAVAILABLE_NO_EXACT_SESSION_OBSERVATION,,UNAVAILABLE
PXT,,,,,,,,,,,,,,,,,,,,NOT_AVAILABLE,,,UPCOM,,,,,,,,,,,EXCHANGE_STOCK_LIST_CANDIDATE_NOT_COMMON_EQUITY_PROVEN,UPCOM,hnx_official_equity_universe/v1,,OFFICIAL_CURRENT_STOCK_LIST_CANDIDATE,,false,,UNAVAILABLE_NO_EXACT_SESSION_OBSERVATION,,UNAVAILABLE
QBS,,,,,,,,,,,,,,,,,,,,NOT_AVAILABLE,,,UPCOM,,,,,,,,,,,EXCHANGE_STOCK_LIST_CANDIDATE_NOT_COMMON_EQUITY_PROVEN,UPCOM,hnx_official_equity_universe/v1,,OFFICIAL_CURRENT_STOCK_LIST_CANDIDATE,,false,,UNAVAILABLE_NO_EXACT_SESSION_OBSERVATION,,UNAVAILABLE
QCC,,,,,,,,,,,,,,,,,,,,NOT_AVAILABLE,,,UPCOM,,,,,,,,,,,EXCHANGE_STOCK_LIST_CANDIDATE_NOT_COMMON_EQUITY_PROVEN,UPCOM,hnx_official_equity_universe/v1,,OFFICIAL_CURRENT_STOCK_LIST_CANDIDATE,,false,,UNAVAILABLE_NO_EXACT_SESSION_OBSERVATION,,UNAVAILABLE
QCG,2026-10-01,9.5,-0.005235602094240899,,,,,,,,,,,,,,,,,BELOW_MA20_MOMENTUM_NEGATIVE,,2026-10-01T16:19:50.765598+07:00,HSX,,,,,,,,2026-10-01,2026-10-01,0,OFFICIAL_STOCK_MASTER_SECURITY_TYPE_NOT_COMMON_EQUITY_PROVEN,HOSE,hose_public_stock_master/v1,,OFFICIAL_CURRENT_EXCHANGE_SECURITY,,true,,EXACT_SESSION_RETAINED,CURRENT_DESCRIPTIVE_DNSE_REST_ADJUSTED_RETROSPECTIVE_RAW_AS_TRADED_NOT_PROMOTED,DIRECT_CANONICAL_MAPPING
QHD,,,,,,,,,,,,,,,,,,,,NOT_AVAILABLE,,,DELISTED,,,,,,,,,,,EXCHANGE_STOCK_LIST_CANDIDATE_NOT_COMMON_EQUITY_PROVEN,HNX_LISTED,hnx_official_equity_universe/v1,,OFFICIAL_CURRENT_STOCK_LIST_CANDIDATE,,false,,UNAVAILABLE_NO_EXACT_SESSION_OBSERVATION,,UNAVAILABLE
QHW,,,,,,,,,,,,,,,,,,,,NOT_AVAILABLE,,,UPCOM,,,,,,,,,,,EXCHANGE_STOCK_LIST_CANDIDATE_NOT_COMMON_EQUITY_PROVEN,UPCOM,hnx_official_equity_universe/v1,,OFFICIAL_CURRENT_STOCK_LIST_CANDIDATE,,false,,UNAVAILABLE_NO_EXACT_SESSION_OBSERVATION,,UNAVAILABLE
QLD,,,,,,,,,,,,,,,,,,,,NOT_AVAILABLE,,,DELISTED,,,,,,,,,,,INSTRUMENT_CLASS_UNRESOLVED,DELISTED,,,STOCKLOOKUP_ONLY_UNRESOLVED,,false,,UNAVAILABLE_NO_EXACT_SESSION_OBSERVATION,,UNAVAILABLE
QLT,,,,,,,,,,,,,,,,,,,,NOT_AVAILABLE,,,DELISTED,,,,,,,,,,,INSTRUMENT_CLASS_UNRESOLVED,DELISTED,,,STOCKLOOKUP_ONLY_UNRESOLVED,,false,,UNAVAILABLE_NO_EXACT_SESSION_OBSERVATION,,UNAVAILABLE
QNC,,,,,,,,,,,,,,,,,,,,NOT_AVAILABLE,,,UPCOM,,,,,,,,,,,EXCHANGE_STOCK_LIST_CANDIDATE_NOT_COMMON_EQUITY_PROVEN,UPCOM,hnx_official_equity_universe/v1,,OFFICIAL_CURRENT_STOCK_LIST_CANDIDATE,,false,,UNAVAILABLE_NO_EXACT_SESSION_OBSERVATION,,UNAVAILABLE
QNP,2026-10-01,30.5,-0.006514657980456029,,,,,,,,,,,,,,,,,BELOW_MA20_MOMENTUM_NEGATIVE,,2026-10-01T16:19:50.765598+07:00,HSX,,,,,,,,2026-10-01,2026-10-01,0,OFFICIAL_STOCK_MASTER_SECURITY_TYPE_NOT_COMMON_EQUITY_PROVEN,HOSE,hose_public_stock_master/v1,,OFFICIAL_CURRENT_EXCHANGE_SECURITY,,true,,EXACT_SESSION_RETAINED,CURRENT_DESCRIPTIVE_DNSE_REST_ADJUSTED_RETROSPECTIVE_RAW_AS_TRADED_NOT_PROMOTED,DIRECT_CANONICAL_MAPPING
QNS,2026-10-01,51.8,0.011718749999999778,,,,,,,,,,,,,,,,,ABOVE_MA20_MOMENTUM_POSITIVE,,2026-10-01T16:19:50.765598+07:00,UPCOM,corporate,,,,,,,2026-10-01,2026-10-01,0,EXCHANGE_STOCK_LIST_CANDIDATE_NOT_COMMON_EQUITY_PROVEN,UPCOM,hnx_official_equity_universe/v1,,OFFICIAL_CURRENT_STOCK_LIST_CANDIDATE,,true,,EXACT_SESSION_RETAINED,CURRENT_DESCRIPTIVE_DNSE_REST_ADJUSTED_RETROSPECTIVE_RAW_AS_TRADED_NOT_PROMOTED,DIRECT_CANONICAL_MAPPING
QNT,,,,,,,,,,,,,,,,,,,,NOT_AVAILABLE,,,UPCOM,,,,,,,,,,,EXCHANGE_STOCK_LIST_CANDIDATE_NOT_COMMON_EQUITY_PROVEN,UPCOM,hnx_official_equity_universe/v1,,OFFICIAL_CURRENT_STOCK_LIST_CANDIDATE,,false,,UNAVAILABLE_NO_EXACT_SESSION_OBSERVATION,,UNAVAILABLE
QNU,,,,,,,,,,,,,,,,,,,,NOT_AVAILABLE,,,UPCOM,,,,,,,,,,,EXCHANGE_STOCK_LIST_CANDIDATE_NOT_COMMON_EQUITY_PROVEN,UPCOM,hnx_official_equity_universe/v1,,OFFICIAL_CURRENT_STOCK_LIST_CANDIDATE,,false,,UNAVAILABLE_NO_EXACT_SESSION_OBSERVATION,,UNAVAILABLE
QNW,,,,,,,,,,,,,,,,,,,,NOT_AVAILABLE,,,UPCOM,,,,,,,,,,,EXCHANGE_STOCK_LIST_CANDIDATE_NOT_COMMON_EQUITY_PROVEN,UPCOM,hnx_official_equity_universe/v1,,OFFICIAL_CURRENT_STOCK_LIST_CANDIDATE,,false,,UNAVAILABLE_NO_EXACT_SESSION_OBSERVATION,,UNAVAILABLE
QPH,,,,,,,,,,,,,,,,,,,,NOT_AVAILABLE,,,UPCOM,,,,,,,,,,,EXCHANGE_STOCK_LIST_CANDIDATE_NOT_COMMON_EQUITY_PROVEN,UPCOM,hnx_official_equity_universe/v1,,OFFICIAL_CURRENT_STOCK_LIST_CANDIDATE,,false,,UNAVAILABLE_NO_EXACT_SESSION_OBSERVATION,,UNAVAILABLE
QSP,,,,,,,,,,,,,,,,,,,,NOT_AVAILABLE,,,UPCOM,,,,,,,,,,,EXCHANGE_STOCK_LIST_CANDIDATE_NOT_COMMON_EQUITY_PROVEN,UPCOM,hnx_official_equity_universe/v1,,OFFICIAL_CURRENT_STOCK_LIST_CANDIDATE,,false,,UNAVAILABLE_NO_EXACT_SESSION_OBSERVATION,,UNAVAILABLE
QST,2026-10-01,21,0.0,,,,,,,,,,,,,,,,,BELOW_MA20_MOMENTUM_NEGATIVE,,2026-10-01T16:19:50.765598+07:00,DELISTED,,,,,,,,2026-10-01,2026-10-01,0,EXCHANGE_STOCK_LIST_CANDIDATE_NOT_COMMON_EQUITY_PROVEN,HNX_LISTED,hnx_official_equity_universe/v1,,OFFICIAL_CURRENT_STOCK_LIST_CANDIDATE,,true,,EXACT_SESSION_RETAINED,CURRENT_DESCRIPTIVE_DNSE_REST_ADJUSTED_RETROSPECTIVE_RAW_AS_TRADED_NOT_PROMOTED,DIRECT_CANONICAL_MAPPING
QTC,,,,,,,,,,,,,,,,,,,,NOT_AVAILABLE,,,DELISTED,,,,,,,,,,,EXCHANGE_STOCK_LIST_CANDIDATE_NOT_COMMON_EQUITY_PROVEN,HNX_LISTED,hnx_official_equity_universe/v1,,OFFICIAL_CURRENT_STOCK_LIST_CANDIDATE,,false,,UNAVAILABLE_NO_EXACT_SESSION_OBSERVATION,,UNAVAILABLE
QTP,2026-10-01,10.8,0.0,,,,,,,,,,,,,,,,,NEAR_MA20_NEUTRAL,,2026-10-01T16:19:50.765598+07:00,UPCOM,,,,,,,,2026-10-01,2026-10-01,0,EXCHANGE_STOCK_LIST_CANDIDATE_NOT_COMMON_EQUITY_PROVEN,UPCOM,hnx_official_equity_universe/v1,,OFFICIAL_CURRENT_STOCK_LIST_CANDIDATE,,true,,EXACT_SESSION_RETAINED,CURRENT_DESCRIPTIVE_DNSE_REST_ADJUSTED_RETROSPECTIVE_RAW_AS_TRADED_NOT_PROMOTED,DIRECT_CANONICAL_MAPPING
RAL,2026-10-01,74,0.006802721088435382,,,,,,,,,,,,,,,,,NEAR_MA20_NEUTRAL,,2026-10-01T16:19:50.765598+07:00,HSX,,,,,,,,2026-10-01,2026-10-01,0,OFFICIAL_STOCK_MASTER_SECURITY_TYPE_NOT_COMMON_EQUITY_PROVEN,HOSE,hose_public_stock_master/v1,,OFFICIAL_CURRENT_EXCHANGE_SECURITY,,true,,EXACT_SESSION_RETAINED,CURRENT_DESCRIPTIVE_DNSE_REST_ADJUSTED_RETROSPECTIVE_RAW_AS_TRADED_NOT_PROMOTED,DIRECT_CANONICAL_MAPPING
RAT,,,,,,,,,,,,,,,,,,,,NOT_AVAILABLE,,,UPCOM,,,,,,,,,,,EXCHANGE_STOCK_LIST_CANDIDATE_NOT_COMMON_EQUITY_PROVEN,UPCOM,hnx_official_equity_universe/v1,,OFFICIAL_CURRENT_STOCK_LIST_CANDIDATE,,false,,UNAVAILABLE_NO_EXACT_SESSION_OBSERVATION,,UNAVAILABLE
RBC,,,,,,,,,,,,,,,,,,,,NOT_AVAILABLE,,,UPCOM,,,,,,,,,,,EXCHANGE_STOCK_LIST_CANDIDATE_NOT_COMMON_EQUITY_PROVEN,UPCOM,hnx_official_equity_universe/v1,,OFFICIAL_CURRENT_STOCK_LIST_CANDIDATE,,false,,UNAVAILABLE_NO_EXACT_SESSION_OBSERVATION,,UNAVAILABLE
RCC,2026-10-01,19.7,-0.1205357142857143,,,,,,,,,,,,,,,,,ABOVE_MA20_MOMENTUM_POSITIVE,,2026-10-01T16:19:50.765598+07:00,UPCOM,,,,,,,,2026-10-01,2026-10-01,0,EXCHANGE_STOCK_LIST_CANDIDATE_NOT_COMMON_EQUITY_PROVEN,UPCOM,hnx_official_equity_universe/v1,,OFFICIAL_CURRENT_STOCK_LIST_CANDIDATE,,true,,EXACT_SESSION_RETAINED,CURRENT_DESCRIPTIVE_DNSE_REST_ADJUSTED_RETROSPECTIVE_RAW_AS_TRADED_NOT_PROMOTED,DIRECT_CANONICAL_MAPPING
RCD,,,,,,,,,,,,,,,,,,,,NOT_AVAILABLE,,,UPCOM,,,,,,,,,,,EXCHANGE_STOCK_LIST_CANDIDATE_NOT_COMMON_EQUITY_PROVEN,UPCOM,hnx_official_equity_universe/v1,,OFFICIAL_CURRENT_STOCK_LIST_CANDIDATE,,false,,UNAVAILABLE_NO_EXACT_SESSION_OBSERVATION,,UNAVAILABLE
RCL,2026-10-01,11.1,-0.008928571428571397,,,,,,,,,,,,,,,,,NEAR_MA20_NEUTRAL,,2026-10-01T16:19:50.765598+07:00,DELISTED,,,,,,,,2026-10-01,2026-10-01,0,EXCHANGE_STOCK_LIST_CANDIDATE_NOT_COMMON_EQUITY_PROVEN,HNX_LISTED,hnx_official_equity_universe/v1,,OFFICIAL_CURRENT_STOCK_LIST_CANDIDATE,,true,,EXACT_SESSION_RETAINED,CURRENT_DESCRIPTIVE_DNSE_REST_ADJUSTED_RETROSPECTIVE_RAW_AS_TRADED_NOT_PROMOTED,DIRECT_CANONICAL_MAPPING
RDP,,,,,,,,,,,,,,,,,,,,NOT_AVAILABLE,,,DELISTED,,,,,,,,,,,INSTRUMENT_CLASS_UNRESOLVED,DELISTED,,,STOCKLOOKUP_ONLY_UNRESOLVED,,false,,UNAVAILABLE_NO_EXACT_SESSION_OBSERVATION,,UNAVAILABLE
REE,2026-10-01,47.9,0.0,,,,,,,,,,,,,,,,,ABOVE_MA20_MOMENTUM_POSITIVE,,2026-10-01T16:19:50.765598+07:00,HSX,,,,,,,,2026-10-01,2026-10-01,0,OFFICIAL_STOCK_MASTER_SECURITY_TYPE_NOT_COMMON_EQUITY_PROVEN,HOSE,hose_public_stock_master/v1,,OFFICIAL_CURRENT_EXCHANGE_SECURITY,,true,,EXACT_SESSION_RETAINED,CURRENT_DESCRIPTIVE_DNSE_REST_ADJUSTED_RETROSPECTIVE_RAW_AS_TRADED_NOT_PROMOTED,DIRECT_CANONICAL_MAPPING
RGC,,,,,,,,,,,,,,,,,,,,NOT_AVAILABLE,,,DELISTED,,,,,,,,,,,INSTRUMENT_CLASS_UNRESOLVED,DELISTED,,,STOCKLOOKUP_ONLY_UNRESOLVED,,false,,UNAVAILABLE_NO_EXACT_SESSION_OBSERVATION,,UNAVAILABLE
RGG,,,,,,,,,,,,,,,,,,,,NOT_AVAILABLE,,,UPCOM,,,,,,,,,,,EXCHANGE_STOCK_LIST_CANDIDATE_NOT_COMMON_EQUITY_PROVEN,UPCOM,hnx_official_equity_universe/v1,,OFFICIAL_CURRENT_STOCK_LIST_CANDIDATE,,false,,UNAVAILABLE_NO_EXACT_SESSION_OBSERVATION,,UNAVAILABLE
RIC,2026-10-01,4.8,-0.05882352941176472,,,,,,,,,,,,,,,,,BELOW_MA20_MOMENTUM_NEGATIVE,,2026-10-01T16:19:50.765598+07:00,UPCOM,,,,,,,,2026-10-01,2026-10-01,0,EXCHANGE_STOCK_LIST_CANDIDATE_NOT_COMMON_EQUITY_PROVEN,UPCOM,hnx_official_equity_universe/v1,,OFFICIAL_CURRENT_STOCK_LIST_CANDIDATE,,true,,EXACT_SESSION_RETAINED,CURRENT_DESCRIPTIVE_DNSE_REST_ADJUSTED_RETROSPECTIVE_RAW_AS_TRADED_NOT_PROMOTED,DIRECT_CANONICAL_MAPPING
ROS,,,,,,,,,,,,,,,,,,,,NOT_AVAILABLE,,,DELISTED,,,,,,,,,,,INSTRUMENT_CLASS_UNRESOLVED,DELISTED,,,STOCKLOOKUP_ONLY_UNRESOLVED,,false,,UNAVAILABLE_NO_EXACT_SESSION_OBSERVATION,,UNAVAILABLE
RTB,2026-10-01,24.2,-0.03200000000000003,,,,,,,,,,,,,,,,,BELOW_MA20_MOMENTUM_POSITIVE,,2026-10-01T16:19:50.765598+07:00,UPCOM,,,,,,,,2026-10-01,2026-10-01,0,EXCHANGE_STOCK_LIST_CANDIDATE_NOT_COMMON_EQUITY_PROVEN,UPCOM,hnx_official_equity_universe/v1,,OFFICIAL_CURRENT_STOCK_LIST_CANDIDATE,,true,,EXACT_SESSION_RETAINED,CURRENT_DESCRIPTIVE_DNSE_REST_ADJUSTED_RETROSPECTIVE_RAW_AS_TRADED_NOT_PROMOTED,DIRECT_CANONICAL_MAPPING
RYG,2026-10-01,8.28,0.009756097560975618,,,,,,,,,,,,,,,,,NEAR_MA20_NEUTRAL,,2026-10-01T16:19:50.765598+07:00,HSX,,,,,,,,2026-10-01,2026-10-01,0,OFFICIAL_STOCK_MASTER_SECURITY_TYPE_NOT_COMMON_EQUITY_PROVEN,HOSE,hose_public_stock_master/v1,,OFFICIAL_CURRENT_EXCHANGE_SECURITY,,true,,EXACT_SESSION_RETAINED,CURRENT_DESCRIPTIVE_DNSE_REST_ADJUSTED_RETROSPECTIVE_RAW_AS_TRADED_NOT_PROMOTED,DIRECT_CANONICAL_MAPPING
S12,,,,,,,,,,,,,,,,,,,,NOT_AVAILABLE,,,UPCOM,,,,,,,,,,,EXCHANGE_STOCK_LIST_CANDIDATE_NOT_COMMON_EQUITY_PROVEN,UPCOM,hnx_official_equity_universe/v1,,OFFICIAL_CURRENT_STOCK_LIST_CANDIDATE,,false,,UNAVAILABLE_NO_EXACT_SESSION_OBSERVATION,,UNAVAILABLE
S27,,,,,,,,,,,,,,,,,,,,NOT_AVAILABLE,,,DELISTED,,,,,,,,,,,INSTRUMENT_CLASS_UNRESOLVED,DELISTED,,,STOCKLOOKUP_ONLY_UNRESOLVED,,false,,UNAVAILABLE_NO_EXACT_SESSION_OBSERVATION,,UNAVAILABLE
S4A,,,,,,,,,,,,,,,,,,,,NOT_AVAILABLE,,,HSX,,,,,,,,,,,OFFICIAL_STOCK_MASTER_SECURITY_TYPE_NOT_COMMON_EQUITY_PROVEN,HOSE,hose_public_stock_master/v1,,OFFICIAL_CURRENT_EXCHANGE_SECURITY,,false,,UNAVAILABLE_NO_EXACT_SESSION_OBSERVATION,,UNAVAILABLE
S55,,,,,,,,,,,,,,,,,,,,NOT_AVAILABLE,,,DELISTED,,,,,,,,,,,EXCHANGE_STOCK_LIST_CANDIDATE_NOT_COMMON_EQUITY_PROVEN,HNX_LISTED,hnx_official_equity_universe/v1,,OFFICIAL_CURRENT_STOCK_LIST_CANDIDATE,,false,,UNAVAILABLE_NO_EXACT_SESSION_OBSERVATION,,UNAVAILABLE
S72,,,,,,,,,,,,,,,,,,,,NOT_AVAILABLE,,,UPCOM,,,,,,,,,,,EXCHANGE_STOCK_LIST_CANDIDATE_NOT_COMMON_EQUITY_PROVEN,UPCOM,hnx_official_equity_universe/v1,,OFFICIAL_CURRENT_STOCK_LIST_CANDIDATE,,false,,UNAVAILABLE_NO_EXACT_SESSION_OBSERVATION,,UNAVAILABLE
S74,,,,,,,,,,,,,,,,,,,,NOT_AVAILABLE,,,UPCOM,,,,,,,,,,,EXCHANGE_STOCK_LIST_CANDIDATE_NOT_COMMON_EQUITY_PROVEN,UPCOM,hnx_official_equity_universe/v1,,OFFICIAL_CURRENT_STOCK_LIST_CANDIDATE,,false,,UNAVAILABLE_NO_EXACT_SESSION_OBSERVATION,,UNAVAILABLE
S96,,,,,,,,,,,,,,,,,,,,NOT_AVAILABLE,,,DELISTED,,,,,,,,,,,INSTRUMENT_CLASS_UNRESOLVED,DELISTED,,,STOCKLOOKUP_ONLY_UNRESOLVED,,false,,UNAVAILABLE_NO_EXACT_SESSION_OBSERVATION,,UNAVAILABLE
S99,2026-10-01,7.3,-0.013513513513513598,,,,,,,,,,,,,,,,,BELOW_MA20_MOMENTUM_NEGATIVE,,2026-10-01T16:19:50.765598+07:00,DELISTED,,,,,,,,2026-10-01,2026-10-01,0,EXCHANGE_STOCK_LIST_CANDIDATE_NOT_COMMON_EQUITY_PROVEN,HNX_LISTED,hnx_official_equity_universe/v1,,OFFICIAL_CURRENT_STOCK_LIST_CANDIDATE,,true,,EXACT_SESSION_RETAINED,CURRENT_DESCRIPTIVE_DNSE_REST_ADJUSTED_RETROSPECTIVE_RAW_AS_TRADED_NOT_PROMOTED,DIRECT_CANONICAL_MAPPING
SAB,2026-10-01,43.3,0.00932400932400923,,,,,,,,,,,,,,,,,BELOW_MA20_MOMENTUM_NEGATIVE,,2026-10-01T16:19:50.765598+07:00,HSX,,,,,,,,2026-10-01,2026-10-01,0,OFFICIAL_STOCK_MASTER_SECURITY_TYPE_NOT_COMMON_EQUITY_PROVEN,HOSE,hose_public_stock_master/v1,,OFFICIAL_CURRENT_EXCHANGE_SECURITY,,true,,EXACT_SESSION_RETAINED,CURRENT_DESCRIPTIVE_DNSE_REST_ADJUSTED_RETROSPECTIVE_RAW_AS_TRADED_NOT_PROMOTED,DIRECT_CANONICAL_MAPPING
SAC,,,,,,,,,,,,,,,,,,,,NOT_AVAILABLE,,,UPCOM,,,,,,,,,,,EXCHANGE_STOCK_LIST_CANDIDATE_NOT_COMMON_EQUITY_PROVEN,UPCOM,hnx_official_equity_universe/v1,,OFFICIAL_CURRENT_STOCK_LIST_CANDIDATE,,false,,UNAVAILABLE_NO_EXACT_SESSION_OBSERVATION,,UNAVAILABLE
SAF,2026-10-01,56.7,0.0035398230088496963,,,,,,,,,,,,,,,,,NEAR_MA20_NEUTRAL,,2026-10-01T16:19:50.765598+07:00,DELISTED,,,,,,,,2026-10-01,2026-10-01,0,EXCHANGE_STOCK_LIST_CANDIDATE_NOT_COMMON_EQUITY_PROVEN,HNX_LISTED,hnx_official_equity_universe/v1,,OFFICIAL_CURRENT_STOCK_LIST_CANDIDATE,,true,,EXACT_SESSION_RETAINED,CURRENT_DESCRIPTIVE_DNSE_REST_ADJUSTED_RETROSPECTIVE_RAW_AS_TRADED_NOT_PROMOTED,DIRECT_CANONICAL_MAPPING
SAL,,,,,,,,,,,,,,,,,,,,NOT_AVAILABLE,,,UPCOM,,,,,,,,,,,EXCHANGE_STOCK_LIST_CANDIDATE_NOT_COMMON_EQUITY_PROVEN,UPCOM,hnx_official_equity_universe/v1,,OFFICIAL_CURRENT_STOCK_LIST_CANDIDATE,,false,,UNAVAILABLE_NO_EXACT_SESSION_OBSERVATION,,UNAVAILABLE
SAM,2026-10-01,6.11,0.0016393442622952836,,,,,,,,,,,,,,,,,NEAR_MA20_NEUTRAL,,2026-10-01T16:19:50.765598+07:00,HSX,,,,,,,,2026-10-01,2026-10-01,0,OFFICIAL_STOCK_MASTER_SECURITY_TYPE_NOT_COMMON_EQUITY_PROVEN,HOSE,hose_public_stock_master/v1,,OFFICIAL_CURRENT_EXCHANGE_SECURITY,,true,,EXACT_SESSION_RETAINED,CURRENT_DESCRIPTIVE_DNSE_REST_ADJUSTED_RETROSPECTIVE_RAW_AS_TRADED_NOT_PROMOTED,DIRECT_CANONICAL_MAPPING
SAP,,,,,,,,,,,,,,,,,,,,NOT_AVAILABLE,,,DELISTED,,,,,,,,,,,INSTRUMENT_CLASS_UNRESOLVED,DELISTED,,,STOCKLOOKUP_ONLY_UNRESOLVED,,false,,UNAVAILABLE_NO_EXACT_SESSION_OBSERVATION,,UNAVAILABLE
SAS,2026-10-01,33.5,0.015151515151515138,,,,,,,,,,,,,,,,,NEAR_MA20_NEUTRAL,,2026-10-01T16:19:50.765598+07:00,UPCOM,,,,,,,,2026-10-01,2026-10-01,0,EXCHANGE_STOCK_LIST_CANDIDATE_NOT_COMMON_EQUITY_PROVEN,UPCOM,hnx_official_equity_universe/v1,,OFFICIAL_CURRENT_STOCK_LIST_CANDIDATE,,true,,EXACT_SESSION_RETAINED,CURRENT_DESCRIPTIVE_DNSE_REST_ADJUSTED_RETROSPECTIVE_RAW_AS_TRADED_NOT_PROMOTED,DIRECT_CANONICAL_MAPPING
SAV,,,,,,,,,,,,,,,,,,,,NOT_AVAILABLE,,,HSX,,,,,,,,,,,OFFICIAL_STOCK_MASTER_SECURITY_TYPE_NOT_COMMON_EQUITY_PROVEN,HOSE,hose_public_stock_master/v1,,OFFICIAL_CURRENT_EXCHANGE_SECURITY,,false,,UNAVAILABLE_NO_EXACT_SESSION_OBSERVATION,,UNAVAILABLE
SB1,,,,,,,,,,,,,,,,,,,,NOT_AVAILABLE,,,UPCOM,,,,,,,,,,,EXCHANGE_STOCK_LIST_CANDIDATE_NOT_COMMON_EQUITY_PROVEN,UPCOM,hnx_official_equity_universe/v1,,OFFICIAL_CURRENT_STOCK_LIST_CANDIDATE,,false,,UNAVAILABLE_NO_EXACT_SESSION_OBSERVATION,,UNAVAILABLE
SBA,2026-10-01,24.6,0.025000000000000133,,,,,,,,,,,,,,,,,NEAR_MA20_NEUTRAL,,2026-10-01T16:19:50.765598+07:00,HSX,,,,,,,,2026-10-01,2026-10-01,0,OFFICIAL_STOCK_MASTER_SECURITY_TYPE_NOT_COMMON_EQUITY_PROVEN,HOSE,hose_public_stock_master/v1,,OFFICIAL_CURRENT_EXCHANGE_SECURITY,,true,,EXACT_SESSION_RETAINED,CURRENT_DESCRIPTIVE_DNSE_REST_ADJUSTED_RETROSPECTIVE_RAW_AS_TRADED_NOT_PROMOTED,DIRECT_CANONICAL_MAPPING
SBB,2026-10-01,18.6,0.010869565217391353,,,,,,,,,,,,,,,,,BELOW_MA20_MOMENTUM_NEGATIVE,,2026-10-01T16:19:50.765598+07:00,UPCOM,,,,,,,,2026-10-01,2026-10-01,0,EXCHANGE_STOCK_LIST_CANDIDATE_NOT_COMMON_EQUITY_PROVEN,UPCOM,hnx_official_equity_universe/v1,,OFFICIAL_CURRENT_STOCK_LIST_CANDIDATE,,true,,EXACT_SESSION_RETAINED,CURRENT_DESCRIPTIVE_DNSE_REST_ADJUSTED_RETROSPECTIVE_RAW_AS_TRADED_NOT_PROMOTED,DIRECT_CANONICAL_MAPPING
SBD,2026-10-01,8.4,0.1200000000000001,,,,,,,,,,,,,,,,,ABOVE_MA20_MOMENTUM_POSITIVE,,2026-10-01T16:19:50.765598+07:00,UPCOM,,,,,,,,2026-10-01,2026-10-01,0,EXCHANGE_STOCK_LIST_CANDIDATE_NOT_COMMON_EQUITY_PROVEN,UPCOM,hnx_official_equity_universe/v1,,OFFICIAL_CURRENT_STOCK_LIST_CANDIDATE,,true,,EXACT_SESSION_RETAINED,CURRENT_DESCRIPTIVE_DNSE_REST_ADJUSTED_RETROSPECTIVE_RAW_AS_TRADED_NOT_PROMOTED,DIRECT_CANONICAL_MAPPING
SBG,2026-10-01,14.1,0.010752688172043001,,,,,,,,,,,,,,,,,NEAR_MA20_NEUTRAL,,2026-10-01T16:19:50.765598+07:00,HSX,,,,,,,,2026-10-01,2026-10-01,0,OFFICIAL_STOCK_MASTER_SECURITY_TYPE_NOT_COMMON_EQUITY_PROVEN,HOSE,hose_public_stock_master/v1,,OFFICIAL_CURRENT_EXCHANGE_SECURITY,,true,,EXACT_SESSION_RETAINED,CURRENT_DESCRIPTIVE_DNSE_REST_ADJUSTED_RETROSPECTIVE_RAW_AS_TRADED_NOT_PROMOTED,DIRECT_CANONICAL_MAPPING
SBH,2026-10-01,39.9,-0.0025000000000000577,,,,,,,,,,,,,,,,,ABOVE_MA20_MOMENTUM_POSITIVE,,2026-10-01T16:19:50.765598+07:00,UPCOM,,,,,,,,2026-10-01,2026-10-01,0,EXCHANGE_STOCK_LIST_CANDIDATE_NOT_COMMON_EQUITY_PROVEN,UPCOM,hnx_official_equity_universe/v1,,OFFICIAL_CURRENT_STOCK_LIST_CANDIDATE,,true,,EXACT_SESSION_RETAINED,CURRENT_DESCRIPTIVE_DNSE_REST_ADJUSTED_RETROSPECTIVE_RAW_AS_TRADED_NOT_PROMOTED,DIRECT_CANONICAL_MAPPING
SBL,2026-10-01,8,0.0,,,,,,,,,,,,,,,,,ABOVE_MA20_MOMENTUM_POSITIVE,,2026-10-01T16:19:50.765598+07:00,UPCOM,,,,,,,,2026-10-01,2026-10-01,0,EXCHANGE_STOCK_LIST_CANDIDATE_NOT_COMMON_EQUITY_PROVEN,UPCOM,hnx_official_equity_universe/v1,,OFFICIAL_CURRENT_STOCK_LIST_CANDIDATE,,true,,EXACT_SESSION_RETAINED,CURRENT_DESCRIPTIVE_DNSE_REST_ADJUSTED_RETROSPECTIVE_RAW_AS_TRADED_NOT_PROMOTED,DIRECT_CANONICAL_MAPPING
SBM,,,,,,,,,,,,,,,,,,,,NOT_AVAILABLE,,,UPCOM,,,,,,,,,,,EXCHANGE_STOCK_LIST_CANDIDATE_NOT_COMMON_EQUITY_PROVEN,UPCOM,hnx_official_equity_universe/v1,,OFFICIAL_CURRENT_STOCK_LIST_CANDIDATE,,false,,UNAVAILABLE_NO_EXACT_SESSION_OBSERVATION,,UNAVAILABLE
SBR,,,,,,,,,,,,,,,,,,,,NOT_AVAILABLE,,,UPCOM,,,,,,,,,,,EXCHANGE_STOCK_LIST_CANDIDATE_NOT_COMMON_EQUITY_PROVEN,UPCOM,hnx_official_equity_universe/v1,,OFFICIAL_CURRENT_STOCK_LIST_CANDIDATE,,false,,UNAVAILABLE_NO_EXACT_SESSION_OBSERVATION,,UNAVAILABLE
SBS,2026-10-01,4.1,0.02499999999999991,,,,,,,,,,,,,,,,,BELOW_MA20_MOMENTUM_NEGATIVE,,2026-10-01T16:19:50.765598+07:00,UPCOM,,,,,,,,2026-10-01,2026-10-01,0,EXCHANGE_STOCK_LIST_CANDIDATE_NOT_COMMON_EQUITY_PROVEN,UPCOM,hnx_official_equity_universe/v1,,OFFICIAL_CURRENT_STOCK_LIST_CANDIDATE,,true,,EXACT_SESSION_RETAINED,CURRENT_DESCRIPTIVE_DNSE_REST_ADJUSTED_RETROSPECTIVE_RAW_AS_TRADED_NOT_PROMOTED,DIRECT_CANONICAL_MAPPING
SBT,2026-10-01,22.6,-0.00659340659340657,,,,,,,,,,,,,,,,,NEAR_MA20_NEUTRAL,,2026-10-01T16:19:50.765598+07:00,HSX,,,,,,,,2026-10-01,2026-10-01,0,OFFICIAL_STOCK_MASTER_SECURITY_TYPE_NOT_COMMON_EQUITY_PROVEN,HOSE,hose_public_stock_master/v1,,OFFICIAL_CURRENT_EXCHANGE_SECURITY,,true,,EXACT_SESSION_RETAINED,CURRENT_DESCRIPTIVE_DNSE_REST_ADJUSTED_RETROSPECTIVE_RAW_AS_TRADED_NOT_PROMOTED,DIRECT_CANONICAL_MAPPING
SBV,2026-10-01,6.25,-0.004777070063694322,,,,,,,,,,,,,,,,,NEAR_MA20_NEUTRAL,,2026-10-01T16:19:50.765598+07:00,HSX,,,,,,,,2026-10-01,2026-10-01,0,OFFICIAL_STOCK_MASTER_SECURITY_TYPE_NOT_COMMON_EQUITY_PROVEN,HOSE,hose_public_stock_master/v1,,OFFICIAL_CURRENT_EXCHANGE_SECURITY,,true,,EXACT_SESSION_RETAINED,CURRENT_DESCRIPTIVE_DNSE_REST_ADJUSTED_RETROSPECTIVE_RAW_AS_TRADED_NOT_PROMOTED,DIRECT_CANONICAL_MAPPING
SC5,,,,,,,,,,,,,,,,,,,,NOT_AVAILABLE,,,HSX,,,,,,,,,,,OFFICIAL_STOCK_MASTER_SECURITY_TYPE_NOT_COMMON_EQUITY_PROVEN,HOSE,hose_public_stock_master/v1,,OFFICIAL_CURRENT_EXCHANGE_SECURITY,,false,,UNAVAILABLE_NO_EXACT_SESSION_OBSERVATION,,UNAVAILABLE
SCC,,,,,,,,,,,,,,,,,,,,NOT_AVAILABLE,,,UPCOM,,,,,,,,,,,EXCHANGE_STOCK_LIST_CANDIDATE_NOT_COMMON_EQUITY_PROVEN,UPCOM,hnx_official_equity_universe/v1,,OFFICIAL_CURRENT_STOCK_LIST_CANDIDATE,,false,,UNAVAILABLE_NO_EXACT_SESSION_OBSERVATION,,UNAVAILABLE
SCD,,,,,,,,,,,,,,,,,,,,NOT_AVAILABLE,,,UPCOM,,,,,,,,,,,EXCHANGE_STOCK_LIST_CANDIDATE_NOT_COMMON_EQUITY_PROVEN,UPCOM,hnx_official_equity_universe/v1,,OFFICIAL_CURRENT_STOCK_LIST_CANDIDATE,,false,,UNAVAILABLE_NO_EXACT_SESSION_OBSERVATION,,UNAVAILABLE
SCG,2026-10-01,64.6,-0.0015455950540959051,,,,,,,,,,,,,,,,,NEAR_MA20_NEUTRAL,,2026-10-01T16:19:50.765598+07:00,DELISTED,,,,,,,,2026-10-01,2026-10-01,0,EXCHANGE_STOCK_LIST_CANDIDATE_NOT_COMMON_EQUITY_PROVEN,HNX_LISTED,hnx_official_equity_universe/v1,,OFFICIAL_CURRENT_STOCK_LIST_CANDIDATE,,true,,EXACT_SESSION_RETAINED,CURRENT_DESCRIPTIVE_DNSE_REST_ADJUSTED_RETROSPECTIVE_RAW_AS_TRADED_NOT_PROMOTED,DIRECT_CANONICAL_MAPPING
SCI,2026-10-01,8.5,0.011904761904761862,,,,,,,,,,,,,,,,,BELOW_MA20_MOMENTUM_NEGATIVE,,2026-10-01T16:19:50.765598+07:00,DELISTED,,,,,,,,2026-10-01,2026-10-01,0,EXCHANGE_STOCK_LIST_CANDIDATE_NOT_COMMON_EQUITY_PROVEN,HNX_LISTED,hnx_official_equity_universe/v1,,OFFICIAL_CURRENT_STOCK_LIST_CANDIDATE,,true,,EXACT_SESSION_RETAINED,CURRENT_DESCRIPTIVE_DNSE_REST_ADJUSTED_RETROSPECTIVE_RAW_AS_TRADED_NOT_PROMOTED,DIRECT_CANONICAL_MAPPING
SCJ,2026-10-01,2.5,-0.03846153846153855,,,,,,,,,,,,,,,,,BELOW_MA20_MOMENTUM_NEGATIVE,,2026-10-01T16:19:50.765598+07:00,UPCOM,,,,,,,,2026-10-01,2026-10-01,0,EXCHANGE_STOCK_LIST_CANDIDATE_NOT_COMMON_EQUITY_PROVEN,UPCOM,hnx_official_equity_universe/v1,,OFFICIAL_CURRENT_STOCK_LIST_CANDIDATE,,true,,EXACT_SESSION_RETAINED,CURRENT_DESCRIPTIVE_DNSE_REST_ADJUSTED_RETROSPECTIVE_RAW_AS_TRADED_NOT_PROMOTED,DIRECT_CANONICAL_MAPPING
SCL,2026-10-01,28.5,-0.0034965034965035446,,,,,,,,,,,,,,,,,ABOVE_MA20_MOMENTUM_POSITIVE,,2026-10-01T16:19:50.765598+07:00,UPCOM,,,,,,,,2026-10-01,2026-10-01,0,EXCHANGE_STOCK_LIST_CANDIDATE_NOT_COMMON_EQUITY_PROVEN,UPCOM,hnx_official_equity_universe/v1,,OFFICIAL_CURRENT_STOCK_LIST_CANDIDATE,,true,,EXACT_SESSION_RETAINED,CURRENT_DESCRIPTIVE_DNSE_REST_ADJUSTED_RETROSPECTIVE_RAW_AS_TRADED_NOT_PROMOTED,DIRECT_CANONICAL_MAPPING
SCO,,,,,,,,,,,,,,,,,,,,NOT_AVAILABLE,,,UPCOM,,,,,,,,,,,EXCHANGE_STOCK_LIST_CANDIDATE_NOT_COMMON_EQUITY_PROVEN,UPCOM,hnx_official_equity_universe/v1,,OFFICIAL_CURRENT_STOCK_LIST_CANDIDATE,,false,,UNAVAILABLE_NO_EXACT_SESSION_OBSERVATION,,UNAVAILABLE
SCR,2026-10-01,3.9,-0.002557544757033292,,,,,,,,,,,,,,,,,BELOW_MA20_MOMENTUM_NEGATIVE,,2026-10-01T16:19:50.765598+07:00,HSX,,,,,,,,2026-10-01,2026-10-01,0,OFFICIAL_STOCK_MASTER_SECURITY_TYPE_NOT_COMMON_EQUITY_PROVEN,HOSE,hose_public_stock_master/v1,,OFFICIAL_CURRENT_EXCHANGE_SECURITY,,true,,EXACT_SESSION_RETAINED,CURRENT_DESCRIPTIVE_DNSE_REST_ADJUSTED_RETROSPECTIVE_RAW_AS_TRADED_NOT_PROMOTED,DIRECT_CANONICAL_MAPPING
SCS,2026-10-01,43.8,-0.0011402508551882073,,,,,,,,,,,,,,,,,NEAR_MA20_NEUTRAL,,2026-10-01T16:19:50.765598+07:00,HSX,,,,,,,,2026-10-01,2026-10-01,0,OFFICIAL_STOCK_MASTER_SECURITY_TYPE_NOT_COMMON_EQUITY_PROVEN,HOSE,hose_public_stock_master/v1,,OFFICIAL_CURRENT_EXCHANGE_SECURITY,,true,,EXACT_SESSION_RETAINED,CURRENT_DESCRIPTIVE_DNSE_REST_ADJUSTED_RETROSPECTIVE_RAW_AS_TRADED_NOT_PROMOTED,DIRECT_CANONICAL_MAPPING
SCY,,,,,,,,,,,,,,,,,,,,NOT_AVAILABLE,,,DELISTED,,,,,,,,,,,INSTRUMENT_CLASS_UNRESOLVED,DELISTED,,,STOCKLOOKUP_ONLY_UNRESOLVED,,false,,UNAVAILABLE_NO_EXACT_SESSION_OBSERVATION,,UNAVAILABLE
SD1,,,,,,,,,,,,,,,,,,,,NOT_AVAILABLE,,,DELISTED,,,,,,,,,,,INSTRUMENT_CLASS_UNRESOLVED,DELISTED,,,STOCKLOOKUP_ONLY_UNRESOLVED,,false,,UNAVAILABLE_NO_EXACT_SESSION_OBSERVATION,,UNAVAILABLE
SD2,,,,,,,,,,,,,,,,,,,,NOT_AVAILABLE,,,UPCOM,,,,,,,,,,,EXCHANGE_STOCK_LIST_CANDIDATE_NOT_COMMON_EQUITY_PROVEN,UPCOM,hnx_official_equity_universe/v1,,OFFICIAL_CURRENT_STOCK_LIST_CANDIDATE,,false,,UNAVAILABLE_NO_EXACT_SESSION_OBSERVATION,,UNAVAILABLE
SD3,2026-10-01,10.8,0.13684210526315788,,,,,,,,,,,,,,,,,ABOVE_MA20_MOMENTUM_POSITIVE,,2026-10-01T16:19:50.765598+07:00,UPCOM,,,,,,,,2026-10-01,2026-10-01,0,EXCHANGE_STOCK_LIST_CANDIDATE_NOT_COMMON_EQUITY_PROVEN,UPCOM,hnx_official_equity_universe/v1,,OFFICIAL_CURRENT_STOCK_LIST_CANDIDATE,,true,,EXACT_SESSION_RETAINED,CURRENT_DESCRIPTIVE_DNSE_REST_ADJUSTED_RETROSPECTIVE_RAW_AS_TRADED_NOT_PROMOTED,DIRECT_CANONICAL_MAPPING
SD4,,,,,,,,,,,,,,,,,,,,NOT_AVAILABLE,,,UPCOM,,,,,,,,,,,EXCHANGE_STOCK_LIST_CANDIDATE_NOT_COMMON_EQUITY_PROVEN,UPCOM,hnx_official_equity_universe/v1,,OFFICIAL_CURRENT_STOCK_LIST_CANDIDATE,,false,,UNAVAILABLE_NO_EXACT_SESSION_OBSERVATION,,UNAVAILABLE
SD5,2026-10-01,7.5,0.0,,,,,,,,,,,,,,,,,ABOVE_MA20_MOMENTUM_POSITIVE,,2026-10-01T16:19:50.765598+07:00,DELISTED,,,,,,,,2026-10-01,2026-10-01,0,EXCHANGE_STOCK_LIST_CANDIDATE_NOT_COMMON_EQUITY_PROVEN,HNX_LISTED,hnx_official_equity_universe/v1,,OFFICIAL_CURRENT_STOCK_LIST_CANDIDATE,,true,,EXACT_SESSION_RETAINED,CURRENT_DESCRIPTIVE_DNSE_REST_ADJUSTED_RETROSPECTIVE_RAW_AS_TRADED_NOT_PROMOTED,DIRECT_CANONICAL_MAPPING
SD6,,,,,,,,,,,,,,,,,,,,NOT_AVAILABLE,,,UPCOM,,,,,,,,,,,EXCHANGE_STOCK_LIST_CANDIDATE_NOT_COMMON_EQUITY_PROVEN,UPCOM,hnx_official_equity_universe/v1,,OFFICIAL_CURRENT_STOCK_LIST_CANDIDATE,,false,,UNAVAILABLE_NO_EXACT_SESSION_OBSERVATION,,UNAVAILABLE
SD7,,,,,,,,,,,,,,,,,,,,NOT_AVAILABLE,,,UPCOM,,,,,,,,,,,EXCHANGE_STOCK_LIST_CANDIDATE_NOT_COMMON_EQUITY_PROVEN,UPCOM,hnx_official_equity_universe/v1,,OFFICIAL_CURRENT_STOCK_LIST_CANDIDATE,,false,,UNAVAILABLE_NO_EXACT_SESSION_OBSERVATION,,UNAVAILABLE
SD8,,,,,,,,,,,,,,,,,,,,NOT_AVAILABLE,,,UPCOM,,,,,,,,,,,EXCHANGE_STOCK_LIST_CANDIDATE_NOT_COMMON_EQUITY_PROVEN,UPCOM,hnx_official_equity_universe/v1,,OFFICIAL_CURRENT_STOCK_LIST_CANDIDATE,,false,,UNAVAILABLE_NO_EXACT_SESSION_OBSERVATION,,UNAVAILABLE
SD9,2026-10-01,10.5,0.009615384615384581,,,,,,,,,,,,,,,,,NEAR_MA20_NEUTRAL,,2026-10-01T16:19:50.765598+07:00,DELISTED,,,,,,,,2026-10-01,2026-10-01,0,EXCHANGE_STOCK_LIST_CANDIDATE_NOT_COMMON_EQUITY_PROVEN,HNX_LISTED,hnx_official_equity_universe/v1,,OFFICIAL_CURRENT_STOCK_LIST_CANDIDATE,,true,,EXACT_SESSION_RETAINED,CURRENT_DESCRIPTIVE_DNSE_REST_ADJUSTED_RETROSPECTIVE_RAW_AS_TRADED_NOT_PROMOTED,DIRECT_CANONICAL_MAPPING
SDA,2026-10-01,1.8,-0.05263157894736836,,,,,,,,,,,,,,,,,NEAR_MA20_NEUTRAL,,2026-10-01T16:19:50.765598+07:00,UPCOM,,,,,,,,2026-10-01,2026-10-01,0,EXCHANGE_STOCK_LIST_CANDIDATE_NOT_COMMON_EQUITY_PROVEN,UPCOM,hnx_official_equity_universe/v1,,OFFICIAL_CURRENT_STOCK_LIST_CANDIDATE,,true,,EXACT_SESSION_RETAINED,CURRENT_DESCRIPTIVE_DNSE_REST_ADJUSTED_RETROSPECTIVE_RAW_AS_TRADED_NOT_PROMOTED,DIRECT_CANONICAL_MAPPING
SDB,,,,,,,,,,,,,,,,,,,,NOT_AVAILABLE,,,DELISTED,,,,,,,,,,,INSTRUMENT_CLASS_UNRESOLVED,DELISTED,,,STOCKLOOKUP_ONLY_UNRESOLVED,,false,,UNAVAILABLE_NO_EXACT_SESSION_OBSERVATION,,UNAVAILABLE
SDC,2026-10-01,6.3,0.0,,,,,,,,,,,,,,,,,ABOVE_MA20_MOMENTUM_POSITIVE,,2026-10-01T16:19:50.765598+07:00,DELISTED,,,,,,,,2026-10-01,2026-10-01,0,EXCHANGE_STOCK_LIST_CANDIDATE_NOT_COMMON_EQUITY_PROVEN,HNX_LISTED,hnx_official_equity_universe/v1,,OFFICIAL_CURRENT_STOCK_LIST_CANDIDATE,,true,,EXACT_SESSION_RETAINED,CURRENT_DESCRIPTIVE_DNSE_REST_ADJUSTED_RETROSPECTIVE_RAW_AS_TRADED_NOT_PROMOTED,DIRECT_CANONICAL_MAPPING
SDD,,,,,,,,,,,,,,,,,,,,NOT_AVAILABLE,,,UPCOM,,,,,,,,,,,EXCHANGE_STOCK_LIST_CANDIDATE_NOT_COMMON_EQUITY_PROVEN,UPCOM,hnx_official_equity_universe/v1,,OFFICIAL_CURRENT_STOCK_LIST_CANDIDATE,,false,,UNAVAILABLE_NO_EXACT_SESSION_OBSERVATION,,UNAVAILABLE
SDG,,,,,,,,,,,,,,,,,,,,NOT_AVAILABLE,,,DELISTED,,,,,,,,,,,EXCHANGE_STOCK_LIST_CANDIDATE_NOT_COMMON_EQUITY_PROVEN,HNX_LISTED,hnx_official_equity_universe/v1,,OFFICIAL_CURRENT_STOCK_LIST_CANDIDATE,,false,,UNAVAILABLE_NO_EXACT_SESSION_OBSERVATION,,UNAVAILABLE
SDH,,,,,,,,,,,,,,,,,,,,NOT_AVAILABLE,,,DELISTED,,,,,,,,,,,INSTRUMENT_CLASS_UNRESOLVED,DELISTED,,,STOCKLOOKUP_ONLY_UNRESOLVED,,false,,UNAVAILABLE_NO_EXACT_SESSION_OBSERVATION,,UNAVAILABLE
SDJ,,,,,,,,,,,,,,,,,,,,NOT_AVAILABLE,,,DELISTED,,,,,,,,,,,INSTRUMENT_CLASS_UNRESOLVED,DELISTED,,,STOCKLOOKUP_ONLY_UNRESOLVED,,false,,UNAVAILABLE_NO_EXACT_SESSION_OBSERVATION,,UNAVAILABLE
SDK,2026-10-01,13.8,-0.02127659574468077,,,,,,,,,,,,,,,,,ABOVE_MA20_MOMENTUM_POSITIVE,,2026-10-01T16:19:50.765598+07:00,UPCOM,,,,,,,,2026-10-01,2026-10-01,0,EXCHANGE_STOCK_LIST_CANDIDATE_NOT_COMMON_EQUITY_PROVEN,UPCOM,hnx_official_equity_universe/v1,,OFFICIAL_CURRENT_STOCK_LIST_CANDIDATE,,true,,EXACT_SESSION_RETAINED,CURRENT_DESCRIPTIVE_DNSE_REST_ADJUSTED_RETROSPECTIVE_RAW_AS_TRADED_NOT_PROMOTED,DIRECT_CANONICAL_MAPPING
SDN,,,,,,,,,,,,,,,,,,,,NOT_AVAILABLE,,,DELISTED,,,,,,,,,,,EXCHANGE_STOCK_LIST_CANDIDATE_NOT_COMMON_EQUITY_PROVEN,HNX_LISTED,hnx_official_equity_universe/v1,,OFFICIAL_CURRENT_STOCK_LIST_CANDIDATE,,false,,UNAVAILABLE_NO_EXACT_SESSION_OBSERVATION,,UNAVAILABLE
SDP,,,,,,,,,,,,,,,,,,,,NOT_AVAILABLE,,,UPCOM,,,,,,,,,,,EXCHANGE_STOCK_LIST_CANDIDATE_NOT_COMMON_EQUITY_PROVEN,UPCOM,hnx_official_equity_universe/v1,,OFFICIAL_CURRENT_STOCK_LIST_CANDIDATE,,false,,UNAVAILABLE_NO_EXACT_SESSION_OBSERVATION,,UNAVAILABLE
SDT,2026-10-01,3.8,0.0,,,,,,,,,,,,,,,,,NEAR_MA20_NEUTRAL,,2026-10-01T16:19:50.765598+07:00,UPCOM,,,,,,,,2026-10-01,2026-10-01,0,EXCHANGE_STOCK_LIST_CANDIDATE_NOT_COMMON_EQUITY_PROVEN,UPCOM,hnx_official_equity_universe/v1,,OFFICIAL_CURRENT_STOCK_LIST_CANDIDATE,,true,,EXACT_SESSION_RETAINED,CURRENT_DESCRIPTIVE_DNSE_REST_ADJUSTED_RETROSPECTIVE_RAW_AS_TRADED_NOT_PROMOTED,DIRECT_CANONICAL_MAPPING
SDU,,,,,,,,,,,,,,,,,,,,NOT_AVAILABLE,,,DELISTED,,,,,,,,,,,EXCHANGE_STOCK_LIST_CANDIDATE_NOT_COMMON_EQUITY_PROVEN,HNX_LISTED,hnx_official_equity_universe/v1,,OFFICIAL_CURRENT_STOCK_LIST_CANDIDATE,,false,,UNAVAILABLE_NO_EXACT_SESSION_OBSERVATION,,UNAVAILABLE
SDV,,,,,,,,,,,,,,,,,,,,NOT_AVAILABLE,,,UPCOM,,,,,,,,,,,EXCHANGE_STOCK_LIST_CANDIDATE_NOT_COMMON_EQUITY_PROVEN,UPCOM,hnx_official_equity_universe/v1,,OFFICIAL_CURRENT_STOCK_LIST_CANDIDATE,,false,,UNAVAILABLE_NO_EXACT_SESSION_OBSERVATION,,UNAVAILABLE
SDX,,,,,,,,,,,,,,,,,,,,NOT_AVAILABLE,,,DELISTED,,,,,,,,,,,INSTRUMENT_CLASS_UNRESOLVED,DELISTED,,,STOCKLOOKUP_ONLY_UNRESOLVED,,false,,UNAVAILABLE_NO_EXACT_SESSION_OBSERVATION,,UNAVAILABLE
SDY,,,,,,,,,,,,,,,,,,,,NOT_AVAILABLE,,,UPCOM,,,,,,,,,,,EXCHANGE_STOCK_LIST_CANDIDATE_NOT_COMMON_EQUITY_PROVEN,UPCOM,hnx_official_equity_universe/v1,,OFFICIAL_CURRENT_STOCK_LIST_CANDIDATE,,false,,UNAVAILABLE_NO_EXACT_SESSION_OBSERVATION,,UNAVAILABLE
SEA,2026-10-01,58.7,0.08302583025830268,,,,,,,,,,,,,,,,,BELOW_MA20_MOMENTUM_NEGATIVE,,2026-10-01T16:19:50.765598+07:00,UPCOM,,,,,,,,2026-10-01,2026-10-01,0,EXCHANGE_STOCK_LIST_CANDIDATE_NOT_COMMON_EQUITY_PROVEN,UPCOM,hnx_official_equity_universe/v1,,OFFICIAL_CURRENT_STOCK_LIST_CANDIDATE,,true,,EXACT_SESSION_RETAINED,CURRENT_DESCRIPTIVE_DNSE_REST_ADJUSTED_RETROSPECTIVE_RAW_AS_TRADED_NOT_PROMOTED,DIRECT_CANONICAL_MAPPING
SEB,,,,,,,,,,,,,,,,,,,,NOT_AVAILABLE,,,DELISTED,,,,,,,,,,,EXCHANGE_STOCK_LIST_CANDIDATE_NOT_COMMON_EQUITY_PROVEN,HNX_LISTED,hnx_official_equity_universe/v1,,OFFICIAL_CURRENT_STOCK_LIST_CANDIDATE,,false,,UNAVAILABLE_NO_EXACT_SESSION_OBSERVATION,,UNAVAILABLE
SED,2026-10-01,15,-0.0066225165562913135,,,,,,,,,,,,,,,,,NEAR_MA20_NEUTRAL,,2026-10-01T16:19:50.765598+07:00,DELISTED,,,,,,,,2026-10-01,2026-10-01,0,EXCHANGE_STOCK_LIST_CANDIDATE_NOT_COMMON_EQUITY_PROVEN,HNX_LISTED,hnx_official_equity_universe/v1,,OFFICIAL_CURRENT_STOCK_LIST_CANDIDATE,,true,,EXACT_SESSION_RETAINED,CURRENT_DESCRIPTIVE_DNSE_REST_ADJUSTED_RETROSPECTIVE_RAW_AS_TRADED_NOT_PROMOTED,DIRECT_CANONICAL_MAPPING
SEP,2026-10-01,19,0.027027027027026973,,,,,,,,,,,,,,,,,ABOVE_MA20_MOMENTUM_NEGATIVE,,2026-10-01T16:19:50.765598+07:00,UPCOM,,,,,,,,2026-10-01,2026-10-01,0,EXCHANGE_STOCK_LIST_CANDIDATE_NOT_COMMON_EQUITY_PROVEN,UPCOM,hnx_official_equity_universe/v1,,OFFICIAL_CURRENT_STOCK_LIST_CANDIDATE,,true,,EXACT_SESSION_RETAINED,CURRENT_DESCRIPTIVE_DNSE_REST_ADJUSTED_RETROSPECTIVE_RAW_AS_TRADED_NOT_PROMOTED,DIRECT_CANONICAL_MAPPING
SFC,2026-10-01,18.2,0.06432748538011679,,,,,,,,,,,,,,,,,ABOVE_MA20_MOMENTUM_POSITIVE,,2026-10-01T16:19:50.765598+07:00,HSX,,,,,,,,2026-10-01,2026-10-01,0,OFFICIAL_STOCK_MASTER_SECURITY_TYPE_NOT_COMMON_EQUITY_PROVEN,HOSE,hose_public_stock_master/v1,,OFFICIAL_CURRENT_EXCHANGE_SECURITY,,true,,EXACT_SESSION_RETAINED,CURRENT_DESCRIPTIVE_DNSE_REST_ADJUSTED_RETROSPECTIVE_RAW_AS_TRADED_NOT_PROMOTED,DIRECT_CANONICAL_MAPPING
SFG,,,,,,,,,,,,,,,,,,,,NOT_AVAILABLE,,,HSX,,,,,,,,,,,OFFICIAL_STOCK_MASTER_SECURITY_TYPE_NOT_COMMON_EQUITY_PROVEN,HOSE,hose_public_stock_master/v1,,OFFICIAL_CURRENT_EXCHANGE_SECURITY,,false,,UNAVAILABLE_NO_EXACT_SESSION_OBSERVATION,,UNAVAILABLE
SFI,2026-10-01,25.5,0.0,,,,,,,,,,,,,,,,,BELOW_MA20_MOMENTUM_NEGATIVE,,2026-10-01T16:19:50.765598+07:00,HSX,,,,,,,,2026-10-01,2026-10-01,0,OFFICIAL_STOCK_MASTER_SECURITY_TYPE_NOT_COMMON_EQUITY_PROVEN,HOSE,hose_public_stock_master/v1,,OFFICIAL_CURRENT_EXCHANGE_SECURITY,,true,,EXACT_SESSION_RETAINED,CURRENT_DESCRIPTIVE_DNSE_REST_ADJUSTED_RETROSPECTIVE_RAW_AS_TRADED_NOT_PROMOTED,DIRECT_CANONICAL_MAPPING
SFN,,,,,,,,,,,,,,,,,,,,NOT_AVAILABLE,,,DELISTED,,,,,,,,,,,EXCHANGE_STOCK_LIST_CANDIDATE_NOT_COMMON_EQUITY_PROVEN,HNX_LISTED,hnx_official_equity_universe/v1,,OFFICIAL_CURRENT_STOCK_LIST_CANDIDATE,,false,,UNAVAILABLE_NO_EXACT_SESSION_OBSERVATION,,UNAVAILABLE
SGB,2026-10-01,13,0.007751937984496138,,,,,,,,,,,,,,,,,NEAR_MA20_NEUTRAL,,2026-10-01T16:19:50.765598+07:00,UPCOM,,,,,,,,2026-10-01,2026-10-01,0,EXCHANGE_STOCK_LIST_CANDIDATE_NOT_COMMON_EQUITY_PROVEN,UPCOM,hnx_official_equity_universe/v1,,OFFICIAL_CURRENT_STOCK_LIST_CANDIDATE,,true,,EXACT_SESSION_RETAINED,CURRENT_DESCRIPTIVE_DNSE_REST_ADJUSTED_RETROSPECTIVE_RAW_AS_TRADED_NOT_PROMOTED,DIRECT_CANONICAL_MAPPING
SGC,,,,,,,,,,,,,,,,,,,,NOT_AVAILABLE,,,DELISTED,,,,,,,,,,,EXCHANGE_STOCK_LIST_CANDIDATE_NOT_COMMON_EQUITY_PROVEN,HNX_LISTED,hnx_official_equity_universe/v1,,OFFICIAL_CURRENT_STOCK_LIST_CANDIDATE,,false,,UNAVAILABLE_NO_EXACT_SESSION_OBSERVATION,,UNAVAILABLE
SGD,,,,,,,,,,,,,,,,,,,,NOT_AVAILABLE,,,DELISTED,,,,,,,,,,,EXCHANGE_STOCK_LIST_CANDIDATE_NOT_COMMON_EQUITY_PROVEN,HNX_LISTED,hnx_official_equity_universe/v1,,OFFICIAL_CURRENT_STOCK_LIST_CANDIDATE,,false,,UNAVAILABLE_NO_EXACT_SESSION_OBSERVATION,,UNAVAILABLE
SGH,2026-10-01,19.8,0.10000000000000009,,,,,,,,,,,,,,,,,ABOVE_MA20_MOMENTUM_POSITIVE,,2026-10-01T16:19:50.765598+07:00,DELISTED,,,,,,,,2026-10-01,2026-10-01,0,EXCHANGE_STOCK_LIST_CANDIDATE_NOT_COMMON_EQUITY_PROVEN,HNX_LISTED,hnx_official_equity_universe/v1,,OFFICIAL_CURRENT_STOCK_LIST_CANDIDATE,,true,,EXACT_SESSION_RETAINED,CURRENT_DESCRIPTIVE_DNSE_REST_ADJUSTED_RETROSPECTIVE_RAW_AS_TRADED_NOT_PROMOTED,DIRECT_CANONICAL_MAPPING
SGI,,,,,,,,,,,,,,,,,,,,NOT_AVAILABLE,,,UPCOM,,,,,,,,,,,EXCHANGE_STOCK_LIST_CANDIDATE_NOT_COMMON_EQUITY_PROVEN,UPCOM,hnx_official_equity_universe/v1,,OFFICIAL_CURRENT_STOCK_LIST_CANDIDATE,,false,,UNAVAILABLE_NO_EXACT_SESSION_OBSERVATION,,UNAVAILABLE
SGN,2026-10-01,51.1,-0.017307692307692246,,,,,,,,,,,,,,,,,BELOW_MA20_MOMENTUM_NEGATIVE,,2026-10-01T16:19:50.765598+07:00,HSX,,,,,,,,2026-10-01,2026-10-01,0,OFFICIAL_STOCK_MASTER_SECURITY_TYPE_NOT_COMMON_EQUITY_PROVEN,HOSE,hose_public_stock_master/v1,,OFFICIAL_CURRENT_EXCHANGE_SECURITY,,true,,EXACT_SESSION_RETAINED,CURRENT_DESCRIPTIVE_DNSE_REST_ADJUSTED_RETROSPECTIVE_RAW_AS_TRADED_NOT_PROMOTED,DIRECT_CANONICAL_MAPPING
SGO,,,,,,,,,,,,,,,,,,,,NOT_AVAILABLE,,,DELISTED,,,,,,,,,,,INSTRUMENT_CLASS_UNRESOLVED,DELISTED,,,STOCKLOOKUP_ONLY_UNRESOLVED,,false,,UNAVAILABLE_NO_EXACT_SESSION_OBSERVATION,,UNAVAILABLE
SGP,2026-10-01,19.7,0.005102040816326481,,,,,,,,,,,,,,,,,NEAR_MA20_NEUTRAL,,2026-10-01T16:19:50.765598+07:00,UPCOM,,,,,,,,2026-10-01,2026-10-01,0,EXCHANGE_STOCK_LIST_CANDIDATE_NOT_COMMON_EQUITY_PROVEN,UPCOM,hnx_official_equity_universe/v1,,OFFICIAL_CURRENT_STOCK_LIST_CANDIDATE,,true,,EXACT_SESSION_RETAINED,CURRENT_DESCRIPTIVE_DNSE_REST_ADJUSTED_RETROSPECTIVE_RAW_AS_TRADED_NOT_PROMOTED,DIRECT_CANONICAL_MAPPING
SGR,2026-10-01,10.7,0.0,,,,,,,,,,,,,,,,,ABOVE_MA20_MOMENTUM_POSITIVE,,2026-10-01T16:19:50.765598+07:00,HSX,,,,,,,,2026-10-01,2026-10-01,0,OFFICIAL_STOCK_MASTER_SECURITY_TYPE_NOT_COMMON_EQUITY_PROVEN,HOSE,hose_public_stock_master/v1,,OFFICIAL_CURRENT_EXCHANGE_SECURITY,,true,,EXACT_SESSION_RETAINED,CURRENT_DESCRIPTIVE_DNSE_REST_ADJUSTED_RETROSPECTIVE_RAW_AS_TRADED_NOT_PROMOTED,DIRECT_CANONICAL_MAPPING
SGS,,,,,,,,,,,,,,,,,,,,NOT_AVAILABLE,,,UPCOM,,,,,,,,,,,EXCHANGE_STOCK_LIST_CANDIDATE_NOT_COMMON_EQUITY_PROVEN,UPCOM,hnx_official_equity_universe/v1,,OFFICIAL_CURRENT_STOCK_LIST_CANDIDATE,,false,,UNAVAILABLE_NO_EXACT_SESSION_OBSERVATION,,UNAVAILABLE
SGT,2026-10-01,9,0.0,,,,,,,,,,,,,,,,,NEAR_MA20_NEUTRAL,,2026-10-01T16:19:50.765598+07:00,HSX,,,,,,,,2026-10-01,2026-10-01,0,OFFICIAL_STOCK_MASTER_SECURITY_TYPE_NOT_COMMON_EQUITY_PROVEN,HOSE,hose_public_stock_master/v1,,OFFICIAL_CURRENT_EXCHANGE_SECURITY,,true,,EXACT_SESSION_RETAINED,CURRENT_DESCRIPTIVE_DNSE_REST_ADJUSTED_RETROSPECTIVE_RAW_AS_TRADED_NOT_PROMOTED,DIRECT_CANONICAL_MAPPING
SHA,,,,,,,,,,,,,,,,,,,,NOT_AVAILABLE,,,HSX,,,,,,,,,,,OFFICIAL_STOCK_MASTER_SECURITY_TYPE_NOT_COMMON_EQUITY_PROVEN,HOSE,hose_public_stock_master/v1,,OFFICIAL_CURRENT_EXCHANGE_SECURITY,,false,,UNAVAILABLE_NO_EXACT_SESSION_OBSERVATION,,UNAVAILABLE
SHB,2026-10-01,11.35,-0.008733624454148492,,,,,,,,,,,,,,,,,BELOW_MA20_MOMENTUM_NEGATIVE,,2026-10-01T16:19:50.765598+07:00,HSX,,,,,,,,2026-10-01,2026-10-01,0,OFFICIAL_STOCK_MASTER_SECURITY_TYPE_NOT_COMMON_EQUITY_PROVEN,HOSE,hose_public_stock_master/v1,,OFFICIAL_CURRENT_EXCHANGE_SECURITY,,true,,EXACT_SESSION_RETAINED,CURRENT_DESCRIPTIVE_DNSE_REST_ADJUSTED_RETROSPECTIVE_RAW_AS_TRADED_NOT_PROMOTED,DIRECT_CANONICAL_MAPPING
SHC,2026-10-01,11,0.11111111111111116,,,,,,,,,,,,,,,,,NEAR_MA20_NEUTRAL,,2026-10-01T16:19:50.765598+07:00,UPCOM,,,,,,,,2026-10-01,2026-10-01,0,EXCHANGE_STOCK_LIST_CANDIDATE_NOT_COMMON_EQUITY_PROVEN,UPCOM,hnx_official_equity_universe/v1,,OFFICIAL_CURRENT_STOCK_LIST_CANDIDATE,,true,,EXACT_SESSION_RETAINED,CURRENT_DESCRIPTIVE_DNSE_REST_ADJUSTED_RETROSPECTIVE_RAW_AS_TRADED_NOT_PROMOTED,DIRECT_CANONICAL_MAPPING
SHE,,,,,,,,,,,,,,,,,,,,NOT_AVAILABLE,,,DELISTED,,,,,,,,,,,EXCHANGE_STOCK_LIST_CANDIDATE_NOT_COMMON_EQUITY_PROVEN,HNX_LISTED,hnx_official_equity_universe/v1,,OFFICIAL_CURRENT_STOCK_LIST_CANDIDATE,,false,,UNAVAILABLE_NO_EXACT_SESSION_OBSERVATION,,UNAVAILABLE
SHG,,,,,,,,,,,,,,,,,,,,NOT_AVAILABLE,,,DELISTED,,,,,,,,,,,INSTRUMENT_CLASS_UNRESOLVED,DELISTED,,,STOCKLOOKUP_ONLY_UNRESOLVED,,false,,UNAVAILABLE_NO_EXACT_SESSION_OBSERVATION,,UNAVAILABLE
SHI,2026-10-01,14,0.0,,,,,,,,,,,,,,,,,BELOW_MA20_MOMENTUM_NEGATIVE,,2026-10-01T16:19:50.765598+07:00,HSX,,,,,,,,2026-10-01,2026-10-01,0,OFFICIAL_STOCK_MASTER_SECURITY_TYPE_NOT_COMMON_EQUITY_PROVEN,HOSE,hose_public_stock_master/v1,,OFFICIAL_CURRENT_EXCHANGE_SECURITY,,true,,EXACT_SESSION_RETAINED,CURRENT_DESCRIPTIVE_DNSE_REST_ADJUSTED_RETROSPECTIVE_RAW_AS_TRADED_NOT_PROMOTED,DIRECT_CANONICAL_MAPPING
SHN,2026-10-01,8.6,0.07499999999999996,,,,,,,,,,,,,,,,,ABOVE_MA20_MOMENTUM_POSITIVE,,2026-10-01T16:19:50.765598+07:00,DELISTED,,,,,,,,2026-10-01,2026-10-01,0,EXCHANGE_STOCK_LIST_CANDIDATE_NOT_COMMON_EQUITY_PROVEN,HNX_LISTED,hnx_official_equity_universe/v1,,OFFICIAL_CURRENT_STOCK_LIST_CANDIDATE,,true,,EXACT_SESSION_RETAINED,CURRENT_DESCRIPTIVE_DNSE_REST_ADJUSTED_RETROSPECTIVE_RAW_AS_TRADED_NOT_PROMOTED,DIRECT_CANONICAL_MAPPING
SHP,2026-10-01,31.3,0.008051529790660261,,,,,,,,,,,,,,,,,NEAR_MA20_NEUTRAL,,2026-10-01T16:19:50.765598+07:00,HSX,,,,,,,,2026-10-01,2026-10-01,0,OFFICIAL_STOCK_MASTER_SECURITY_TYPE_NOT_COMMON_EQUITY_PROVEN,HOSE,hose_public_stock_master/v1,,OFFICIAL_CURRENT_EXCHANGE_SECURITY,,true,,EXACT_SESSION_RETAINED,CURRENT_DESCRIPTIVE_DNSE_REST_ADJUSTED_RETROSPECTIVE_RAW_AS_TRADED_NOT_PROMOTED,DIRECT_CANONICAL_MAPPING
SHS,2026-10-01,13.3,0.023076923076923217,,,,,,,,,,,,,,,,,BELOW_MA20_MOMENTUM_NEGATIVE,,2026-10-01T16:19:50.765598+07:00,DELISTED,,,,,,,,2026-10-01,2026-10-01,0,EXCHANGE_STOCK_LIST_CANDIDATE_NOT_COMMON_EQUITY_PROVEN,HNX_LISTED,hnx_official_equity_universe/v1,,OFFICIAL_CURRENT_STOCK_LIST_CANDIDATE,,true,,EXACT_SESSION_RETAINED,CURRENT_DESCRIPTIVE_DNSE_REST_ADJUSTED_RETROSPECTIVE_RAW_AS_TRADED_NOT_PROMOTED,DIRECT_CANONICAL_MAPPING
SHX,,,,,,,,,,,,,,,,,,,,NOT_AVAILABLE,,,DELISTED,,,,,,,,,,,INSTRUMENT_CLASS_UNRESOLVED,DELISTED,,,STOCKLOOKUP_ONLY_UNRESOLVED,,false,,UNAVAILABLE_NO_EXACT_SESSION_OBSERVATION,,UNAVAILABLE
SIC,,,,,,,,,,,,,,,,,,,,NOT_AVAILABLE,,,DELISTED,,,,,,,,,,,INSTRUMENT_CLASS_UNRESOLVED,DELISTED,,,STOCKLOOKUP_ONLY_UNRESOLVED,,false,,UNAVAILABLE_NO_EXACT_SESSION_OBSERVATION,,UNAVAILABLE
SID,2026-10-01,10.9,-0.018018018018017945,,,,,,,,,,,,,,,,,BELOW_MA20_MOMENTUM_NEGATIVE,,2026-10-01T16:19:50.765598+07:00,UPCOM,,,,,,,,2026-10-01,2026-10-01,0,EXCHANGE_STOCK_LIST_CANDIDATE_NOT_COMMON_EQUITY_PROVEN,UPCOM,hnx_official_equity_universe/v1,,OFFICIAL_CURRENT_STOCK_LIST_CANDIDATE,,true,,EXACT_SESSION_RETAINED,CURRENT_DESCRIPTIVE_DNSE_REST_ADJUSTED_RETROSPECTIVE_RAW_AS_TRADED_NOT_PROMOTED,DIRECT_CANONICAL_MAPPING
SIG,,,,,,,,,,,,,,,,,,,,NOT_AVAILABLE,,,UPCOM,,,,,,,,,,,EXCHANGE_STOCK_LIST_CANDIDATE_NOT_COMMON_EQUITY_PROVEN,UPCOM,hnx_official_equity_universe/v1,,OFFICIAL_CURRENT_STOCK_LIST_CANDIDATE,,false,,UNAVAILABLE_NO_EXACT_SESSION_OBSERVATION,,UNAVAILABLE
SII,2026-10-01,16.5,0.0060975609756097615,,,,,,,,,,,,,,,,,NEAR_MA20_NEUTRAL,,2026-10-01T16:19:50.765598+07:00,UPCOM,,,,,,,,2026-10-01,2026-10-01,0,EXCHANGE_STOCK_LIST_CANDIDATE_NOT_COMMON_EQUITY_PROVEN,UPCOM,hnx_official_equity_universe/v1,,OFFICIAL_CURRENT_STOCK_LIST_CANDIDATE,,true,,EXACT_SESSION_RETAINED,CURRENT_DESCRIPTIVE_DNSE_REST_ADJUSTED_RETROSPECTIVE_RAW_AS_TRADED_NOT_PROMOTED,DIRECT_CANONICAL_MAPPING
SIP,2026-10-01,49.25,0.003054989816700493,,,,,,,,,,,,,,,,,NEAR_MA20_NEUTRAL,,2026-10-01T16:19:50.765598+07:00,HSX,,,,,,,,2026-10-01,2026-10-01,0,OFFICIAL_STOCK_MASTER_SECURITY_TYPE_NOT_COMMON_EQUITY_PROVEN,HOSE,hose_public_stock_master/v1,,OFFICIAL_CURRENT_EXCHANGE_SECURITY,,true,,EXACT_SESSION_RETAINED,CURRENT_DESCRIPTIVE_DNSE_REST_ADJUSTED_RETROSPECTIVE_RAW_AS_TRADED_NOT_PROMOTED,DIRECT_CANONICAL_MAPPING
SIV,2026-10-01,42,0.10526315789473695,,,,,,,,,,,,,,,,,ABOVE_MA20_MOMENTUM_POSITIVE,,2026-10-01T16:19:50.765598+07:00,UPCOM,,,,,,,,2026-10-01,2026-10-01,0,EXCHANGE_STOCK_LIST_CANDIDATE_NOT_COMMON_EQUITY_PROVEN,UPCOM,hnx_official_equity_universe/v1,,OFFICIAL_CURRENT_STOCK_LIST_CANDIDATE,,true,,EXACT_SESSION_RETAINED,CURRENT_DESCRIPTIVE_DNSE_REST_ADJUSTED_RETROSPECTIVE_RAW_AS_TRADED_NOT_PROMOTED,DIRECT_CANONICAL_MAPPING
SJ1,,,,,,,,,,,,,,,,,,,,NOT_AVAILABLE,,,DELISTED,,,,,,,,,,,EXCHANGE_STOCK_LIST_CANDIDATE_NOT_COMMON_EQUITY_PROVEN,HNX_LISTED,hnx_official_equity_universe/v1,,OFFICIAL_CURRENT_STOCK_LIST_CANDIDATE,,false,,UNAVAILABLE_NO_EXACT_SESSION_OBSERVATION,,UNAVAILABLE
SJC,,,,,,,,,,,,,,,,,,,,NOT_AVAILABLE,,,DELISTED,,,,,,,,,,,INSTRUMENT_CLASS_UNRESOLVED,DELISTED,,,STOCKLOOKUP_ONLY_UNRESOLVED,,false,,UNAVAILABLE_NO_EXACT_SESSION_OBSERVATION,,UNAVAILABLE
SJD,2026-10-01,13.9,0.0,,,,,,,,,,,,,,,,,NEAR_MA20_NEUTRAL,,2026-10-01T16:19:50.765598+07:00,HSX,,,,,,,,2026-10-01,2026-10-01,0,OFFICIAL_STOCK_MASTER_SECURITY_TYPE_NOT_COMMON_EQUITY_PROVEN,HOSE,hose_public_stock_master/v1,,OFFICIAL_CURRENT_EXCHANGE_SECURITY,,true,,EXACT_SESSION_RETAINED,CURRENT_DESCRIPTIVE_DNSE_REST_ADJUSTED_RETROSPECTIVE_RAW_AS_TRADED_NOT_PROMOTED,DIRECT_CANONICAL_MAPPING
SJE,2026-10-01,10.5,0.0,,,,,,,,,,,,,,,,,BELOW_MA20_MOMENTUM_NEGATIVE,,2026-10-01T16:19:50.765598+07:00,DELISTED,,,,,,,,2026-10-01,2026-10-01,0,EXCHANGE_STOCK_LIST_CANDIDATE_NOT_COMMON_EQUITY_PROVEN,HNX_LISTED,hnx_official_equity_universe/v1,,OFFICIAL_CURRENT_STOCK_LIST_CANDIDATE,,true,,EXACT_SESSION_RETAINED,CURRENT_DESCRIPTIVE_DNSE_REST_ADJUSTED_RETROSPECTIVE_RAW_AS_TRADED_NOT_PROMOTED,DIRECT_CANONICAL_MAPPING
SJF,,,,,,,,,,,,,,,,,,,,NOT_AVAILABLE,,,UPCOM,,,,,,,,,,,EXCHANGE_STOCK_LIST_CANDIDATE_NOT_COMMON_EQUITY_PROVEN,UPCOM,hnx_official_equity_universe/v1,,OFFICIAL_CURRENT_STOCK_LIST_CANDIDATE,,false,,UNAVAILABLE_NO_EXACT_SESSION_OBSERVATION,,UNAVAILABLE
SJG,,,,,,,,,,,,,,,,,,,,NOT_AVAILABLE,,,UPCOM,,,,,,,,,,,EXCHANGE_STOCK_LIST_CANDIDATE_NOT_COMMON_EQUITY_PROVEN,UPCOM,hnx_official_equity_universe/v1,,OFFICIAL_CURRENT_STOCK_LIST_CANDIDATE,,false,,UNAVAILABLE_NO_EXACT_SESSION_OBSERVATION,,UNAVAILABLE
SJM,,,,,,,,,,,,,,,,,,,,NOT_AVAILABLE,,,UPCOM,,,,,,,,,,,EXCHANGE_STOCK_LIST_CANDIDATE_NOT_COMMON_EQUITY_PROVEN,UPCOM,hnx_official_equity_universe/v1,,OFFICIAL_CURRENT_STOCK_LIST_CANDIDATE,,false,,UNAVAILABLE_NO_EXACT_SESSION_OBSERVATION,,UNAVAILABLE
SJS,2026-10-01,52.3,0.0019157088122603305,,,,,,,,,,,,,,,,,BELOW_MA20_MOMENTUM_NEGATIVE,,2026-10-01T16:19:50.765598+07:00,HSX,,,,,,,,2026-10-01,2026-10-01,0,OFFICIAL_STOCK_MASTER_SECURITY_TYPE_NOT_COMMON_EQUITY_PROVEN,HOSE,hose_public_stock_master/v1,,OFFICIAL_CURRENT_EXCHANGE_SECURITY,,true,,EXACT_SESSION_RETAINED,CURRENT_DESCRIPTIVE_DNSE_REST_ADJUSTED_RETROSPECTIVE_RAW_AS_TRADED_NOT_PROMOTED,DIRECT_CANONICAL_MAPPING
SKG,2026-10-01,7.12,-0.011111111111111072,,,,,,,,,,,,,,,,,BELOW_MA20_MOMENTUM_NEGATIVE,,2026-10-01T16:19:50.765598+07:00,HSX,,,,,,,,2026-10-01,2026-10-01,0,OFFICIAL_STOCK_MASTER_SECURITY_TYPE_NOT_COMMON_EQUITY_PROVEN,HOSE,hose_public_stock_master/v1,,OFFICIAL_CURRENT_EXCHANGE_SECURITY,,true,,EXACT_SESSION_RETAINED,CURRENT_DESCRIPTIVE_DNSE_REST_ADJUSTED_RETROSPECTIVE_RAW_AS_TRADED_NOT_PROMOTED,DIRECT_CANONICAL_MAPPING
SKH,,,,,,,,,,,,,,,,,,,,NOT_AVAILABLE,,,UPCOM,,,,,,,,,,,EXCHANGE_STOCK_LIST_CANDIDATE_NOT_COMMON_EQUITY_PROVEN,UPCOM,hnx_official_equity_universe/v1,,OFFICIAL_CURRENT_STOCK_LIST_CANDIDATE,,false,,UNAVAILABLE_NO_EXACT_SESSION_OBSERVATION,,UNAVAILABLE
SKN,,,,,,,,,,,,,,,,,,,,NOT_AVAILABLE,,,UPCOM,,,,,,,,,,,EXCHANGE_STOCK_LIST_CANDIDATE_NOT_COMMON_EQUITY_PROVEN,UPCOM,hnx_official_equity_universe/v1,,OFFICIAL_CURRENT_STOCK_LIST_CANDIDATE,,false,,UNAVAILABLE_NO_EXACT_SESSION_OBSERVATION,,UNAVAILABLE
SKV,2026-10-01,22.5,-0.008810572687224627,,,,,,,,,,,,,,,,,NEAR_MA20_NEUTRAL,,2026-10-01T16:19:50.765598+07:00,UPCOM,,,,,,,,2026-10-01,2026-10-01,0,EXCHANGE_STOCK_LIST_CANDIDATE_NOT_COMMON_EQUITY_PROVEN,UPCOM,hnx_official_equity_universe/v1,,OFFICIAL_CURRENT_STOCK_LIST_CANDIDATE,,true,,EXACT_SESSION_RETAINED,CURRENT_DESCRIPTIVE_DNSE_REST_ADJUSTED_RETROSPECTIVE_RAW_AS_TRADED_NOT_PROMOTED,DIRECT_CANONICAL_MAPPING
SLD,,,,,,,,,,,,,,,,,,,,NOT_AVAILABLE,,,UPCOM,,,,,,,,,,,EXCHANGE_STOCK_LIST_CANDIDATE_NOT_COMMON_EQUITY_PROVEN,UPCOM,hnx_official_equity_universe/v1,,OFFICIAL_CURRENT_STOCK_LIST_CANDIDATE,,false,,UNAVAILABLE_NO_EXACT_SESSION_OBSERVATION,,UNAVAILABLE
SLS,2026-10-01,150,-0.001996007984031989,,,,,,,,,,,,,,,,,NEAR_MA20_NEUTRAL,,2026-10-01T16:19:50.765598+07:00,DELISTED,,,,,,,,2026-10-01,2026-10-01,0,EXCHANGE_STOCK_LIST_CANDIDATE_NOT_COMMON_EQUITY_PROVEN,HNX_LISTED,hnx_official_equity_universe/v1,,OFFICIAL_CURRENT_STOCK_LIST_CANDIDATE,,true,,EXACT_SESSION_RETAINED,CURRENT_DESCRIPTIVE_DNSE_REST_ADJUSTED_RETROSPECTIVE_RAW_AS_TRADED_NOT_PROMOTED,DIRECT_CANONICAL_MAPPING
SMA,2026-10-01,6.1,0.0,,,,,,,,,,,,,,,,,BELOW_MA20_MOMENTUM_NEGATIVE,,2026-10-01T16:19:50.765598+07:00,HSX,,,,,,,,2026-10-01,2026-10-01,0,OFFICIAL_STOCK_MASTER_SECURITY_TYPE_NOT_COMMON_EQUITY_PROVEN,HOSE,hose_public_stock_master/v1,,OFFICIAL_CURRENT_EXCHANGE_SECURITY,,true,,EXACT_SESSION_RETAINED,CURRENT_DESCRIPTIVE_DNSE_REST_ADJUSTED_RETROSPECTIVE_RAW_AS_TRADED_NOT_PROMOTED,DIRECT_CANONICAL_MAPPING
SMB,2026-10-01,41.4,0.009756097560975618,,,,,,,,,,,,,,,,,NEAR_MA20_NEUTRAL,,2026-10-01T16:19:50.765598+07:00,HSX,,,,,,,,2026-10-01,2026-10-01,0,OFFICIAL_STOCK_MASTER_SECURITY_TYPE_NOT_COMMON_EQUITY_PROVEN,HOSE,hose_public_stock_master/v1,,OFFICIAL_CURRENT_EXCHANGE_SECURITY,,true,,EXACT_SESSION_RETAINED,CURRENT_DESCRIPTIVE_DNSE_REST_ADJUSTED_RETROSPECTIVE_RAW_AS_TRADED_NOT_PROMOTED,DIRECT_CANONICAL_MAPPING
SMC,2026-10-01,10,-0.004975124378109541,,,,,,,,,,,,,,,,,NEAR_MA20_NEUTRAL,,2026-10-01T16:19:50.765598+07:00,HSX,,,,,,,,2026-10-01,2026-10-01,0,OFFICIAL_STOCK_MASTER_SECURITY_TYPE_NOT_COMMON_EQUITY_PROVEN,HOSE,hose_public_stock_master/v1,,OFFICIAL_CURRENT_EXCHANGE_SECURITY,,true,,EXACT_SESSION_RETAINED,CURRENT_DESCRIPTIVE_DNSE_REST_ADJUSTED_RETROSPECTIVE_RAW_AS_TRADED_NOT_PROMOTED,DIRECT_CANONICAL_MAPPING
SMN,2026-10-01,6.2,-0.015873015873015817,,,,,,,,,,,,,,,,,BELOW_MA20_MOMENTUM_NEGATIVE,,2026-10-01T16:19:50.765598+07:00,DELISTED,,,,,,,,2026-10-01,2026-10-01,0,EXCHANGE_STOCK_LIST_CANDIDATE_NOT_COMMON_EQUITY_PROVEN,HNX_LISTED,hnx_official_equity_universe/v1,,OFFICIAL_CURRENT_STOCK_LIST_CANDIDATE,,true,,EXACT_SESSION_RETAINED,CURRENT_DESCRIPTIVE_DNSE_REST_ADJUSTED_RETROSPECTIVE_RAW_AS_TRADED_NOT_PROMOTED,DIRECT_CANONICAL_MAPPING
SMT,,,,,,,,,,,,,,,,,,,,NOT_AVAILABLE,,,DELISTED,,,,,,,,,,,EXCHANGE_STOCK_LIST_CANDIDATE_NOT_COMMON_EQUITY_PROVEN,HNX_LISTED,hnx_official_equity_universe/v1,,OFFICIAL_CURRENT_STOCK_LIST_CANDIDATE,,false,,UNAVAILABLE_NO_EXACT_SESSION_OBSERVATION,,UNAVAILABLE
SNC,,,,,,,,,,,,,,,,,,,,NOT_AVAILABLE,,,UPCOM,,,,,,,,,,,EXCHANGE_STOCK_LIST_CANDIDATE_NOT_COMMON_EQUITY_PROVEN,UPCOM,hnx_official_equity_universe/v1,,OFFICIAL_CURRENT_STOCK_LIST_CANDIDATE,,false,,UNAVAILABLE_NO_EXACT_SESSION_OBSERVATION,,UNAVAILABLE
SNZ,2026-10-01,24,-0.016393442622950727,,,,,,,,,,,,,,,,,NEAR_MA20_NEUTRAL,,2026-10-01T16:19:50.765598+07:00,UPCOM,,,,,,,,2026-10-01,2026-10-01,0,EXCHANGE_STOCK_LIST_CANDIDATE_NOT_COMMON_EQUITY_PROVEN,UPCOM,hnx_official_equity_universe/v1,,OFFICIAL_CURRENT_STOCK_LIST_CANDIDATE,,true,,EXACT_SESSION_RETAINED,CURRENT_DESCRIPTIVE_DNSE_REST_ADJUSTED_RETROSPECTIVE_RAW_AS_TRADED_NOT_PROMOTED,DIRECT_CANONICAL_MAPPING
SP2,,,,,,,,,,,,,,,,,,,,NOT_AVAILABLE,,,UPCOM,,,,,,,,,,,EXCHANGE_STOCK_LIST_CANDIDATE_NOT_COMMON_EQUITY_PROVEN,UPCOM,hnx_official_equity_universe/v1,,OFFICIAL_CURRENT_STOCK_LIST_CANDIDATE,,false,,UNAVAILABLE_NO_EXACT_SESSION_OBSERVATION,,UNAVAILABLE
SPA,,,,,,,,,,,,,,,,,,,,NOT_AVAILABLE,,,DELISTED,,,,,,,,,,,INSTRUMENT_CLASS_UNRESOLVED,DELISTED,,,STOCKLOOKUP_ONLY_UNRESOLVED,,false,,UNAVAILABLE_NO_EXACT_SESSION_OBSERVATION,,UNAVAILABLE
SPB,,,,,,,,,,,,,,,,,,,,NOT_AVAILABLE,,,UPCOM,,,,,,,,,,,EXCHANGE_STOCK_LIST_CANDIDATE_NOT_COMMON_EQUITY_PROVEN,UPCOM,hnx_official_equity_universe/v1,,OFFICIAL_CURRENT_STOCK_LIST_CANDIDATE,,false,,UNAVAILABLE_NO_EXACT_SESSION_OBSERVATION,,UNAVAILABLE
SPC,,,,,,,,,,,,,,,,,,,,NOT_AVAILABLE,,,DELISTED,,,,,,,,,,,EXCHANGE_STOCK_LIST_CANDIDATE_NOT_COMMON_EQUITY_PROVEN,HNX_LISTED,hnx_official_equity_universe/v1,,OFFICIAL_CURRENT_STOCK_LIST_CANDIDATE,,false,,UNAVAILABLE_NO_EXACT_SESSION_OBSERVATION,,UNAVAILABLE
SPD,,,,,,,,,,,,,,,,,,,,NOT_AVAILABLE,,,UPCOM,,,,,,,,,,,EXCHANGE_STOCK_LIST_CANDIDATE_NOT_COMMON_EQUITY_PROVEN,UPCOM,hnx_official_equity_universe/v1,,OFFICIAL_CURRENT_STOCK_LIST_CANDIDATE,,false,,UNAVAILABLE_NO_EXACT_SESSION_OBSERVATION,,UNAVAILABLE
SPH,,,,,,,,,,,,,,,,,,,,NOT_AVAILABLE,,,UPCOM,,,,,,,,,,,EXCHANGE_STOCK_LIST_CANDIDATE_NOT_COMMON_EQUITY_PROVEN,UPCOM,hnx_official_equity_universe/v1,,OFFICIAL_CURRENT_STOCK_LIST_CANDIDATE,,false,,UNAVAILABLE_NO_EXACT_SESSION_OBSERVATION,,UNAVAILABLE
SPI,,,,,,,,,,,,,,,,,,,,NOT_AVAILABLE,,,UPCOM,,,,,,,,,,,EXCHANGE_STOCK_LIST_CANDIDATE_NOT_COMMON_EQUITY_PROVEN,UPCOM,hnx_official_equity_universe/v1,,OFFICIAL_CURRENT_STOCK_LIST_CANDIDATE,,false,,UNAVAILABLE_NO_EXACT_SESSION_OBSERVATION,,UNAVAILABLE
SPM,,,,,,,,,,,,,,,,,,,,NOT_AVAILABLE,,,HSX,,,,,,,,,,,OFFICIAL_STOCK_MASTER_SECURITY_TYPE_NOT_COMMON_EQUITY_PROVEN,HOSE,hose_public_stock_master/v1,,OFFICIAL_CURRENT_EXCHANGE_SECURITY,,false,,UNAVAILABLE_NO_EXACT_SESSION_OBSERVATION,,UNAVAILABLE
SPP,,,,,,,,,,,,,,,,,,,,NOT_AVAILABLE,,,DELISTED,,,,,,,,,,,INSTRUMENT_CLASS_UNRESOLVED,DELISTED,,,STOCKLOOKUP_ONLY_UNRESOLVED,,false,,UNAVAILABLE_NO_EXACT_SESSION_OBSERVATION,,UNAVAILABLE
SPV,,,,,,,,,,,,,,,,,,,,NOT_AVAILABLE,,,UPCOM,,,,,,,,,,,EXCHANGE_STOCK_LIST_CANDIDATE_NOT_COMMON_EQUITY_PROVEN,UPCOM,hnx_official_equity_universe/v1,,OFFICIAL_CURRENT_STOCK_LIST_CANDIDATE,,false,,UNAVAILABLE_NO_EXACT_SESSION_OBSERVATION,,UNAVAILABLE
SQC,,,,,,,,,,,,,,,,,,,,NOT_AVAILABLE,,,DELISTED,,,,,,,,,,,INSTRUMENT_CLASS_UNRESOLVED,DELISTED,,,STOCKLOOKUP_ONLY_UNRESOLVED,,false,,UNAVAILABLE_NO_EXACT_SESSION_OBSERVATION,,UNAVAILABLE
SRA,,,,,,,,,,,,,,,,,,,,NOT_AVAILABLE,,,DELISTED,,,,,,,,,,,EXCHANGE_STOCK_LIST_CANDIDATE_NOT_COMMON_EQUITY_PROVEN,HNX_LISTED,hnx_official_equity_universe/v1,,OFFICIAL_CURRENT_STOCK_LIST_CANDIDATE,,false,,UNAVAILABLE_NO_EXACT_SESSION_OBSERVATION,,UNAVAILABLE
SRB,2026-10-01,1.3,0.0,,,,,,,,,,,,,,,,,BELOW_MA20_MOMENTUM_NEGATIVE,,2026-10-01T16:19:50.765598+07:00,UPCOM,,,,,,,,2026-10-01,2026-10-01,0,EXCHANGE_STOCK_LIST_CANDIDATE_NOT_COMMON_EQUITY_PROVEN,UPCOM,hnx_official_equity_universe/v1,,OFFICIAL_CURRENT_STOCK_LIST_CANDIDATE,,true,,EXACT_SESSION_RETAINED,CURRENT_DESCRIPTIVE_DNSE_REST_ADJUSTED_RETROSPECTIVE_RAW_AS_TRADED_NOT_PROMOTED,DIRECT_CANONICAL_MAPPING
SRC,2026-10-01,36.25,0.0,,,,,,,,,,,,,,,,,BELOW_MA20_MOMENTUM_NEGATIVE,,2026-10-01T16:19:50.765598+07:00,HSX,,,,,,,,2026-10-01,2026-10-01,0,OFFICIAL_STOCK_MASTER_SECURITY_TYPE_NOT_COMMON_EQUITY_PROVEN,HOSE,hose_public_stock_master/v1,,OFFICIAL_CURRENT_EXCHANGE_SECURITY,,true,,EXACT_SESSION_RETAINED,CURRENT_DESCRIPTIVE_DNSE_REST_ADJUSTED_RETROSPECTIVE_RAW_AS_TRADED_NOT_PROMOTED,DIRECT_CANONICAL_MAPPING
SRF,2026-10-01,7.82,-0.010126582278481067,,,,,,,,,,,,,,,,,ABOVE_MA20_MOMENTUM_POSITIVE,,2026-10-01T16:19:50.765598+07:00,HSX,,,,,,,,2026-10-01,2026-10-01,0,OFFICIAL_STOCK_MASTER_SECURITY_TYPE_NOT_COMMON_EQUITY_PROVEN,HOSE,hose_public_stock_master/v1,,OFFICIAL_CURRENT_EXCHANGE_SECURITY,,true,,EXACT_SESSION_RETAINED,CURRENT_DESCRIPTIVE_DNSE_REST_ADJUSTED_RETROSPECTIVE_RAW_AS_TRADED_NOT_PROMOTED,DIRECT_CANONICAL_MAPPING
SRT,,,,,,,,,,,,,,,,,,,,NOT_AVAILABLE,,,DELISTED,,,,,,,,,,,INSTRUMENT_CLASS_UNRESOLVED,DELISTED,,,STOCKLOOKUP_ONLY_UNRESOLVED,,false,,UNAVAILABLE_NO_EXACT_SESSION_OBSERVATION,,UNAVAILABLE
SSB,2026-10-01,17.75,-0.0273972602739726,,,,,,,,,,,,,,,,,BELOW_MA20_MOMENTUM_POSITIVE,,2026-10-01T16:19:50.765598+07:00,HSX,,,,,,,,2026-10-01,2026-10-01,0,OFFICIAL_STOCK_MASTER_SECURITY_TYPE_NOT_COMMON_EQUITY_PROVEN,HOSE,hose_public_stock_master/v1,,OFFICIAL_CURRENT_EXCHANGE_SECURITY,,true,,EXACT_SESSION_RETAINED,CURRENT_DESCRIPTIVE_DNSE_REST_ADJUSTED_RETROSPECTIVE_RAW_AS_TRADED_NOT_PROMOTED,DIRECT_CANONICAL_MAPPING
SSC,2026-10-01,21.25,0.0,,,,,,,,,,,,,,,,,BELOW_MA20_MOMENTUM_POSITIVE,,2026-10-01T16:19:50.765598+07:00,HSX,,,,,,,,2026-10-01,2026-10-01,0,OFFICIAL_STOCK_MASTER_SECURITY_TYPE_NOT_COMMON_EQUITY_PROVEN,HOSE,hose_public_stock_master/v1,,OFFICIAL_CURRENT_EXCHANGE_SECURITY,,true,,EXACT_SESSION_RETAINED,CURRENT_DESCRIPTIVE_DNSE_REST_ADJUSTED_RETROSPECTIVE_RAW_AS_TRADED_NOT_PROMOTED,DIRECT_CANONICAL_MAPPING
SSF,,,,,,,,,,,,,,,,,,,,NOT_AVAILABLE,,,DELISTED,,,,,,,,,,,INSTRUMENT_CLASS_UNRESOLVED,DELISTED,,,STOCKLOOKUP_ONLY_UNRESOLVED,,false,,UNAVAILABLE_NO_EXACT_SESSION_OBSERVATION,,UNAVAILABLE
SSG,,,,,,,,,,,,,,,,,,,,NOT_AVAILABLE,,,UPCOM,,,,,,,,,,,EXCHANGE_STOCK_LIST_CANDIDATE_NOT_COMMON_EQUITY_PROVEN,UPCOM,hnx_official_equity_universe/v1,,OFFICIAL_CURRENT_STOCK_LIST_CANDIDATE,,false,,UNAVAILABLE_NO_EXACT_SESSION_OBSERVATION,,UNAVAILABLE
SSH,,,,,,,,,,,,,,,,,,,,NOT_AVAILABLE,,,UPCOM,,,,,,,,,,,EXCHANGE_STOCK_LIST_CANDIDATE_NOT_COMMON_EQUITY_PROVEN,UPCOM,hnx_official_equity_universe/v1,,OFFICIAL_CURRENT_STOCK_LIST_CANDIDATE,,false,,UNAVAILABLE_NO_EXACT_SESSION_OBSERVATION,,UNAVAILABLE
SSI,2026-10-01,20.15,0.0024875621890545485,,,,,,,,,,,,,,,,,BELOW_MA20_MOMENTUM_NEGATIVE,,2026-10-01T16:19:50.765598+07:00,HSX,securities,,,,,,,2026-10-01,2026-10-01,0,OFFICIAL_STOCK_MASTER_SECURITY_TYPE_NOT_COMMON_EQUITY_PROVEN,HOSE,hose_public_stock_master/v1,,OFFICIAL_CURRENT_EXCHANGE_SECURITY,,true,,EXACT_SESSION_RETAINED,CURRENT_DESCRIPTIVE_DNSE_REST_ADJUSTED_RETROSPECTIVE_RAW_AS_TRADED_NOT_PROMOTED,DIRECT_CANONICAL_MAPPING
SSM,,,,,,,,,,,,,,,,,,,,NOT_AVAILABLE,,,DELISTED,,,,,,,,,,,EXCHANGE_STOCK_LIST_CANDIDATE_NOT_COMMON_EQUITY_PROVEN,HNX_LISTED,hnx_official_equity_universe/v1,,OFFICIAL_CURRENT_STOCK_LIST_CANDIDATE,,false,,UNAVAILABLE_NO_EXACT_SESSION_OBSERVATION,,UNAVAILABLE
SSN,,,,,,,,,,,,,,,,,,,,NOT_AVAILABLE,,,DELISTED,,,,,,,,,,,INSTRUMENT_CLASS_UNRESOLVED,DELISTED,,,STOCKLOOKUP_ONLY_UNRESOLVED,,false,,UNAVAILABLE_NO_EXACT_SESSION_OBSERVATION,,UNAVAILABLE
SSU,,,,,,,,,,,,,,,,,,,,NOT_AVAILABLE,,,DELISTED,,,,,,,,,,,INSTRUMENT_CLASS_UNRESOLVED,DELISTED,,,STOCKLOOKUP_ONLY_UNRESOLVED,,false,,UNAVAILABLE_NO_EXACT_SESSION_OBSERVATION,,UNAVAILABLE
ST8,2026-10-01,2.06,0.0,,,,,,,,,,,,,,,,,NEAR_MA20_NEUTRAL,,2026-10-01T16:19:50.765598+07:00,HSX,,,,,,,,2026-10-01,2026-10-01,0,OFFICIAL_STOCK_MASTER_SECURITY_TYPE_NOT_COMMON_EQUITY_PROVEN,HOSE,hose_public_stock_master/v1,,OFFICIAL_CURRENT_EXCHANGE_SECURITY,,true,,EXACT_SESSION_RETAINED,CURRENT_DESCRIPTIVE_DNSE_REST_ADJUSTED_RETROSPECTIVE_RAW_AS_TRADED_NOT_PROMOTED,DIRECT_CANONICAL_MAPPING
STB,2026-10-01,70.3,-0.050000000000000044,,,,,,,,,,,,,,,,,BELOW_MA20_MOMENTUM_NEGATIVE,,2026-10-01T16:19:50.765598+07:00,HSX,,,,,,,,2026-10-01,2026-10-01,0,OFFICIAL_STOCK_MASTER_SECURITY_TYPE_NOT_COMMON_EQUITY_PROVEN,HOSE,hose_public_stock_master/v1,,OFFICIAL_CURRENT_EXCHANGE_SECURITY,,true,,EXACT_SESSION_RETAINED,CURRENT_DESCRIPTIVE_DNSE_REST_ADJUSTED_RETROSPECTIVE_RAW_AS_TRADED_NOT_PROMOTED,DIRECT_CANONICAL_MAPPING
STC,,,,,,,,,,,,,,,,,,,,NOT_AVAILABLE,,,DELISTED,,,,,,,,,,,EXCHANGE_STOCK_LIST_CANDIDATE_NOT_COMMON_EQUITY_PROVEN,HNX_LISTED,hnx_official_equity_universe/v1,,OFFICIAL_CURRENT_STOCK_LIST_CANDIDATE,,false,,UNAVAILABLE_NO_EXACT_SESSION_OBSERVATION,,UNAVAILABLE
STD,,,,,,,,,,,,,,,,,,,,NOT_AVAILABLE,,,UPCOM,,,,,,,,,,,EXCHANGE_STOCK_LIST_CANDIDATE_NOT_COMMON_EQUITY_PROVEN,UPCOM,hnx_official_equity_universe/v1,,OFFICIAL_CURRENT_STOCK_LIST_CANDIDATE,,false,,UNAVAILABLE_NO_EXACT_SESSION_OBSERVATION,,UNAVAILABLE
STG,,,,,,,,,,,,,,,,,,,,NOT_AVAILABLE,,,HSX,,,,,,,,,,,OFFICIAL_STOCK_MASTER_SECURITY_TYPE_NOT_COMMON_EQUITY_PROVEN,HOSE,hose_public_stock_master/v1,,OFFICIAL_CURRENT_EXCHANGE_SECURITY,,false,,UNAVAILABLE_NO_EXACT_SESSION_OBSERVATION,,UNAVAILABLE
STH,,,,,,,,,,,,,,,,,,,,NOT_AVAILABLE,,,UPCOM,,,,,,,,,,,EXCHANGE_STOCK_LIST_CANDIDATE_NOT_COMMON_EQUITY_PROVEN,UPCOM,hnx_official_equity_universe/v1,,OFFICIAL_CURRENT_STOCK_LIST_CANDIDATE,,false,,UNAVAILABLE_NO_EXACT_SESSION_OBSERVATION,,UNAVAILABLE
STK,2026-10-01,7.88,0.0,,,,,,,,,,,,,,,,,NEAR_MA20_NEUTRAL,,2026-10-01T16:19:50.765598+07:00,HSX,,,,,,,,2026-10-01,2026-10-01,0,OFFICIAL_STOCK_MASTER_SECURITY_TYPE_NOT_COMMON_EQUITY_PROVEN,HOSE,hose_public_stock_master/v1,,OFFICIAL_CURRENT_EXCHANGE_SECURITY,,true,,EXACT_SESSION_RETAINED,CURRENT_DESCRIPTIVE_DNSE_REST_ADJUSTED_RETROSPECTIVE_RAW_AS_TRADED_NOT_PROMOTED,DIRECT_CANONICAL_MAPPING
STL,,,,,,,,,,,,,,,,,,,,NOT_AVAILABLE,,,DELISTED,,,,,,,,,,,INSTRUMENT_CLASS_UNRESOLVED,DELISTED,,,STOCKLOOKUP_ONLY_UNRESOLVED,,false,,UNAVAILABLE_NO_EXACT_SESSION_OBSERVATION,,UNAVAILABLE
STP,,,,,,,,,,,,,,,,,,,,NOT_AVAILABLE,,,DELISTED,,,,,,,,,,,EXCHANGE_STOCK_LIST_CANDIDATE_NOT_COMMON_EQUITY_PROVEN,HNX_LISTED,hnx_official_equity_universe/v1,,OFFICIAL_CURRENT_STOCK_LIST_CANDIDATE,,false,,UNAVAILABLE_NO_EXACT_SESSION_OBSERVATION,,UNAVAILABLE
STS,,,,,,,,,,,,,,,,,,,,NOT_AVAILABLE,,,UPCOM,,,,,,,,,,,EXCHANGE_STOCK_LIST_CANDIDATE_NOT_COMMON_EQUITY_PROVEN,UPCOM,hnx_official_equity_universe/v1,,OFFICIAL_CURRENT_STOCK_LIST_CANDIDATE,,false,,UNAVAILABLE_NO_EXACT_SESSION_OBSERVATION,,UNAVAILABLE
STT,,,,,,,,,,,,,,,,,,,,NOT_AVAILABLE,,,UPCOM,,,,,,,,,,,EXCHANGE_STOCK_LIST_CANDIDATE_NOT_COMMON_EQUITY_PROVEN,UPCOM,hnx_official_equity_universe/v1,,OFFICIAL_CURRENT_STOCK_LIST_CANDIDATE,,false,,UNAVAILABLE_NO_EXACT_SESSION_OBSERVATION,,UNAVAILABLE
STW,,,,,,,,,,,,,,,,,,,,NOT_AVAILABLE,,,UPCOM,,,,,,,,,,,EXCHANGE_STOCK_LIST_CANDIDATE_NOT_COMMON_EQUITY_PROVEN,UPCOM,hnx_official_equity_universe/v1,,OFFICIAL_CURRENT_STOCK_LIST_CANDIDATE,,false,,UNAVAILABLE_NO_EXACT_SESSION_OBSERVATION,,UNAVAILABLE
SVC,2026-10-01,19,-0.050000000000000044,,,,,,,,,,,,,,,,,ABOVE_MA20_MOMENTUM_POSITIVE,,2026-10-01T16:19:50.765598+07:00,HSX,,,,,,,,2026-10-01,2026-10-01,0,OFFICIAL_STOCK_MASTER_SECURITY_TYPE_NOT_COMMON_EQUITY_PROVEN,HOSE,hose_public_stock_master/v1,,OFFICIAL_CURRENT_EXCHANGE_SECURITY,,true,,EXACT_SESSION_RETAINED,CURRENT_DESCRIPTIVE_DNSE_REST_ADJUSTED_RETROSPECTIVE_RAW_AS_TRADED_NOT_PROMOTED,DIRECT_CANONICAL_MAPPING
SVD,2026-10-01,5.06,0.04979253112033177,,,,,,,,,,,,,,,,,ABOVE_MA20_MOMENTUM_POSITIVE,,2026-10-01T16:19:50.765598+07:00,HSX,,,,,,,,2026-10-01,2026-10-01,0,OFFICIAL_STOCK_MASTER_SECURITY_TYPE_NOT_COMMON_EQUITY_PROVEN,HOSE,hose_public_stock_master/v1,,OFFICIAL_CURRENT_EXCHANGE_SECURITY,,true,,EXACT_SESSION_RETAINED,CURRENT_DESCRIPTIVE_DNSE_REST_ADJUSTED_RETROSPECTIVE_RAW_AS_TRADED_NOT_PROMOTED,DIRECT_CANONICAL_MAPPING
SVG,,,,,,,,,,,,,,,,,,,,NOT_AVAILABLE,,,UPCOM,,,,,,,,,,,EXCHANGE_STOCK_LIST_CANDIDATE_NOT_COMMON_EQUITY_PROVEN,UPCOM,hnx_official_equity_universe/v1,,OFFICIAL_CURRENT_STOCK_LIST_CANDIDATE,,false,,UNAVAILABLE_NO_EXACT_SESSION_OBSERVATION,,UNAVAILABLE
SVH,,,,,,,,,,,,,,,,,,,,NOT_AVAILABLE,,,UPCOM,,,,,,,,,,,EXCHANGE_STOCK_LIST_CANDIDATE_NOT_COMMON_EQUITY_PROVEN,UPCOM,hnx_official_equity_universe/v1,,OFFICIAL_CURRENT_STOCK_LIST_CANDIDATE,,false,,UNAVAILABLE_NO_EXACT_SESSION_OBSERVATION,,UNAVAILABLE
SVI,,,,,,,,,,,,,,,,,,,,NOT_AVAILABLE,,,DELISTED,,,,,,,,,,,INSTRUMENT_CLASS_UNRESOLVED,DELISTED,,,STOCKLOOKUP_ONLY_UNRESOLVED,,false,,UNAVAILABLE_NO_EXACT_SESSION_OBSERVATION,,UNAVAILABLE
SVN,2026-10-01,3.6,-0.027027027027027084,,,,,,,,,,,,,,,,,BELOW_MA20_MOMENTUM_POSITIVE,,2026-10-01T16:19:50.765598+07:00,DELISTED,,,,,,,,2026-10-01,2026-10-01,0,EXCHANGE_STOCK_LIST_CANDIDATE_NOT_COMMON_EQUITY_PROVEN,HNX_LISTED,hnx_official_equity_universe/v1,,OFFICIAL_CURRENT_STOCK_LIST_CANDIDATE,,true,,EXACT_SESSION_RETAINED,CURRENT_DESCRIPTIVE_DNSE_REST_ADJUSTED_RETROSPECTIVE_RAW_AS_TRADED_NOT_PROMOTED,DIRECT_CANONICAL_MAPPING
SVT,2026-10-01,9,-0.06542056074766367,,,,,,,,,,,,,,,,,BELOW_MA20_MOMENTUM_NEGATIVE,,2026-10-01T16:19:50.765598+07:00,HSX,,,,,,,,2026-10-01,2026-10-01,0,OFFICIAL_STOCK_MASTER_SECURITY_TYPE_NOT_COMMON_EQUITY_PROVEN,HOSE,hose_public_stock_master/v1,,OFFICIAL_CURRENT_EXCHANGE_SECURITY,,true,,EXACT_SESSION_RETAINED,CURRENT_DESCRIPTIVE_DNSE_REST_ADJUSTED_RETROSPECTIVE_RAW_AS_TRADED_NOT_PROMOTED,DIRECT_CANONICAL_MAPPING
SWC,2026-10-01,23.7,0.008510638297872353,,,,,,,,,,,,,,,,,NEAR_MA20_NEUTRAL,,2026-10-01T16:19:50.765598+07:00,UPCOM,,,,,,,,2026-10-01,2026-10-01,0,EXCHANGE_STOCK_LIST_CANDIDATE_NOT_COMMON_EQUITY_PROVEN,UPCOM,hnx_official_equity_universe/v1,,OFFICIAL_CURRENT_STOCK_LIST_CANDIDATE,,true,,EXACT_SESSION_RETAINED,CURRENT_DESCRIPTIVE_DNSE_REST_ADJUSTED_RETROSPECTIVE_RAW_AS_TRADED_NOT_PROMOTED,DIRECT_CANONICAL_MAPPING
SZB,2026-10-01,41.4,0.0,,,,,,,,,,,,,,,,,NEAR_MA20_NEUTRAL,,2026-10-01T16:19:50.765598+07:00,DELISTED,,,,,,,,2026-10-01,2026-10-01,0,EXCHANGE_STOCK_LIST_CANDIDATE_NOT_COMMON_EQUITY_PROVEN,HNX_LISTED,hnx_official_equity_universe/v1,,OFFICIAL_CURRENT_STOCK_LIST_CANDIDATE,,true,,EXACT_SESSION_RETAINED,CURRENT_DESCRIPTIVE_DNSE_REST_ADJUSTED_RETROSPECTIVE_RAW_AS_TRADED_NOT_PROMOTED,DIRECT_CANONICAL_MAPPING
SZC,2026-10-01,17.15,-0.008670520231213952,,,,,,,,,,,,,,,,,BELOW_MA20_MOMENTUM_NEGATIVE,,2026-10-01T16:19:50.765598+07:00,HSX,,,,,,,,2026-10-01,2026-10-01,0,OFFICIAL_STOCK_MASTER_SECURITY_TYPE_NOT_COMMON_EQUITY_PROVEN,HOSE,hose_public_stock_master/v1,,OFFICIAL_CURRENT_EXCHANGE_SECURITY,,true,,EXACT_SESSION_RETAINED,CURRENT_DESCRIPTIVE_DNSE_REST_ADJUSTED_RETROSPECTIVE_RAW_AS_TRADED_NOT_PROMOTED,DIRECT_CANONICAL_MAPPING
SZE,,,,,,,,,,,,,,,,,,,,NOT_AVAILABLE,,,UPCOM,,,,,,,,,,,EXCHANGE_STOCK_LIST_CANDIDATE_NOT_COMMON_EQUITY_PROVEN,UPCOM,hnx_official_equity_universe/v1,,OFFICIAL_CURRENT_STOCK_LIST_CANDIDATE,,false,,UNAVAILABLE_NO_EXACT_SESSION_OBSERVATION,,UNAVAILABLE
SZG,,,,,,,,,,,,,,,,,,,,NOT_AVAILABLE,,,UPCOM,,,,,,,,,,,EXCHANGE_STOCK_LIST_CANDIDATE_NOT_COMMON_EQUITY_PROVEN,UPCOM,hnx_official_equity_universe/v1,,OFFICIAL_CURRENT_STOCK_LIST_CANDIDATE,,false,,UNAVAILABLE_NO_EXACT_SESSION_OBSERVATION,,UNAVAILABLE
SZL,2026-10-01,26.8,-0.0018621973929237035,,,,,,,,,,,,,,,,,BELOW_MA20_MOMENTUM_NEGATIVE,,2026-10-01T16:19:50.765598+07:00,HSX,,,,,,,,2026-10-01,2026-10-01,0,OFFICIAL_STOCK_MASTER_SECURITY_TYPE_NOT_COMMON_EQUITY_PROVEN,HOSE,hose_public_stock_master/v1,,OFFICIAL_CURRENT_EXCHANGE_SECURITY,,true,,EXACT_SESSION_RETAINED,CURRENT_DESCRIPTIVE_DNSE_REST_ADJUSTED_RETROSPECTIVE_RAW_AS_TRADED_NOT_PROMOTED,DIRECT_CANONICAL_MAPPING
TA3,,,,,,,,,,,,,,,,,,,,NOT_AVAILABLE,,,DELISTED,,,,,,,,,,,INSTRUMENT_CLASS_UNRESOLVED,DELISTED,,,STOCKLOOKUP_ONLY_UNRESOLVED,,false,,UNAVAILABLE_NO_EXACT_SESSION_OBSERVATION,,UNAVAILABLE
TA6,,,,,,,,,,,,,,,,,,,,NOT_AVAILABLE,,,UPCOM,,,,,,,,,,,EXCHANGE_STOCK_LIST_CANDIDATE_NOT_COMMON_EQUITY_PROVEN,UPCOM,hnx_official_equity_universe/v1,,OFFICIAL_CURRENT_STOCK_LIST_CANDIDATE,,false,,UNAVAILABLE_NO_EXACT_SESSION_OBSERVATION,,UNAVAILABLE
TA9,2026-10-01,10.7,0.0,,,,,,,,,,,,,,,,,NEAR_MA20_NEUTRAL,,2026-10-01T16:19:50.765598+07:00,DELISTED,,,,,,,,2026-10-01,2026-10-01,0,EXCHANGE_STOCK_LIST_CANDIDATE_NOT_COMMON_EQUITY_PROVEN,HNX_LISTED,hnx_official_equity_universe/v1,,OFFICIAL_CURRENT_STOCK_LIST_CANDIDATE,,true,,EXACT_SESSION_RETAINED,CURRENT_DESCRIPTIVE_DNSE_REST_ADJUSTED_RETROSPECTIVE_RAW_AS_TRADED_NOT_PROMOTED,DIRECT_CANONICAL_MAPPING
TAB,,,,,,,,,,,,,,,,,,,,NOT_AVAILABLE,,,UPCOM,,,,,,,,,,,EXCHANGE_STOCK_LIST_CANDIDATE_NOT_COMMON_EQUITY_PROVEN,UPCOM,hnx_official_equity_universe/v1,,OFFICIAL_CURRENT_STOCK_LIST_CANDIDATE,,false,,UNAVAILABLE_NO_EXACT_SESSION_OBSERVATION,,UNAVAILABLE
TAG,,,,,,,,,,,,,,,,,,,,NOT_AVAILABLE,,,DELISTED,,,,,,,,,,,INSTRUMENT_CLASS_UNRESOLVED,DELISTED,,,STOCKLOOKUP_ONLY_UNRESOLVED,,false,,UNAVAILABLE_NO_EXACT_SESSION_OBSERVATION,,UNAVAILABLE
TAL,2026-10-01,22.8,0.0,,,,,,,,,,,,,,,,,NEAR_MA20_NEUTRAL,,2026-10-01T16:19:50.765598+07:00,HSX,,,,,,,,2026-10-01,2026-10-01,0,OFFICIAL_STOCK_MASTER_SECURITY_TYPE_NOT_COMMON_EQUITY_PROVEN,HOSE,hose_public_stock_master/v1,,OFFICIAL_CURRENT_EXCHANGE_SECURITY,,true,,EXACT_SESSION_RETAINED,CURRENT_DESCRIPTIVE_DNSE_REST_ADJUSTED_RETROSPECTIVE_RAW_AS_TRADED_NOT_PROMOTED,DIRECT_CANONICAL_MAPPING
TAN,,,,,,,,,,,,,,,,,,,,NOT_AVAILABLE,,,DELISTED,,,,,,,,,,,INSTRUMENT_CLASS_UNRESOLVED,DELISTED,,,STOCKLOOKUP_ONLY_UNRESOLVED,,false,,UNAVAILABLE_NO_EXACT_SESSION_OBSERVATION,,UNAVAILABLE
TAP,,,,,,,,,,,,,,,,,,,,NOT_AVAILABLE,,,DELISTED,,,,,,,,,,,INSTRUMENT_CLASS_UNRESOLVED,DELISTED,,,STOCKLOOKUP_ONLY_UNRESOLVED,,false,,UNAVAILABLE_NO_EXACT_SESSION_OBSERVATION,,UNAVAILABLE
TAR,,,,,,,,,,,,,,,,,,,,NOT_AVAILABLE,,,UPCOM,,,,,,,,,,,EXCHANGE_STOCK_LIST_CANDIDATE_NOT_COMMON_EQUITY_PROVEN,UPCOM,hnx_official_equity_universe/v1,,OFFICIAL_CURRENT_STOCK_LIST_CANDIDATE,,false,,UNAVAILABLE_NO_EXACT_SESSION_OBSERVATION,,UNAVAILABLE
TAW,,,,,,,,,,,,,,,,,,,,NOT_AVAILABLE,,,UPCOM,,,,,,,,,,,EXCHANGE_STOCK_LIST_CANDIDATE_NOT_COMMON_EQUITY_PROVEN,UPCOM,hnx_official_equity_universe/v1,,OFFICIAL_CURRENT_STOCK_LIST_CANDIDATE,,false,,UNAVAILABLE_NO_EXACT_SESSION_OBSERVATION,,UNAVAILABLE
TB8,,,,,,,,,,,,,,,,,,,,NOT_AVAILABLE,,,DELISTED,,,,,,,,,,,INSTRUMENT_CLASS_UNRESOLVED,DELISTED,,,STOCKLOOKUP_ONLY_UNRESOLVED,,false,,UNAVAILABLE_NO_EXACT_SESSION_OBSERVATION,,UNAVAILABLE
TBC,2026-10-01,31.75,-0.02157164869029282,,,,,,,,,,,,,,,,,NEAR_MA20_NEUTRAL,,2026-10-01T16:19:50.765598+07:00,HSX,,,,,,,,2026-10-01,2026-10-01,0,OFFICIAL_STOCK_MASTER_SECURITY_TYPE_NOT_COMMON_EQUITY_PROVEN,HOSE,hose_public_stock_master/v1,,OFFICIAL_CURRENT_EXCHANGE_SECURITY,,true,,EXACT_SESSION_RETAINED,CURRENT_DESCRIPTIVE_DNSE_REST_ADJUSTED_RETROSPECTIVE_RAW_AS_TRADED_NOT_PROMOTED,DIRECT_CANONICAL_MAPPING
TBD,,,,,,,,,,,,,,,,,,,,NOT_AVAILABLE,,,UPCOM,,,,,,,,,,,EXCHANGE_STOCK_LIST_CANDIDATE_NOT_COMMON_EQUITY_PROVEN,UPCOM,hnx_official_equity_universe/v1,,OFFICIAL_CURRENT_STOCK_LIST_CANDIDATE,,false,,UNAVAILABLE_NO_EXACT_SESSION_OBSERVATION,,UNAVAILABLE
TBH,,,,,,,,,,,,,,,,,,,,NOT_AVAILABLE,,,DELISTED,,,,,,,,,,,INSTRUMENT_CLASS_UNRESOLVED,DELISTED,,,STOCKLOOKUP_ONLY_UNRESOLVED,,false,,UNAVAILABLE_NO_EXACT_SESSION_OBSERVATION,,UNAVAILABLE
TBR,,,,,,,,,,,,,,,,,,,,NOT_AVAILABLE,,,UPCOM,,,,,,,,,,,EXCHANGE_STOCK_LIST_CANDIDATE_NOT_COMMON_EQUITY_PROVEN,UPCOM,hnx_official_equity_universe/v1,,OFFICIAL_CURRENT_STOCK_LIST_CANDIDATE,,false,,UNAVAILABLE_NO_EXACT_SESSION_OBSERVATION,,UNAVAILABLE
TBT,,,,,,,,,,,,,,,,,,,,NOT_AVAILABLE,,,DELISTED,,,,,,,,,,,INSTRUMENT_CLASS_UNRESOLVED,DELISTED,,,STOCKLOOKUP_ONLY_UNRESOLVED,,false,,UNAVAILABLE_NO_EXACT_SESSION_OBSERVATION,,UNAVAILABLE
TBX,,,,,,,,,,,,,,,,,,,,NOT_AVAILABLE,,,DELISTED,,,,,,,,,,,INSTRUMENT_CLASS_UNRESOLVED,DELISTED,,,STOCKLOOKUP_ONLY_UNRESOLVED,,false,,UNAVAILABLE_NO_EXACT_SESSION_OBSERVATION,,UNAVAILABLE
TC6,,,,,,,,,,,,,,,,,,,,NOT_AVAILABLE,,,DELISTED,,,,,,,,,,,INSTRUMENT_CLASS_UNRESOLVED,DELISTED,,,STOCKLOOKUP_ONLY_UNRESOLVED,,false,,UNAVAILABLE_NO_EXACT_SESSION_OBSERVATION,,UNAVAILABLE
TCB,2026-10-01,33,0.01382488479262678,,,,,,,,,,,,,,,,,NEAR_MA20_NEUTRAL,,2026-10-01T16:19:50.765598+07:00,HSX,bank,,,,,,,2026-10-01,2026-10-01,0,OFFICIAL_STOCK_MASTER_SECURITY_TYPE_NOT_COMMON_EQUITY_PROVEN,HOSE,hose_public_stock_master/v1,,OFFICIAL_CURRENT_EXCHANGE_SECURITY,,true,,EXACT_SESSION_RETAINED,CURRENT_DESCRIPTIVE_DNSE_REST_ADJUSTED_RETROSPECTIVE_RAW_AS_TRADED_NOT_PROMOTED,DIRECT_CANONICAL_MAPPING
TCD,,,,,,,,,,,,,,,,,,,,NOT_AVAILABLE,,,UPCOM,,,,,,,,,,,EXCHANGE_STOCK_LIST_CANDIDATE_NOT_COMMON_EQUITY_PROVEN,UPCOM,hnx_official_equity_universe/v1,,OFFICIAL_CURRENT_STOCK_LIST_CANDIDATE,,false,,UNAVAILABLE_NO_EXACT_SESSION_OBSERVATION,,UNAVAILABLE
TCH,2026-10-01,11.3,-0.02164502164502169,,,,,,,,,,,,,,,,,BELOW_MA20_MOMENTUM_NEGATIVE,,2026-10-01T16:19:50.765598+07:00,HSX,,,,,,,,2026-10-01,2026-10-01,0,OFFICIAL_STOCK_MASTER_SECURITY_TYPE_NOT_COMMON_EQUITY_PROVEN,HOSE,hose_public_stock_master/v1,,OFFICIAL_CURRENT_EXCHANGE_SECURITY,,true,,EXACT_SESSION_RETAINED,CURRENT_DESCRIPTIVE_DNSE_REST_ADJUSTED_RETROSPECTIVE_RAW_AS_TRADED_NOT_PROMOTED,DIRECT_CANONICAL_MAPPING
TCI,2026-10-01,9.86,-0.0030333670374116384,,,,,,,,,,,,,,,,,NEAR_MA20_NEUTRAL,,2026-10-01T16:19:50.765598+07:00,HSX,,,,,,,,2026-10-01,2026-10-01,0,OFFICIAL_STOCK_MASTER_SECURITY_TYPE_NOT_COMMON_EQUITY_PROVEN,HOSE,hose_public_stock_master/v1,,OFFICIAL_CURRENT_EXCHANGE_SECURITY,,true,,EXACT_SESSION_RETAINED,CURRENT_DESCRIPTIVE_DNSE_REST_ADJUSTED_RETROSPECTIVE_RAW_AS_TRADED_NOT_PROMOTED,DIRECT_CANONICAL_MAPPING
TCJ,,,,,,,,,,,,,,,,,,,,NOT_AVAILABLE,,,UPCOM,,,,,,,,,,,EXCHANGE_STOCK_LIST_CANDIDATE_NOT_COMMON_EQUITY_PROVEN,UPCOM,hnx_official_equity_universe/v1,,OFFICIAL_CURRENT_STOCK_LIST_CANDIDATE,,false,,UNAVAILABLE_NO_EXACT_SESSION_OBSERVATION,,UNAVAILABLE
TCK,,,,,,,,,,,,,,,,,,,,NOT_AVAILABLE,,,UPCOM,,,,,,,,,,,EXCHANGE_STOCK_LIST_CANDIDATE_NOT_COMMON_EQUITY_PROVEN,UPCOM,hnx_official_equity_universe/v1,,OFFICIAL_CURRENT_STOCK_LIST_CANDIDATE,,false,,UNAVAILABLE_NO_EXACT_SESSION_OBSERVATION,,UNAVAILABLE
TCL,2026-10-01,29,0.0017271157167531026,,,,,,,,,,,,,,,,,NEAR_MA20_NEUTRAL,,2026-10-01T16:19:50.765598+07:00,HSX,,,,,,,,2026-10-01,2026-10-01,0,OFFICIAL_STOCK_MASTER_SECURITY_TYPE_NOT_COMMON_EQUITY_PROVEN,HOSE,hose_public_stock_master/v1,,OFFICIAL_CURRENT_EXCHANGE_SECURITY,,true,,EXACT_SESSION_RETAINED,CURRENT_DESCRIPTIVE_DNSE_REST_ADJUSTED_RETROSPECTIVE_RAW_AS_TRADED_NOT_PROMOTED,DIRECT_CANONICAL_MAPPING
TCM,2026-10-01,15.45,-0.003225806451612967,,,,,,,,,,,,,,,,,BELOW_MA20_MOMENTUM_NEGATIVE,,2026-10-01T16:19:50.765598+07:00,HSX,,,,,,,,2026-10-01,2026-10-01,0,OFFICIAL_STOCK_MASTER_SECURITY_TYPE_NOT_COMMON_EQUITY_PROVEN,HOSE,hose_public_stock_master/v1,,OFFICIAL_CURRENT_EXCHANGE_SECURITY,,true,,EXACT_SESSION_RETAINED,CURRENT_DESCRIPTIVE_DNSE_REST_ADJUSTED_RETROSPECTIVE_RAW_AS_TRADED_NOT_PROMOTED,DIRECT_CANONICAL_MAPPING
TCO,2026-10-01,10.7,-0.0046511627906977715,,,,,,,,,,,,,,,,,NEAR_MA20_NEUTRAL,,2026-10-01T16:19:50.765598+07:00,HSX,,,,,,,,2026-10-01,2026-10-01,0,OFFICIAL_STOCK_MASTER_SECURITY_TYPE_NOT_COMMON_EQUITY_PROVEN,HOSE,hose_public_stock_master/v1,,OFFICIAL_CURRENT_EXCHANGE_SECURITY,,true,,EXACT_SESSION_RETAINED,CURRENT_DESCRIPTIVE_DNSE_REST_ADJUSTED_RETROSPECTIVE_RAW_AS_TRADED_NOT_PROMOTED,DIRECT_CANONICAL_MAPPING
TCR,2026-10-01,2.03,0.0,,,,,,,,,,,,,,,,,BELOW_MA20_MOMENTUM_NEGATIVE,,2026-10-01T16:19:50.765598+07:00,HSX,,,,,,,,2026-10-01,2026-10-01,0,OFFICIAL_STOCK_MASTER_SECURITY_TYPE_NOT_COMMON_EQUITY_PROVEN,HOSE,hose_public_stock_master/v1,,OFFICIAL_CURRENT_EXCHANGE_SECURITY,,true,,EXACT_SESSION_RETAINED,CURRENT_DESCRIPTIVE_DNSE_REST_ADJUSTED_RETROSPECTIVE_RAW_AS_TRADED_NOT_PROMOTED,DIRECT_CANONICAL_MAPPING
TCT,,,,,,,,,,,,,,,,,,,,NOT_AVAILABLE,,,HSX,,,,,,,,,,,OFFICIAL_STOCK_MASTER_SECURITY_TYPE_NOT_COMMON_EQUITY_PROVEN,HOSE,hose_public_stock_master/v1,,OFFICIAL_CURRENT_EXCHANGE_SECURITY,,false,,UNAVAILABLE_NO_EXACT_SESSION_OBSERVATION,,UNAVAILABLE
TCW,2026-10-01,29.5,0.0,,,,,,,,,,,,,,,,,NEAR_MA20_NEUTRAL,,2026-10-01T16:19:50.765598+07:00,UPCOM,,,,,,,,2026-10-01,2026-10-01,0,EXCHANGE_STOCK_LIST_CANDIDATE_NOT_COMMON_EQUITY_PROVEN,UPCOM,hnx_official_equity_universe/v1,,OFFICIAL_CURRENT_STOCK_LIST_CANDIDATE,,true,,EXACT_SESSION_RETAINED,CURRENT_DESCRIPTIVE_DNSE_REST_ADJUSTED_RETROSPECTIVE_RAW_AS_TRADED_NOT_PROMOTED,DIRECT_CANONICAL_MAPPING
TCX,2026-10-01,28.5,-0.022298456260720356,,,,,,,,,,,,,,,,,BELOW_MA20_MOMENTUM_NEGATIVE,,2026-10-01T16:19:50.765598+07:00,HSX,,,,,,,,2026-10-01,2026-10-01,0,OFFICIAL_STOCK_MASTER_SECURITY_TYPE_NOT_COMMON_EQUITY_PROVEN,HOSE,hose_public_stock_master/v1,,OFFICIAL_CURRENT_EXCHANGE_SECURITY,,true,,EXACT_SESSION_RETAINED,CURRENT_DESCRIPTIVE_DNSE_REST_ADJUSTED_RETROSPECTIVE_RAW_AS_TRADED_NOT_PROMOTED,DIRECT_CANONICAL_MAPPING
TD6,2026-10-01,5.9,0.0,,,,,,,,,,,,,,,,,ABOVE_MA20_MOMENTUM_POSITIVE,,2026-10-01T16:19:50.765598+07:00,DELISTED,,,,,,,,2026-10-01,2026-10-01,0,EXCHANGE_STOCK_LIST_CANDIDATE_NOT_COMMON_EQUITY_PROVEN,HNX_LISTED,hnx_official_equity_universe/v1,,OFFICIAL_CURRENT_STOCK_LIST_CANDIDATE,,true,,EXACT_SESSION_RETAINED,CURRENT_DESCRIPTIVE_DNSE_REST_ADJUSTED_RETROSPECTIVE_RAW_AS_TRADED_NOT_PROMOTED,DIRECT_CANONICAL_MAPPING
TDB,2026-10-01,39.5,0.0,,,,,,,,,,,,,,,,,NEAR_MA20_NEUTRAL,,2026-10-01T16:19:50.765598+07:00,UPCOM,,,,,,,,2026-10-01,2026-10-01,0,EXCHANGE_STOCK_LIST_CANDIDATE_NOT_COMMON_EQUITY_PROVEN,UPCOM,hnx_official_equity_universe/v1,,OFFICIAL_CURRENT_STOCK_LIST_CANDIDATE,,true,,EXACT_SESSION_RETAINED,CURRENT_DESCRIPTIVE_DNSE_REST_ADJUSTED_RETROSPECTIVE_RAW_AS_TRADED_NOT_PROMOTED,DIRECT_CANONICAL_MAPPING
TDC,2026-10-01,6.37,0.0,,,,,,,,,,,,,,,,,BELOW_MA20_MOMENTUM_NEGATIVE,,2026-10-01T16:19:50.765598+07:00,HSX,,,,,,,,2026-10-01,2026-10-01,0,OFFICIAL_STOCK_MASTER_SECURITY_TYPE_NOT_COMMON_EQUITY_PROVEN,HOSE,hose_public_stock_master/v1,,OFFICIAL_CURRENT_EXCHANGE_SECURITY,,true,,EXACT_SESSION_RETAINED,CURRENT_DESCRIPTIVE_DNSE_REST_ADJUSTED_RETROSPECTIVE_RAW_AS_TRADED_NOT_PROMOTED,DIRECT_CANONICAL_MAPPING
TDF,2026-10-01,7.3,-0.013513513513513598,,,,,,,,,,,,,,,,,BELOW_MA20_MOMENTUM_NEGATIVE,,2026-10-01T16:19:50.765598+07:00,UPCOM,,,,,,,,2026-10-01,2026-10-01,0,EXCHANGE_STOCK_LIST_CANDIDATE_NOT_COMMON_EQUITY_PROVEN,UPCOM,hnx_official_equity_universe/v1,,OFFICIAL_CURRENT_STOCK_LIST_CANDIDATE,,true,,EXACT_SESSION_RETAINED,CURRENT_DESCRIPTIVE_DNSE_REST_ADJUSTED_RETROSPECTIVE_RAW_AS_TRADED_NOT_PROMOTED,DIRECT_CANONICAL_MAPPING
TDG,2026-10-01,2.12,0.004739336492891155,,,,,,,,,,,,,,,,,BELOW_MA20_MOMENTUM_NEGATIVE,,2026-10-01T16:19:50.765598+07:00,HSX,,,,,,,,2026-10-01,2026-10-01,0,OFFICIAL_STOCK_MASTER_SECURITY_TYPE_NOT_COMMON_EQUITY_PROVEN,HOSE,hose_public_stock_master/v1,,OFFICIAL_CURRENT_EXCHANGE_SECURITY,,true,,EXACT_SESSION_RETAINED,CURRENT_DESCRIPTIVE_DNSE_REST_ADJUSTED_RETROSPECTIVE_RAW_AS_TRADED_NOT_PROMOTED,DIRECT_CANONICAL_MAPPING
TDH,2026-10-01,2.97,0.0,,,,,,,,,,,,,,,,,BELOW_MA20_MOMENTUM_NEGATIVE,,2026-10-01T16:19:50.765598+07:00,HSX,,,,,,,,2026-10-01,2026-10-01,0,OFFICIAL_STOCK_MASTER_SECURITY_TYPE_NOT_COMMON_EQUITY_PROVEN,HOSE,hose_public_stock_master/v1,,OFFICIAL_CURRENT_EXCHANGE_SECURITY,,true,,EXACT_SESSION_RETAINED,CURRENT_DESCRIPTIVE_DNSE_REST_ADJUSTED_RETROSPECTIVE_RAW_AS_TRADED_NOT_PROMOTED,DIRECT_CANONICAL_MAPPING
TDI,,,,,,,,,,,,,,,,,,,,NOT_AVAILABLE,,,DELISTED,,,,,,,,,,,INSTRUMENT_CLASS_UNRESOLVED,DELISTED,,,STOCKLOOKUP_ONLY_UNRESOLVED,,false,,UNAVAILABLE_NO_EXACT_SESSION_OBSERVATION,,UNAVAILABLE
TDM,,,,,,,,,,,,,,,,,,,,NOT_AVAILABLE,,,HSX,,,,,,,,,,,OFFICIAL_STOCK_MASTER_SECURITY_TYPE_NOT_COMMON_EQUITY_PROVEN,HOSE,hose_public_stock_master/v1,,OFFICIAL_CURRENT_EXCHANGE_SECURITY,,false,,UNAVAILABLE_NO_EXACT_SESSION_OBSERVATION,,UNAVAILABLE
TDN,,,,,,,,,,,,,,,,,,,,NOT_AVAILABLE,,,DELISTED,,,,,,,,,,,INSTRUMENT_CLASS_UNRESOLVED,DELISTED,,,STOCKLOOKUP_ONLY_UNRESOLVED,,false,,UNAVAILABLE_NO_EXACT_SESSION_OBSERVATION,,UNAVAILABLE
TDP,2026-10-01,27.4,-0.0036363636363636598,,,,,,,,,,,,,,,,,BELOW_MA20_MOMENTUM_NEGATIVE,,2026-10-01T16:19:50.765598+07:00,HSX,,,,,,,,2026-10-01,2026-10-01,0,OFFICIAL_STOCK_MASTER_SECURITY_TYPE_NOT_COMMON_EQUITY_PROVEN,HOSE,hose_public_stock_master/v1,,OFFICIAL_CURRENT_EXCHANGE_SECURITY,,true,,EXACT_SESSION_RETAINED,CURRENT_DESCRIPTIVE_DNSE_REST_ADJUSTED_RETROSPECTIVE_RAW_AS_TRADED_NOT_PROMOTED,DIRECT_CANONICAL_MAPPING
TDS,,,,,,,,,,,,,,,,,,,,NOT_AVAILABLE,,,UPCOM,,,,,,,,,,,EXCHANGE_STOCK_LIST_CANDIDATE_NOT_COMMON_EQUITY_PROVEN,UPCOM,hnx_official_equity_universe/v1,,OFFICIAL_CURRENT_STOCK_LIST_CANDIDATE,,false,,UNAVAILABLE_NO_EXACT_SESSION_OBSERVATION,,UNAVAILABLE
TDT,2026-10-01,6.3,-0.01562500000000011,,,,,,,,,,,,,,,,,BELOW_MA20_MOMENTUM_NEGATIVE,,2026-10-01T16:19:50.765598+07:00,DELISTED,,,,,,,,2026-10-01,2026-10-01,0,EXCHANGE_STOCK_LIST_CANDIDATE_NOT_COMMON_EQUITY_PROVEN,HNX_LISTED,hnx_official_equity_universe/v1,,OFFICIAL_CURRENT_STOCK_LIST_CANDIDATE,,true,,EXACT_SESSION_RETAINED,CURRENT_DESCRIPTIVE_DNSE_REST_ADJUSTED_RETROSPECTIVE_RAW_AS_TRADED_NOT_PROMOTED,DIRECT_CANONICAL_MAPPING
TDW,,,,,,,,,,,,,,,,,,,,NOT_AVAILABLE,,,HSX,,,,,,,,,,,OFFICIAL_STOCK_MASTER_SECURITY_TYPE_NOT_COMMON_EQUITY_PROVEN,HOSE,hose_public_stock_master/v1,,OFFICIAL_CURRENT_EXCHANGE_SECURITY,,false,,UNAVAILABLE_NO_EXACT_SESSION_OBSERVATION,,UNAVAILABLE
TED,,,,,,,,,,,,,,,,,,,,NOT_AVAILABLE,,,UPCOM,,,,,,,,,,,EXCHANGE_STOCK_LIST_CANDIDATE_NOT_COMMON_EQUITY_PROVEN,UPCOM,hnx_official_equity_universe/v1,,OFFICIAL_CURRENT_STOCK_LIST_CANDIDATE,,false,,UNAVAILABLE_NO_EXACT_SESSION_OBSERVATION,,UNAVAILABLE
TEG,2026-10-01,5.84,0.01565217391304352,,,,,,,,,,,,,,,,,NEAR_MA20_NEUTRAL,,2026-10-01T16:19:50.765598+07:00,HSX,,,,,,,,2026-10-01,2026-10-01,0,OFFICIAL_STOCK_MASTER_SECURITY_TYPE_NOT_COMMON_EQUITY_PROVEN,HOSE,hose_public_stock_master/v1,,OFFICIAL_CURRENT_EXCHANGE_SECURITY,,true,,EXACT_SESSION_RETAINED,CURRENT_DESCRIPTIVE_DNSE_REST_ADJUSTED_RETROSPECTIVE_RAW_AS_TRADED_NOT_PROMOTED,DIRECT_CANONICAL_MAPPING
TEL,,,,,,,,,,,,,,,,,,,,NOT_AVAILABLE,,,DELISTED,,,,,,,,,,,INSTRUMENT_CLASS_UNRESOLVED,DELISTED,,,STOCKLOOKUP_ONLY_UNRESOLVED,,false,,UNAVAILABLE_NO_EXACT_SESSION_OBSERVATION,,UNAVAILABLE
TET,,,,,,,,,,,,,,,,,,,,NOT_AVAILABLE,,,DELISTED,,,,,,,,,,,EXCHANGE_STOCK_LIST_CANDIDATE_NOT_COMMON_EQUITY_PROVEN,HNX_LISTED,hnx_official_equity_universe/v1,,OFFICIAL_CURRENT_STOCK_LIST_CANDIDATE,,false,,UNAVAILABLE_NO_EXACT_SESSION_OBSERVATION,,UNAVAILABLE
TFC,,,,,,,,,,,,,,,,,,,,NOT_AVAILABLE,,,DELISTED,,,,,,,,,,,EXCHANGE_STOCK_LIST_CANDIDATE_NOT_COMMON_EQUITY_PROVEN,HNX_LISTED,hnx_official_equity_universe/v1,,OFFICIAL_CURRENT_STOCK_LIST_CANDIDATE,,false,,UNAVAILABLE_NO_EXACT_SESSION_OBSERVATION,,UNAVAILABLE
TGG,,,,,,,,,,,,,,,,,,,,NOT_AVAILABLE,,,UPCOM,,,,,,,,,,,EXCHANGE_STOCK_LIST_CANDIDATE_NOT_COMMON_EQUITY_PROVEN,UPCOM,hnx_official_equity_universe/v1,,OFFICIAL_CURRENT_STOCK_LIST_CANDIDATE,,false,,UNAVAILABLE_NO_EXACT_SESSION_OBSERVATION,,UNAVAILABLE
TGP,,,,,,,,,,,,,,,,,,,,NOT_AVAILABLE,,,UPCOM,,,,,,,,,,,EXCHANGE_STOCK_LIST_CANDIDATE_NOT_COMMON_EQUITY_PROVEN,UPCOM,hnx_official_equity_universe/v1,,OFFICIAL_CURRENT_STOCK_LIST_CANDIDATE,,false,,UNAVAILABLE_NO_EXACT_SESSION_OBSERVATION,,UNAVAILABLE
TH1,2026-10-01,5.9,0.0,,,,,,,,,,,,,,,,,NEAR_MA20_NEUTRAL,,2026-10-01T16:19:50.765598+07:00,UPCOM,,,,,,,,2026-10-01,2026-10-01,0,EXCHANGE_STOCK_LIST_CANDIDATE_NOT_COMMON_EQUITY_PROVEN,UPCOM,hnx_official_equity_universe/v1,,OFFICIAL_CURRENT_STOCK_LIST_CANDIDATE,,true,,EXACT_SESSION_RETAINED,CURRENT_DESCRIPTIVE_DNSE_REST_ADJUSTED_RETROSPECTIVE_RAW_AS_TRADED_NOT_PROMOTED,DIRECT_CANONICAL_MAPPING
THB,2026-10-01,8.5,0.0,,,,,,,,,,,,,,,,,BELOW_MA20_MOMENTUM_NEGATIVE,,2026-10-01T16:19:50.765598+07:00,DELISTED,,,,,,,,2026-10-01,2026-10-01,0,EXCHANGE_STOCK_LIST_CANDIDATE_NOT_COMMON_EQUITY_PROVEN,HNX_LISTED,hnx_official_equity_universe/v1,,OFFICIAL_CURRENT_STOCK_LIST_CANDIDATE,,true,,EXACT_SESSION_RETAINED,CURRENT_DESCRIPTIVE_DNSE_REST_ADJUSTED_RETROSPECTIVE_RAW_AS_TRADED_NOT_PROMOTED,DIRECT_CANONICAL_MAPPING
THD,2026-10-01,118,-0.024793388429752095,,,,,,,,,,,,,,,,,BELOW_MA20_MOMENTUM_NEGATIVE,,2026-10-01T16:19:50.765598+07:00,DELISTED,,,,,,,,2026-10-01,2026-10-01,0,EXCHANGE_STOCK_LIST_CANDIDATE_NOT_COMMON_EQUITY_PROVEN,HNX_LISTED,hnx_official_equity_universe/v1,,OFFICIAL_CURRENT_STOCK_LIST_CANDIDATE,,true,,EXACT_SESSION_RETAINED,CURRENT_DESCRIPTIVE_DNSE_REST_ADJUSTED_RETROSPECTIVE_RAW_AS_TRADED_NOT_PROMOTED,DIRECT_CANONICAL_MAPPING
THG,2026-10-01,27.9,-0.0035714285714286698,,,,,,,,,,,,,,,,,NEAR_MA20_NEUTRAL,,2026-10-01T16:19:50.765598+07:00,HSX,,,,,,,,2026-10-01,2026-10-01,0,OFFICIAL_STOCK_MASTER_SECURITY_TYPE_NOT_COMMON_EQUITY_PROVEN,HOSE,hose_public_stock_master/v1,,OFFICIAL_CURRENT_EXCHANGE_SECURITY,,true,,EXACT_SESSION_RETAINED,CURRENT_DESCRIPTIVE_DNSE_REST_ADJUSTED_RETROSPECTIVE_RAW_AS_TRADED_NOT_PROMOTED,DIRECT_CANONICAL_MAPPING
THI,,,,,,,,,,,,,,,,,,,,NOT_AVAILABLE,,,DELISTED,,,,,,,,,,,INSTRUMENT_CLASS_UNRESOLVED,DELISTED,,,STOCKLOOKUP_ONLY_UNRESOLVED,,false,,UNAVAILABLE_NO_EXACT_SESSION_OBSERVATION,,UNAVAILABLE
THM,,,,,,,,,,,,,,,,,,,,NOT_AVAILABLE,,,UPCOM,,,,,,,,,,,EXCHANGE_STOCK_LIST_CANDIDATE_NOT_COMMON_EQUITY_PROVEN,UPCOM,hnx_official_equity_universe/v1,,OFFICIAL_CURRENT_STOCK_LIST_CANDIDATE,,false,,UNAVAILABLE_NO_EXACT_SESSION_OBSERVATION,,UNAVAILABLE
THN,,,,,,,,,,,,,,,,,,,,NOT_AVAILABLE,,,UPCOM,,,,,,,,,,,EXCHANGE_STOCK_LIST_CANDIDATE_NOT_COMMON_EQUITY_PROVEN,UPCOM,hnx_official_equity_universe/v1,,OFFICIAL_CURRENT_STOCK_LIST_CANDIDATE,,false,,UNAVAILABLE_NO_EXACT_SESSION_OBSERVATION,,UNAVAILABLE
THP,,,,,,,,,,,,,,,,,,,,NOT_AVAILABLE,,,UPCOM,,,,,,,,,,,EXCHANGE_STOCK_LIST_CANDIDATE_NOT_COMMON_EQUITY_PROVEN,UPCOM,hnx_official_equity_universe/v1,,OFFICIAL_CURRENT_STOCK_LIST_CANDIDATE,,false,,UNAVAILABLE_NO_EXACT_SESSION_OBSERVATION,,UNAVAILABLE
THS,,,,,,,,,,,,,,,,,,,,NOT_AVAILABLE,,,DELISTED,,,,,,,,,,,EXCHANGE_STOCK_LIST_CANDIDATE_NOT_COMMON_EQUITY_PROVEN,HNX_LISTED,hnx_official_equity_universe/v1,,OFFICIAL_CURRENT_STOCK_LIST_CANDIDATE,,false,,UNAVAILABLE_NO_EXACT_SESSION_OBSERVATION,,UNAVAILABLE
THT,2026-10-01,7,0.0,,,,,,,,,,,,,,,,,NEAR_MA20_NEUTRAL,,2026-10-01T16:19:50.765598+07:00,DELISTED,,,,,,,,2026-10-01,2026-10-01,0,EXCHANGE_STOCK_LIST_CANDIDATE_NOT_COMMON_EQUITY_PROVEN,HNX_LISTED,hnx_official_equity_universe/v1,,OFFICIAL_CURRENT_STOCK_LIST_CANDIDATE,,true,,EXACT_SESSION_RETAINED,CURRENT_DESCRIPTIVE_DNSE_REST_ADJUSTED_RETROSPECTIVE_RAW_AS_TRADED_NOT_PROMOTED,DIRECT_CANONICAL_MAPPING
THU,,,,,,,,,,,,,,,,,,,,NOT_AVAILABLE,,,UPCOM,,,,,,,,,,,EXCHANGE_STOCK_LIST_CANDIDATE_NOT_COMMON_EQUITY_PROVEN,UPCOM,hnx_official_equity_universe/v1,,OFFICIAL_CURRENT_STOCK_LIST_CANDIDATE,,false,,UNAVAILABLE_NO_EXACT_SESSION_OBSERVATION,,UNAVAILABLE
THW,2026-10-01,16.1,-0.0955056179775281,,,,,,,,,,,,,,,,,BELOW_MA20_MOMENTUM_NEGATIVE,,2026-10-01T16:19:50.765598+07:00,UPCOM,,,,,,,,2026-10-01,2026-10-01,0,EXCHANGE_STOCK_LIST_CANDIDATE_NOT_COMMON_EQUITY_PROVEN,UPCOM,hnx_official_equity_universe/v1,,OFFICIAL_CURRENT_STOCK_LIST_CANDIDATE,,true,,EXACT_SESSION_RETAINED,CURRENT_DESCRIPTIVE_DNSE_REST_ADJUSTED_RETROSPECTIVE_RAW_AS_TRADED_NOT_PROMOTED,DIRECT_CANONICAL_MAPPING
TID,2026-10-01,21.7,0.11282051282051286,,,,,,,,,,,,,,,,,ABOVE_MA20_MOMENTUM_POSITIVE,,2026-10-01T16:19:50.765598+07:00,UPCOM,,,,,,,,2026-10-01,2026-10-01,0,EXCHANGE_STOCK_LIST_CANDIDATE_NOT_COMMON_EQUITY_PROVEN,UPCOM,hnx_official_equity_universe/v1,,OFFICIAL_CURRENT_STOCK_LIST_CANDIDATE,,true,,EXACT_SESSION_RETAINED,CURRENT_DESCRIPTIVE_DNSE_REST_ADJUSTED_RETROSPECTIVE_RAW_AS_TRADED_NOT_PROMOTED,DIRECT_CANONICAL_MAPPING
TIE,2026-10-01,2.8,-0.1250000000000001,,,,,,,,,,,,,,,,,BELOW_MA20_MOMENTUM_NEGATIVE,,2026-10-01T16:19:50.765598+07:00,UPCOM,,,,,,,,2026-10-01,2026-10-01,0,EXCHANGE_STOCK_LIST_CANDIDATE_NOT_COMMON_EQUITY_PROVEN,UPCOM,hnx_official_equity_universe/v1,,OFFICIAL_CURRENT_STOCK_LIST_CANDIDATE,,true,,EXACT_SESSION_RETAINED,CURRENT_DESCRIPTIVE_DNSE_REST_ADJUSTED_RETROSPECTIVE_RAW_AS_TRADED_NOT_PROMOTED,DIRECT_CANONICAL_MAPPING
TIG,2026-10-01,5.6,0.0,,,,,,,,,,,,,,,,,BELOW_MA20_MOMENTUM_NEGATIVE,,2026-10-01T16:19:50.765598+07:00,DELISTED,,,,,,,,2026-10-01,2026-10-01,0,EXCHANGE_STOCK_LIST_CANDIDATE_NOT_COMMON_EQUITY_PROVEN,HNX_LISTED,hnx_official_equity_universe/v1,,OFFICIAL_CURRENT_STOCK_LIST_CANDIDATE,,true,,EXACT_SESSION_RETAINED,CURRENT_DESCRIPTIVE_DNSE_REST_ADJUSTED_RETROSPECTIVE_RAW_AS_TRADED_NOT_PROMOTED,DIRECT_CANONICAL_MAPPING
TIN,2026-10-01,99.8,0.0030150753768845018,,,,,,,,,,,,,,,,,NEAR_MA20_NEUTRAL,,2026-10-01T16:19:50.765598+07:00,UPCOM,,,,,,,,2026-10-01,2026-10-01,0,EXCHANGE_STOCK_LIST_CANDIDATE_NOT_COMMON_EQUITY_PROVEN,UPCOM,hnx_official_equity_universe/v1,,OFFICIAL_CURRENT_STOCK_LIST_CANDIDATE,,true,,EXACT_SESSION_RETAINED,CURRENT_DESCRIPTIVE_DNSE_REST_ADJUSTED_RETROSPECTIVE_RAW_AS_TRADED_NOT_PROMOTED,DIRECT_CANONICAL_MAPPING
TIP,2026-10-01,15.8,-0.0062893081761006275,,,,,,,,,,,,,,,,,BELOW_MA20_MOMENTUM_NEGATIVE,,2026-10-01T16:19:50.765598+07:00,HSX,,,,,,,,2026-10-01,2026-10-01,0,OFFICIAL_STOCK_MASTER_SECURITY_TYPE_NOT_COMMON_EQUITY_PROVEN,HOSE,hose_public_stock_master/v1,,OFFICIAL_CURRENT_EXCHANGE_SECURITY,,true,,EXACT_SESSION_RETAINED,CURRENT_DESCRIPTIVE_DNSE_REST_ADJUSTED_RETROSPECTIVE_RAW_AS_TRADED_NOT_PROMOTED,DIRECT_CANONICAL_MAPPING
TIS,2026-10-01,4.2,0.024390243902439046,,,,,,,,,,,,,,,,,NEAR_MA20_NEUTRAL,,2026-10-01T16:19:50.765598+07:00,UPCOM,,,,,,,,2026-10-01,2026-10-01,0,EXCHANGE_STOCK_LIST_CANDIDATE_NOT_COMMON_EQUITY_PROVEN,UPCOM,hnx_official_equity_universe/v1,,OFFICIAL_CURRENT_STOCK_LIST_CANDIDATE,,true,,EXACT_SESSION_RETAINED,CURRENT_DESCRIPTIVE_DNSE_REST_ADJUSTED_RETROSPECTIVE_RAW_AS_TRADED_NOT_PROMOTED,DIRECT_CANONICAL_MAPPING
TIX,,,,,,,,,,,,,,,,,,,,NOT_AVAILABLE,,,HSX,,,,,,,,,,,OFFICIAL_STOCK_MASTER_SECURITY_TYPE_NOT_COMMON_EQUITY_PROVEN,HOSE,hose_public_stock_master/v1,,OFFICIAL_CURRENT_EXCHANGE_SECURITY,,false,,UNAVAILABLE_NO_EXACT_SESSION_OBSERVATION,,UNAVAILABLE
TJC,2026-10-01,9.1,0.0,,,,,,,,,,,,,,,,,NEAR_MA20_NEUTRAL,,2026-10-01T16:19:50.765598+07:00,DELISTED,,,,,,,,2026-10-01,2026-10-01,0,EXCHANGE_STOCK_LIST_CANDIDATE_NOT_COMMON_EQUITY_PROVEN,HNX_LISTED,hnx_official_equity_universe/v1,,OFFICIAL_CURRENT_STOCK_LIST_CANDIDATE,,true,,EXACT_SESSION_RETAINED,CURRENT_DESCRIPTIVE_DNSE_REST_ADJUSTED_RETROSPECTIVE_RAW_AS_TRADED_NOT_PROMOTED,DIRECT_CANONICAL_MAPPING
TKA,,,,,,,,,,,,,,,,,,,,NOT_AVAILABLE,,,UPCOM,,,,,,,,,,,EXCHANGE_STOCK_LIST_CANDIDATE_NOT_COMMON_EQUITY_PROVEN,UPCOM,hnx_official_equity_universe/v1,,OFFICIAL_CURRENT_STOCK_LIST_CANDIDATE,,false,,UNAVAILABLE_NO_EXACT_SESSION_OBSERVATION,,UNAVAILABLE
TKC,,,,,,,,,,,,,,,,,,,,NOT_AVAILABLE,,,DELISTED,,,,,,,,,,,INSTRUMENT_CLASS_UNRESOLVED,DELISTED,,,STOCKLOOKUP_ONLY_UNRESOLVED,,false,,UNAVAILABLE_NO_EXACT_SESSION_OBSERVATION,,UNAVAILABLE
TKG,,,,,,,,,,,,,,,,,,,,NOT_AVAILABLE,,,DELISTED,,,,,,,,,,,INSTRUMENT_CLASS_UNRESOLVED,DELISTED,,,STOCKLOOKUP_ONLY_UNRESOLVED,,false,,UNAVAILABLE_NO_EXACT_SESSION_OBSERVATION,,UNAVAILABLE
TKU,,,,,,,,,,,,,,,,,,,,NOT_AVAILABLE,,,DELISTED,,,,,,,,,,,EXCHANGE_STOCK_LIST_CANDIDATE_NOT_COMMON_EQUITY_PROVEN,HNX_LISTED,hnx_official_equity_universe/v1,,OFFICIAL_CURRENT_STOCK_LIST_CANDIDATE,,false,,UNAVAILABLE_NO_EXACT_SESSION_OBSERVATION,,UNAVAILABLE
TL4,,,,,,,,,,,,,,,,,,,,NOT_AVAILABLE,,,UPCOM,,,,,,,,,,,EXCHANGE_STOCK_LIST_CANDIDATE_NOT_COMMON_EQUITY_PROVEN,UPCOM,hnx_official_equity_universe/v1,,OFFICIAL_CURRENT_STOCK_LIST_CANDIDATE,,false,,UNAVAILABLE_NO_EXACT_SESSION_OBSERVATION,,UNAVAILABLE
TLD,2026-10-01,8.08,0.0012391573729864103,,,,,,,,,,,,,,,,,NEAR_MA20_NEUTRAL,,2026-10-01T16:19:50.765598+07:00,HSX,,,,,,,,2026-10-01,2026-10-01,0,OFFICIAL_STOCK_MASTER_SECURITY_TYPE_NOT_COMMON_EQUITY_PROVEN,HOSE,hose_public_stock_master/v1,,OFFICIAL_CURRENT_EXCHANGE_SECURITY,,true,,EXACT_SESSION_RETAINED,CURRENT_DESCRIPTIVE_DNSE_REST_ADJUSTED_RETROSPECTIVE_RAW_AS_TRADED_NOT_PROMOTED,DIRECT_CANONICAL_MAPPING
TLG,2026-10-01,54.2,0.02457466918714557,,,,,,,,,,,,,,,,,ABOVE_MA20_MOMENTUM_POSITIVE,,2026-10-01T16:19:50.765598+07:00,HSX,,,,,,,,2026-10-01,2026-10-01,0,OFFICIAL_STOCK_MASTER_SECURITY_TYPE_NOT_COMMON_EQUITY_PROVEN,HOSE,hose_public_stock_master/v1,,OFFICIAL_CURRENT_EXCHANGE_SECURITY,,true,,EXACT_SESSION_RETAINED,CURRENT_DESCRIPTIVE_DNSE_REST_ADJUSTED_RETROSPECTIVE_RAW_AS_TRADED_NOT_PROMOTED,DIRECT_CANONICAL_MAPPING
TLH,2026-10-01,3.07,0.0,,,,,,,,,,,,,,,,,BELOW_MA20_MOMENTUM_NEGATIVE,,2026-10-01T16:19:50.765598+07:00,HSX,,,,,,,,2026-10-01,2026-10-01,0,OFFICIAL_STOCK_MASTER_SECURITY_TYPE_NOT_COMMON_EQUITY_PROVEN,HOSE,hose_public_stock_master/v1,,OFFICIAL_CURRENT_EXCHANGE_SECURITY,,true,,EXACT_SESSION_RETAINED,CURRENT_DESCRIPTIVE_DNSE_REST_ADJUSTED_RETROSPECTIVE_RAW_AS_TRADED_NOT_PROMOTED,DIRECT_CANONICAL_MAPPING
TLI,,,,,,,,,,,,,,,,,,,,NOT_AVAILABLE,,,DELISTED,,,,,,,,,,,INSTRUMENT_CLASS_UNRESOLVED,DELISTED,,,STOCKLOOKUP_ONLY_UNRESOLVED,,false,,UNAVAILABLE_NO_EXACT_SESSION_OBSERVATION,,UNAVAILABLE
TLP,2026-10-01,7.1,0.02898550724637672,,,,,,,,,,,,,,,,,BELOW_MA20_MOMENTUM_NEGATIVE,,2026-10-01T16:19:50.765598+07:00,UPCOM,,,,,,,,2026-10-01,2026-10-01,0,EXCHANGE_STOCK_LIST_CANDIDATE_NOT_COMMON_EQUITY_PROVEN,UPCOM,hnx_official_equity_universe/v1,,OFFICIAL_CURRENT_STOCK_LIST_CANDIDATE,,true,,EXACT_SESSION_RETAINED,CURRENT_DESCRIPTIVE_DNSE_REST_ADJUSTED_RETROSPECTIVE_RAW_AS_TRADED_NOT_PROMOTED,DIRECT_CANONICAL_MAPPING
TLT,,,,,,,,,,,,,,,,,,,,NOT_AVAILABLE,,,DELISTED,,,,,,,,,,,INSTRUMENT_CLASS_UNRESOLVED,DELISTED,,,STOCKLOOKUP_ONLY_UNRESOLVED,,false,,UNAVAILABLE_NO_EXACT_SESSION_OBSERVATION,,UNAVAILABLE
TMB,2026-10-01,42,0.0,,,,,,,,,,,,,,,,,BELOW_MA20_MOMENTUM_NEGATIVE,,2026-10-01T16:19:50.765598+07:00,DELISTED,,,,,,,,2026-10-01,2026-10-01,0,EXCHANGE_STOCK_LIST_CANDIDATE_NOT_COMMON_EQUITY_PROVEN,HNX_LISTED,hnx_official_equity_universe/v1,,OFFICIAL_CURRENT_STOCK_LIST_CANDIDATE,,true,,EXACT_SESSION_RETAINED,CURRENT_DESCRIPTIVE_DNSE_REST_ADJUSTED_RETROSPECTIVE_RAW_AS_TRADED_NOT_PROMOTED,DIRECT_CANONICAL_MAPPING
TMC,2026-10-01,6.5,0.0,,,,,,,,,,,,,,,,,BELOW_MA20_MOMENTUM_NEGATIVE,,2026-10-01T16:19:50.765598+07:00,DELISTED,,,,,,,,2026-10-01,2026-10-01,0,EXCHANGE_STOCK_LIST_CANDIDATE_NOT_COMMON_EQUITY_PROVEN,HNX_LISTED,hnx_official_equity_universe/v1,,OFFICIAL_CURRENT_STOCK_LIST_CANDIDATE,,true,,EXACT_SESSION_RETAINED,CURRENT_DESCRIPTIVE_DNSE_REST_ADJUSTED_RETROSPECTIVE_RAW_AS_TRADED_NOT_PROMOTED,DIRECT_CANONICAL_MAPPING
TMG,,,,,,,,,,,,,,,,,,,,NOT_AVAILABLE,,,UPCOM,,,,,,,,,,,EXCHANGE_STOCK_LIST_CANDIDATE_NOT_COMMON_EQUITY_PROVEN,UPCOM,hnx_official_equity_universe/v1,,OFFICIAL_CURRENT_STOCK_LIST_CANDIDATE,,false,,UNAVAILABLE_NO_EXACT_SESSION_OBSERVATION,,UNAVAILABLE
TMP,2026-10-01,51.9,0.038000000000000034,,,,,,,,,,,,,,,,,NEAR_MA20_NEUTRAL,,2026-10-01T16:19:50.765598+07:00,HSX,,,,,,,,2026-10-01,2026-10-01,0,OFFICIAL_STOCK_MASTER_SECURITY_TYPE_NOT_COMMON_EQUITY_PROVEN,HOSE,hose_public_stock_master/v1,,OFFICIAL_CURRENT_EXCHANGE_SECURITY,,true,,EXACT_SESSION_RETAINED,CURRENT_DESCRIPTIVE_DNSE_REST_ADJUSTED_RETROSPECTIVE_RAW_AS_TRADED_NOT_PROMOTED,DIRECT_CANONICAL_MAPPING
TMS,2026-10-01,33,0.0,,,,,,,,,,,,,,,,,NEAR_MA20_NEUTRAL,,2026-10-01T16:19:50.765598+07:00,HSX,,,,,,,,2026-10-01,2026-10-01,0,OFFICIAL_STOCK_MASTER_SECURITY_TYPE_NOT_COMMON_EQUITY_PROVEN,HOSE,hose_public_stock_master/v1,,OFFICIAL_CURRENT_EXCHANGE_SECURITY,,true,,EXACT_SESSION_RETAINED,CURRENT_DESCRIPTIVE_DNSE_REST_ADJUSTED_RETROSPECTIVE_RAW_AS_TRADED_NOT_PROMOTED,DIRECT_CANONICAL_MAPPING
TMT,2026-10-01,11.25,0.0,,,,,,,,,,,,,,,,,ABOVE_MA20_MOMENTUM_NEGATIVE,,2026-10-01T16:19:50.765598+07:00,HSX,,,,,,,,2026-10-01,2026-10-01,0,OFFICIAL_STOCK_MASTER_SECURITY_TYPE_NOT_COMMON_EQUITY_PROVEN,HOSE,hose_public_stock_master/v1,,OFFICIAL_CURRENT_EXCHANGE_SECURITY,,true,,EXACT_SESSION_RETAINED,CURRENT_DESCRIPTIVE_DNSE_REST_ADJUSTED_RETROSPECTIVE_RAW_AS_TRADED_NOT_PROMOTED,DIRECT_CANONICAL_MAPPING
TMW,,,,,,,,,,,,,,,,,,,,NOT_AVAILABLE,,,UPCOM,,,,,,,,,,,EXCHANGE_STOCK_LIST_CANDIDATE_NOT_COMMON_EQUITY_PROVEN,UPCOM,hnx_official_equity_universe/v1,,OFFICIAL_CURRENT_STOCK_LIST_CANDIDATE,,false,,UNAVAILABLE_NO_EXACT_SESSION_OBSERVATION,,UNAVAILABLE
TMX,2026-10-01,8.7,0.0,,,,,,,,,,,,,,,,,ABOVE_MA20_MOMENTUM_POSITIVE,,2026-10-01T16:19:50.765598+07:00,DELISTED,,,,,,,,2026-10-01,2026-10-01,0,EXCHANGE_STOCK_LIST_CANDIDATE_NOT_COMMON_EQUITY_PROVEN,HNX_LISTED,hnx_official_equity_universe/v1,,OFFICIAL_CURRENT_STOCK_LIST_CANDIDATE,,true,,EXACT_SESSION_RETAINED,CURRENT_DESCRIPTIVE_DNSE_REST_ADJUSTED_RETROSPECTIVE_RAW_AS_TRADED_NOT_PROMOTED,DIRECT_CANONICAL_MAPPING
TN1,2026-10-01,11.5,-0.029535864978902926,,,,,,,,,,,,,,,,,BELOW_MA20_MOMENTUM_NEGATIVE,,2026-10-01T16:19:50.765598+07:00,HSX,,,,,,,,2026-10-01,2026-10-01,0,OFFICIAL_STOCK_MASTER_SECURITY_TYPE_NOT_COMMON_EQUITY_PROVEN,HOSE,hose_public_stock_master/v1,,OFFICIAL_CURRENT_EXCHANGE_SECURITY,,true,,EXACT_SESSION_RETAINED,CURRENT_DESCRIPTIVE_DNSE_REST_ADJUSTED_RETROSPECTIVE_RAW_AS_TRADED_NOT_PROMOTED,DIRECT_CANONICAL_MAPPING
TNA,,,,,,,,,,,,,,,,,,,,NOT_AVAILABLE,,,UPCOM,,,,,,,,,,,EXCHANGE_STOCK_LIST_CANDIDATE_NOT_COMMON_EQUITY_PROVEN,UPCOM,hnx_official_equity_universe/v1,,OFFICIAL_CURRENT_STOCK_LIST_CANDIDATE,,false,,UNAVAILABLE_NO_EXACT_SESSION_OBSERVATION,,UNAVAILABLE
TNB,,,,,,,,,,,,,,,,,,,,NOT_AVAILABLE,,,UPCOM,,,,,,,,,,,EXCHANGE_STOCK_LIST_CANDIDATE_NOT_COMMON_EQUITY_PROVEN,UPCOM,hnx_official_equity_universe/v1,,OFFICIAL_CURRENT_STOCK_LIST_CANDIDATE,,false,,UNAVAILABLE_NO_EXACT_SESSION_OBSERVATION,,UNAVAILABLE
TNC,2026-10-01,28.6,0.06915887850467306,,,,,,,,,,,,,,,,,ABOVE_MA20_MOMENTUM_POSITIVE,,2026-10-01T16:19:50.765598+07:00,HSX,,,,,,,,2026-10-01,2026-10-01,0,OFFICIAL_STOCK_MASTER_SECURITY_TYPE_NOT_COMMON_EQUITY_PROVEN,HOSE,hose_public_stock_master/v1,,OFFICIAL_CURRENT_EXCHANGE_SECURITY,,true,,EXACT_SESSION_RETAINED,CURRENT_DESCRIPTIVE_DNSE_REST_ADJUSTED_RETROSPECTIVE_RAW_AS_TRADED_NOT_PROMOTED,DIRECT_CANONICAL_MAPPING
TNG,2026-10-01,16.4,0.0,,,,,,,,,,,,,,,,,NEAR_MA20_NEUTRAL,,2026-10-01T16:19:50.765598+07:00,DELISTED,,,,,,,,2026-10-01,2026-10-01,0,EXCHANGE_STOCK_LIST_CANDIDATE_NOT_COMMON_EQUITY_PROVEN,HNX_LISTED,hnx_official_equity_universe/v1,,OFFICIAL_CURRENT_STOCK_LIST_CANDIDATE,,true,,EXACT_SESSION_RETAINED,CURRENT_DESCRIPTIVE_DNSE_REST_ADJUSTED_RETROSPECTIVE_RAW_AS_TRADED_NOT_PROMOTED,DIRECT_CANONICAL_MAPPING
TNH,2026-10-01,5.86,-0.023333333333333317,,,,,,,,,,,,,,,,,BELOW_MA20_MOMENTUM_NEGATIVE,,2026-10-01T16:19:50.765598+07:00,HSX,,,,,,,,2026-10-01,2026-10-01,0,OFFICIAL_STOCK_MASTER_SECURITY_TYPE_NOT_COMMON_EQUITY_PROVEN,HOSE,hose_public_stock_master/v1,,OFFICIAL_CURRENT_EXCHANGE_SECURITY,,true,,EXACT_SESSION_RETAINED,CURRENT_DESCRIPTIVE_DNSE_REST_ADJUSTED_RETROSPECTIVE_RAW_AS_TRADED_NOT_PROMOTED,DIRECT_CANONICAL_MAPPING
TNI,2026-10-01,4.51,-0.017429193899782147,,,,,,,,,,,,,,,,,BELOW_MA20_MOMENTUM_NEGATIVE,,2026-10-01T16:19:50.765598+07:00,HSX,,,,,,,,2026-10-01,2026-10-01,0,OFFICIAL_STOCK_MASTER_SECURITY_TYPE_NOT_COMMON_EQUITY_PROVEN,HOSE,hose_public_stock_master/v1,,OFFICIAL_CURRENT_EXCHANGE_SECURITY,,true,,EXACT_SESSION_RETAINED,CURRENT_DESCRIPTIVE_DNSE_REST_ADJUSTED_RETROSPECTIVE_RAW_AS_TRADED_NOT_PROMOTED,DIRECT_CANONICAL_MAPPING
TNM,,,,,,,,,,,,,,,,,,,,NOT_AVAILABLE,,,DELISTED,,,,,,,,,,,INSTRUMENT_CLASS_UNRESOLVED,DELISTED,,,STOCKLOOKUP_ONLY_UNRESOLVED,,false,,UNAVAILABLE_NO_EXACT_SESSION_OBSERVATION,,UNAVAILABLE
TNP,,,,,,,,,,,,,,,,,,,,NOT_AVAILABLE,,,UPCOM,,,,,,,,,,,EXCHANGE_STOCK_LIST_CANDIDATE_NOT_COMMON_EQUITY_PROVEN,UPCOM,hnx_official_equity_universe/v1,,OFFICIAL_CURRENT_STOCK_LIST_CANDIDATE,,false,,UNAVAILABLE_NO_EXACT_SESSION_OBSERVATION,,UNAVAILABLE
TNS,,,,,,,,,,,,,,,,,,,,NOT_AVAILABLE,,,UPCOM,,,,,,,,,,,EXCHANGE_STOCK_LIST_CANDIDATE_NOT_COMMON_EQUITY_PROVEN,UPCOM,hnx_official_equity_universe/v1,,OFFICIAL_CURRENT_STOCK_LIST_CANDIDATE,,false,,UNAVAILABLE_NO_EXACT_SESSION_OBSERVATION,,UNAVAILABLE
TNT,2026-10-01,10.45,0.019512195121951237,,,,,,,,,,,,,,,,,ABOVE_MA20_MOMENTUM_POSITIVE,,2026-10-01T16:19:50.765598+07:00,HSX,,,,,,,,2026-10-01,2026-10-01,0,OFFICIAL_STOCK_MASTER_SECURITY_TYPE_NOT_COMMON_EQUITY_PROVEN,HOSE,hose_public_stock_master/v1,,OFFICIAL_CURRENT_EXCHANGE_SECURITY,,true,,EXACT_SESSION_RETAINED,CURRENT_DESCRIPTIVE_DNSE_REST_ADJUSTED_RETROSPECTIVE_RAW_AS_TRADED_NOT_PROMOTED,DIRECT_CANONICAL_MAPPING
TNV,,,,,,,,,,,,,,,,,,,,NOT_AVAILABLE,,,DELISTED,,,,,,,,,,,INSTRUMENT_CLASS_UNRESOLVED,DELISTED,,,STOCKLOOKUP_ONLY_UNRESOLVED,,false,,UNAVAILABLE_NO_EXACT_SESSION_OBSERVATION,,UNAVAILABLE
TNW,,,,,,,,,,,,,,,,,,,,NOT_AVAILABLE,,,UPCOM,,,,,,,,,,,EXCHANGE_STOCK_LIST_CANDIDATE_NOT_COMMON_EQUITY_PROVEN,UPCOM,hnx_official_equity_universe/v1,,OFFICIAL_CURRENT_STOCK_LIST_CANDIDATE,,false,,UNAVAILABLE_NO_EXACT_SESSION_OBSERVATION,,UNAVAILABLE
TOP,,,,,,,,,,,,,,,,,,,,NOT_AVAILABLE,,,UPCOM,,,,,,,,,,,EXCHANGE_STOCK_LIST_CANDIDATE_NOT_COMMON_EQUITY_PROVEN,UPCOM,hnx_official_equity_universe/v1,,OFFICIAL_CURRENT_STOCK_LIST_CANDIDATE,,false,,UNAVAILABLE_NO_EXACT_SESSION_OBSERVATION,,UNAVAILABLE
TOS,2026-10-01,81.4,-0.016908212560386326,,,,,,,,,,,,,,,,,BELOW_MA20_MOMENTUM_NEGATIVE,,2026-10-01T16:19:50.765598+07:00,UPCOM,,,,,,,,2026-10-01,2026-10-01,0,EXCHANGE_STOCK_LIST_CANDIDATE_NOT_COMMON_EQUITY_PROVEN,UPCOM,hnx_official_equity_universe/v1,,OFFICIAL_CURRENT_STOCK_LIST_CANDIDATE,,true,,EXACT_SESSION_RETAINED,CURRENT_DESCRIPTIVE_DNSE_REST_ADJUSTED_RETROSPECTIVE_RAW_AS_TRADED_NOT_PROMOTED,DIRECT_CANONICAL_MAPPING
TOT,,,,,,,,,,,,,,,,,,,,NOT_AVAILABLE,,,DELISTED,,,,,,,,,,,EXCHANGE_STOCK_LIST_CANDIDATE_NOT_COMMON_EQUITY_PROVEN,HNX_LISTED,hnx_official_equity_universe/v1,,OFFICIAL_CURRENT_STOCK_LIST_CANDIDATE,,false,,UNAVAILABLE_NO_EXACT_SESSION_OBSERVATION,,UNAVAILABLE
TOW,,,,,,,,,,,,,,,,,,,,NOT_AVAILABLE,,,UPCOM,,,,,,,,,,,EXCHANGE_STOCK_LIST_CANDIDATE_NOT_COMMON_EQUITY_PROVEN,UPCOM,hnx_official_equity_universe/v1,,OFFICIAL_CURRENT_STOCK_LIST_CANDIDATE,,false,,UNAVAILABLE_NO_EXACT_SESSION_OBSERVATION,,UNAVAILABLE
TPB,2026-10-01,14.4,-0.0034602076124566894,,,,,,,,,,,,,,,,,NEAR_MA20_NEUTRAL,,2026-10-01T16:19:50.765598+07:00,HSX,,,,,,,,2026-10-01,2026-10-01,0,OFFICIAL_STOCK_MASTER_SECURITY_TYPE_NOT_COMMON_EQUITY_PROVEN,HOSE,hose_public_stock_master/v1,,OFFICIAL_CURRENT_EXCHANGE_SECURITY,,true,,EXACT_SESSION_RETAINED,CURRENT_DESCRIPTIVE_DNSE_REST_ADJUSTED_RETROSPECTIVE_RAW_AS_TRADED_NOT_PROMOTED,DIRECT_CANONICAL_MAPPING
TPC,,,,,,,,,,,,,,,,,,,,NOT_AVAILABLE,,,HSX,,,,,,,,,,,OFFICIAL_STOCK_MASTER_SECURITY_TYPE_NOT_COMMON_EQUITY_PROVEN,HOSE,hose_public_stock_master/v1,,OFFICIAL_CURRENT_EXCHANGE_SECURITY,,false,,UNAVAILABLE_NO_EXACT_SESSION_OBSERVATION,,UNAVAILABLE
TPH,,,,,,,,,,,,,,,,,,,,NOT_AVAILABLE,,,DELISTED,,,,,,,,,,,INSTRUMENT_CLASS_UNRESOLVED,DELISTED,,,STOCKLOOKUP_ONLY_UNRESOLVED,,false,,UNAVAILABLE_NO_EXACT_SESSION_OBSERVATION,,UNAVAILABLE
TPP,,,,,,,,,,,,,,,,,,,,NOT_AVAILABLE,,,DELISTED,,,,,,,,,,,EXCHANGE_STOCK_LIST_CANDIDATE_NOT_COMMON_EQUITY_PROVEN,HNX_LISTED,hnx_official_equity_universe/v1,,OFFICIAL_CURRENT_STOCK_LIST_CANDIDATE,,false,,UNAVAILABLE_NO_EXACT_SESSION_OBSERVATION,,UNAVAILABLE
TPS,,,,,,,,,,,,,,,,,,,,NOT_AVAILABLE,,,UPCOM,,,,,,,,,,,EXCHANGE_STOCK_LIST_CANDIDATE_NOT_COMMON_EQUITY_PROVEN,UPCOM,hnx_official_equity_universe/v1,,OFFICIAL_CURRENT_STOCK_LIST_CANDIDATE,,false,,UNAVAILABLE_NO_EXACT_SESSION_OBSERVATION,,UNAVAILABLE
TQN,,,,,,,,,,,,,,,,,,,,NOT_AVAILABLE,,,DELISTED,,,,,,,,,,,INSTRUMENT_CLASS_UNRESOLVED,DELISTED,,,STOCKLOOKUP_ONLY_UNRESOLVED,,false,,UNAVAILABLE_NO_EXACT_SESSION_OBSERVATION,,UNAVAILABLE
TR1,,,,,,,,,,,,,,,,,,,,NOT_AVAILABLE,,,UPCOM,,,,,,,,,,,EXCHANGE_STOCK_LIST_CANDIDATE_NOT_COMMON_EQUITY_PROVEN,UPCOM,hnx_official_equity_universe/v1,,OFFICIAL_CURRENT_STOCK_LIST_CANDIDATE,,false,,UNAVAILABLE_NO_EXACT_SESSION_OBSERVATION,,UNAVAILABLE
TRA,2026-10-01,37,0.0,,,,,,,,,,,,,,,,,NEAR_MA20_NEUTRAL,,2026-10-01T16:19:50.765598+07:00,HSX,,,,,,,,2026-10-01,2026-10-01,0,OFFICIAL_STOCK_MASTER_SECURITY_TYPE_NOT_COMMON_EQUITY_PROVEN,HOSE,hose_public_stock_master/v1,,OFFICIAL_CURRENT_EXCHANGE_SECURITY,,true,,EXACT_SESSION_RETAINED,CURRENT_DESCRIPTIVE_DNSE_REST_ADJUSTED_RETROSPECTIVE_RAW_AS_TRADED_NOT_PROMOTED,DIRECT_CANONICAL_MAPPING
TRC,2026-10-01,24.25,-0.016227180527383256,,,,,,,,,,,,,,,,,ABOVE_MA20_MOMENTUM_POSITIVE,,2026-10-01T16:19:50.765598+07:00,HSX,,,,,,,,2026-10-01,2026-10-01,0,OFFICIAL_STOCK_MASTER_SECURITY_TYPE_NOT_COMMON_EQUITY_PROVEN,HOSE,hose_public_stock_master/v1,,OFFICIAL_CURRENT_EXCHANGE_SECURITY,,true,,EXACT_SESSION_RETAINED,CURRENT_DESCRIPTIVE_DNSE_REST_ADJUSTED_RETROSPECTIVE_RAW_AS_TRADED_NOT_PROMOTED,DIRECT_CANONICAL_MAPPING
TRS,,,,,,,,,,,,,,,,,,,,NOT_AVAILABLE,,,UPCOM,,,,,,,,,,,EXCHANGE_STOCK_LIST_CANDIDATE_NOT_COMMON_EQUITY_PROVEN,UPCOM,hnx_official_equity_universe/v1,,OFFICIAL_CURRENT_STOCK_LIST_CANDIDATE,,false,,UNAVAILABLE_NO_EXACT_SESSION_OBSERVATION,,UNAVAILABLE
TRT,,,,,,,,,,,,,,,,,,,,NOT_AVAILABLE,,,UPCOM,,,,,,,,,,,EXCHANGE_STOCK_LIST_CANDIDATE_NOT_COMMON_EQUITY_PROVEN,UPCOM,hnx_official_equity_universe/v1,,OFFICIAL_CURRENT_STOCK_LIST_CANDIDATE,,false,,UNAVAILABLE_NO_EXACT_SESSION_OBSERVATION,,UNAVAILABLE
TRV,2026-10-01,10.5,0.0,,,,,,,,,,,,,,,,,BELOW_MA20_MOMENTUM_NEGATIVE,,2026-10-01T16:19:50.765598+07:00,UPCOM,,,,,,,,2026-10-01,2026-10-01,0,EXCHANGE_STOCK_LIST_CANDIDATE_NOT_COMMON_EQUITY_PROVEN,UPCOM,hnx_official_equity_universe/v1,,OFFICIAL_CURRENT_STOCK_LIST_CANDIDATE,,true,,EXACT_SESSION_RETAINED,CURRENT_DESCRIPTIVE_DNSE_REST_ADJUSTED_RETROSPECTIVE_RAW_AS_TRADED_NOT_PROMOTED,DIRECT_CANONICAL_MAPPING
TS3,2026-10-01,5.1,-0.019230769230769384,,,,,,,,,,,,,,,,,BELOW_MA20_MOMENTUM_NEGATIVE,,2026-10-01T16:19:50.765598+07:00,UPCOM,,,,,,,,2026-10-01,2026-10-01,0,EXCHANGE_STOCK_LIST_CANDIDATE_NOT_COMMON_EQUITY_PROVEN,UPCOM,hnx_official_equity_universe/v1,,OFFICIAL_CURRENT_STOCK_LIST_CANDIDATE,,true,,EXACT_SESSION_RETAINED,CURRENT_DESCRIPTIVE_DNSE_REST_ADJUSTED_RETROSPECTIVE_RAW_AS_TRADED_NOT_PROMOTED,DIRECT_CANONICAL_MAPPING
TS4,,,,,,,,,,,,,,,,,,,,NOT_AVAILABLE,,,DELISTED,,,,,,,,,,,INSTRUMENT_CLASS_UNRESOLVED,DELISTED,,,STOCKLOOKUP_ONLY_UNRESOLVED,,false,,UNAVAILABLE_NO_EXACT_SESSION_OBSERVATION,,UNAVAILABLE
TSA,2026-10-01,13.9,0.007246376811594235,,,,,,,,,,,,,,,,,BELOW_MA20_MOMENTUM_NEGATIVE,,2026-10-01T16:19:50.765598+07:00,HSX,,,,,,,,2026-10-01,2026-10-01,0,OFFICIAL_STOCK_MASTER_SECURITY_TYPE_NOT_COMMON_EQUITY_PROVEN,HOSE,hose_public_stock_master/v1,,OFFICIAL_CURRENT_EXCHANGE_SECURITY,,true,,EXACT_SESSION_RETAINED,CURRENT_DESCRIPTIVE_DNSE_REST_ADJUSTED_RETROSPECTIVE_RAW_AS_TRADED_NOT_PROMOTED,DIRECT_CANONICAL_MAPPING
TSB,,,,,,,,,,,,,,,,,,,,NOT_AVAILABLE,,,DELISTED,,,,,,,,,,,EXCHANGE_STOCK_LIST_CANDIDATE_NOT_COMMON_EQUITY_PROVEN,HNX_LISTED,hnx_official_equity_universe/v1,,OFFICIAL_CURRENT_STOCK_LIST_CANDIDATE,,false,,UNAVAILABLE_NO_EXACT_SESSION_OBSERVATION,,UNAVAILABLE
TSC,2026-10-01,1.71,-0.017241379310344862,,,,,,,,,,,,,,,,,BELOW_MA20_MOMENTUM_NEGATIVE,,2026-10-01T16:19:50.765598+07:00,HSX,,,,,,,,2026-10-01,2026-10-01,0,OFFICIAL_STOCK_MASTER_SECURITY_TYPE_NOT_COMMON_EQUITY_PROVEN,HOSE,hose_public_stock_master/v1,,OFFICIAL_CURRENT_EXCHANGE_SECURITY,,true,,EXACT_SESSION_RETAINED,CURRENT_DESCRIPTIVE_DNSE_REST_ADJUSTED_RETROSPECTIVE_RAW_AS_TRADED_NOT_PROMOTED,DIRECT_CANONICAL_MAPPING
TSD,2026-10-01,2.7,-0.09999999999999998,,,,,,,,,,,,,,,,,BELOW_MA20_MOMENTUM_NEGATIVE,,2026-10-01T16:19:50.765598+07:00,UPCOM,,,,,,,,2026-10-01,2026-10-01,0,EXCHANGE_STOCK_LIST_CANDIDATE_NOT_COMMON_EQUITY_PROVEN,UPCOM,hnx_official_equity_universe/v1,,OFFICIAL_CURRENT_STOCK_LIST_CANDIDATE,,true,,EXACT_SESSION_RETAINED,CURRENT_DESCRIPTIVE_DNSE_REST_ADJUSTED_RETROSPECTIVE_RAW_AS_TRADED_NOT_PROMOTED,DIRECT_CANONICAL_MAPPING
TSG,,,,,,,,,,,,,,,,,,,,NOT_AVAILABLE,,,UPCOM,,,,,,,,,,,EXCHANGE_STOCK_LIST_CANDIDATE_NOT_COMMON_EQUITY_PROVEN,UPCOM,hnx_official_equity_universe/v1,,OFFICIAL_CURRENT_STOCK_LIST_CANDIDATE,,false,,UNAVAILABLE_NO_EXACT_SESSION_OBSERVATION,,UNAVAILABLE
TSJ,,,,,,,,,,,,,,,,,,,,NOT_AVAILABLE,,,UPCOM,,,,,,,,,,,EXCHANGE_STOCK_LIST_CANDIDATE_NOT_COMMON_EQUITY_PROVEN,UPCOM,hnx_official_equity_universe/v1,,OFFICIAL_CURRENT_STOCK_LIST_CANDIDATE,,false,,UNAVAILABLE_NO_EXACT_SESSION_OBSERVATION,,UNAVAILABLE
TST,,,,,,,,,,,,,,,,,,,,NOT_AVAILABLE,,,UPCOM,,,,,,,,,,,EXCHANGE_STOCK_LIST_CANDIDATE_NOT_COMMON_EQUITY_PROVEN,UPCOM,hnx_official_equity_universe/v1,,OFFICIAL_CURRENT_STOCK_LIST_CANDIDATE,,false,,UNAVAILABLE_NO_EXACT_SESSION_OBSERVATION,,UNAVAILABLE
TT6,2026-10-01,11.1,0.009090909090909038,,,,,,,,,,,,,,,,,BELOW_MA20_MOMENTUM_NEGATIVE,,2026-10-01T16:19:50.765598+07:00,UPCOM,,,,,,,,2026-10-01,2026-10-01,0,EXCHANGE_STOCK_LIST_CANDIDATE_NOT_COMMON_EQUITY_PROVEN,UPCOM,hnx_official_equity_universe/v1,,OFFICIAL_CURRENT_STOCK_LIST_CANDIDATE,,true,,EXACT_SESSION_RETAINED,CURRENT_DESCRIPTIVE_DNSE_REST_ADJUSTED_RETROSPECTIVE_RAW_AS_TRADED_NOT_PROMOTED,DIRECT_CANONICAL_MAPPING
TTA,2026-10-01,10.8,0.0,,,,,,,,,,,,,,,,,BELOW_MA20_MOMENTUM_NEGATIVE,,2026-10-01T16:19:50.765598+07:00,HSX,,,,,,,,2026-10-01,2026-10-01,0,OFFICIAL_STOCK_MASTER_SECURITY_TYPE_NOT_COMMON_EQUITY_PROVEN,HOSE,hose_public_stock_master/v1,,OFFICIAL_CURRENT_EXCHANGE_SECURITY,,true,,EXACT_SESSION_RETAINED,CURRENT_DESCRIPTIVE_DNSE_REST_ADJUSTED_RETROSPECTIVE_RAW_AS_TRADED_NOT_PROMOTED,DIRECT_CANONICAL_MAPPING
TTB,,,,,,,,,,,,,,,,,,,,NOT_AVAILABLE,,,UPCOM,,,,,,,,,,,EXCHANGE_STOCK_LIST_CANDIDATE_NOT_COMMON_EQUITY_PROVEN,UPCOM,hnx_official_equity_universe/v1,,OFFICIAL_CURRENT_STOCK_LIST_CANDIDATE,,false,,UNAVAILABLE_NO_EXACT_SESSION_OBSERVATION,,UNAVAILABLE
TTC,,,,,,,,,,,,,,,,,,,,NOT_AVAILABLE,,,DELISTED,,,,,,,,,,,EXCHANGE_STOCK_LIST_CANDIDATE_NOT_COMMON_EQUITY_PROVEN,HNX_LISTED,hnx_official_equity_universe/v1,,OFFICIAL_CURRENT_STOCK_LIST_CANDIDATE,,false,,UNAVAILABLE_NO_EXACT_SESSION_OBSERVATION,,UNAVAILABLE
TTD,,,,,,,,,,,,,,,,,,,,NOT_AVAILABLE,,,UPCOM,,,,,,,,,,,EXCHANGE_STOCK_LIST_CANDIDATE_NOT_COMMON_EQUITY_PROVEN,UPCOM,hnx_official_equity_universe/v1,,OFFICIAL_CURRENT_STOCK_LIST_CANDIDATE,,false,,UNAVAILABLE_NO_EXACT_SESSION_OBSERVATION,,UNAVAILABLE
TTE,,,,,,,,,,,,,,,,,,,,NOT_AVAILABLE,,,HSX,,,,,,,,,,,OFFICIAL_STOCK_MASTER_SECURITY_TYPE_NOT_COMMON_EQUITY_PROVEN,HOSE,hose_public_stock_master/v1,,OFFICIAL_CURRENT_EXCHANGE_SECURITY,,false,,UNAVAILABLE_NO_EXACT_SESSION_OBSERVATION,,UNAVAILABLE
TTF,2026-10-01,1.5,-0.013157894736842146,,,,,,,,,,,,,,,,,BELOW_MA20_MOMENTUM_NEGATIVE,,2026-10-01T16:19:50.765598+07:00,HSX,,,,,,,,2026-10-01,2026-10-01,0,OFFICIAL_STOCK_MASTER_SECURITY_TYPE_NOT_COMMON_EQUITY_PROVEN,HOSE,hose_public_stock_master/v1,,OFFICIAL_CURRENT_EXCHANGE_SECURITY,,true,,EXACT_SESSION_RETAINED,CURRENT_DESCRIPTIVE_DNSE_REST_ADJUSTED_RETROSPECTIVE_RAW_AS_TRADED_NOT_PROMOTED,DIRECT_CANONICAL_MAPPING
TTG,2026-10-01,22,-0.06382978723404253,,,,,,,,,,,,,,,,,BELOW_MA20_MOMENTUM_NEGATIVE,,2026-10-01T16:19:50.765598+07:00,UPCOM,,,,,,,,2026-10-01,2026-10-01,0,EXCHANGE_STOCK_LIST_CANDIDATE_NOT_COMMON_EQUITY_PROVEN,UPCOM,hnx_official_equity_universe/v1,,OFFICIAL_CURRENT_STOCK_LIST_CANDIDATE,,true,,EXACT_SESSION_RETAINED,CURRENT_DESCRIPTIVE_DNSE_REST_ADJUSTED_RETROSPECTIVE_RAW_AS_TRADED_NOT_PROMOTED,DIRECT_CANONICAL_MAPPING
TTH,2026-10-01,2.1,0.050000000000000044,,,,,,,,,,,,,,,,,NEAR_MA20_NEUTRAL,,2026-10-01T16:19:50.765598+07:00,DELISTED,,,,,,,,2026-10-01,2026-10-01,0,EXCHANGE_STOCK_LIST_CANDIDATE_NOT_COMMON_EQUITY_PROVEN,HNX_LISTED,hnx_official_equity_universe/v1,,OFFICIAL_CURRENT_STOCK_LIST_CANDIDATE,,true,,EXACT_SESSION_RETAINED,CURRENT_DESCRIPTIVE_DNSE_REST_ADJUSTED_RETROSPECTIVE_RAW_AS_TRADED_NOT_PROMOTED,DIRECT_CANONICAL_MAPPING
TTL,,,,,,,,,,,,,,,,,,,,NOT_AVAILABLE,,,DELISTED,,,,,,,,,,,EXCHANGE_STOCK_LIST_CANDIDATE_NOT_COMMON_EQUITY_PROVEN,HNX_LISTED,hnx_official_equity_universe/v1,,OFFICIAL_CURRENT_STOCK_LIST_CANDIDATE,,false,,UNAVAILABLE_NO_EXACT_SESSION_OBSERVATION,,UNAVAILABLE
TTN,2026-10-01,11.8,0.0,,,,,,,,,,,,,,,,,BELOW_MA20_MOMENTUM_NEGATIVE,,2026-10-01T16:19:50.765598+07:00,UPCOM,,,,,,,,2026-10-01,2026-10-01,0,EXCHANGE_STOCK_LIST_CANDIDATE_NOT_COMMON_EQUITY_PROVEN,UPCOM,hnx_official_equity_universe/v1,,OFFICIAL_CURRENT_STOCK_LIST_CANDIDATE,,true,,EXACT_SESSION_RETAINED,CURRENT_DESCRIPTIVE_DNSE_REST_ADJUSTED_RETROSPECTIVE_RAW_AS_TRADED_NOT_PROMOTED,DIRECT_CANONICAL_MAPPING
TTP,,,,,,,,,,,,,,,,,,,,NOT_AVAILABLE,,,DELISTED,,,,,,,,,,,INSTRUMENT_CLASS_UNRESOLVED,DELISTED,,,STOCKLOOKUP_ONLY_UNRESOLVED,,false,,UNAVAILABLE_NO_EXACT_SESSION_OBSERVATION,,UNAVAILABLE
TTS,,,,,,,,,,,,,,,,,,,,NOT_AVAILABLE,,,UPCOM,,,,,,,,,,,EXCHANGE_STOCK_LIST_CANDIDATE_NOT_COMMON_EQUITY_PROVEN,UPCOM,hnx_official_equity_universe/v1,,OFFICIAL_CURRENT_STOCK_LIST_CANDIDATE,,false,,UNAVAILABLE_NO_EXACT_SESSION_OBSERVATION,,UNAVAILABLE
TTT,,,,,,,,,,,,,,,,,,,,NOT_AVAILABLE,,,DELISTED,,,,,,,,,,,EXCHANGE_STOCK_LIST_CANDIDATE_NOT_COMMON_EQUITY_PROVEN,HNX_LISTED,hnx_official_equity_universe/v1,,OFFICIAL_CURRENT_STOCK_LIST_CANDIDATE,,false,,UNAVAILABLE_NO_EXACT_SESSION_OBSERVATION,,UNAVAILABLE
TTZ,,,,,,,,,,,,,,,,,,,,NOT_AVAILABLE,,,UPCOM,,,,,,,,,,,EXCHANGE_STOCK_LIST_CANDIDATE_NOT_COMMON_EQUITY_PROVEN,UPCOM,hnx_official_equity_universe/v1,,OFFICIAL_CURRENT_STOCK_LIST_CANDIDATE,,false,,UNAVAILABLE_NO_EXACT_SESSION_OBSERVATION,,UNAVAILABLE
TUG,,,,,,,,,,,,,,,,,,,,NOT_AVAILABLE,,,UPCOM,,,,,,,,,,,EXCHANGE_STOCK_LIST_CANDIDATE_NOT_COMMON_EQUITY_PROVEN,UPCOM,hnx_official_equity_universe/v1,,OFFICIAL_CURRENT_STOCK_LIST_CANDIDATE,,false,,UNAVAILABLE_NO_EXACT_SESSION_OBSERVATION,,UNAVAILABLE
TV1,2026-10-01,20.4,-0.009708737864077777,,,,,,,,,,,,,,,,,NEAR_MA20_NEUTRAL,,2026-10-01T16:19:50.765598+07:00,UPCOM,,,,,,,,2026-10-01,2026-10-01,0,EXCHANGE_STOCK_LIST_CANDIDATE_NOT_COMMON_EQUITY_PROVEN,UPCOM,hnx_official_equity_universe/v1,,OFFICIAL_CURRENT_STOCK_LIST_CANDIDATE,,true,,EXACT_SESSION_RETAINED,CURRENT_DESCRIPTIVE_DNSE_REST_ADJUSTED_RETROSPECTIVE_RAW_AS_TRADED_NOT_PROMOTED,DIRECT_CANONICAL_MAPPING
TV2,2026-10-01,25.6,-0.005825242718446533,,,,,,,,,,,,,,,,,NEAR_MA20_NEUTRAL,,2026-10-01T16:19:50.765598+07:00,HSX,,,,,,,,2026-10-01,2026-10-01,0,OFFICIAL_STOCK_MASTER_SECURITY_TYPE_NOT_COMMON_EQUITY_PROVEN,HOSE,hose_public_stock_master/v1,,OFFICIAL_CURRENT_EXCHANGE_SECURITY,,true,,EXACT_SESSION_RETAINED,CURRENT_DESCRIPTIVE_DNSE_REST_ADJUSTED_RETROSPECTIVE_RAW_AS_TRADED_NOT_PROMOTED,DIRECT_CANONICAL_MAPPING
TV3,2026-10-01,15.2,0.04827586206896539,,,,,,,,,,,,,,,,,NEAR_MA20_NEUTRAL,,2026-10-01T16:19:50.765598+07:00,DELISTED,,,,,,,,2026-10-01,2026-10-01,0,EXCHANGE_STOCK_LIST_CANDIDATE_NOT_COMMON_EQUITY_PROVEN,HNX_LISTED,hnx_official_equity_universe/v1,,OFFICIAL_CURRENT_STOCK_LIST_CANDIDATE,,true,,EXACT_SESSION_RETAINED,CURRENT_DESCRIPTIVE_DNSE_REST_ADJUSTED_RETROSPECTIVE_RAW_AS_TRADED_NOT_PROMOTED,DIRECT_CANONICAL_MAPPING
TV4,,,,,,,,,,,,,,,,,,,,NOT_AVAILABLE,,,DELISTED,,,,,,,,,,,EXCHANGE_STOCK_LIST_CANDIDATE_NOT_COMMON_EQUITY_PROVEN,HNX_LISTED,hnx_official_equity_universe/v1,,OFFICIAL_CURRENT_STOCK_LIST_CANDIDATE,,false,,UNAVAILABLE_NO_EXACT_SESSION_OBSERVATION,,UNAVAILABLE
TV6,,,,,,,,,,,,,,,,,,,,NOT_AVAILABLE,,,UPCOM,,,,,,,,,,,EXCHANGE_STOCK_LIST_CANDIDATE_NOT_COMMON_EQUITY_PROVEN,UPCOM,hnx_official_equity_universe/v1,,OFFICIAL_CURRENT_STOCK_LIST_CANDIDATE,,false,,UNAVAILABLE_NO_EXACT_SESSION_OBSERVATION,,UNAVAILABLE
TVA,,,,,,,,,,,,,,,,,,,,NOT_AVAILABLE,,,UPCOM,,,,,,,,,,,EXCHANGE_STOCK_LIST_CANDIDATE_NOT_COMMON_EQUITY_PROVEN,UPCOM,hnx_official_equity_universe/v1,,OFFICIAL_CURRENT_STOCK_LIST_CANDIDATE,,false,,UNAVAILABLE_NO_EXACT_SESSION_OBSERVATION,,UNAVAILABLE
TVB,2026-10-01,6.17,-0.019077901430842648,,,,,,,,,,,,,,,,,NEAR_MA20_NEUTRAL,,2026-10-01T16:19:50.765598+07:00,HSX,,,,,,,,2026-10-01,2026-10-01,0,OFFICIAL_STOCK_MASTER_SECURITY_TYPE_NOT_COMMON_EQUITY_PROVEN,HOSE,hose_public_stock_master/v1,,OFFICIAL_CURRENT_EXCHANGE_SECURITY,,true,,EXACT_SESSION_RETAINED,CURRENT_DESCRIPTIVE_DNSE_REST_ADJUSTED_RETROSPECTIVE_RAW_AS_TRADED_NOT_PROMOTED,DIRECT_CANONICAL_MAPPING
TVC,2026-10-01,6.9,0.0,,,,,,,,,,,,,,,,,BELOW_MA20_MOMENTUM_NEGATIVE,,2026-10-01T16:19:50.765598+07:00,DELISTED,,,,,,,,2026-10-01,2026-10-01,0,EXCHANGE_STOCK_LIST_CANDIDATE_NOT_COMMON_EQUITY_PROVEN,HNX_LISTED,hnx_official_equity_universe/v1,,OFFICIAL_CURRENT_STOCK_LIST_CANDIDATE,,true,,EXACT_SESSION_RETAINED,CURRENT_DESCRIPTIVE_DNSE_REST_ADJUSTED_RETROSPECTIVE_RAW_AS_TRADED_NOT_PROMOTED,DIRECT_CANONICAL_MAPPING
TVD,2026-10-01,8.8,0.0,,,,,,,,,,,,,,,,,NEAR_MA20_NEUTRAL,,2026-10-01T16:19:50.765598+07:00,DELISTED,,,,,,,,2026-10-01,2026-10-01,0,EXCHANGE_STOCK_LIST_CANDIDATE_NOT_COMMON_EQUITY_PROVEN,HNX_LISTED,hnx_official_equity_universe/v1,,OFFICIAL_CURRENT_STOCK_LIST_CANDIDATE,,true,,EXACT_SESSION_RETAINED,CURRENT_DESCRIPTIVE_DNSE_REST_ADJUSTED_RETROSPECTIVE_RAW_AS_TRADED_NOT_PROMOTED,DIRECT_CANONICAL_MAPPING
TVG,,,,,,,,,,,,,,,,,,,,NOT_AVAILABLE,,,UPCOM,,,,,,,,,,,EXCHANGE_STOCK_LIST_CANDIDATE_NOT_COMMON_EQUITY_PROVEN,UPCOM,hnx_official_equity_universe/v1,,OFFICIAL_CURRENT_STOCK_LIST_CANDIDATE,,false,,UNAVAILABLE_NO_EXACT_SESSION_OBSERVATION,,UNAVAILABLE
TVH,,,,,,,,,,,,,,,,,,,,NOT_AVAILABLE,,,UPCOM,,,,,,,,,,,EXCHANGE_STOCK_LIST_CANDIDATE_NOT_COMMON_EQUITY_PROVEN,UPCOM,hnx_official_equity_universe/v1,,OFFICIAL_CURRENT_STOCK_LIST_CANDIDATE,,false,,UNAVAILABLE_NO_EXACT_SESSION_OBSERVATION,,UNAVAILABLE
TVM,,,,,,,,,,,,,,,,,,,,NOT_AVAILABLE,,,UPCOM,,,,,,,,,,,EXCHANGE_STOCK_LIST_CANDIDATE_NOT_COMMON_EQUITY_PROVEN,UPCOM,hnx_official_equity_universe/v1,,OFFICIAL_CURRENT_STOCK_LIST_CANDIDATE,,false,,UNAVAILABLE_NO_EXACT_SESSION_OBSERVATION,,UNAVAILABLE
TVN,2026-10-01,9.1,0.0,,,,,,,,,,,,,,,,,ABOVE_MA20_MOMENTUM_POSITIVE,,2026-10-01T16:19:50.765598+07:00,UPCOM,,,,,,,,2026-10-01,2026-10-01,0,EXCHANGE_STOCK_LIST_CANDIDATE_NOT_COMMON_EQUITY_PROVEN,UPCOM,hnx_official_equity_universe/v1,,OFFICIAL_CURRENT_STOCK_LIST_CANDIDATE,,true,,EXACT_SESSION_RETAINED,CURRENT_DESCRIPTIVE_DNSE_REST_ADJUSTED_RETROSPECTIVE_RAW_AS_TRADED_NOT_PROMOTED,DIRECT_CANONICAL_MAPPING
TVP,,,,,,,,,,,,,,,,,,,,NOT_AVAILABLE,,,DELISTED,,,,,,,,,,,INSTRUMENT_CLASS_UNRESOLVED,DELISTED,,,STOCKLOOKUP_ONLY_UNRESOLVED,,false,,UNAVAILABLE_NO_EXACT_SESSION_OBSERVATION,,UNAVAILABLE
TVS,2026-10-01,14.65,-0.006779661016949157,,,,,,,,,,,,,,,,,NEAR_MA20_NEUTRAL,,2026-10-01T16:19:50.765598+07:00,HSX,,,,,,,,2026-10-01,2026-10-01,0,OFFICIAL_STOCK_MASTER_SECURITY_TYPE_NOT_COMMON_EQUITY_PROVEN,HOSE,hose_public_stock_master/v1,,OFFICIAL_CURRENT_EXCHANGE_SECURITY,,true,,EXACT_SESSION_RETAINED,CURRENT_DESCRIPTIVE_DNSE_REST_ADJUSTED_RETROSPECTIVE_RAW_AS_TRADED_NOT_PROMOTED,DIRECT_CANONICAL_MAPPING
TVT,2026-10-01,16.3,0.05161290322580658,,,,,,,,,,,,,,,,,ABOVE_MA20_MOMENTUM_POSITIVE,,2026-10-01T16:19:50.765598+07:00,HSX,,,,,,,,2026-10-01,2026-10-01,0,OFFICIAL_STOCK_MASTER_SECURITY_TYPE_NOT_COMMON_EQUITY_PROVEN,HOSE,hose_public_stock_master/v1,,OFFICIAL_CURRENT_EXCHANGE_SECURITY,,true,,EXACT_SESSION_RETAINED,CURRENT_DESCRIPTIVE_DNSE_REST_ADJUSTED_RETROSPECTIVE_RAW_AS_TRADED_NOT_PROMOTED,DIRECT_CANONICAL_MAPPING
TVW,,,,,,,,,,,,,,,,,,,,NOT_AVAILABLE,,,DELISTED,,,,,,,,,,,INSTRUMENT_CLASS_UNRESOLVED,DELISTED,,,STOCKLOOKUP_ONLY_UNRESOLVED,,false,,UNAVAILABLE_NO_EXACT_SESSION_OBSERVATION,,UNAVAILABLE
TW3,,,,,,,,,,,,,,,,,,,,NOT_AVAILABLE,,,UPCOM,,,,,,,,,,,EXCHANGE_STOCK_LIST_CANDIDATE_NOT_COMMON_EQUITY_PROVEN,UPCOM,hnx_official_equity_universe/v1,,OFFICIAL_CURRENT_STOCK_LIST_CANDIDATE,,false,,UNAVAILABLE_NO_EXACT_SESSION_OBSERVATION,,UNAVAILABLE
TXM,2026-10-01,3.9,0.0,,,,,,,,,,,,,,,,,BELOW_MA20_MOMENTUM_NEGATIVE,,2026-10-01T16:19:50.765598+07:00,DELISTED,,,,,,,,2026-10-01,2026-10-01,0,EXCHANGE_STOCK_LIST_CANDIDATE_NOT_COMMON_EQUITY_PROVEN,HNX_LISTED,hnx_official_equity_universe/v1,,OFFICIAL_CURRENT_STOCK_LIST_CANDIDATE,,true,,EXACT_SESSION_RETAINED,CURRENT_DESCRIPTIVE_DNSE_REST_ADJUSTED_RETROSPECTIVE_RAW_AS_TRADED_NOT_PROMOTED,DIRECT_CANONICAL_MAPPING
TYA,,,,,,,,,,,,,,,,,,,,NOT_AVAILABLE,,,HSX,,,,,,,,,,,OFFICIAL_STOCK_MASTER_SECURITY_TYPE_NOT_COMMON_EQUITY_PROVEN,HOSE,hose_public_stock_master/v1,,OFFICIAL_CURRENT_EXCHANGE_SECURITY,,false,,UNAVAILABLE_NO_EXACT_SESSION_OBSERVATION,,UNAVAILABLE
UCT,,,,,,,,,,,,,,,,,,,,NOT_AVAILABLE,,,UPCOM,,,,,,,,,,,EXCHANGE_STOCK_LIST_CANDIDATE_NOT_COMMON_EQUITY_PROVEN,UPCOM,hnx_official_equity_universe/v1,,OFFICIAL_CURRENT_STOCK_LIST_CANDIDATE,,false,,UNAVAILABLE_NO_EXACT_SESSION_OBSERVATION,,UNAVAILABLE
UDC,2026-10-01,2.6,0.040000000000000036,,,,,,,,,,,,,,,,,BELOW_MA20_MOMENTUM_NEGATIVE,,2026-10-01T16:19:50.765598+07:00,UPCOM,,,,,,,,2026-10-01,2026-10-01,0,EXCHANGE_STOCK_LIST_CANDIDATE_NOT_COMMON_EQUITY_PROVEN,UPCOM,hnx_official_equity_universe/v1,,OFFICIAL_CURRENT_STOCK_LIST_CANDIDATE,,true,,EXACT_SESSION_RETAINED,CURRENT_DESCRIPTIVE_DNSE_REST_ADJUSTED_RETROSPECTIVE_RAW_AS_TRADED_NOT_PROMOTED,DIRECT_CANONICAL_MAPPING
UDJ,2026-10-01,7,0.014492753623188248,,,,,,,,,,,,,,,,,ABOVE_MA20_MOMENTUM_POSITIVE,,2026-10-01T16:19:50.765598+07:00,UPCOM,,,,,,,,2026-10-01,2026-10-01,0,EXCHANGE_STOCK_LIST_CANDIDATE_NOT_COMMON_EQUITY_PROVEN,UPCOM,hnx_official_equity_universe/v1,,OFFICIAL_CURRENT_STOCK_LIST_CANDIDATE,,true,,EXACT_SESSION_RETAINED,CURRENT_DESCRIPTIVE_DNSE_REST_ADJUSTED_RETROSPECTIVE_RAW_AS_TRADED_NOT_PROMOTED,DIRECT_CANONICAL_MAPPING
UDL,,,,,,,,,,,,,,,,,,,,NOT_AVAILABLE,,,UPCOM,,,,,,,,,,,EXCHANGE_STOCK_LIST_CANDIDATE_NOT_COMMON_EQUITY_PROVEN,UPCOM,hnx_official_equity_universe/v1,,OFFICIAL_CURRENT_STOCK_LIST_CANDIDATE,,false,,UNAVAILABLE_NO_EXACT_SESSION_OBSERVATION,,UNAVAILABLE
UEM,,,,,,,,,,,,,,,,,,,,NOT_AVAILABLE,,,UPCOM,,,,,,,,,,,EXCHANGE_STOCK_LIST_CANDIDATE_NOT_COMMON_EQUITY_PROVEN,UPCOM,hnx_official_equity_universe/v1,,OFFICIAL_CURRENT_STOCK_LIST_CANDIDATE,,false,,UNAVAILABLE_NO_EXACT_SESSION_OBSERVATION,,UNAVAILABLE
UIC,,,,,,,,,,,,,,,,,,,,NOT_AVAILABLE,,,HSX,,,,,,,,,,,OFFICIAL_STOCK_MASTER_SECURITY_TYPE_NOT_COMMON_EQUITY_PROVEN,HOSE,hose_public_stock_master/v1,,OFFICIAL_CURRENT_EXCHANGE_SECURITY,,false,,UNAVAILABLE_NO_EXACT_SESSION_OBSERVATION,,UNAVAILABLE
UMC,,,,,,,,,,,,,,,,,,,,NOT_AVAILABLE,,,UPCOM,,,,,,,,,,,EXCHANGE_STOCK_LIST_CANDIDATE_NOT_COMMON_EQUITY_PROVEN,UPCOM,hnx_official_equity_universe/v1,,OFFICIAL_CURRENT_STOCK_LIST_CANDIDATE,,false,,UNAVAILABLE_NO_EXACT_SESSION_OBSERVATION,,UNAVAILABLE
UNI,2026-10-01,9.1,-0.09900990099009899,,,,,,,,,,,,,,,,,ABOVE_MA20_MOMENTUM_POSITIVE,,2026-10-01T16:19:50.765598+07:00,DELISTED,,,,,,,,2026-10-01,2026-10-01,0,EXCHANGE_STOCK_LIST_CANDIDATE_NOT_COMMON_EQUITY_PROVEN,HNX_LISTED,hnx_official_equity_universe/v1,,OFFICIAL_CURRENT_STOCK_LIST_CANDIDATE,,true,,EXACT_SESSION_RETAINED,CURRENT_DESCRIPTIVE_DNSE_REST_ADJUSTED_RETROSPECTIVE_RAW_AS_TRADED_NOT_PROMOTED,DIRECT_CANONICAL_MAPPING
UPC,,,,,,,,,,,,,,,,,,,,NOT_AVAILABLE,,,UPCOM,,,,,,,,,,,EXCHANGE_STOCK_LIST_CANDIDATE_NOT_COMMON_EQUITY_PROVEN,UPCOM,hnx_official_equity_universe/v1,,OFFICIAL_CURRENT_STOCK_LIST_CANDIDATE,,false,,UNAVAILABLE_NO_EXACT_SESSION_OBSERVATION,,UNAVAILABLE
UPH,,,,,,,,,,,,,,,,,,,,NOT_AVAILABLE,,,UPCOM,,,,,,,,,,,EXCHANGE_STOCK_LIST_CANDIDATE_NOT_COMMON_EQUITY_PROVEN,UPCOM,hnx_official_equity_universe/v1,,OFFICIAL_CURRENT_STOCK_LIST_CANDIDATE,,false,,UNAVAILABLE_NO_EXACT_SESSION_OBSERVATION,,UNAVAILABLE
UPS,,,,,,,,,,,,,,,,,,,,NOT_AVAILABLE,,,UPCOM,,,,,,,,,,,EXCHANGE_STOCK_LIST_CANDIDATE_NOT_COMMON_EQUITY_PROVEN,UPCOM,hnx_official_equity_universe/v1,,OFFICIAL_CURRENT_STOCK_LIST_CANDIDATE,,false,,UNAVAILABLE_NO_EXACT_SESSION_OBSERVATION,,UNAVAILABLE
USC,,,,,,,,,,,,,,,,,,,,NOT_AVAILABLE,,,UPCOM,,,,,,,,,,,EXCHANGE_STOCK_LIST_CANDIDATE_NOT_COMMON_EQUITY_PROVEN,UPCOM,hnx_official_equity_universe/v1,,OFFICIAL_CURRENT_STOCK_LIST_CANDIDATE,,false,,UNAVAILABLE_NO_EXACT_SESSION_OBSERVATION,,UNAVAILABLE
USD,2026-10-01,16.6,-0.017751479289940697,,,,,,,,,,,,,,,,,NEAR_MA20_NEUTRAL,,2026-10-01T16:19:50.765598+07:00,UPCOM,,,,,,,,2026-10-01,2026-10-01,0,EXCHANGE_STOCK_LIST_CANDIDATE_NOT_COMMON_EQUITY_PROVEN,UPCOM,hnx_official_equity_universe/v1,,OFFICIAL_CURRENT_STOCK_LIST_CANDIDATE,,true,,EXACT_SESSION_RETAINED,CURRENT_DESCRIPTIVE_DNSE_REST_ADJUSTED_RETROSPECTIVE_RAW_AS_TRADED_NOT_PROMOTED,DIRECT_CANONICAL_MAPPING
UXC,,,,,,,,,,,,,,,,,,,,NOT_AVAILABLE,,,UPCOM,,,,,,,,,,,EXCHANGE_STOCK_LIST_CANDIDATE_NOT_COMMON_EQUITY_PROVEN,UPCOM,hnx_official_equity_universe/v1,,OFFICIAL_CURRENT_STOCK_LIST_CANDIDATE,,false,,UNAVAILABLE_NO_EXACT_SESSION_OBSERVATION,,UNAVAILABLE
V11,,,,,,,,,,,,,,,,,,,,NOT_AVAILABLE,,,DELISTED,,,,,,,,,,,INSTRUMENT_CLASS_UNRESOLVED,DELISTED,,,STOCKLOOKUP_ONLY_UNRESOLVED,,false,,UNAVAILABLE_NO_EXACT_SESSION_OBSERVATION,,UNAVAILABLE
V12,2026-10-01,10.2,-0.019230769230769384,,,,,,,,,,,,,,,,,NEAR_MA20_NEUTRAL,,2026-10-01T16:19:50.765598+07:00,DELISTED,,,,,,,,2026-10-01,2026-10-01,0,EXCHANGE_STOCK_LIST_CANDIDATE_NOT_COMMON_EQUITY_PROVEN,HNX_LISTED,hnx_official_equity_universe/v1,,OFFICIAL_CURRENT_STOCK_LIST_CANDIDATE,,true,,EXACT_SESSION_RETAINED,CURRENT_DESCRIPTIVE_DNSE_REST_ADJUSTED_RETROSPECTIVE_RAW_AS_TRADED_NOT_PROMOTED,DIRECT_CANONICAL_MAPPING
V15,,,,,,,,,,,,,,,,,,,,NOT_AVAILABLE,,,DELISTED,,,,,,,,,,,INSTRUMENT_CLASS_UNRESOLVED,DELISTED,,,STOCKLOOKUP_ONLY_UNRESOLVED,,false,,UNAVAILABLE_NO_EXACT_SESSION_OBSERVATION,,UNAVAILABLE
V21,,,,,,,,,,,,,,,,,,,,NOT_AVAILABLE,,,DELISTED,,,,,,,,,,,EXCHANGE_STOCK_LIST_CANDIDATE_NOT_COMMON_EQUITY_PROVEN,HNX_LISTED,hnx_official_equity_universe/v1,,OFFICIAL_CURRENT_STOCK_LIST_CANDIDATE,,false,,UNAVAILABLE_NO_EXACT_SESSION_OBSERVATION,,UNAVAILABLE
VAB,2026-10-01,9,0.0,,,,,,,,,,,,,,,,,NEAR_MA20_NEUTRAL,,2026-10-01T16:19:50.765598+07:00,HSX,,,,,,,,2026-10-01,2026-10-01,0,OFFICIAL_STOCK_MASTER_SECURITY_TYPE_NOT_COMMON_EQUITY_PROVEN,HOSE,hose_public_stock_master/v1,,OFFICIAL_CURRENT_EXCHANGE_SECURITY,,true,,EXACT_SESSION_RETAINED,CURRENT_DESCRIPTIVE_DNSE_REST_ADJUSTED_RETROSPECTIVE_RAW_AS_TRADED_NOT_PROMOTED,DIRECT_CANONICAL_MAPPING
VAF,,,,,,,,,,,,,,,,,,,,NOT_AVAILABLE,,,UPCOM,,,,,,,,,,,EXCHANGE_STOCK_LIST_CANDIDATE_NOT_COMMON_EQUITY_PROVEN,UPCOM,hnx_official_equity_universe/v1,,OFFICIAL_CURRENT_STOCK_LIST_CANDIDATE,,false,,UNAVAILABLE_NO_EXACT_SESSION_OBSERVATION,,UNAVAILABLE
VAT,,,,,,,,,,,,,,,,,,,,NOT_AVAILABLE,,,DELISTED,,,,,,,,,,,INSTRUMENT_CLASS_UNRESOLVED,DELISTED,,,STOCKLOOKUP_ONLY_UNRESOLVED,,false,,UNAVAILABLE_NO_EXACT_SESSION_OBSERVATION,,UNAVAILABLE
VAV,2026-10-01,31.2,0.0,,,,,,,,,,,,,,,,,BELOW_MA20_MOMENTUM_NEGATIVE,,2026-10-01T16:19:50.765598+07:00,UPCOM,,,,,,,,2026-10-01,2026-10-01,0,EXCHANGE_STOCK_LIST_CANDIDATE_NOT_COMMON_EQUITY_PROVEN,UPCOM,hnx_official_equity_universe/v1,,OFFICIAL_CURRENT_STOCK_LIST_CANDIDATE,,true,,EXACT_SESSION_RETAINED,CURRENT_DESCRIPTIVE_DNSE_REST_ADJUSTED_RETROSPECTIVE_RAW_AS_TRADED_NOT_PROMOTED,DIRECT_CANONICAL_MAPPING
VBB,2026-10-01,14.15,0.06390977443609014,,,,,,,,,,,,,,,,,ABOVE_MA20_MOMENTUM_POSITIVE,,2026-10-01T16:19:50.765598+07:00,HSX,,,,,,,,2026-10-01,2026-10-01,0,OFFICIAL_STOCK_MASTER_SECURITY_TYPE_NOT_COMMON_EQUITY_PROVEN,HOSE,hose_public_stock_master/v1,,OFFICIAL_CURRENT_EXCHANGE_SECURITY,,true,,EXACT_SESSION_RETAINED,CURRENT_DESCRIPTIVE_DNSE_REST_ADJUSTED_RETROSPECTIVE_RAW_AS_TRADED_NOT_PROMOTED,DIRECT_CANONICAL_MAPPING
VBC,,,,,,,,,,,,,,,,,,,,NOT_AVAILABLE,,,DELISTED,,,,,,,,,,,EXCHANGE_STOCK_LIST_CANDIDATE_NOT_COMMON_EQUITY_PROVEN,HNX_LISTED,hnx_official_equity_universe/v1,,OFFICIAL_CURRENT_STOCK_LIST_CANDIDATE,,false,,UNAVAILABLE_NO_EXACT_SESSION_OBSERVATION,,UNAVAILABLE
VBG,,,,,,,,,,,,,,,,,,,,NOT_AVAILABLE,,,UPCOM,,,,,,,,,,,EXCHANGE_STOCK_LIST_CANDIDATE_NOT_COMMON_EQUITY_PROVEN,UPCOM,hnx_official_equity_universe/v1,,OFFICIAL_CURRENT_STOCK_LIST_CANDIDATE,,false,,UNAVAILABLE_NO_EXACT_SESSION_OBSERVATION,,UNAVAILABLE
VBH,,,,,,,,,,,,,,,,,,,,NOT_AVAILABLE,,,UPCOM,,,,,,,,,,,EXCHANGE_STOCK_LIST_CANDIDATE_NOT_COMMON_EQUITY_PROVEN,UPCOM,hnx_official_equity_universe/v1,,OFFICIAL_CURRENT_STOCK_LIST_CANDIDATE,,false,,UNAVAILABLE_NO_EXACT_SESSION_OBSERVATION,,UNAVAILABLE
VBT,,,,,,,,,,,,,,,,,,,,NOT_AVAILABLE,,,UPCOM,,,,,,,,,,,EXCHANGE_STOCK_LIST_CANDIDATE_NOT_COMMON_EQUITY_PROVEN,UPCOM,hnx_official_equity_universe/v1,,OFFICIAL_CURRENT_STOCK_LIST_CANDIDATE,,false,,UNAVAILABLE_NO_EXACT_SESSION_OBSERVATION,,UNAVAILABLE
VC1,2026-10-01,11.8,-0.09923664122137399,,,,,,,,,,,,,,,,,BELOW_MA20_MOMENTUM_NEGATIVE,,2026-10-01T16:19:50.765598+07:00,DELISTED,,,,,,,,2026-10-01,2026-10-01,0,EXCHANGE_STOCK_LIST_CANDIDATE_NOT_COMMON_EQUITY_PROVEN,HNX_LISTED,hnx_official_equity_universe/v1,,OFFICIAL_CURRENT_STOCK_LIST_CANDIDATE,,true,,EXACT_SESSION_RETAINED,CURRENT_DESCRIPTIVE_DNSE_REST_ADJUSTED_RETROSPECTIVE_RAW_AS_TRADED_NOT_PROMOTED,DIRECT_CANONICAL_MAPPING
VC2,2026-10-01,3,0.034482758620689724,,,,,,,,,,,,,,,,,BELOW_MA20_MOMENTUM_NEGATIVE,,2026-10-01T16:19:50.765598+07:00,DELISTED,,,,,,,,2026-10-01,2026-10-01,0,EXCHANGE_STOCK_LIST_CANDIDATE_NOT_COMMON_EQUITY_PROVEN,HNX_LISTED,hnx_official_equity_universe/v1,,OFFICIAL_CURRENT_STOCK_LIST_CANDIDATE,,true,,EXACT_SESSION_RETAINED,CURRENT_DESCRIPTIVE_DNSE_REST_ADJUSTED_RETROSPECTIVE_RAW_AS_TRADED_NOT_PROMOTED,DIRECT_CANONICAL_MAPPING
VC3,2026-10-01,23.5,0.004273504273504258,,,,,,,,,,,,,,,,,NEAR_MA20_NEUTRAL,,2026-10-01T16:19:50.765598+07:00,DELISTED,,,,,,,,2026-10-01,2026-10-01,0,EXCHANGE_STOCK_LIST_CANDIDATE_NOT_COMMON_EQUITY_PROVEN,HNX_LISTED,hnx_official_equity_universe/v1,,OFFICIAL_CURRENT_STOCK_LIST_CANDIDATE,,true,,EXACT_SESSION_RETAINED,CURRENT_DESCRIPTIVE_DNSE_REST_ADJUSTED_RETROSPECTIVE_RAW_AS_TRADED_NOT_PROMOTED,DIRECT_CANONICAL_MAPPING
VC5,,,,,,,,,,,,,,,,,,,,NOT_AVAILABLE,,,DELISTED,,,,,,,,,,,INSTRUMENT_CLASS_UNRESOLVED,DELISTED,,,STOCKLOOKUP_ONLY_UNRESOLVED,,false,,UNAVAILABLE_NO_EXACT_SESSION_OBSERVATION,,UNAVAILABLE
VC6,2026-10-01,17.8,-0.05820105820105814,,,,,,,,,,,,,,,,,BELOW_MA20_MOMENTUM_NEGATIVE,,2026-10-01T16:19:50.765598+07:00,DELISTED,,,,,,,,2026-10-01,2026-10-01,0,EXCHANGE_STOCK_LIST_CANDIDATE_NOT_COMMON_EQUITY_PROVEN,HNX_LISTED,hnx_official_equity_universe/v1,,OFFICIAL_CURRENT_STOCK_LIST_CANDIDATE,,true,,EXACT_SESSION_RETAINED,CURRENT_DESCRIPTIVE_DNSE_REST_ADJUSTED_RETROSPECTIVE_RAW_AS_TRADED_NOT_PROMOTED,DIRECT_CANONICAL_MAPPING
VC7,2026-10-01,6.3,-0.03076923076923077,,,,,,,,,,,,,,,,,BELOW_MA20_MOMENTUM_NEGATIVE,,2026-10-01T16:19:50.765598+07:00,DELISTED,,,,,,,,2026-10-01,2026-10-01,0,EXCHANGE_STOCK_LIST_CANDIDATE_NOT_COMMON_EQUITY_PROVEN,HNX_LISTED,hnx_official_equity_universe/v1,,OFFICIAL_CURRENT_STOCK_LIST_CANDIDATE,,true,,EXACT_SESSION_RETAINED,CURRENT_DESCRIPTIVE_DNSE_REST_ADJUSTED_RETROSPECTIVE_RAW_AS_TRADED_NOT_PROMOTED,DIRECT_CANONICAL_MAPPING
VC9,2026-10-01,4.3,0.0,,,,,,,,,,,,,,,,,NEAR_MA20_NEUTRAL,,2026-10-01T16:19:50.765598+07:00,DELISTED,,,,,,,,2026-10-01,2026-10-01,0,EXCHANGE_STOCK_LIST_CANDIDATE_NOT_COMMON_EQUITY_PROVEN,HNX_LISTED,hnx_official_equity_universe/v1,,OFFICIAL_CURRENT_STOCK_LIST_CANDIDATE,,true,,EXACT_SESSION_RETAINED,CURRENT_DESCRIPTIVE_DNSE_REST_ADJUSTED_RETROSPECTIVE_RAW_AS_TRADED_NOT_PROMOTED,DIRECT_CANONICAL_MAPPING
VCA,2026-10-01,6.6,-0.0060240963855421326,,,,,,,,,,,,,,,,,NEAR_MA20_NEUTRAL,,2026-10-01T16:19:50.765598+07:00,HSX,,,,,,,,2026-10-01,2026-10-01,0,OFFICIAL_STOCK_MASTER_SECURITY_TYPE_NOT_COMMON_EQUITY_PROVEN,HOSE,hose_public_stock_master/v1,,OFFICIAL_CURRENT_EXCHANGE_SECURITY,,true,,EXACT_SESSION_RETAINED,CURRENT_DESCRIPTIVE_DNSE_REST_ADJUSTED_RETROSPECTIVE_RAW_AS_TRADED_NOT_PROMOTED,DIRECT_CANONICAL_MAPPING
VCB,2026-10-01,57.6,-0.006896551724137945,,,,,,,,,,,,,,,,,NEAR_MA20_NEUTRAL,,2026-10-01T16:19:50.765598+07:00,HSX,bank,,,,,,,2026-10-01,2026-10-01,0,OFFICIAL_STOCK_MASTER_SECURITY_TYPE_NOT_COMMON_EQUITY_PROVEN,HOSE,hose_public_stock_master/v1,,OFFICIAL_CURRENT_EXCHANGE_SECURITY,,true,,EXACT_SESSION_RETAINED,CURRENT_DESCRIPTIVE_DNSE_REST_ADJUSTED_RETROSPECTIVE_RAW_AS_TRADED_NOT_PROMOTED,DIRECT_CANONICAL_MAPPING
VCC,2026-10-01,9.2,-0.010752688172043112,,,,,,,,,,,,,,,,,ABOVE_MA20_MOMENTUM_POSITIVE,,2026-10-01T16:19:50.765598+07:00,DELISTED,,,,,,,,2026-10-01,2026-10-01,0,EXCHANGE_STOCK_LIST_CANDIDATE_NOT_COMMON_EQUITY_PROVEN,HNX_LISTED,hnx_official_equity_universe/v1,,OFFICIAL_CURRENT_STOCK_LIST_CANDIDATE,,true,,EXACT_SESSION_RETAINED,CURRENT_DESCRIPTIVE_DNSE_REST_ADJUSTED_RETROSPECTIVE_RAW_AS_TRADED_NOT_PROMOTED,DIRECT_CANONICAL_MAPPING
VCE,,,,,,,,,,,,,,,,,,,,NOT_AVAILABLE,,,UPCOM,,,,,,,,,,,EXCHANGE_STOCK_LIST_CANDIDATE_NOT_COMMON_EQUITY_PROVEN,UPCOM,hnx_official_equity_universe/v1,,OFFICIAL_CURRENT_STOCK_LIST_CANDIDATE,,false,,UNAVAILABLE_NO_EXACT_SESSION_OBSERVATION,,UNAVAILABLE
VCF,2026-10-01,287.1,0.0,,,,,,,,,,,,,,,,,NEAR_MA20_NEUTRAL,,2026-10-01T16:19:50.765598+07:00,HSX,,,,,,,,2026-10-01,2026-10-01,0,OFFICIAL_STOCK_MASTER_SECURITY_TYPE_NOT_COMMON_EQUITY_PROVEN,HOSE,hose_public_stock_master/v1,,OFFICIAL_CURRENT_EXCHANGE_SECURITY,,true,,EXACT_SESSION_RETAINED,CURRENT_DESCRIPTIVE_DNSE_REST_ADJUSTED_RETROSPECTIVE_RAW_AS_TRADED_NOT_PROMOTED,DIRECT_CANONICAL_MAPPING
VCG,2026-10-01,13.65,0.0,,,,,,,,,,,,,,,,,BELOW_MA20_MOMENTUM_NEGATIVE,,2026-10-01T16:19:50.765598+07:00,HSX,,,,,,,,2026-10-01,2026-10-01,0,OFFICIAL_STOCK_MASTER_SECURITY_TYPE_NOT_COMMON_EQUITY_PROVEN,HOSE,hose_public_stock_master/v1,,OFFICIAL_CURRENT_EXCHANGE_SECURITY,,true,,EXACT_SESSION_RETAINED,CURRENT_DESCRIPTIVE_DNSE_REST_ADJUSTED_RETROSPECTIVE_RAW_AS_TRADED_NOT_PROMOTED,DIRECT_CANONICAL_MAPPING
VCI,2026-10-01,19.5,0.007751937984496138,,,,,,,,,,,,,,,,,BELOW_MA20_MOMENTUM_NEGATIVE,,2026-10-01T16:19:50.765598+07:00,HSX,,,,,,,,2026-10-01,2026-10-01,0,OFFICIAL_STOCK_MASTER_SECURITY_TYPE_NOT_COMMON_EQUITY_PROVEN,HOSE,hose_public_stock_master/v1,,OFFICIAL_CURRENT_EXCHANGE_SECURITY,,true,,EXACT_SESSION_RETAINED,CURRENT_DESCRIPTIVE_DNSE_REST_ADJUSTED_RETROSPECTIVE_RAW_AS_TRADED_NOT_PROMOTED,DIRECT_CANONICAL_MAPPING
VCK,2026-10-01,27.85,-0.003577817531305816,,,,,,,,,,,,,,,,,BELOW_MA20_MOMENTUM_NEGATIVE,,2026-10-01T16:19:50.765598+07:00,HSX,,,,,,,,2026-10-01,2026-10-01,0,OFFICIAL_STOCK_MASTER_SECURITY_TYPE_NOT_COMMON_EQUITY_PROVEN,HOSE,hose_public_stock_master/v1,,OFFICIAL_CURRENT_EXCHANGE_SECURITY,,true,,EXACT_SESSION_RETAINED,CURRENT_DESCRIPTIVE_DNSE_REST_ADJUSTED_RETROSPECTIVE_RAW_AS_TRADED_NOT_PROMOTED,DIRECT_CANONICAL_MAPPING
VCM,2026-10-01,7,0.09375,,,,,,,,,,,,,,,,,ABOVE_MA20_MOMENTUM_POSITIVE,,2026-10-01T16:19:50.765598+07:00,DELISTED,,,,,,,,2026-10-01,2026-10-01,0,EXCHANGE_STOCK_LIST_CANDIDATE_NOT_COMMON_EQUITY_PROVEN,HNX_LISTED,hnx_official_equity_universe/v1,,OFFICIAL_CURRENT_STOCK_LIST_CANDIDATE,,true,,EXACT_SESSION_RETAINED,CURRENT_DESCRIPTIVE_DNSE_REST_ADJUSTED_RETROSPECTIVE_RAW_AS_TRADED_NOT_PROMOTED,DIRECT_CANONICAL_MAPPING
VCP,2026-10-01,23.2,0.0,,,,,,,,,,,,,,,,,NEAR_MA20_NEUTRAL,,2026-10-01T16:19:50.765598+07:00,UPCOM,,,,,,,,2026-10-01,2026-10-01,0,EXCHANGE_STOCK_LIST_CANDIDATE_NOT_COMMON_EQUITY_PROVEN,UPCOM,hnx_official_equity_universe/v1,,OFFICIAL_CURRENT_STOCK_LIST_CANDIDATE,,true,,EXACT_SESSION_RETAINED,CURRENT_DESCRIPTIVE_DNSE_REST_ADJUSTED_RETROSPECTIVE_RAW_AS_TRADED_NOT_PROMOTED,DIRECT_CANONICAL_MAPPING
VCR,2026-10-01,58,-0.06451612903225812,,,,,,,,,,,,,,,,,ABOVE_MA20_MOMENTUM_POSITIVE,,2026-10-01T16:19:50.765598+07:00,UPCOM,,,,,,,,2026-10-01,2026-10-01,0,EXCHANGE_STOCK_LIST_CANDIDATE_NOT_COMMON_EQUITY_PROVEN,UPCOM,hnx_official_equity_universe/v1,,OFFICIAL_CURRENT_STOCK_LIST_CANDIDATE,,true,,EXACT_SESSION_RETAINED,CURRENT_DESCRIPTIVE_DNSE_REST_ADJUSTED_RETROSPECTIVE_RAW_AS_TRADED_NOT_PROMOTED,DIRECT_CANONICAL_MAPPING
VCS,2026-10-01,30.3,-0.003289473684210509,,,,,,,,,,,,,,,,,BELOW_MA20_MOMENTUM_NEGATIVE,,2026-10-01T16:19:50.765598+07:00,DELISTED,,,,,,,,2026-10-01,2026-10-01,0,EXCHANGE_STOCK_LIST_CANDIDATE_NOT_COMMON_EQUITY_PROVEN,HNX_LISTED,hnx_official_equity_universe/v1,,OFFICIAL_CURRENT_STOCK_LIST_CANDIDATE,,true,,EXACT_SESSION_RETAINED,CURRENT_DESCRIPTIVE_DNSE_REST_ADJUSTED_RETROSPECTIVE_RAW_AS_TRADED_NOT_PROMOTED,DIRECT_CANONICAL_MAPPING
VCT,,,,,,,,,,,,,,,,,,,,NOT_AVAILABLE,,,UPCOM,,,,,,,,,,,EXCHANGE_STOCK_LIST_CANDIDATE_NOT_COMMON_EQUITY_PROVEN,UPCOM,hnx_official_equity_universe/v1,,OFFICIAL_CURRENT_STOCK_LIST_CANDIDATE,,false,,UNAVAILABLE_NO_EXACT_SESSION_OBSERVATION,,UNAVAILABLE
VCW,,,,,,,,,,,,,,,,,,,,NOT_AVAILABLE,,,DELISTED,,,,,,,,,,,INSTRUMENT_CLASS_UNRESOLVED,DELISTED,,,STOCKLOOKUP_ONLY_UNRESOLVED,,false,,UNAVAILABLE_NO_EXACT_SESSION_OBSERVATION,,UNAVAILABLE
VCX,,,,,,,,,,,,,,,,,,,,NOT_AVAILABLE,,,UPCOM,,,,,,,,,,,EXCHANGE_STOCK_LIST_CANDIDATE_NOT_COMMON_EQUITY_PROVEN,UPCOM,hnx_official_equity_universe/v1,,OFFICIAL_CURRENT_STOCK_LIST_CANDIDATE,,false,,UNAVAILABLE_NO_EXACT_SESSION_OBSERVATION,,UNAVAILABLE
VDG,,,,,,,,,,,,,,,,,,,,NOT_AVAILABLE,,,UPCOM,,,,,,,,,,,EXCHANGE_STOCK_LIST_CANDIDATE_NOT_COMMON_EQUITY_PROVEN,UPCOM,hnx_official_equity_universe/v1,,OFFICIAL_CURRENT_STOCK_LIST_CANDIDATE,,false,,UNAVAILABLE_NO_EXACT_SESSION_OBSERVATION,,UNAVAILABLE
VDL,,,,,,,,,,,,,,,,,,,,NOT_AVAILABLE,,,DELISTED,,,,,,,,,,,EXCHANGE_STOCK_LIST_CANDIDATE_NOT_COMMON_EQUITY_PROVEN,HNX_LISTED,hnx_official_equity_universe/v1,,OFFICIAL_CURRENT_STOCK_LIST_CANDIDATE,,false,,UNAVAILABLE_NO_EXACT_SESSION_OBSERVATION,,UNAVAILABLE
VDN,,,,,,,,,,,,,,,,,,,,NOT_AVAILABLE,,,UPCOM,,,,,,,,,,,EXCHANGE_STOCK_LIST_CANDIDATE_NOT_COMMON_EQUITY_PROVEN,UPCOM,hnx_official_equity_universe/v1,,OFFICIAL_CURRENT_STOCK_LIST_CANDIDATE,,false,,UNAVAILABLE_NO_EXACT_SESSION_OBSERVATION,,UNAVAILABLE
VDP,,,,,,,,,,,,,,,,,,,,NOT_AVAILABLE,,,HSX,,,,,,,,,,,OFFICIAL_STOCK_MASTER_SECURITY_TYPE_NOT_COMMON_EQUITY_PROVEN,HOSE,hose_public_stock_master/v1,,OFFICIAL_CURRENT_EXCHANGE_SECURITY,,false,,UNAVAILABLE_NO_EXACT_SESSION_OBSERVATION,,UNAVAILABLE
VDS,2026-10-01,9.85,-0.0030364372469636747,,,,,,,,,,,,,,,,,BELOW_MA20_MOMENTUM_NEGATIVE,,2026-10-01T16:19:50.765598+07:00,HSX,,,,,,,,2026-10-01,2026-10-01,0,OFFICIAL_STOCK_MASTER_SECURITY_TYPE_NOT_COMMON_EQUITY_PROVEN,HOSE,hose_public_stock_master/v1,,OFFICIAL_CURRENT_EXCHANGE_SECURITY,,true,,EXACT_SESSION_RETAINED,CURRENT_DESCRIPTIVE_DNSE_REST_ADJUSTED_RETROSPECTIVE_RAW_AS_TRADED_NOT_PROMOTED,DIRECT_CANONICAL_MAPPING
VDT,,,,,,,,,,,,,,,,,,,,NOT_AVAILABLE,,,UPCOM,,,,,,,,,,,EXCHANGE_STOCK_LIST_CANDIDATE_NOT_COMMON_EQUITY_PROVEN,UPCOM,hnx_official_equity_universe/v1,,OFFICIAL_CURRENT_STOCK_LIST_CANDIDATE,,false,,UNAVAILABLE_NO_EXACT_SESSION_OBSERVATION,,UNAVAILABLE
VE1,2026-10-01,2.7,0.0,,,,,,,,,,,,,,,,,BELOW_MA20_MOMENTUM_NEGATIVE,,2026-10-01T16:19:50.765598+07:00,DELISTED,,,,,,,,2026-10-01,2026-10-01,0,EXCHANGE_STOCK_LIST_CANDIDATE_NOT_COMMON_EQUITY_PROVEN,HNX_LISTED,hnx_official_equity_universe/v1,,OFFICIAL_CURRENT_STOCK_LIST_CANDIDATE,,true,,EXACT_SESSION_RETAINED,CURRENT_DESCRIPTIVE_DNSE_REST_ADJUSTED_RETROSPECTIVE_RAW_AS_TRADED_NOT_PROMOTED,DIRECT_CANONICAL_MAPPING
VE2,,,,,,,,,,,,,,,,,,,,NOT_AVAILABLE,,,DELISTED,,,,,,,,,,,INSTRUMENT_CLASS_UNRESOLVED,DELISTED,,,STOCKLOOKUP_ONLY_UNRESOLVED,,false,,UNAVAILABLE_NO_EXACT_SESSION_OBSERVATION,,UNAVAILABLE
VE3,,,,,,,,,,,,,,,,,,,,NOT_AVAILABLE,,,DELISTED,,,,,,,,,,,EXCHANGE_STOCK_LIST_CANDIDATE_NOT_COMMON_EQUITY_PROVEN,HNX_LISTED,hnx_official_equity_universe/v1,,OFFICIAL_CURRENT_STOCK_LIST_CANDIDATE,,false,,UNAVAILABLE_NO_EXACT_SESSION_OBSERVATION,,UNAVAILABLE
VE4,,,,,,,,,,,,,,,,,,,,NOT_AVAILABLE,,,DELISTED,,,,,,,,,,,EXCHANGE_STOCK_LIST_CANDIDATE_NOT_COMMON_EQUITY_PROVEN,HNX_LISTED,hnx_official_equity_universe/v1,,OFFICIAL_CURRENT_STOCK_LIST_CANDIDATE,,false,,UNAVAILABLE_NO_EXACT_SESSION_OBSERVATION,,UNAVAILABLE
VE8,,,,,,,,,,,,,,,,,,,,NOT_AVAILABLE,,,UPCOM,,,,,,,,,,,EXCHANGE_STOCK_LIST_CANDIDATE_NOT_COMMON_EQUITY_PROVEN,UPCOM,hnx_official_equity_universe/v1,,OFFICIAL_CURRENT_STOCK_LIST_CANDIDATE,,false,,UNAVAILABLE_NO_EXACT_SESSION_OBSERVATION,,UNAVAILABLE
VE9,2026-10-01,2.5,0.0,,,,,,,,,,,,,,,,,BELOW_MA20_MOMENTUM_NEGATIVE,,2026-10-01T16:19:50.765598+07:00,UPCOM,,,,,,,,2026-10-01,2026-10-01,0,EXCHANGE_STOCK_LIST_CANDIDATE_NOT_COMMON_EQUITY_PROVEN,UPCOM,hnx_official_equity_universe/v1,,OFFICIAL_CURRENT_STOCK_LIST_CANDIDATE,,true,,EXACT_SESSION_RETAINED,CURRENT_DESCRIPTIVE_DNSE_REST_ADJUSTED_RETROSPECTIVE_RAW_AS_TRADED_NOT_PROMOTED,DIRECT_CANONICAL_MAPPING
VEA,2026-10-01,37.6,0.016216216216216273,,,,,,,,,,,,,,,,,ABOVE_MA20_MOMENTUM_POSITIVE,,2026-10-01T16:19:50.765598+07:00,UPCOM,,,,,,,,2026-10-01,2026-10-01,0,EXCHANGE_STOCK_LIST_CANDIDATE_NOT_COMMON_EQUITY_PROVEN,UPCOM,hnx_official_equity_universe/v1,,OFFICIAL_CURRENT_STOCK_LIST_CANDIDATE,,true,,EXACT_SESSION_RETAINED,CURRENT_DESCRIPTIVE_DNSE_REST_ADJUSTED_RETROSPECTIVE_RAW_AS_TRADED_NOT_PROMOTED,DIRECT_CANONICAL_MAPPING
VEC,2026-10-01,30,-0.019607843137254943,,,,,,,,,,,,,,,,,NEAR_MA20_NEUTRAL,,2026-10-01T16:19:50.765598+07:00,UPCOM,,,,,,,,2026-10-01,2026-10-01,0,EXCHANGE_STOCK_LIST_CANDIDATE_NOT_COMMON_EQUITY_PROVEN,UPCOM,hnx_official_equity_universe/v1,,OFFICIAL_CURRENT_STOCK_LIST_CANDIDATE,,true,,EXACT_SESSION_RETAINED,CURRENT_DESCRIPTIVE_DNSE_REST_ADJUSTED_RETROSPECTIVE_RAW_AS_TRADED_NOT_PROMOTED,DIRECT_CANONICAL_MAPPING
VEF,2026-10-01,80.5,-0.004944375772558796,,,,,,,,,,,,,,,,,NEAR_MA20_NEUTRAL,,2026-10-01T16:19:50.765598+07:00,UPCOM,,,,,,,,2026-10-01,2026-10-01,0,EXCHANGE_STOCK_LIST_CANDIDATE_NOT_COMMON_EQUITY_PROVEN,UPCOM,hnx_official_equity_universe/v1,,OFFICIAL_CURRENT_STOCK_LIST_CANDIDATE,,true,,EXACT_SESSION_RETAINED,CURRENT_DESCRIPTIVE_DNSE_REST_ADJUSTED_RETROSPECTIVE_RAW_AS_TRADED_NOT_PROMOTED,DIRECT_CANONICAL_MAPPING
VES,2026-10-01,25.1,0.14611872146118743,,,,,,,,,,,,,,,,,NEAR_MA20_NEUTRAL,,2026-10-01T16:19:50.765598+07:00,UPCOM,,,,,,,,2026-10-01,2026-10-01,0,EXCHANGE_STOCK_LIST_CANDIDATE_NOT_COMMON_EQUITY_PROVEN,UPCOM,hnx_official_equity_universe/v1,,OFFICIAL_CURRENT_STOCK_LIST_CANDIDATE,,true,,EXACT_SESSION_RETAINED,CURRENT_DESCRIPTIVE_DNSE_REST_ADJUSTED_RETROSPECTIVE_RAW_AS_TRADED_NOT_PROMOTED,DIRECT_CANONICAL_MAPPING
VET,,,,,,,,,,,,,,,,,,,,NOT_AVAILABLE,,,UPCOM,,,,,,,,,,,EXCHANGE_STOCK_LIST_CANDIDATE_NOT_COMMON_EQUITY_PROVEN,UPCOM,hnx_official_equity_universe/v1,,OFFICIAL_CURRENT_STOCK_LIST_CANDIDATE,,false,,UNAVAILABLE_NO_EXACT_SESSION_OBSERVATION,,UNAVAILABLE
VFC,,,,,,,,,,,,,,,,,,,,NOT_AVAILABLE,,,UPCOM,,,,,,,,,,,EXCHANGE_STOCK_LIST_CANDIDATE_NOT_COMMON_EQUITY_PROVEN,UPCOM,hnx_official_equity_universe/v1,,OFFICIAL_CURRENT_STOCK_LIST_CANDIDATE,,false,,UNAVAILABLE_NO_EXACT_SESSION_OBSERVATION,,UNAVAILABLE
VFG,2026-10-01,42.9,0.01538461538461533,,,,,,,,,,,,,,,,,NEAR_MA20_NEUTRAL,,2026-10-01T16:19:50.765598+07:00,HSX,,,,,,,,2026-10-01,2026-10-01,0,OFFICIAL_STOCK_MASTER_SECURITY_TYPE_NOT_COMMON_EQUITY_PROVEN,HOSE,hose_public_stock_master/v1,,OFFICIAL_CURRENT_EXCHANGE_SECURITY,,true,,EXACT_SESSION_RETAINED,CURRENT_DESCRIPTIVE_DNSE_REST_ADJUSTED_RETROSPECTIVE_RAW_AS_TRADED_NOT_PROMOTED,DIRECT_CANONICAL_MAPPING
VFR,,,,,,,,,,,,,,,,,,,,NOT_AVAILABLE,,,UPCOM,,,,,,,,,,,EXCHANGE_STOCK_LIST_CANDIDATE_NOT_COMMON_EQUITY_PROVEN,UPCOM,hnx_official_equity_universe/v1,,OFFICIAL_CURRENT_STOCK_LIST_CANDIDATE,,false,,UNAVAILABLE_NO_EXACT_SESSION_OBSERVATION,,UNAVAILABLE
VFS,2026-10-01,9.9,0.0,,,,,,,,,,,,,,,,,BELOW_MA20_MOMENTUM_NEGATIVE,,2026-10-01T16:19:50.765598+07:00,DELISTED,,,,,,,,2026-10-01,2026-10-01,0,EXCHANGE_STOCK_LIST_CANDIDATE_NOT_COMMON_EQUITY_PROVEN,HNX_LISTED,hnx_official_equity_universe/v1,,OFFICIAL_CURRENT_STOCK_LIST_CANDIDATE,,true,,EXACT_SESSION_RETAINED,CURRENT_DESCRIPTIVE_DNSE_REST_ADJUSTED_RETROSPECTIVE_RAW_AS_TRADED_NOT_PROMOTED,DIRECT_CANONICAL_MAPPING
VGC,2026-10-01,44.5,-0.011111111111111072,,,,,,,,,,,,,,,,,ABOVE_MA20_MOMENTUM_POSITIVE,,2026-10-01T16:19:50.765598+07:00,HSX,,,,,,,,2026-10-01,2026-10-01,0,OFFICIAL_STOCK_MASTER_SECURITY_TYPE_NOT_COMMON_EQUITY_PROVEN,HOSE,hose_public_stock_master/v1,,OFFICIAL_CURRENT_EXCHANGE_SECURITY,,true,,EXACT_SESSION_RETAINED,CURRENT_DESCRIPTIVE_DNSE_REST_ADJUSTED_RETROSPECTIVE_RAW_AS_TRADED_NOT_PROMOTED,DIRECT_CANONICAL_MAPPING
VGG,,,,,,,,,,,,,,,,,,,,NOT_AVAILABLE,,,UPCOM,,,,,,,,,,,EXCHANGE_STOCK_LIST_CANDIDATE_NOT_COMMON_EQUITY_PROVEN,UPCOM,hnx_official_equity_universe/v1,,OFFICIAL_CURRENT_STOCK_LIST_CANDIDATE,,false,,UNAVAILABLE_NO_EXACT_SESSION_OBSERVATION,,UNAVAILABLE
VGI,2026-10-01,80.6,0.0037359900373599153,,,,,,,,,,,,,,,,,NEAR_MA20_NEUTRAL,,2026-10-01T16:19:50.765598+07:00,UPCOM,,,,,,,,2026-10-01,2026-10-01,0,EXCHANGE_STOCK_LIST_CANDIDATE_NOT_COMMON_EQUITY_PROVEN,UPCOM,hnx_official_equity_universe/v1,,OFFICIAL_CURRENT_STOCK_LIST_CANDIDATE,,true,,EXACT_SESSION_RETAINED,CURRENT_DESCRIPTIVE_DNSE_REST_ADJUSTED_RETROSPECTIVE_RAW_AS_TRADED_NOT_PROMOTED,DIRECT_CANONICAL_MAPPING
VGL,,,,,,,,,,,,,,,,,,,,NOT_AVAILABLE,,,UPCOM,,,,,,,,,,,EXCHANGE_STOCK_LIST_CANDIDATE_NOT_COMMON_EQUITY_PROVEN,UPCOM,hnx_official_equity_universe/v1,,OFFICIAL_CURRENT_STOCK_LIST_CANDIDATE,,false,,UNAVAILABLE_NO_EXACT_SESSION_OBSERVATION,,UNAVAILABLE
VGP,2026-10-01,28,-0.007092198581560294,,,,,,,,,,,,,,,,,NEAR_MA20_NEUTRAL,,2026-10-01T16:19:50.765598+07:00,DELISTED,,,,,,,,2026-10-01,2026-10-01,0,EXCHANGE_STOCK_LIST_CANDIDATE_NOT_COMMON_EQUITY_PROVEN,HNX_LISTED,hnx_official_equity_universe/v1,,OFFICIAL_CURRENT_STOCK_LIST_CANDIDATE,,true,,EXACT_SESSION_RETAINED,CURRENT_DESCRIPTIVE_DNSE_REST_ADJUSTED_RETROSPECTIVE_RAW_AS_TRADED_NOT_PROMOTED,DIRECT_CANONICAL_MAPPING
VGR,2026-10-01,147.6,-0.24462640736949848,,,,,,,,,,,,,,,,,ABOVE_MA20_MOMENTUM_POSITIVE,,2026-10-01T16:19:50.765598+07:00,UPCOM,,,,,,,,2026-10-01,2026-10-01,0,EXCHANGE_STOCK_LIST_CANDIDATE_NOT_COMMON_EQUITY_PROVEN,UPCOM,hnx_official_equity_universe/v1,,OFFICIAL_CURRENT_STOCK_LIST_CANDIDATE,,true,,EXACT_SESSION_RETAINED,CURRENT_DESCRIPTIVE_DNSE_REST_ADJUSTED_RETROSPECTIVE_RAW_AS_TRADED_NOT_PROMOTED,DIRECT_CANONICAL_MAPPING
VGS,2026-10-01,14.3,-0.00694444444444442,,,,,,,,,,,,,,,,,BELOW_MA20_MOMENTUM_NEGATIVE,,2026-10-01T16:19:50.765598+07:00,DELISTED,,,,,,,,2026-10-01,2026-10-01,0,EXCHANGE_STOCK_LIST_CANDIDATE_NOT_COMMON_EQUITY_PROVEN,HNX_LISTED,hnx_official_equity_universe/v1,,OFFICIAL_CURRENT_STOCK_LIST_CANDIDATE,,true,,EXACT_SESSION_RETAINED,CURRENT_DESCRIPTIVE_DNSE_REST_ADJUSTED_RETROSPECTIVE_RAW_AS_TRADED_NOT_PROMOTED,DIRECT_CANONICAL_MAPPING
VGT,2026-10-01,11.3,0.008928571428571619,,,,,,,,,,,,,,,,,ABOVE_MA20_MOMENTUM_NEGATIVE,,2026-10-01T16:19:50.765598+07:00,UPCOM,,,,,,,,2026-10-01,2026-10-01,0,EXCHANGE_STOCK_LIST_CANDIDATE_NOT_COMMON_EQUITY_PROVEN,UPCOM,hnx_official_equity_universe/v1,,OFFICIAL_CURRENT_STOCK_LIST_CANDIDATE,,true,,EXACT_SESSION_RETAINED,CURRENT_DESCRIPTIVE_DNSE_REST_ADJUSTED_RETROSPECTIVE_RAW_AS_TRADED_NOT_PROMOTED,DIRECT_CANONICAL_MAPPING
VGV,2026-10-01,53.9,-0.09563758389261745,,,,,,,,,,,,,,,,,ABOVE_MA20_MOMENTUM_POSITIVE,,2026-10-01T16:19:50.765598+07:00,UPCOM,,,,,,,,2026-10-01,2026-10-01,0,EXCHANGE_STOCK_LIST_CANDIDATE_NOT_COMMON_EQUITY_PROVEN,UPCOM,hnx_official_equity_universe/v1,,OFFICIAL_CURRENT_STOCK_LIST_CANDIDATE,,true,,EXACT_SESSION_RETAINED,CURRENT_DESCRIPTIVE_DNSE_REST_ADJUSTED_RETROSPECTIVE_RAW_AS_TRADED_NOT_PROMOTED,DIRECT_CANONICAL_MAPPING
VHC,2026-10-01,49.9,0.028865979381443196,,,,,,,,,,,,,,,,,NEAR_MA20_NEUTRAL,,2026-10-01T16:19:50.765598+07:00,HSX,,,,,,,,2026-10-01,2026-10-01,0,OFFICIAL_STOCK_MASTER_SECURITY_TYPE_NOT_COMMON_EQUITY_PROVEN,HOSE,hose_public_stock_master/v1,,OFFICIAL_CURRENT_EXCHANGE_SECURITY,,true,,EXACT_SESSION_RETAINED,CURRENT_DESCRIPTIVE_DNSE_REST_ADJUSTED_RETROSPECTIVE_RAW_AS_TRADED_NOT_PROMOTED,DIRECT_CANONICAL_MAPPING
VHD,,,,,,,,,,,,,,,,,,,,NOT_AVAILABLE,,,UPCOM,,,,,,,,,,,EXCHANGE_STOCK_LIST_CANDIDATE_NOT_COMMON_EQUITY_PROVEN,UPCOM,hnx_official_equity_universe/v1,,OFFICIAL_CURRENT_STOCK_LIST_CANDIDATE,,false,,UNAVAILABLE_NO_EXACT_SESSION_OBSERVATION,,UNAVAILABLE
VHE,2026-10-01,2.8,0.03703703703703698,,,,,,,,,,,,,,,,,BELOW_MA20_MOMENTUM_NEGATIVE,,2026-10-01T16:19:50.765598+07:00,DELISTED,,,,,,,,2026-10-01,2026-10-01,0,EXCHANGE_STOCK_LIST_CANDIDATE_NOT_COMMON_EQUITY_PROVEN,HNX_LISTED,hnx_official_equity_universe/v1,,OFFICIAL_CURRENT_STOCK_LIST_CANDIDATE,,true,,EXACT_SESSION_RETAINED,CURRENT_DESCRIPTIVE_DNSE_REST_ADJUSTED_RETROSPECTIVE_RAW_AS_TRADED_NOT_PROMOTED,DIRECT_CANONICAL_MAPPING
VHF,,,,,,,,,,,,,,,,,,,,NOT_AVAILABLE,,,UPCOM,,,,,,,,,,,EXCHANGE_STOCK_LIST_CANDIDATE_NOT_COMMON_EQUITY_PROVEN,UPCOM,hnx_official_equity_universe/v1,,OFFICIAL_CURRENT_STOCK_LIST_CANDIDATE,,false,,UNAVAILABLE_NO_EXACT_SESSION_OBSERVATION,,UNAVAILABLE
VHG,2026-10-01,1.6,0.0,,,,,,,,,,,,,,,,,NEAR_MA20_NEUTRAL,,2026-10-01T16:19:50.765598+07:00,UPCOM,,,,,,,,2026-10-01,2026-10-01,0,EXCHANGE_STOCK_LIST_CANDIDATE_NOT_COMMON_EQUITY_PROVEN,UPCOM,hnx_official_equity_universe/v1,,OFFICIAL_CURRENT_STOCK_LIST_CANDIDATE,,true,,EXACT_SESSION_RETAINED,CURRENT_DESCRIPTIVE_DNSE_REST_ADJUSTED_RETROSPECTIVE_RAW_AS_TRADED_NOT_PROMOTED,DIRECT_CANONICAL_MAPPING
VHH,,,,,,,,,,,,,,,,,,,,NOT_AVAILABLE,,,UPCOM,,,,,,,,,,,EXCHANGE_STOCK_LIST_CANDIDATE_NOT_COMMON_EQUITY_PROVEN,UPCOM,hnx_official_equity_universe/v1,,OFFICIAL_CURRENT_STOCK_LIST_CANDIDATE,,false,,UNAVAILABLE_NO_EXACT_SESSION_OBSERVATION,,UNAVAILABLE
VHL,2026-10-01,10.6,-0.036363636363636376,,,,,,,,,,,,,,,,,BELOW_MA20_MOMENTUM_NEGATIVE,,2026-10-01T16:19:50.765598+07:00,DELISTED,,,,,,,,2026-10-01,2026-10-01,0,EXCHANGE_STOCK_LIST_CANDIDATE_NOT_COMMON_EQUITY_PROVEN,HNX_LISTED,hnx_official_equity_universe/v1,,OFFICIAL_CURRENT_STOCK_LIST_CANDIDATE,,true,,EXACT_SESSION_RETAINED,CURRENT_DESCRIPTIVE_DNSE_REST_ADJUSTED_RETROSPECTIVE_RAW_AS_TRADED_NOT_PROMOTED,DIRECT_CANONICAL_MAPPING
VHM,2026-10-01,68.4,-0.0014598540145984717,,,,,,,,,,,,,,,,,BELOW_MA20_MOMENTUM_NEGATIVE,,2026-10-01T16:19:50.765598+07:00,HSX,,,,,,,,2026-10-01,2026-10-01,0,OFFICIAL_STOCK_MASTER_SECURITY_TYPE_NOT_COMMON_EQUITY_PROVEN,HOSE,hose_public_stock_master/v1,,OFFICIAL_CURRENT_EXCHANGE_SECURITY,,true,,EXACT_SESSION_RETAINED,CURRENT_DESCRIPTIVE_DNSE_REST_ADJUSTED_RETROSPECTIVE_RAW_AS_TRADED_NOT_PROMOTED,DIRECT_CANONICAL_MAPPING
VIB,2026-10-01,13.4,0.0037453183520599342,,,,,,,,,,,,,,,,,NEAR_MA20_NEUTRAL,,2026-10-01T16:19:50.765598+07:00,HSX,,,,,,,,2026-10-01,2026-10-01,0,OFFICIAL_STOCK_MASTER_SECURITY_TYPE_NOT_COMMON_EQUITY_PROVEN,HOSE,hose_public_stock_master/v1,,OFFICIAL_CURRENT_EXCHANGE_SECURITY,,true,,EXACT_SESSION_RETAINED,CURRENT_DESCRIPTIVE_DNSE_REST_ADJUSTED_RETROSPECTIVE_RAW_AS_TRADED_NOT_PROMOTED,DIRECT_CANONICAL_MAPPING
VIC,2026-10-01,220,-0.034664326458973216,,,,,,,,,,,,,,,,,BELOW_MA20_MOMENTUM_NEGATIVE,,2026-10-01T16:19:50.765598+07:00,HSX,corporate,,,,,,,2026-10-01,2026-10-01,0,OFFICIAL_STOCK_MASTER_SECURITY_TYPE_NOT_COMMON_EQUITY_PROVEN,HOSE,hose_public_stock_master/v1,,OFFICIAL_CURRENT_EXCHANGE_SECURITY,,true,,EXACT_SESSION_RETAINED,CURRENT_DESCRIPTIVE_DNSE_REST_ADJUSTED_RETROSPECTIVE_RAW_AS_TRADED_NOT_PROMOTED,DIRECT_CANONICAL_MAPPING
VID,,,,,,,,,,,,,,,,,,,,NOT_AVAILABLE,,,HSX,,,,,,,,,,,OFFICIAL_STOCK_MASTER_SECURITY_TYPE_NOT_COMMON_EQUITY_PROVEN,HOSE,hose_public_stock_master/v1,,OFFICIAL_CURRENT_EXCHANGE_SECURITY,,false,,UNAVAILABLE_NO_EXACT_SESSION_OBSERVATION,,UNAVAILABLE
VIE,,,,,,,,,,,,,,,,,,,,NOT_AVAILABLE,,,UPCOM,,,,,,,,,,,EXCHANGE_STOCK_LIST_CANDIDATE_NOT_COMMON_EQUITY_PROVEN,UPCOM,hnx_official_equity_universe/v1,,OFFICIAL_CURRENT_STOCK_LIST_CANDIDATE,,false,,UNAVAILABLE_NO_EXACT_SESSION_OBSERVATION,,UNAVAILABLE
VIF,2026-10-01,14.8,0.05714285714285716,,,,,,,,,,,,,,,,,NEAR_MA20_NEUTRAL,,2026-10-01T16:19:50.765598+07:00,DELISTED,,,,,,,,2026-10-01,2026-10-01,0,EXCHANGE_STOCK_LIST_CANDIDATE_NOT_COMMON_EQUITY_PROVEN,HNX_LISTED,hnx_official_equity_universe/v1,,OFFICIAL_CURRENT_STOCK_LIST_CANDIDATE,,true,,EXACT_SESSION_RETAINED,CURRENT_DESCRIPTIVE_DNSE_REST_ADJUSTED_RETROSPECTIVE_RAW_AS_TRADED_NOT_PROMOTED,DIRECT_CANONICAL_MAPPING
VIG,2026-10-01,3.8,0.0,,,,,,,,,,,,,,,,,BELOW_MA20_MOMENTUM_NEGATIVE,,2026-10-01T16:19:50.765598+07:00,DELISTED,,,,,,,,2026-10-01,2026-10-01,0,EXCHANGE_STOCK_LIST_CANDIDATE_NOT_COMMON_EQUITY_PROVEN,HNX_LISTED,hnx_official_equity_universe/v1,,OFFICIAL_CURRENT_STOCK_LIST_CANDIDATE,,true,,EXACT_SESSION_RETAINED,CURRENT_DESCRIPTIVE_DNSE_REST_ADJUSTED_RETROSPECTIVE_RAW_AS_TRADED_NOT_PROMOTED,DIRECT_CANONICAL_MAPPING
VIH,,,,,,,,,,,,,,,,,,,,NOT_AVAILABLE,,,DELISTED,,,,,,,,,,,INSTRUMENT_CLASS_UNRESOLVED,DELISTED,,,STOCKLOOKUP_ONLY_UNRESOLVED,,false,,UNAVAILABLE_NO_EXACT_SESSION_OBSERVATION,,UNAVAILABLE
VIM,,,,,,,,,,,,,,,,,,,,NOT_AVAILABLE,,,UPCOM,,,,,,,,,,,EXCHANGE_STOCK_LIST_CANDIDATE_NOT_COMMON_EQUITY_PROVEN,UPCOM,hnx_official_equity_universe/v1,,OFFICIAL_CURRENT_STOCK_LIST_CANDIDATE,,false,,UNAVAILABLE_NO_EXACT_SESSION_OBSERVATION,,UNAVAILABLE
VIN,,,,,,,,,,,,,,,,,,,,NOT_AVAILABLE,,,UPCOM,,,,,,,,,,,EXCHANGE_STOCK_LIST_CANDIDATE_NOT_COMMON_EQUITY_PROVEN,UPCOM,hnx_official_equity_universe/v1,,OFFICIAL_CURRENT_STOCK_LIST_CANDIDATE,,false,,UNAVAILABLE_NO_EXACT_SESSION_OBSERVATION,,UNAVAILABLE
VIP,2026-10-01,9.82,-0.006072874493927127,,,,,,,,,,,,,,,,,NEAR_MA20_NEUTRAL,,2026-10-01T16:19:50.765598+07:00,HSX,,,,,,,,2026-10-01,2026-10-01,0,OFFICIAL_STOCK_MASTER_SECURITY_TYPE_NOT_COMMON_EQUITY_PROVEN,HOSE,hose_public_stock_master/v1,,OFFICIAL_CURRENT_EXCHANGE_SECURITY,,true,,EXACT_SESSION_RETAINED,CURRENT_DESCRIPTIVE_DNSE_REST_ADJUSTED_RETROSPECTIVE_RAW_AS_TRADED_NOT_PROMOTED,DIRECT_CANONICAL_MAPPING
VIR,,,,,,,,,,,,,,,,,,,,NOT_AVAILABLE,,,UPCOM,,,,,,,,,,,EXCHANGE_STOCK_LIST_CANDIDATE_NOT_COMMON_EQUITY_PROVEN,UPCOM,hnx_official_equity_universe/v1,,OFFICIAL_CURRENT_STOCK_LIST_CANDIDATE,,false,,UNAVAILABLE_NO_EXACT_SESSION_OBSERVATION,,UNAVAILABLE
VIT,2026-10-01,24.2,0.004149377593360981,,,,,,,,,,,,,,,,,BELOW_MA20_MOMENTUM_POSITIVE,,2026-10-01T16:19:50.765598+07:00,DELISTED,,,,,,,,2026-10-01,2026-10-01,0,EXCHANGE_STOCK_LIST_CANDIDATE_NOT_COMMON_EQUITY_PROVEN,HNX_LISTED,hnx_official_equity_universe/v1,,OFFICIAL_CURRENT_STOCK_LIST_CANDIDATE,,true,,EXACT_SESSION_RETAINED,CURRENT_DESCRIPTIVE_DNSE_REST_ADJUSTED_RETROSPECTIVE_RAW_AS_TRADED_NOT_PROMOTED,DIRECT_CANONICAL_MAPPING
VIW,2026-10-01,20.9,0.004807692307692291,,,,,,,,,,,,,,,,,BELOW_MA20_MOMENTUM_NEGATIVE,,2026-10-01T16:19:50.765598+07:00,UPCOM,,,,,,,,2026-10-01,2026-10-01,0,EXCHANGE_STOCK_LIST_CANDIDATE_NOT_COMMON_EQUITY_PROVEN,UPCOM,hnx_official_equity_universe/v1,,OFFICIAL_CURRENT_STOCK_LIST_CANDIDATE,,true,,EXACT_SESSION_RETAINED,CURRENT_DESCRIPTIVE_DNSE_REST_ADJUSTED_RETROSPECTIVE_RAW_AS_TRADED_NOT_PROMOTED,DIRECT_CANONICAL_MAPPING
VIX,2026-10-01,12.15,-0.012195121951219523,,,,,,,,,,,,,,,,,BELOW_MA20_MOMENTUM_NEGATIVE,,2026-10-01T16:19:50.765598+07:00,HSX,,,,,,,,2026-10-01,2026-10-01,0,OFFICIAL_STOCK_MASTER_SECURITY_TYPE_NOT_COMMON_EQUITY_PROVEN,HOSE,hose_public_stock_master/v1,,OFFICIAL_CURRENT_EXCHANGE_SECURITY,,true,,EXACT_SESSION_RETAINED,CURRENT_DESCRIPTIVE_DNSE_REST_ADJUSTED_RETROSPECTIVE_RAW_AS_TRADED_NOT_PROMOTED,DIRECT_CANONICAL_MAPPING
VJC,2026-10-01,129.6,-0.018181818181818188,,,,,,,,,,,,,,,,,NEAR_MA20_NEUTRAL,,2026-10-01T16:19:50.765598+07:00,HSX,,,,,,,,2026-10-01,2026-10-01,0,OFFICIAL_STOCK_MASTER_SECURITY_TYPE_NOT_COMMON_EQUITY_PROVEN,HOSE,hose_public_stock_master/v1,,OFFICIAL_CURRENT_EXCHANGE_SECURITY,,true,,EXACT_SESSION_RETAINED,CURRENT_DESCRIPTIVE_DNSE_REST_ADJUSTED_RETROSPECTIVE_RAW_AS_TRADED_NOT_PROMOTED,DIRECT_CANONICAL_MAPPING
VKC,,,,,,,,,,,,,,,,,,,,NOT_AVAILABLE,,,UPCOM,,,,,,,,,,,EXCHANGE_STOCK_LIST_CANDIDATE_NOT_COMMON_EQUITY_PROVEN,UPCOM,hnx_official_equity_universe/v1,,OFFICIAL_CURRENT_STOCK_LIST_CANDIDATE,,false,,UNAVAILABLE_NO_EXACT_SESSION_OBSERVATION,,UNAVAILABLE
VKD,,,,,,,,,,,,,,,,,,,,NOT_AVAILABLE,,,DELISTED,,,,,,,,,,,INSTRUMENT_CLASS_UNRESOLVED,DELISTED,,,STOCKLOOKUP_ONLY_UNRESOLVED,,false,,UNAVAILABLE_NO_EXACT_SESSION_OBSERVATION,,UNAVAILABLE
VKP,,,,,,,,,,,,,,,,,,,,NOT_AVAILABLE,,,DELISTED,,,,,,,,,,,INSTRUMENT_CLASS_UNRESOLVED,DELISTED,,,STOCKLOOKUP_ONLY_UNRESOLVED,,false,,UNAVAILABLE_NO_EXACT_SESSION_OBSERVATION,,UNAVAILABLE
VLA,2026-10-01,6.8,0.0,,,,,,,,,,,,,,,,,BELOW_MA20_MOMENTUM_NEGATIVE,,2026-10-01T16:19:50.765598+07:00,DELISTED,,,,,,,,2026-10-01,2026-10-01,0,EXCHANGE_STOCK_LIST_CANDIDATE_NOT_COMMON_EQUITY_PROVEN,HNX_LISTED,hnx_official_equity_universe/v1,,OFFICIAL_CURRENT_STOCK_LIST_CANDIDATE,,true,,EXACT_SESSION_RETAINED,CURRENT_DESCRIPTIVE_DNSE_REST_ADJUSTED_RETROSPECTIVE_RAW_AS_TRADED_NOT_PROMOTED,DIRECT_CANONICAL_MAPPING
VLB,2026-10-01,48,-0.004149377593361092,,,,,,,,,,,,,,,,,NEAR_MA20_NEUTRAL,,2026-10-01T16:19:50.765598+07:00,UPCOM,,,,,,,,2026-10-01,2026-10-01,0,EXCHANGE_STOCK_LIST_CANDIDATE_NOT_COMMON_EQUITY_PROVEN,UPCOM,hnx_official_equity_universe/v1,,OFFICIAL_CURRENT_STOCK_LIST_CANDIDATE,,true,,EXACT_SESSION_RETAINED,CURRENT_DESCRIPTIVE_DNSE_REST_ADJUSTED_RETROSPECTIVE_RAW_AS_TRADED_NOT_PROMOTED,DIRECT_CANONICAL_MAPPING
VLC,2026-10-01,11.6,0.0,,,,,,,,,,,,,,,,,NEAR_MA20_NEUTRAL,,2026-10-01T16:19:50.765598+07:00,UPCOM,,,,,,,,2026-10-01,2026-10-01,0,EXCHANGE_STOCK_LIST_CANDIDATE_NOT_COMMON_EQUITY_PROVEN,UPCOM,hnx_official_equity_universe/v1,,OFFICIAL_CURRENT_STOCK_LIST_CANDIDATE,,true,,EXACT_SESSION_RETAINED,CURRENT_DESCRIPTIVE_DNSE_REST_ADJUSTED_RETROSPECTIVE_RAW_AS_TRADED_NOT_PROMOTED,DIRECT_CANONICAL_MAPPING
VLF,,,,,,,,,,,,,,,,,,,,NOT_AVAILABLE,,,DELISTED,,,,,,,,,,,INSTRUMENT_CLASS_UNRESOLVED,DELISTED,,,STOCKLOOKUP_ONLY_UNRESOLVED,,false,,UNAVAILABLE_NO_EXACT_SESSION_OBSERVATION,,UNAVAILABLE
VLG,2026-10-01,6.6,0.01538461538461533,,,,,,,,,,,,,,,,,BELOW_MA20_MOMENTUM_NEGATIVE,,2026-10-01T16:19:50.765598+07:00,UPCOM,,,,,,,,2026-10-01,2026-10-01,0,EXCHANGE_STOCK_LIST_CANDIDATE_NOT_COMMON_EQUITY_PROVEN,UPCOM,hnx_official_equity_universe/v1,,OFFICIAL_CURRENT_STOCK_LIST_CANDIDATE,,true,,EXACT_SESSION_RETAINED,CURRENT_DESCRIPTIVE_DNSE_REST_ADJUSTED_RETROSPECTIVE_RAW_AS_TRADED_NOT_PROMOTED,DIRECT_CANONICAL_MAPPING
VLP,,,,,,,,,,,,,,,,,,,,NOT_AVAILABLE,,,UPCOM,,,,,,,,,,,EXCHANGE_STOCK_LIST_CANDIDATE_NOT_COMMON_EQUITY_PROVEN,UPCOM,hnx_official_equity_universe/v1,,OFFICIAL_CURRENT_STOCK_LIST_CANDIDATE,,false,,UNAVAILABLE_NO_EXACT_SESSION_OBSERVATION,,UNAVAILABLE
VLS,2026-10-01,10.1,-0.03809523809523818,,,,,,,,,,,,,,,,,BELOW_MA20_MOMENTUM_NEGATIVE,,2026-10-01T16:19:50.765598+07:00,UPCOM,,,,,,,,2026-10-01,2026-10-01,0,EXCHANGE_STOCK_LIST_CANDIDATE_NOT_COMMON_EQUITY_PROVEN,UPCOM,hnx_official_equity_universe/v1,,OFFICIAL_CURRENT_STOCK_LIST_CANDIDATE,,true,,EXACT_SESSION_RETAINED,CURRENT_DESCRIPTIVE_DNSE_REST_ADJUSTED_RETROSPECTIVE_RAW_AS_TRADED_NOT_PROMOTED,DIRECT_CANONICAL_MAPPING
VLW,,,,,,,,,,,,,,,,,,,,NOT_AVAILABLE,,,UPCOM,,,,,,,,,,,EXCHANGE_STOCK_LIST_CANDIDATE_NOT_COMMON_EQUITY_PROVEN,UPCOM,hnx_official_equity_universe/v1,,OFFICIAL_CURRENT_STOCK_LIST_CANDIDATE,,false,,UNAVAILABLE_NO_EXACT_SESSION_OBSERVATION,,UNAVAILABLE
VMA,,,,,,,,,,,,,,,,,,,,NOT_AVAILABLE,,,UPCOM,,,,,,,,,,,EXCHANGE_STOCK_LIST_CANDIDATE_NOT_COMMON_EQUITY_PROVEN,UPCOM,hnx_official_equity_universe/v1,,OFFICIAL_CURRENT_STOCK_LIST_CANDIDATE,,false,,UNAVAILABLE_NO_EXACT_SESSION_OBSERVATION,,UNAVAILABLE
VMC,2026-10-01,3.6,-0.027027027027027084,,,,,,,,,,,,,,,,,BELOW_MA20_MOMENTUM_NEGATIVE,,2026-10-01T16:19:50.765598+07:00,DELISTED,,,,,,,,2026-10-01,2026-10-01,0,EXCHANGE_STOCK_LIST_CANDIDATE_NOT_COMMON_EQUITY_PROVEN,HNX_LISTED,hnx_official_equity_universe/v1,,OFFICIAL_CURRENT_STOCK_LIST_CANDIDATE,,true,,EXACT_SESSION_RETAINED,CURRENT_DESCRIPTIVE_DNSE_REST_ADJUSTED_RETROSPECTIVE_RAW_AS_TRADED_NOT_PROMOTED,DIRECT_CANONICAL_MAPPING
VMD,2026-10-01,13.3,-0.014814814814814725,,,,,,,,,,,,,,,,,BELOW_MA20_MOMENTUM_NEGATIVE,,2026-10-01T16:19:50.765598+07:00,HSX,,,,,,,,2026-10-01,2026-10-01,0,OFFICIAL_STOCK_MASTER_SECURITY_TYPE_NOT_COMMON_EQUITY_PROVEN,HOSE,hose_public_stock_master/v1,,OFFICIAL_CURRENT_EXCHANGE_SECURITY,,true,,EXACT_SESSION_RETAINED,CURRENT_DESCRIPTIVE_DNSE_REST_ADJUSTED_RETROSPECTIVE_RAW_AS_TRADED_NOT_PROMOTED,DIRECT_CANONICAL_MAPPING
VMG,,,,,,,,,,,,,,,,,,,,NOT_AVAILABLE,,,UPCOM,,,,,,,,,,,EXCHANGE_STOCK_LIST_CANDIDATE_NOT_COMMON_EQUITY_PROVEN,UPCOM,hnx_official_equity_universe/v1,,OFFICIAL_CURRENT_STOCK_LIST_CANDIDATE,,false,,UNAVAILABLE_NO_EXACT_SESSION_OBSERVATION,,UNAVAILABLE
VMI,,,,,,,,,,,,,,,,,,,,NOT_AVAILABLE,,,DELISTED,,,,,,,,,,,INSTRUMENT_CLASS_UNRESOLVED,DELISTED,,,STOCKLOOKUP_ONLY_UNRESOLVED,,false,,UNAVAILABLE_NO_EXACT_SESSION_OBSERVATION,,UNAVAILABLE
VMK,,,,,,,,,,,,,,,,,,,,NOT_AVAILABLE,,,UPCOM,,,,,,,,,,,EXCHANGE_STOCK_LIST_CANDIDATE_NOT_COMMON_EQUITY_PROVEN,UPCOM,hnx_official_equity_universe/v1,,OFFICIAL_CURRENT_STOCK_LIST_CANDIDATE,,false,,UNAVAILABLE_NO_EXACT_SESSION_OBSERVATION,,UNAVAILABLE
VMS,,,,,,,,,,,,,,,,,,,,NOT_AVAILABLE,,,DELISTED,,,,,,,,,,,EXCHANGE_STOCK_LIST_CANDIDATE_NOT_COMMON_EQUITY_PROVEN,HNX_LISTED,hnx_official_equity_universe/v1,,OFFICIAL_CURRENT_STOCK_LIST_CANDIDATE,,false,,UNAVAILABLE_NO_EXACT_SESSION_OBSERVATION,,UNAVAILABLE
VMT,,,,,,,,,,,,,,,,,,,,NOT_AVAILABLE,,,UPCOM,,,,,,,,,,,EXCHANGE_STOCK_LIST_CANDIDATE_NOT_COMMON_EQUITY_PROVEN,UPCOM,hnx_official_equity_universe/v1,,OFFICIAL_CURRENT_STOCK_LIST_CANDIDATE,,false,,UNAVAILABLE_NO_EXACT_SESSION_OBSERVATION,,UNAVAILABLE
VNA,2026-10-01,13.5,-0.014598540145985384,,,,,,,,,,,,,,,,,BELOW_MA20_MOMENTUM_NEGATIVE,,2026-10-01T16:19:50.765598+07:00,UPCOM,,,,,,,,2026-10-01,2026-10-01,0,EXCHANGE_STOCK_LIST_CANDIDATE_NOT_COMMON_EQUITY_PROVEN,UPCOM,hnx_official_equity_universe/v1,,OFFICIAL_CURRENT_STOCK_LIST_CANDIDATE,,true,,EXACT_SESSION_RETAINED,CURRENT_DESCRIPTIVE_DNSE_REST_ADJUSTED_RETROSPECTIVE_RAW_AS_TRADED_NOT_PROMOTED,DIRECT_CANONICAL_MAPPING
VNB,2026-10-01,16.4,-0.06818181818181834,,,,,,,,,,,,,,,,,NEAR_MA20_NEUTRAL,,2026-10-01T16:19:50.765598+07:00,UPCOM,,,,,,,,2026-10-01,2026-10-01,0,EXCHANGE_STOCK_LIST_CANDIDATE_NOT_COMMON_EQUITY_PROVEN,UPCOM,hnx_official_equity_universe/v1,,OFFICIAL_CURRENT_STOCK_LIST_CANDIDATE,,true,,EXACT_SESSION_RETAINED,CURRENT_DESCRIPTIVE_DNSE_REST_ADJUSTED_RETROSPECTIVE_RAW_AS_TRADED_NOT_PROMOTED,DIRECT_CANONICAL_MAPPING
VNC,,,,,,,,,,,,,,,,,,,,NOT_AVAILABLE,,,DELISTED,,,,,,,,,,,EXCHANGE_STOCK_LIST_CANDIDATE_NOT_COMMON_EQUITY_PROVEN,HNX_LISTED,hnx_official_equity_universe/v1,,OFFICIAL_CURRENT_STOCK_LIST_CANDIDATE,,false,,UNAVAILABLE_NO_EXACT_SESSION_OBSERVATION,,UNAVAILABLE
VND,2026-10-01,13.7,-0.010830324909747335,,,,,,,,,,,,,,,,,BELOW_MA20_MOMENTUM_NEGATIVE,,2026-10-01T16:19:50.765598+07:00,HSX,,,,,,,,2026-10-01,2026-10-01,0,OFFICIAL_STOCK_MASTER_SECURITY_TYPE_NOT_COMMON_EQUITY_PROVEN,HOSE,hose_public_stock_master/v1,,OFFICIAL_CURRENT_EXCHANGE_SECURITY,,true,,EXACT_SESSION_RETAINED,CURRENT_DESCRIPTIVE_DNSE_REST_ADJUSTED_RETROSPECTIVE_RAW_AS_TRADED_NOT_PROMOTED,DIRECT_CANONICAL_MAPPING
VNE,2026-10-01,2.1,0.050000000000000044,,,,,,,,,,,,,,,,,NEAR_MA20_NEUTRAL,,2026-10-01T16:19:50.765598+07:00,UPCOM,,,,,,,,2026-10-01,2026-10-01,0,EXCHANGE_STOCK_LIST_CANDIDATE_NOT_COMMON_EQUITY_PROVEN,UPCOM,hnx_official_equity_universe/v1,,OFFICIAL_CURRENT_STOCK_LIST_CANDIDATE,,true,,EXACT_SESSION_RETAINED,CURRENT_DESCRIPTIVE_DNSE_REST_ADJUSTED_RETROSPECTIVE_RAW_AS_TRADED_NOT_PROMOTED,DIRECT_CANONICAL_MAPPING
VNF,2026-10-01,13,-0.015151515151515138,,,,,,,,,,,,,,,,,NEAR_MA20_NEUTRAL,,2026-10-01T16:19:50.765598+07:00,DELISTED,,,,,,,,2026-10-01,2026-10-01,0,EXCHANGE_STOCK_LIST_CANDIDATE_NOT_COMMON_EQUITY_PROVEN,HNX_LISTED,hnx_official_equity_universe/v1,,OFFICIAL_CURRENT_STOCK_LIST_CANDIDATE,,true,,EXACT_SESSION_RETAINED,CURRENT_DESCRIPTIVE_DNSE_REST_ADJUSTED_RETROSPECTIVE_RAW_AS_TRADED_NOT_PROMOTED,DIRECT_CANONICAL_MAPPING
VNG,2026-10-01,5.4,-0.0055248618784529135,,,,,,,,,,,,,,,,,BELOW_MA20_MOMENTUM_NEGATIVE,,2026-10-01T16:19:50.765598+07:00,HSX,,,,,,,,2026-10-01,2026-10-01,0,OFFICIAL_STOCK_MASTER_SECURITY_TYPE_NOT_COMMON_EQUITY_PROVEN,HOSE,hose_public_stock_master/v1,,OFFICIAL_CURRENT_EXCHANGE_SECURITY,,true,,EXACT_SESSION_RETAINED,CURRENT_DESCRIPTIVE_DNSE_REST_ADJUSTED_RETROSPECTIVE_RAW_AS_TRADED_NOT_PROMOTED,DIRECT_CANONICAL_MAPPING
VNH,,,,,,,,,,,,,,,,,,,,NOT_AVAILABLE,,,UPCOM,,,,,,,,,,,EXCHANGE_STOCK_LIST_CANDIDATE_NOT_COMMON_EQUITY_PROVEN,UPCOM,hnx_official_equity_universe/v1,,OFFICIAL_CURRENT_STOCK_LIST_CANDIDATE,,false,,UNAVAILABLE_NO_EXACT_SESSION_OBSERVATION,,UNAVAILABLE
VNI,2026-10-01,6,0.016949152542372836,,,,,,,,,,,,,,,,,NEAR_MA20_NEUTRAL,,2026-10-01T16:19:50.765598+07:00,UPCOM,,,,,,,,2026-10-01,2026-10-01,0,EXCHANGE_STOCK_LIST_CANDIDATE_NOT_COMMON_EQUITY_PROVEN,UPCOM,hnx_official_equity_universe/v1,,OFFICIAL_CURRENT_STOCK_LIST_CANDIDATE,,true,,EXACT_SESSION_RETAINED,CURRENT_DESCRIPTIVE_DNSE_REST_ADJUSTED_RETROSPECTIVE_RAW_AS_TRADED_NOT_PROMOTED,DIRECT_CANONICAL_MAPPING
VNL,2026-10-01,18.8,0.0,,,,,,,,,,,,,,,,,NEAR_MA20_NEUTRAL,,2026-10-01T16:19:50.765598+07:00,HSX,,,,,,,,2026-10-01,2026-10-01,0,OFFICIAL_STOCK_MASTER_SECURITY_TYPE_NOT_COMMON_EQUITY_PROVEN,HOSE,hose_public_stock_master/v1,,OFFICIAL_CURRENT_EXCHANGE_SECURITY,,true,,EXACT_SESSION_RETAINED,CURRENT_DESCRIPTIVE_DNSE_REST_ADJUSTED_RETROSPECTIVE_RAW_AS_TRADED_NOT_PROMOTED,DIRECT_CANONICAL_MAPPING
VNM,2026-10-01,58.6,-0.013468013468013407,,,,,,,,,,,,,,,,,BELOW_MA20_MOMENTUM_NEGATIVE,,2026-10-01T16:19:50.765598+07:00,HSX,corporate,,,,,,,2026-10-01,2026-10-01,0,OFFICIAL_STOCK_MASTER_SECURITY_TYPE_NOT_COMMON_EQUITY_PROVEN,HOSE,hose_public_stock_master/v1,,OFFICIAL_CURRENT_EXCHANGE_SECURITY,,true,,EXACT_SESSION_RETAINED,CURRENT_DESCRIPTIVE_DNSE_REST_ADJUSTED_RETROSPECTIVE_RAW_AS_TRADED_NOT_PROMOTED,DIRECT_CANONICAL_MAPPING
VNP,2026-10-01,17.1,0.0,,,,,,,,,,,,,,,,,NEAR_MA20_NEUTRAL,,2026-10-01T16:19:50.765598+07:00,UPCOM,,,,,,,,2026-10-01,2026-10-01,0,EXCHANGE_STOCK_LIST_CANDIDATE_NOT_COMMON_EQUITY_PROVEN,UPCOM,hnx_official_equity_universe/v1,,OFFICIAL_CURRENT_STOCK_LIST_CANDIDATE,,true,,EXACT_SESSION_RETAINED,CURRENT_DESCRIPTIVE_DNSE_REST_ADJUSTED_RETROSPECTIVE_RAW_AS_TRADED_NOT_PROMOTED,DIRECT_CANONICAL_MAPPING
VNR,2026-10-01,18.1,0.0,,,,,,,,,,,,,,,,,NEAR_MA20_NEUTRAL,,2026-10-01T16:19:50.765598+07:00,DELISTED,,,,,,,,2026-10-01,2026-10-01,0,EXCHANGE_STOCK_LIST_CANDIDATE_NOT_COMMON_EQUITY_PROVEN,HNX_LISTED,hnx_official_equity_universe/v1,,OFFICIAL_CURRENT_STOCK_LIST_CANDIDATE,,true,,EXACT_SESSION_RETAINED,CURRENT_DESCRIPTIVE_DNSE_REST_ADJUSTED_RETROSPECTIVE_RAW_AS_TRADED_NOT_PROMOTED,DIRECT_CANONICAL_MAPPING
VNS,2026-10-01,6.53,0.0,,,,,,,,,,,,,,,,,ABOVE_MA20_MOMENTUM_NEGATIVE,,2026-10-01T16:19:50.765598+07:00,HSX,,,,,,,,2026-10-01,2026-10-01,0,OFFICIAL_STOCK_MASTER_SECURITY_TYPE_NOT_COMMON_EQUITY_PROVEN,HOSE,hose_public_stock_master/v1,,OFFICIAL_CURRENT_EXCHANGE_SECURITY,,true,,EXACT_SESSION_RETAINED,CURRENT_DESCRIPTIVE_DNSE_REST_ADJUSTED_RETROSPECTIVE_RAW_AS_TRADED_NOT_PROMOTED,DIRECT_CANONICAL_MAPPING
VNT,,,,,,,,,,,,,,,,,,,,NOT_AVAILABLE,,,DELISTED,,,,,,,,,,,EXCHANGE_STOCK_LIST_CANDIDATE_NOT_COMMON_EQUITY_PROVEN,HNX_LISTED,hnx_official_equity_universe/v1,,OFFICIAL_CURRENT_STOCK_LIST_CANDIDATE,,false,,UNAVAILABLE_NO_EXACT_SESSION_OBSERVATION,,UNAVAILABLE
VNX,,,,,,,,,,,,,,,,,,,,NOT_AVAILABLE,,,UPCOM,,,,,,,,,,,EXCHANGE_STOCK_LIST_CANDIDATE_NOT_COMMON_EQUITY_PROVEN,UPCOM,hnx_official_equity_universe/v1,,OFFICIAL_CURRENT_STOCK_LIST_CANDIDATE,,false,,UNAVAILABLE_NO_EXACT_SESSION_OBSERVATION,,UNAVAILABLE
VNY,,,,,,,,,,,,,,,,,,,,NOT_AVAILABLE,,,UPCOM,,,,,,,,,,,EXCHANGE_STOCK_LIST_CANDIDATE_NOT_COMMON_EQUITY_PROVEN,UPCOM,hnx_official_equity_universe/v1,,OFFICIAL_CURRENT_STOCK_LIST_CANDIDATE,,false,,UNAVAILABLE_NO_EXACT_SESSION_OBSERVATION,,UNAVAILABLE
VNZ,2026-10-01,530,-0.036363636363636376,,,,,,,,,,,,,,,,,BELOW_MA20_MOMENTUM_NEGATIVE,,2026-10-01T16:19:50.765598+07:00,UPCOM,,,,,,,,2026-10-01,2026-10-01,0,EXCHANGE_STOCK_LIST_CANDIDATE_NOT_COMMON_EQUITY_PROVEN,UPCOM,hnx_official_equity_universe/v1,,OFFICIAL_CURRENT_STOCK_LIST_CANDIDATE,,true,,EXACT_SESSION_RETAINED,CURRENT_DESCRIPTIVE_DNSE_REST_ADJUSTED_RETROSPECTIVE_RAW_AS_TRADED_NOT_PROMOTED,DIRECT_CANONICAL_MAPPING
VOC,,,,,,,,,,,,,,,,,,,,NOT_AVAILABLE,,,DELISTED,,,,,,,,,,,INSTRUMENT_CLASS_UNRESOLVED,DELISTED,,,STOCKLOOKUP_ONLY_UNRESOLVED,,false,,UNAVAILABLE_NO_EXACT_SESSION_OBSERVATION,,UNAVAILABLE
VOS,2026-10-01,11.6,-0.008547008547008517,,,,,,,,,,,,,,,,,ABOVE_MA20_MOMENTUM_POSITIVE,,2026-10-01T16:19:50.765598+07:00,HSX,,,,,,,,2026-10-01,2026-10-01,0,OFFICIAL_STOCK_MASTER_SECURITY_TYPE_NOT_COMMON_EQUITY_PROVEN,HOSE,hose_public_stock_master/v1,,OFFICIAL_CURRENT_EXCHANGE_SECURITY,,true,,EXACT_SESSION_RETAINED,CURRENT_DESCRIPTIVE_DNSE_REST_ADJUSTED_RETROSPECTIVE_RAW_AS_TRADED_NOT_PROMOTED,DIRECT_CANONICAL_MAPPING
VPA,,,,,,,,,,,,,,,,,,,,NOT_AVAILABLE,,,UPCOM,,,,,,,,,,,EXCHANGE_STOCK_LIST_CANDIDATE_NOT_COMMON_EQUITY_PROVEN,UPCOM,hnx_official_equity_universe/v1,,OFFICIAL_CURRENT_STOCK_LIST_CANDIDATE,,false,,UNAVAILABLE_NO_EXACT_SESSION_OBSERVATION,,UNAVAILABLE
VPB,2026-10-01,23.3,-0.004273504273504147,,,,,,,,,,,,,,,,,ABOVE_MA20_MOMENTUM_POSITIVE,,2026-10-01T16:19:50.765598+07:00,HSX,,,,,,,,2026-10-01,2026-10-01,0,OFFICIAL_STOCK_MASTER_SECURITY_TYPE_NOT_COMMON_EQUITY_PROVEN,HOSE,hose_public_stock_master/v1,,OFFICIAL_CURRENT_EXCHANGE_SECURITY,,true,,EXACT_SESSION_RETAINED,CURRENT_DESCRIPTIVE_DNSE_REST_ADJUSTED_RETROSPECTIVE_RAW_AS_TRADED_NOT_PROMOTED,DIRECT_CANONICAL_MAPPING
VPC,,,,,,,,,,,,,,,,,,,,NOT_AVAILABLE,,,UPCOM,,,,,,,,,,,EXCHANGE_STOCK_LIST_CANDIDATE_NOT_COMMON_EQUITY_PROVEN,UPCOM,hnx_official_equity_universe/v1,,OFFICIAL_CURRENT_STOCK_LIST_CANDIDATE,,false,,UNAVAILABLE_NO_EXACT_SESSION_OBSERVATION,,UNAVAILABLE
VPD,2026-10-01,20.55,-0.012019230769230727,,,,,,,,,,,,,,,,,NEAR_MA20_NEUTRAL,,2026-10-01T16:19:50.765598+07:00,HSX,,,,,,,,2026-10-01,2026-10-01,0,OFFICIAL_STOCK_MASTER_SECURITY_TYPE_NOT_COMMON_EQUITY_PROVEN,HOSE,hose_public_stock_master/v1,,OFFICIAL_CURRENT_EXCHANGE_SECURITY,,true,,EXACT_SESSION_RETAINED,CURRENT_DESCRIPTIVE_DNSE_REST_ADJUSTED_RETROSPECTIVE_RAW_AS_TRADED_NOT_PROMOTED,DIRECT_CANONICAL_MAPPING
VPG,2026-10-01,1.35,-0.04929577464788726,,,,,,,,,,,,,,,,,BELOW_MA20_MOMENTUM_NEGATIVE,,2026-10-01T16:19:50.765598+07:00,HSX,,,,,,,,2026-10-01,2026-10-01,0,OFFICIAL_STOCK_MASTER_SECURITY_TYPE_NOT_COMMON_EQUITY_PROVEN,HOSE,hose_public_stock_master/v1,,OFFICIAL_CURRENT_EXCHANGE_SECURITY,,true,,EXACT_SESSION_RETAINED,CURRENT_DESCRIPTIVE_DNSE_REST_ADJUSTED_RETROSPECTIVE_RAW_AS_TRADED_NOT_PROMOTED,DIRECT_CANONICAL_MAPPING
VPH,2026-10-01,2.6,-0.03345724907063197,,,,,,,,,,,,,,,,,BELOW_MA20_MOMENTUM_NEGATIVE,,2026-10-01T16:19:50.765598+07:00,HSX,,,,,,,,2026-10-01,2026-10-01,0,OFFICIAL_STOCK_MASTER_SECURITY_TYPE_NOT_COMMON_EQUITY_PROVEN,HOSE,hose_public_stock_master/v1,,OFFICIAL_CURRENT_EXCHANGE_SECURITY,,true,,EXACT_SESSION_RETAINED,CURRENT_DESCRIPTIVE_DNSE_REST_ADJUSTED_RETROSPECTIVE_RAW_AS_TRADED_NOT_PROMOTED,DIRECT_CANONICAL_MAPPING
VPI,2026-10-01,58.4,-0.015177065767284947,,,,,,,,,,,,,,,,,BELOW_MA20_MOMENTUM_NEGATIVE,,2026-10-01T16:19:50.765598+07:00,HSX,,,,,,,,2026-10-01,2026-10-01,0,OFFICIAL_STOCK_MASTER_SECURITY_TYPE_NOT_COMMON_EQUITY_PROVEN,HOSE,hose_public_stock_master/v1,,OFFICIAL_CURRENT_EXCHANGE_SECURITY,,true,,EXACT_SESSION_RETAINED,CURRENT_DESCRIPTIVE_DNSE_REST_ADJUSTED_RETROSPECTIVE_RAW_AS_TRADED_NOT_PROMOTED,DIRECT_CANONICAL_MAPPING
VPL,2026-10-01,78.5,-0.008838383838383868,,,,,,,,,,,,,,,,,BELOW_MA20_MOMENTUM_POSITIVE,,2026-10-01T16:19:50.765598+07:00,HSX,,,,,,,,2026-10-01,2026-10-01,0,OFFICIAL_STOCK_MASTER_SECURITY_TYPE_NOT_COMMON_EQUITY_PROVEN,HOSE,hose_public_stock_master/v1,,OFFICIAL_CURRENT_EXCHANGE_SECURITY,,true,,EXACT_SESSION_RETAINED,CURRENT_DESCRIPTIVE_DNSE_REST_ADJUSTED_RETROSPECTIVE_RAW_AS_TRADED_NOT_PROMOTED,DIRECT_CANONICAL_MAPPING
VPR,,,,,,,,,,,,,,,,,,,,NOT_AVAILABLE,,,UPCOM,,,,,,,,,,,EXCHANGE_STOCK_LIST_CANDIDATE_NOT_COMMON_EQUITY_PROVEN,UPCOM,hnx_official_equity_universe/v1,,OFFICIAL_CURRENT_STOCK_LIST_CANDIDATE,,false,,UNAVAILABLE_NO_EXACT_SESSION_OBSERVATION,,UNAVAILABLE
VPS,2026-10-01,8.4,0.0,,,,,,,,,,,,,,,,,NEAR_MA20_NEUTRAL,,2026-10-01T16:19:50.765598+07:00,HSX,,,,,,,,2026-10-01,2026-10-01,0,OFFICIAL_STOCK_MASTER_SECURITY_TYPE_NOT_COMMON_EQUITY_PROVEN,HOSE,hose_public_stock_master/v1,,OFFICIAL_CURRENT_EXCHANGE_SECURITY,,true,,EXACT_SESSION_RETAINED,CURRENT_DESCRIPTIVE_DNSE_REST_ADJUSTED_RETROSPECTIVE_RAW_AS_TRADED_NOT_PROMOTED,DIRECT_CANONICAL_MAPPING
VPW,,,,,,,,,,,,,,,,,,,,NOT_AVAILABLE,,,UPCOM,,,,,,,,,,,EXCHANGE_STOCK_LIST_CANDIDATE_NOT_COMMON_EQUITY_PROVEN,UPCOM,hnx_official_equity_universe/v1,,OFFICIAL_CURRENT_STOCK_LIST_CANDIDATE,,false,,UNAVAILABLE_NO_EXACT_SESSION_OBSERVATION,,UNAVAILABLE
VPX,2026-10-01,25.45,-0.013565891472868241,,,,,,,,,,,,,,,,,ABOVE_MA20_MOMENTUM_POSITIVE,,2026-10-01T16:19:50.765598+07:00,HSX,,,,,,,,2026-10-01,2026-10-01,0,OFFICIAL_STOCK_MASTER_SECURITY_TYPE_NOT_COMMON_EQUITY_PROVEN,HOSE,hose_public_stock_master/v1,,OFFICIAL_CURRENT_EXCHANGE_SECURITY,,true,,EXACT_SESSION_RETAINED,CURRENT_DESCRIPTIVE_DNSE_REST_ADJUSTED_RETROSPECTIVE_RAW_AS_TRADED_NOT_PROMOTED,DIRECT_CANONICAL_MAPPING
VQC,,,,,,,,,,,,,,,,,,,,NOT_AVAILABLE,,,UPCOM,,,,,,,,,,,EXCHANGE_STOCK_LIST_CANDIDATE_NOT_COMMON_EQUITY_PROVEN,UPCOM,hnx_official_equity_universe/v1,,OFFICIAL_CURRENT_STOCK_LIST_CANDIDATE,,false,,UNAVAILABLE_NO_EXACT_SESSION_OBSERVATION,,UNAVAILABLE
VRC,2026-10-01,11.55,-0.021186440677966045,,,,,,,,,,,,,,,,,NEAR_MA20_NEUTRAL,,2026-10-01T16:19:50.765598+07:00,HSX,,,,,,,,2026-10-01,2026-10-01,0,OFFICIAL_STOCK_MASTER_SECURITY_TYPE_NOT_COMMON_EQUITY_PROVEN,HOSE,hose_public_stock_master/v1,,OFFICIAL_CURRENT_EXCHANGE_SECURITY,,true,,EXACT_SESSION_RETAINED,CURRENT_DESCRIPTIVE_DNSE_REST_ADJUSTED_RETROSPECTIVE_RAW_AS_TRADED_NOT_PROMOTED,DIRECT_CANONICAL_MAPPING
VRE,2026-10-01,24.15,-0.008213552361396426,,,,,,,,,,,,,,,,,BELOW_MA20_MOMENTUM_NEGATIVE,,2026-10-01T16:19:50.765598+07:00,HSX,corporate,,,,,,,2026-10-01,2026-10-01,0,OFFICIAL_STOCK_MASTER_SECURITY_TYPE_NOT_COMMON_EQUITY_PROVEN,HOSE,hose_public_stock_master/v1,,OFFICIAL_CURRENT_EXCHANGE_SECURITY,,true,,EXACT_SESSION_RETAINED,CURRENT_DESCRIPTIVE_DNSE_REST_ADJUSTED_RETROSPECTIVE_RAW_AS_TRADED_NOT_PROMOTED,DIRECT_CANONICAL_MAPPING
VRG,2026-10-01,13.1,0.0,,,,,,,,,,,,,,,,,NEAR_MA20_NEUTRAL,,2026-10-01T16:19:50.765598+07:00,UPCOM,,,,,,,,2026-10-01,2026-10-01,0,EXCHANGE_STOCK_LIST_CANDIDATE_NOT_COMMON_EQUITY_PROVEN,UPCOM,hnx_official_equity_universe/v1,,OFFICIAL_CURRENT_STOCK_LIST_CANDIDATE,,true,,EXACT_SESSION_RETAINED,CURRENT_DESCRIPTIVE_DNSE_REST_ADJUSTED_RETROSPECTIVE_RAW_AS_TRADED_NOT_PROMOTED,DIRECT_CANONICAL_MAPPING
VSA,2026-10-01,17.5,0.0,,,,,,,,,,,,,,,,,BELOW_MA20_MOMENTUM_NEGATIVE,,2026-10-01T16:19:50.765598+07:00,DELISTED,,,,,,,,2026-10-01,2026-10-01,0,EXCHANGE_STOCK_LIST_CANDIDATE_NOT_COMMON_EQUITY_PROVEN,HNX_LISTED,hnx_official_equity_universe/v1,,OFFICIAL_CURRENT_STOCK_LIST_CANDIDATE,,true,,EXACT_SESSION_RETAINED,CURRENT_DESCRIPTIVE_DNSE_REST_ADJUSTED_RETROSPECTIVE_RAW_AS_TRADED_NOT_PROMOTED,DIRECT_CANONICAL_MAPPING
VSC,2026-10-01,13.15,0.0,,,,,,,,,,,,,,,,,NEAR_MA20_NEUTRAL,,2026-10-01T16:19:50.765598+07:00,HSX,,,,,,,,2026-10-01,2026-10-01,0,OFFICIAL_STOCK_MASTER_SECURITY_TYPE_NOT_COMMON_EQUITY_PROVEN,HOSE,hose_public_stock_master/v1,,OFFICIAL_CURRENT_EXCHANGE_SECURITY,,true,,EXACT_SESSION_RETAINED,CURRENT_DESCRIPTIVE_DNSE_REST_ADJUSTED_RETROSPECTIVE_RAW_AS_TRADED_NOT_PROMOTED,DIRECT_CANONICAL_MAPPING
VSE,2026-10-01,7,0.014492753623188248,,,,,,,,,,,,,,,,,BELOW_MA20_MOMENTUM_NEGATIVE,,2026-10-01T16:19:50.765598+07:00,UPCOM,,,,,,,,2026-10-01,2026-10-01,0,EXCHANGE_STOCK_LIST_CANDIDATE_NOT_COMMON_EQUITY_PROVEN,UPCOM,hnx_official_equity_universe/v1,,OFFICIAL_CURRENT_STOCK_LIST_CANDIDATE,,true,,EXACT_SESSION_RETAINED,CURRENT_DESCRIPTIVE_DNSE_REST_ADJUSTED_RETROSPECTIVE_RAW_AS_TRADED_NOT_PROMOTED,DIRECT_CANONICAL_MAPPING
VSF,2026-10-01,25.7,0.0,,,,,,,,,,,,,,,,,NEAR_MA20_NEUTRAL,,2026-10-01T16:19:50.765598+07:00,UPCOM,,,,,,,,2026-10-01,2026-10-01,0,EXCHANGE_STOCK_LIST_CANDIDATE_NOT_COMMON_EQUITY_PROVEN,UPCOM,hnx_official_equity_universe/v1,,OFFICIAL_CURRENT_STOCK_LIST_CANDIDATE,,true,,EXACT_SESSION_RETAINED,CURRENT_DESCRIPTIVE_DNSE_REST_ADJUSTED_RETROSPECTIVE_RAW_AS_TRADED_NOT_PROMOTED,DIRECT_CANONICAL_MAPPING
VSG,,,,,,,,,,,,,,,,,,,,NOT_AVAILABLE,,,UPCOM,,,,,,,,,,,EXCHANGE_STOCK_LIST_CANDIDATE_NOT_COMMON_EQUITY_PROVEN,UPCOM,hnx_official_equity_universe/v1,,OFFICIAL_CURRENT_STOCK_LIST_CANDIDATE,,false,,UNAVAILABLE_NO_EXACT_SESSION_OBSERVATION,,UNAVAILABLE
VSH,2026-10-01,41.45,0.008515815085158085,,,,,,,,,,,,,,,,,NEAR_MA20_NEUTRAL,,2026-10-01T16:19:50.765598+07:00,HSX,,,,,,,,2026-10-01,2026-10-01,0,OFFICIAL_STOCK_MASTER_SECURITY_TYPE_NOT_COMMON_EQUITY_PROVEN,HOSE,hose_public_stock_master/v1,,OFFICIAL_CURRENT_EXCHANGE_SECURITY,,true,,EXACT_SESSION_RETAINED,CURRENT_DESCRIPTIVE_DNSE_REST_ADJUSTED_RETROSPECTIVE_RAW_AS_TRADED_NOT_PROMOTED,DIRECT_CANONICAL_MAPPING
VSI,,,,,,,,,,,,,,,,,,,,NOT_AVAILABLE,,,HSX,,,,,,,,,,,OFFICIAL_STOCK_MASTER_SECURITY_TYPE_NOT_COMMON_EQUITY_PROVEN,HOSE,hose_public_stock_master/v1,,OFFICIAL_CURRENT_EXCHANGE_SECURITY,,false,,UNAVAILABLE_NO_EXACT_SESSION_OBSERVATION,,UNAVAILABLE
VSM,,,,,,,,,,,,,,,,,,,,NOT_AVAILABLE,,,DELISTED,,,,,,,,,,,EXCHANGE_STOCK_LIST_CANDIDATE_NOT_COMMON_EQUITY_PROVEN,HNX_LISTED,hnx_official_equity_universe/v1,,OFFICIAL_CURRENT_STOCK_LIST_CANDIDATE,,false,,UNAVAILABLE_NO_EXACT_SESSION_OBSERVATION,,UNAVAILABLE
VSN,,,,,,,,,,,,,,,,,,,,NOT_AVAILABLE,,,UPCOM,,,,,,,,,,,EXCHANGE_STOCK_LIST_CANDIDATE_NOT_COMMON_EQUITY_PROVEN,UPCOM,hnx_official_equity_universe/v1,,OFFICIAL_CURRENT_STOCK_LIST_CANDIDATE,,false,,UNAVAILABLE_NO_EXACT_SESSION_OBSERVATION,,UNAVAILABLE
VSP,,,,,,,,,,,,,,,,,,,,NOT_AVAILABLE,,,DELISTED,,,,,,,,,,,INSTRUMENT_CLASS_UNRESOLVED,DELISTED,,,STOCKLOOKUP_ONLY_UNRESOLVED,,false,,UNAVAILABLE_NO_EXACT_SESSION_OBSERVATION,,UNAVAILABLE
VST,,,,,,,,,,,,,,,,,,,,NOT_AVAILABLE,,,UPCOM,,,,,,,,,,,EXCHANGE_STOCK_LIST_CANDIDATE_NOT_COMMON_EQUITY_PROVEN,UPCOM,hnx_official_equity_universe/v1,,OFFICIAL_CURRENT_STOCK_LIST_CANDIDATE,,false,,UNAVAILABLE_NO_EXACT_SESSION_OBSERVATION,,UNAVAILABLE
VTA,,,,,,,,,,,,,,,,,,,,NOT_AVAILABLE,,,UPCOM,,,,,,,,,,,EXCHANGE_STOCK_LIST_CANDIDATE_NOT_COMMON_EQUITY_PROVEN,UPCOM,hnx_official_equity_universe/v1,,OFFICIAL_CURRENT_STOCK_LIST_CANDIDATE,,false,,UNAVAILABLE_NO_EXACT_SESSION_OBSERVATION,,UNAVAILABLE
VTB,2026-10-01,10.85,0.0,,,,,,,,,,,,,,,,,BELOW_MA20_MOMENTUM_NEGATIVE,,2026-10-01T16:19:50.765598+07:00,HSX,,,,,,,,2026-10-01,2026-10-01,0,OFFICIAL_STOCK_MASTER_SECURITY_TYPE_NOT_COMMON_EQUITY_PROVEN,HOSE,hose_public_stock_master/v1,,OFFICIAL_CURRENT_EXCHANGE_SECURITY,,true,,EXACT_SESSION_RETAINED,CURRENT_DESCRIPTIVE_DNSE_REST_ADJUSTED_RETROSPECTIVE_RAW_AS_TRADED_NOT_PROMOTED,DIRECT_CANONICAL_MAPPING
VTC,2026-10-01,9.4,-0.04081632653061229,,,,,,,,,,,,,,,,,BELOW_MA20_MOMENTUM_NEGATIVE,,2026-10-01T16:19:50.765598+07:00,DELISTED,,,,,,,,2026-10-01,2026-10-01,0,EXCHANGE_STOCK_LIST_CANDIDATE_NOT_COMMON_EQUITY_PROVEN,HNX_LISTED,hnx_official_equity_universe/v1,,OFFICIAL_CURRENT_STOCK_LIST_CANDIDATE,,true,,EXACT_SESSION_RETAINED,CURRENT_DESCRIPTIVE_DNSE_REST_ADJUSTED_RETROSPECTIVE_RAW_AS_TRADED_NOT_PROMOTED,DIRECT_CANONICAL_MAPPING
VTD,2026-10-01,4.1,0.0,,,,,,,,,,,,,,,,,BELOW_MA20_MOMENTUM_NEGATIVE,,2026-10-01T16:19:50.765598+07:00,UPCOM,,,,,,,,2026-10-01,2026-10-01,0,EXCHANGE_STOCK_LIST_CANDIDATE_NOT_COMMON_EQUITY_PROVEN,UPCOM,hnx_official_equity_universe/v1,,OFFICIAL_CURRENT_STOCK_LIST_CANDIDATE,,true,,EXACT_SESSION_RETAINED,CURRENT_DESCRIPTIVE_DNSE_REST_ADJUSTED_RETROSPECTIVE_RAW_AS_TRADED_NOT_PROMOTED,DIRECT_CANONICAL_MAPPING
VTE,,,,,,,,,,,,,,,,,,,,NOT_AVAILABLE,,,UPCOM,,,,,,,,,,,EXCHANGE_STOCK_LIST_CANDIDATE_NOT_COMMON_EQUITY_PROVEN,UPCOM,hnx_official_equity_universe/v1,,OFFICIAL_CURRENT_STOCK_LIST_CANDIDATE,,false,,UNAVAILABLE_NO_EXACT_SESSION_OBSERVATION,,UNAVAILABLE
VTG,,,,,,,,,,,,,,,,,,,,NOT_AVAILABLE,,,UPCOM,,,,,,,,,,,EXCHANGE_STOCK_LIST_CANDIDATE_NOT_COMMON_EQUITY_PROVEN,UPCOM,hnx_official_equity_universe/v1,,OFFICIAL_CURRENT_STOCK_LIST_CANDIDATE,,false,,UNAVAILABLE_NO_EXACT_SESSION_OBSERVATION,,UNAVAILABLE
VTH,2026-10-01,10,-0.00990099009900991,,,,,,,,,,,,,,,,,ABOVE_MA20_MOMENTUM_POSITIVE,,2026-10-01T16:19:50.765598+07:00,DELISTED,,,,,,,,2026-10-01,2026-10-01,0,EXCHANGE_STOCK_LIST_CANDIDATE_NOT_COMMON_EQUITY_PROVEN,HNX_LISTED,hnx_official_equity_universe/v1,,OFFICIAL_CURRENT_STOCK_LIST_CANDIDATE,,true,,EXACT_SESSION_RETAINED,CURRENT_DESCRIPTIVE_DNSE_REST_ADJUSTED_RETROSPECTIVE_RAW_AS_TRADED_NOT_PROMOTED,DIRECT_CANONICAL_MAPPING
VTI,,,,,,,,,,,,,,,,,,,,NOT_AVAILABLE,,,UPCOM,,,,,,,,,,,EXCHANGE_STOCK_LIST_CANDIDATE_NOT_COMMON_EQUITY_PROVEN,UPCOM,hnx_official_equity_universe/v1,,OFFICIAL_CURRENT_STOCK_LIST_CANDIDATE,,false,,UNAVAILABLE_NO_EXACT_SESSION_OBSERVATION,,UNAVAILABLE
VTJ,,,,,,,,,,,,,,,,,,,,NOT_AVAILABLE,,,DELISTED,,,,,,,,,,,EXCHANGE_STOCK_LIST_CANDIDATE_NOT_COMMON_EQUITY_PROVEN,HNX_LISTED,hnx_official_equity_universe/v1,,OFFICIAL_CURRENT_STOCK_LIST_CANDIDATE,,false,,UNAVAILABLE_NO_EXACT_SESSION_OBSERVATION,,UNAVAILABLE
VTK,2026-10-01,35.8,-0.005555555555555647,,,,,,,,,,,,,,,,,BELOW_MA20_MOMENTUM_NEGATIVE,,2026-10-01T16:19:50.765598+07:00,UPCOM,,,,,,,,2026-10-01,2026-10-01,0,EXCHANGE_STOCK_LIST_CANDIDATE_NOT_COMMON_EQUITY_PROVEN,UPCOM,hnx_official_equity_universe/v1,,OFFICIAL_CURRENT_STOCK_LIST_CANDIDATE,,true,,EXACT_SESSION_RETAINED,CURRENT_DESCRIPTIVE_DNSE_REST_ADJUSTED_RETROSPECTIVE_RAW_AS_TRADED_NOT_PROMOTED,DIRECT_CANONICAL_MAPPING
VTL,,,,,,,,,,,,,,,,,,,,NOT_AVAILABLE,,,DELISTED,,,,,,,,,,,INSTRUMENT_CLASS_UNRESOLVED,DELISTED,,,STOCKLOOKUP_ONLY_UNRESOLVED,,false,,UNAVAILABLE_NO_EXACT_SESSION_OBSERVATION,,UNAVAILABLE
VTO,2026-10-01,11.1,-0.01333333333333342,,,,,,,,,,,,,,,,,ABOVE_MA20_MOMENTUM_POSITIVE,,2026-10-01T16:19:50.765598+07:00,HSX,,,,,,,,2026-10-01,2026-10-01,0,OFFICIAL_STOCK_MASTER_SECURITY_TYPE_NOT_COMMON_EQUITY_PROVEN,HOSE,hose_public_stock_master/v1,,OFFICIAL_CURRENT_EXCHANGE_SECURITY,,true,,EXACT_SESSION_RETAINED,CURRENT_DESCRIPTIVE_DNSE_REST_ADJUSTED_RETROSPECTIVE_RAW_AS_TRADED_NOT_PROMOTED,DIRECT_CANONICAL_MAPPING
VTP,2026-10-01,53.2,0.01526717557251911,,,,,,,,,,,,,,,,,ABOVE_MA20_MOMENTUM_POSITIVE,,2026-10-01T16:19:50.765598+07:00,HSX,,,,,,,,2026-10-01,2026-10-01,0,OFFICIAL_STOCK_MASTER_SECURITY_TYPE_NOT_COMMON_EQUITY_PROVEN,HOSE,hose_public_stock_master/v1,,OFFICIAL_CURRENT_EXCHANGE_SECURITY,,true,,EXACT_SESSION_RETAINED,CURRENT_DESCRIPTIVE_DNSE_REST_ADJUSTED_RETROSPECTIVE_RAW_AS_TRADED_NOT_PROMOTED,DIRECT_CANONICAL_MAPPING
VTQ,2026-10-01,5.6,0.0,,,,,,,,,,,,,,,,,ABOVE_MA20_MOMENTUM_POSITIVE,,2026-10-01T16:19:50.765598+07:00,UPCOM,,,,,,,,2026-10-01,2026-10-01,0,EXCHANGE_STOCK_LIST_CANDIDATE_NOT_COMMON_EQUITY_PROVEN,UPCOM,hnx_official_equity_universe/v1,,OFFICIAL_CURRENT_STOCK_LIST_CANDIDATE,,true,,EXACT_SESSION_RETAINED,CURRENT_DESCRIPTIVE_DNSE_REST_ADJUSTED_RETROSPECTIVE_RAW_AS_TRADED_NOT_PROMOTED,DIRECT_CANONICAL_MAPPING
VTR,2026-10-01,9.2,-0.021276595744680993,,,,,,,,,,,,,,,,,BELOW_MA20_MOMENTUM_NEGATIVE,,2026-10-01T16:19:50.765598+07:00,UPCOM,,,,,,,,2026-10-01,2026-10-01,0,EXCHANGE_STOCK_LIST_CANDIDATE_NOT_COMMON_EQUITY_PROVEN,UPCOM,hnx_official_equity_universe/v1,,OFFICIAL_CURRENT_STOCK_LIST_CANDIDATE,,true,,EXACT_SESSION_RETAINED,CURRENT_DESCRIPTIVE_DNSE_REST_ADJUSTED_RETROSPECTIVE_RAW_AS_TRADED_NOT_PROMOTED,DIRECT_CANONICAL_MAPPING
VTS,,,,,,,,,,,,,,,,,,,,NOT_AVAILABLE,,,UPCOM,,,,,,,,,,,INSTRUMENT_CLASS_UNRESOLVED,UPCOM,,,STOCKLOOKUP_ONLY_UNRESOLVED,,false,,UNAVAILABLE_NO_EXACT_SESSION_OBSERVATION,,UNAVAILABLE
VTV,2026-10-01,14.1,0.0,,,,,,,,,,,,,,,,,NEAR_MA20_NEUTRAL,,2026-10-01T16:19:50.765598+07:00,DELISTED,,,,,,,,2026-10-01,2026-10-01,0,EXCHANGE_STOCK_LIST_CANDIDATE_NOT_COMMON_EQUITY_PROVEN,HNX_LISTED,hnx_official_equity_universe/v1,,OFFICIAL_CURRENT_STOCK_LIST_CANDIDATE,,true,,EXACT_SESSION_RETAINED,CURRENT_DESCRIPTIVE_DNSE_REST_ADJUSTED_RETROSPECTIVE_RAW_AS_TRADED_NOT_PROMOTED,DIRECT_CANONICAL_MAPPING
VTX,,,,,,,,,,,,,,,,,,,,NOT_AVAILABLE,,,UPCOM,,,,,,,,,,,EXCHANGE_STOCK_LIST_CANDIDATE_NOT_COMMON_EQUITY_PROVEN,UPCOM,hnx_official_equity_universe/v1,,OFFICIAL_CURRENT_STOCK_LIST_CANDIDATE,,false,,UNAVAILABLE_NO_EXACT_SESSION_OBSERVATION,,UNAVAILABLE
VTZ,2026-10-01,20.2,0.0,,,,,,,,,,,,,,,,,NEAR_MA20_NEUTRAL,,2026-10-01T16:19:50.765598+07:00,DELISTED,,,,,,,,2026-10-01,2026-10-01,0,EXCHANGE_STOCK_LIST_CANDIDATE_NOT_COMMON_EQUITY_PROVEN,HNX_LISTED,hnx_official_equity_universe/v1,,OFFICIAL_CURRENT_STOCK_LIST_CANDIDATE,,true,,EXACT_SESSION_RETAINED,CURRENT_DESCRIPTIVE_DNSE_REST_ADJUSTED_RETROSPECTIVE_RAW_AS_TRADED_NOT_PROMOTED,DIRECT_CANONICAL_MAPPING
VUA,,,,,,,,,,,,,,,,,,,,NOT_AVAILABLE,,,UPCOM,,,,,,,,,,,EXCHANGE_STOCK_LIST_CANDIDATE_NOT_COMMON_EQUITY_PROVEN,UPCOM,hnx_official_equity_universe/v1,,OFFICIAL_CURRENT_STOCK_LIST_CANDIDATE,,false,,UNAVAILABLE_NO_EXACT_SESSION_OBSERVATION,,UNAVAILABLE
VVN,,,,,,,,,,,,,,,,,,,,NOT_AVAILABLE,,,UPCOM,,,,,,,,,,,EXCHANGE_STOCK_LIST_CANDIDATE_NOT_COMMON_EQUITY_PROVEN,UPCOM,hnx_official_equity_universe/v1,,OFFICIAL_CURRENT_STOCK_LIST_CANDIDATE,,false,,UNAVAILABLE_NO_EXACT_SESSION_OBSERVATION,,UNAVAILABLE
VVS,2026-10-01,82.7,-0.016646848989298357,,,,,,,,,,,,,,,,,BELOW_MA20_MOMENTUM_NEGATIVE,,2026-10-01T16:19:50.765598+07:00,HSX,,,,,,,,2026-10-01,2026-10-01,0,OFFICIAL_STOCK_MASTER_SECURITY_TYPE_NOT_COMMON_EQUITY_PROVEN,HOSE,hose_public_stock_master/v1,,OFFICIAL_CURRENT_EXCHANGE_SECURITY,,true,,EXACT_SESSION_RETAINED,CURRENT_DESCRIPTIVE_DNSE_REST_ADJUSTED_RETROSPECTIVE_RAW_AS_TRADED_NOT_PROMOTED,DIRECT_CANONICAL_MAPPING
VW3,,,,,,,,,,,,,,,,,,,,NOT_AVAILABLE,,,UPCOM,,,,,,,,,,,EXCHANGE_STOCK_LIST_CANDIDATE_NOT_COMMON_EQUITY_PROVEN,UPCOM,hnx_official_equity_universe/v1,,OFFICIAL_CURRENT_STOCK_LIST_CANDIDATE,,false,,UNAVAILABLE_NO_EXACT_SESSION_OBSERVATION,,UNAVAILABLE
VWS,,,,,,,,,,,,,,,,,,,,NOT_AVAILABLE,,,UPCOM,,,,,,,,,,,EXCHANGE_STOCK_LIST_CANDIDATE_NOT_COMMON_EQUITY_PROVEN,UPCOM,hnx_official_equity_universe/v1,,OFFICIAL_CURRENT_STOCK_LIST_CANDIDATE,,false,,UNAVAILABLE_NO_EXACT_SESSION_OBSERVATION,,UNAVAILABLE
VXB,,,,,,,,,,,,,,,,,,,,NOT_AVAILABLE,,,UPCOM,,,,,,,,,,,EXCHANGE_STOCK_LIST_CANDIDATE_NOT_COMMON_EQUITY_PROVEN,UPCOM,hnx_official_equity_universe/v1,,OFFICIAL_CURRENT_STOCK_LIST_CANDIDATE,,false,,UNAVAILABLE_NO_EXACT_SESSION_OBSERVATION,,UNAVAILABLE
VXP,,,,,,,,,,,,,,,,,,,,NOT_AVAILABLE,,,UPCOM,,,,,,,,,,,EXCHANGE_STOCK_LIST_CANDIDATE_NOT_COMMON_EQUITY_PROVEN,UPCOM,hnx_official_equity_universe/v1,,OFFICIAL_CURRENT_STOCK_LIST_CANDIDATE,,false,,UNAVAILABLE_NO_EXACT_SESSION_OBSERVATION,,UNAVAILABLE
VXT,,,,,,,,,,,,,,,,,,,,NOT_AVAILABLE,,,UPCOM,,,,,,,,,,,EXCHANGE_STOCK_LIST_CANDIDATE_NOT_COMMON_EQUITY_PROVEN,UPCOM,hnx_official_equity_universe/v1,,OFFICIAL_CURRENT_STOCK_LIST_CANDIDATE,,false,,UNAVAILABLE_NO_EXACT_SESSION_OBSERVATION,,UNAVAILABLE
WCS,2026-10-01,285,0.00849256900212314,,,,,,,,,,,,,,,,,BELOW_MA20_MOMENTUM_NEGATIVE,,2026-10-01T16:19:50.765598+07:00,DELISTED,,,,,,,,2026-10-01,2026-10-01,0,EXCHANGE_STOCK_LIST_CANDIDATE_NOT_COMMON_EQUITY_PROVEN,HNX_LISTED,hnx_official_equity_universe/v1,,OFFICIAL_CURRENT_STOCK_LIST_CANDIDATE,,true,,EXACT_SESSION_RETAINED,CURRENT_DESCRIPTIVE_DNSE_REST_ADJUSTED_RETROSPECTIVE_RAW_AS_TRADED_NOT_PROMOTED,DIRECT_CANONICAL_MAPPING
WSB,2026-10-01,52,-0.011406844106463865,,,,,,,,,,,,,,,,,BELOW_MA20_MOMENTUM_NEGATIVE,,2026-10-01T16:19:50.765598+07:00,UPCOM,,,,,,,,2026-10-01,2026-10-01,0,EXCHANGE_STOCK_LIST_CANDIDATE_NOT_COMMON_EQUITY_PROVEN,UPCOM,hnx_official_equity_universe/v1,,OFFICIAL_CURRENT_STOCK_LIST_CANDIDATE,,true,,EXACT_SESSION_RETAINED,CURRENT_DESCRIPTIVE_DNSE_REST_ADJUSTED_RETROSPECTIVE_RAW_AS_TRADED_NOT_PROMOTED,DIRECT_CANONICAL_MAPPING
WSS,2026-10-01,6.1,0.0,,,,,,,,,,,,,,,,,NEAR_MA20_NEUTRAL,,2026-10-01T16:19:50.765598+07:00,DELISTED,,,,,,,,2026-10-01,2026-10-01,0,EXCHANGE_STOCK_LIST_CANDIDATE_NOT_COMMON_EQUITY_PROVEN,HNX_LISTED,hnx_official_equity_universe/v1,,OFFICIAL_CURRENT_STOCK_LIST_CANDIDATE,,true,,EXACT_SESSION_RETAINED,CURRENT_DESCRIPTIVE_DNSE_REST_ADJUSTED_RETROSPECTIVE_RAW_AS_TRADED_NOT_PROMOTED,DIRECT_CANONICAL_MAPPING
WTC,2026-10-01,9.6,0.010526315789473717,,,,,,,,,,,,,,,,,NEAR_MA20_NEUTRAL,,2026-10-01T16:19:50.765598+07:00,UPCOM,,,,,,,,2026-10-01,2026-10-01,0,EXCHANGE_STOCK_LIST_CANDIDATE_NOT_COMMON_EQUITY_PROVEN,UPCOM,hnx_official_equity_universe/v1,,OFFICIAL_CURRENT_STOCK_LIST_CANDIDATE,,true,,EXACT_SESSION_RETAINED,CURRENT_DESCRIPTIVE_DNSE_REST_ADJUSTED_RETROSPECTIVE_RAW_AS_TRADED_NOT_PROMOTED,DIRECT_CANONICAL_MAPPING
X20,2026-10-01,10.5,-0.009433962264150941,,,,,,,,,,,,,,,,,NEAR_MA20_NEUTRAL,,2026-10-01T16:19:50.765598+07:00,DELISTED,,,,,,,,2026-10-01,2026-10-01,0,EXCHANGE_STOCK_LIST_CANDIDATE_NOT_COMMON_EQUITY_PROVEN,HNX_LISTED,hnx_official_equity_universe/v1,,OFFICIAL_CURRENT_STOCK_LIST_CANDIDATE,,true,,EXACT_SESSION_RETAINED,CURRENT_DESCRIPTIVE_DNSE_REST_ADJUSTED_RETROSPECTIVE_RAW_AS_TRADED_NOT_PROMOTED,DIRECT_CANONICAL_MAPPING
X26,,,,,,,,,,,,,,,,,,,,NOT_AVAILABLE,,,UPCOM,,,,,,,,,,,EXCHANGE_STOCK_LIST_CANDIDATE_NOT_COMMON_EQUITY_PROVEN,UPCOM,hnx_official_equity_universe/v1,,OFFICIAL_CURRENT_STOCK_LIST_CANDIDATE,,false,,UNAVAILABLE_NO_EXACT_SESSION_OBSERVATION,,UNAVAILABLE
X77,,,,,,,,,,,,,,,,,,,,NOT_AVAILABLE,,,UPCOM,,,,,,,,,,,EXCHANGE_STOCK_LIST_CANDIDATE_NOT_COMMON_EQUITY_PROVEN,UPCOM,hnx_official_equity_universe/v1,,OFFICIAL_CURRENT_STOCK_LIST_CANDIDATE,,false,,UNAVAILABLE_NO_EXACT_SESSION_OBSERVATION,,UNAVAILABLE
XDC,,,,,,,,,,,,,,,,,,,,NOT_AVAILABLE,,,DELISTED,,,,,,,,,,,INSTRUMENT_CLASS_UNRESOLVED,DELISTED,,,STOCKLOOKUP_ONLY_UNRESOLVED,,false,,UNAVAILABLE_NO_EXACT_SESSION_OBSERVATION,,UNAVAILABLE
XDH,,,,,,,,,,,,,,,,,,,,NOT_AVAILABLE,,,UPCOM,,,,,,,,,,,EXCHANGE_STOCK_LIST_CANDIDATE_NOT_COMMON_EQUITY_PROVEN,UPCOM,hnx_official_equity_universe/v1,,OFFICIAL_CURRENT_STOCK_LIST_CANDIDATE,,false,,UNAVAILABLE_NO_EXACT_SESSION_OBSERVATION,,UNAVAILABLE
XHC,,,,,,,,,,,,,,,,,,,,NOT_AVAILABLE,,,UPCOM,,,,,,,,,,,EXCHANGE_STOCK_LIST_CANDIDATE_NOT_COMMON_EQUITY_PROVEN,UPCOM,hnx_official_equity_universe/v1,,OFFICIAL_CURRENT_STOCK_LIST_CANDIDATE,,false,,UNAVAILABLE_NO_EXACT_SESSION_OBSERVATION,,UNAVAILABLE
XLV,,,,,,,,,,,,,,,,,,,,NOT_AVAILABLE,,,UPCOM,,,,,,,,,,,EXCHANGE_STOCK_LIST_CANDIDATE_NOT_COMMON_EQUITY_PROVEN,UPCOM,hnx_official_equity_universe/v1,,OFFICIAL_CURRENT_STOCK_LIST_CANDIDATE,,false,,UNAVAILABLE_NO_EXACT_SESSION_OBSERVATION,,UNAVAILABLE
XMC,,,,,,,,,,,,,,,,,,,,NOT_AVAILABLE,,,UPCOM,,,,,,,,,,,EXCHANGE_STOCK_LIST_CANDIDATE_NOT_COMMON_EQUITY_PROVEN,UPCOM,hnx_official_equity_universe/v1,,OFFICIAL_CURRENT_STOCK_LIST_CANDIDATE,,false,,UNAVAILABLE_NO_EXACT_SESSION_OBSERVATION,,UNAVAILABLE
XMD,,,,,,,,,,,,,,,,,,,,NOT_AVAILABLE,,,UPCOM,,,,,,,,,,,EXCHANGE_STOCK_LIST_CANDIDATE_NOT_COMMON_EQUITY_PROVEN,UPCOM,hnx_official_equity_universe/v1,,OFFICIAL_CURRENT_STOCK_LIST_CANDIDATE,,false,,UNAVAILABLE_NO_EXACT_SESSION_OBSERVATION,,UNAVAILABLE
XMP,,,,,,,,,,,,,,,,,,,,NOT_AVAILABLE,,,UPCOM,,,,,,,,,,,EXCHANGE_STOCK_LIST_CANDIDATE_NOT_COMMON_EQUITY_PROVEN,UPCOM,hnx_official_equity_universe/v1,,OFFICIAL_CURRENT_STOCK_LIST_CANDIDATE,,false,,UNAVAILABLE_NO_EXACT_SESSION_OBSERVATION,,UNAVAILABLE
XPH,2026-10-01,13.9,0.07751937984496116,,,,,,,,,,,,,,,,,NEAR_MA20_NEUTRAL,,2026-10-01T16:19:50.765598+07:00,UPCOM,,,,,,,,2026-10-01,2026-10-01,0,EXCHANGE_STOCK_LIST_CANDIDATE_NOT_COMMON_EQUITY_PROVEN,UPCOM,hnx_official_equity_universe/v1,,OFFICIAL_CURRENT_STOCK_LIST_CANDIDATE,,true,,EXACT_SESSION_RETAINED,CURRENT_DESCRIPTIVE_DNSE_REST_ADJUSTED_RETROSPECTIVE_RAW_AS_TRADED_NOT_PROMOTED,DIRECT_CANONICAL_MAPPING
YBC,,,,,,,,,,,,,,,,,,,,NOT_AVAILABLE,,,UPCOM,,,,,,,,,,,EXCHANGE_STOCK_LIST_CANDIDATE_NOT_COMMON_EQUITY_PROVEN,UPCOM,hnx_official_equity_universe/v1,,OFFICIAL_CURRENT_STOCK_LIST_CANDIDATE,,false,,UNAVAILABLE_NO_EXACT_SESSION_OBSERVATION,,UNAVAILABLE
YBM,2026-10-01,10.4,-0.01886792452830177,,,,,,,,,,,,,,,,,ABOVE_MA20_MOMENTUM_POSITIVE,,2026-10-01T16:19:50.765598+07:00,HSX,,,,,,,,2026-10-01,2026-10-01,0,OFFICIAL_STOCK_MASTER_SECURITY_TYPE_NOT_COMMON_EQUITY_PROVEN,HOSE,hose_public_stock_master/v1,,OFFICIAL_CURRENT_EXCHANGE_SECURITY,,true,,EXACT_SESSION_RETAINED,CURRENT_DESCRIPTIVE_DNSE_REST_ADJUSTED_RETROSPECTIVE_RAW_AS_TRADED_NOT_PROMOTED,DIRECT_CANONICAL_MAPPING
YEG,2026-10-01,7.7,-0.03144654088050314,,,,,,,,,,,,,,,,,ABOVE_MA20_MOMENTUM_POSITIVE,,2026-10-01T16:19:50.765598+07:00,HSX,,,,,,,,2026-10-01,2026-10-01,0,OFFICIAL_STOCK_MASTER_SECURITY_TYPE_NOT_COMMON_EQUITY_PROVEN,HOSE,hose_public_stock_master/v1,,OFFICIAL_CURRENT_EXCHANGE_SECURITY,,true,,EXACT_SESSION_RETAINED,CURRENT_DESCRIPTIVE_DNSE_REST_ADJUSTED_RETROSPECTIVE_RAW_AS_TRADED_NOT_PROMOTED,DIRECT_CANONICAL_MAPPING
YTC,,,,,,,,,,,,,,,,,,,,NOT_AVAILABLE,,,UPCOM,,,,,,,,,,,EXCHANGE_STOCK_LIST_CANDIDATE_NOT_COMMON_EQUITY_PROVEN,UPCOM,hnx_official_equity_universe/v1,,OFFICIAL_CURRENT_STOCK_LIST_CANDIDATE,,false,,UNAVAILABLE_NO_EXACT_SESSION_OBSERVATION,,UNAVAILABLE
